External ID,SL.NO,Date, Acc ID,Credit Acc,Invoice#,Location,Type,Memo,Party,Entity ID,Debit,Credit
ACC_REG-33252/3,1,01/01/2024,974,,33252/3,GV,Invoice,Import of sales discount from SPS,LaQuinta Yakima WA,2619,14850.00,
ACC_REG-33252/3,1.5,01/01/2024,950,950,33252/3,GV,Invoice,Import of sales discount from SPS,LaQuinta Yakima WA,2619,,14850.00
ACC_REG-34063/2,2,01/01/2024,974,,34063/2,GV,Invoice,Import of sales discount from SPS,Laquinta Homewood Alabama,3364,9946.71,
ACC_REG-34063/2,2.5,01/01/2024,950,950,34063/2,GV,Invoice,Import of sales discount from SPS,Laquinta Homewood Alabama,3364,,9946.71
ACC_REG-34803/3,3,01/03/2024,974,,34803/3,GV,Invoice,Import of sales discount from SPS,La Quinta by Wyndham Dallas DFW Airport N,3357,2031.68,
ACC_REG-34803/3,3.5,01/03/2024,950,950,34803/3,GV,Invoice,Import of sales discount from SPS,La Quinta by Wyndham Dallas DFW Airport N,3357,,2031.68
ACC_REG-34585,4,01/09/2024,974,,34585,GV,Invoice,Import of sales discount from SPS,CANDLEWOOD EASTRIDGE TN,3323,7993.66,
ACC_REG-34585,4.5,01/09/2024,950,950,34585,GV,Invoice,Import of sales discount from SPS,CANDLEWOOD EASTRIDGE TN,3323,,7993.66
ACC_REG-34586,5,01/09/2024,974,,34586,GV,Invoice,Import of sales discount from SPS,CANDLEWOOD EASTRIDGE TN,3323,2277.17,
ACC_REG-34586,5.5,01/09/2024,950,950,34586,GV,Invoice,Import of sales discount from SPS,CANDLEWOOD EASTRIDGE TN,3323,,2277.17
ACC_REG-34587,6,01/09/2024,974,,34587,GV,Invoice,Import of sales discount from SPS,CANDLEWOOD EASTRIDGE TN,3323,3955.40,
ACC_REG-34587,6.5,01/09/2024,950,950,34587,GV,Invoice,Import of sales discount from SPS,CANDLEWOOD EASTRIDGE TN,3323,,3955.40
ACC_REG-34598,7,01/09/2024,974,,34598,GV,Invoice,Import of sales discount from SPS,CANDLEWOOD EASTRIDGE TN,3323,700.97,
ACC_REG-34598,7.5,01/09/2024,950,950,34598,GV,Invoice,Import of sales discount from SPS,CANDLEWOOD EASTRIDGE TN,3323,,700.97
ACC_REG-34794/3,8,01/09/2024,974,,34794/3,GV,Invoice,Import of sales discount from SPS,La Quinta by Wyndham Dallas DFW Airport N,3357,4158.87,
ACC_REG-34794/3,8.5,01/09/2024,950,950,34794/3,GV,Invoice,Import of sales discount from SPS,La Quinta by Wyndham Dallas DFW Airport N,3357,,4158.87
ACC_REG-34796/2,9,01/09/2024,974,,34796/2,GV,Invoice,Import of sales discount from SPS,La Quinta by Wyndham Dallas DFW Airport N,3357,1430.01,
ACC_REG-34796/2,9.5,01/09/2024,950,950,34796/2,GV,Invoice,Import of sales discount from SPS,La Quinta by Wyndham Dallas DFW Airport N,3357,,1430.01
ACC_REG-34805,10,01/09/2024,974,,34805,GV,Invoice,Import of sales discount from SPS,La Quinta by Wyndham Dallas DFW Airport N,3357,393.77,
ACC_REG-34805,10.5,01/09/2024,950,950,34805,GV,Invoice,Import of sales discount from SPS,La Quinta by Wyndham Dallas DFW Airport N,3357,,393.77
ACC_REG-34807,11,01/09/2024,974,,34807,GV,Invoice,Import of sales discount from SPS,La Quinta by Wyndham Dallas DFW Airport N,3357,597.46,
ACC_REG-34807,11.5,01/09/2024,950,950,34807,GV,Invoice,Import of sales discount from SPS,La Quinta by Wyndham Dallas DFW Airport N,3357,,597.46
ACC_REG-34966/2,12,01/09/2024,974,,34966/2,GV,Invoice,Import of sales discount from SPS,LaQuinta Inn & Suites Oxford AL,2752,8911.58,
ACC_REG-34966/2,12.5,01/09/2024,950,950,34966/2,GV,Invoice,Import of sales discount from SPS,LaQuinta Inn & Suites Oxford AL,2752,,8911.58
ACC_REG-35599/2,13,01/09/2024,974,,35599/2,GV,Invoice,Import of sales discount from SPS,Ascent Hospitality Element Carmel Indiana,3314,11382.77,
ACC_REG-35599/2,13.5,01/09/2024,950,950,35599/2,GV,Invoice,Import of sales discount from SPS,Ascent Hospitality Element Carmel Indiana,3314,,11382.77
ACC_REG-35645/6,14,01/09/2024,974,,35645/6,GV,Invoice,Import of sales discount from SPS,Wyndham Trademark Fredericksburg,3404,7322.67,
ACC_REG-35645/6,14.5,01/09/2024,950,950,35645/6,GV,Invoice,Import of sales discount from SPS,Wyndham Trademark Fredericksburg,3404,,7322.67
ACC_REG-34589,15,01/10/2024,974,,34589,GV,Invoice,Import of sales discount from SPS,CANDLEWOOD EASTRIDGE TN,3323,618.01,
ACC_REG-34589,15.5,01/10/2024,950,950,34589,GV,Invoice,Import of sales discount from SPS,CANDLEWOOD EASTRIDGE TN,3323,,618.01
ACC_REG-34597,16,01/12/2024,974,,34597,GV,Invoice,Import of sales discount from SPS,CANDLEWOOD EASTRIDGE TN,3323,1796.39,
ACC_REG-34597,16.5,01/12/2024,950,950,34597,GV,Invoice,Import of sales discount from SPS,CANDLEWOOD EASTRIDGE TN,3323,,1796.39
ACC_REG-34599,17,01/12/2024,974,,34599,GV,Invoice,Import of sales discount from SPS,CANDLEWOOD EASTRIDGE TN,3323,832.66,
ACC_REG-34599,17.5,01/12/2024,950,950,34599,GV,Invoice,Import of sales discount from SPS,CANDLEWOOD EASTRIDGE TN,3323,,832.66
ACC_REG-34601,18,01/16/2024,974,,34601,GV,Invoice,Import of sales discount from SPS,CANDLEWOOD EASTRIDGE TN,3323,62.94,
ACC_REG-34601,18.5,01/16/2024,950,950,34601,GV,Invoice,Import of sales discount from SPS,CANDLEWOOD EASTRIDGE TN,3323,,62.94
ACC_REG-34346,19,01/19/2024,974,,34346,GV,Invoice,Import of sales discount from SPS,"Ascent Hospitality Hampton Inn & Suites Montgomery-South Airport,AL",3315,1797.43,
ACC_REG-34346,19.5,01/19/2024,950,950,34346,GV,Invoice,Import of sales discount from SPS,"Ascent Hospitality Hampton Inn & Suites Montgomery-South Airport,AL",3315,,1797.43
ACC_REG-34348,20,01/19/2024,974,,34348,GV,Invoice,Import of sales discount from SPS,"Ascent Hospitality Hampton Inn & Suites Montgomery-South Airport,AL",3315,4040.35,
ACC_REG-34348,20.5,01/19/2024,950,950,34348,GV,Invoice,Import of sales discount from SPS,"Ascent Hospitality Hampton Inn & Suites Montgomery-South Airport,AL",3315,,4040.35
ACC_REG-34349,21,01/19/2024,974,,34349,GV,Invoice,Import of sales discount from SPS,"Ascent Hospitality Hampton Inn & Suites Montgomery-South Airport,AL",3315,2560.28,
ACC_REG-34349,21.5,01/19/2024,950,950,34349,GV,Invoice,Import of sales discount from SPS,"Ascent Hospitality Hampton Inn & Suites Montgomery-South Airport,AL",3315,,2560.28
ACC_REG-34352,22,01/19/2024,974,,34352,GV,Invoice,Import of sales discount from SPS,"Ascent Hospitality Hampton Inn & Suites Montgomery-South Airport,AL",3315,2551.33,
ACC_REG-34352,22.5,01/19/2024,950,950,34352,GV,Invoice,Import of sales discount from SPS,"Ascent Hospitality Hampton Inn & Suites Montgomery-South Airport,AL",3315,,2551.33
ACC_REG-35714,23,01/22/2024,974,,35714,GV,Invoice,Import of sales discount from SPS,Ascent hospitality Home2 Suites Fairburn GA,3315,9376.22,
ACC_REG-35714,23.5,01/22/2024,950,950,35714,GV,Invoice,Import of sales discount from SPS,Ascent hospitality Home2 Suites Fairburn GA,3315,,9376.22
ACC_REG-34604,24,01/24/2024,974,,34604,GV,Invoice,Import of sales discount from SPS,CANDLEWOOD EASTRIDGE TN,3315,634.47,
ACC_REG-34604,24.5,01/24/2024,950,950,34604,GV,Invoice,Import of sales discount from SPS,CANDLEWOOD EASTRIDGE TN,3315,,634.47
ACC_REG-34812/2,25,01/25/2024,974,,34812/2,GV,Invoice,Import of sales discount from SPS,La Quinta by Wyndham Dallas DFW Airport N,3315,62.11,
ACC_REG-34812/2,25.5,01/25/2024,950,950,34812/2,GV,Invoice,Import of sales discount from SPS,La Quinta by Wyndham Dallas DFW Airport N,3315,,62.11
ACC_REG-34970/2,26,01/25/2024,974,,34970/2,GV,Invoice,Import of sales discount from SPS,LaQuinta Inn & Suites Oxford AL,2804,2902.99,
ACC_REG-34970/2,26.5,01/25/2024,950,950,34970/2,GV,Invoice,Import of sales discount from SPS,LaQuinta Inn & Suites Oxford AL,2804,,2902.99
ACC_REG-34347,27,01/26/2024,974,,34347,GV,Invoice,Import of sales discount from SPS,"Ascent Hospitality Hampton Inn & Suites Montgomery-South Airport,AL",2804,1683.84,
ACC_REG-34347,27.5,01/26/2024,950,950,34347,GV,Invoice,Import of sales discount from SPS,"Ascent Hospitality Hampton Inn & Suites Montgomery-South Airport,AL",2804,,1683.84
ACC_REG-34350/2,28,01/26/2024,974,,34350/2,GV,Invoice,Import of sales discount from SPS,"Ascent Hospitality Hampton Inn & Suites Montgomery-South Airport,AL",516,24083.80,
ACC_REG-34350/2,28.5,01/26/2024,950,950,34350/2,GV,Invoice,Import of sales discount from SPS,"Ascent Hospitality Hampton Inn & Suites Montgomery-South Airport,AL",516,,24083.80
ACC_REG-34351,29,01/26/2024,974,,34351,GV,Invoice,Import of sales discount from SPS,"Ascent Hospitality Hampton Inn & Suites Montgomery-South Airport,AL",516,4061.56,
ACC_REG-34351,29.5,01/26/2024,950,950,34351,GV,Invoice,Import of sales discount from SPS,"Ascent Hospitality Hampton Inn & Suites Montgomery-South Airport,AL",516,,4061.56
ACC_REG-34795/3,30,01/29/2024,974,,34795/3,GV,Invoice,Import of sales discount from SPS,La Quinta by Wyndham Dallas DFW Airport N,516,1607.74,
ACC_REG-34795/3,30.5,01/29/2024,950,950,34795/3,GV,Invoice,Import of sales discount from SPS,La Quinta by Wyndham Dallas DFW Airport N,516,,1607.74
ACC_REG-34967/2,31,02/01/2024,974,,34967/2,GV,Invoice,Import of sales discount from SPS,LaQuinta Inn & Suites Oxford AL,516,2008.58,
ACC_REG-34967/2,31.5,02/01/2024,950,950,34967/2,GV,Invoice,Import of sales discount from SPS,LaQuinta Inn & Suites Oxford AL,516,,2008.58
ACC_REG-33347/2,32,02/02/2024,974,,33347/2,GV,Invoice,Import of sales discount from SPS,Laquinta Memphis,516,2253.19,
ACC_REG-33347/2,32.5,02/02/2024,950,950,33347/2,GV,Invoice,Import of sales discount from SPS,Laquinta Memphis,516,,2253.19
ACC_REG-34591,33,02/06/2024,974,,34591,GV,Invoice,Import of sales discount from SPS,CANDLEWOOD EASTRIDGE TN,516,1556.21,
ACC_REG-34591,33.5,02/06/2024,950,950,34591,GV,Invoice,Import of sales discount from SPS,CANDLEWOOD EASTRIDGE TN,516,,1556.21
ACC_REG-34588,34,02/07/2024,974,,34588,GV,Invoice,Import of sales discount from SPS,CANDLEWOOD EASTRIDGE TN,516,9498.06,
ACC_REG-34588,34.5,02/07/2024,950,950,34588,GV,Invoice,Import of sales discount from SPS,CANDLEWOOD EASTRIDGE TN,516,,9498.06
ACC_REG-34600,35,02/07/2024,974,,34600,GV,Invoice,Import of sales discount from SPS,CANDLEWOOD EASTRIDGE TN,2609,335.00,
ACC_REG-34600,35.5,02/07/2024,950,950,34600,GV,Invoice,Import of sales discount from SPS,CANDLEWOOD EASTRIDGE TN,2609,,335.00
ACC_REG-34402/3,36,02/08/2024,974,,34402/3,GV,Invoice,Import of sales discount from SPS,La Quinta San Antonio 1,2609,12364.39,
ACC_REG-34402/3,36.5,02/08/2024,950,950,34402/3,GV,Invoice,Import of sales discount from SPS,La Quinta San Antonio 1,2609,,12364.39
ACC_REG-34596/3,37,02/09/2024,974,,34596/3,GV,Invoice,Import of sales discount from SPS,CANDLEWOOD EASTRIDGE TN,2609,9106.68,
ACC_REG-34596/3,37.5,02/09/2024,950,950,34596/3,GV,Invoice,Import of sales discount from SPS,CANDLEWOOD EASTRIDGE TN,2609,,9106.68
ACC_REG-34989,38,02/09/2024,974,,34989,GV,Invoice,Import of sales discount from SPS,"Candlewood Suites -Columbus,Oh-Kautilya group",2609,1000.00,
ACC_REG-34989,38.5,02/09/2024,950,950,34989,GV,Invoice,Import of sales discount from SPS,"Candlewood Suites -Columbus,Oh-Kautilya group",2609,,1000.00
ACC_REG-32586/2,39,02/12/2024,974,,32586/2,GV,Invoice,Import of sales discount from SPS,HOCKLEY VALLEY INN RESORT,3315,20000.00,
ACC_REG-32586/2,39.5,02/12/2024,950,950,32586/2,GV,Invoice,Import of sales discount from SPS,HOCKLEY VALLEY INN RESORT,3315,,20000.00
ACC_REG-35600,40,02/14/2024,974,,35600,GV,Invoice,Import of sales discount from SPS,Ascent Hospitality Element Carmel Indiana,2609,50.93,
ACC_REG-35600,40.5,02/14/2024,950,950,35600,GV,Invoice,Import of sales discount from SPS,Ascent Hospitality Element Carmel Indiana,2609,,50.93
ACC_REG-35607,41,02/14/2024,974,,35607,GV,Invoice,Import of sales discount from SPS,Ascent Hospitality Element Carmel Indiana,2609,152.78,
ACC_REG-35607,41.5,02/14/2024,950,950,35607,GV,Invoice,Import of sales discount from SPS,Ascent Hospitality Element Carmel Indiana,2609,,152.78
ACC_REG-35696,42,02/19/2024,974,,35696,GV,Invoice,Import of sales discount from SPS,Ascent hospitality Home2 West Lafayette IN,2609,9250.28,
ACC_REG-35696,42.5,02/19/2024,950,950,35696,GV,Invoice,Import of sales discount from SPS,Ascent hospitality Home2 West Lafayette IN,2609,,9250.28
ACC_REG-34449,43,02/20/2024,974,,34449,GV,Invoice,Import of sales discount from SPS,Stay Bridge - Manteca - CA - Aman Dhillon,2609,744.51,
ACC_REG-34449,43.5,02/20/2024,950,950,34449,GV,Invoice,Import of sales discount from SPS,Stay Bridge - Manteca - CA - Aman Dhillon,2609,,744.51
ACC_REG-35214/2,44,02/23/2024,974,,35214/2,GV,Invoice,Import of sales discount from SPS,AFP 108 Corp.,2609,7443.75,
ACC_REG-35214/2,44.5,02/23/2024,950,950,35214/2,GV,Invoice,Import of sales discount from SPS,AFP 108 Corp.,2609,,7443.75
ACC_REG-34603,45,02/28/2024,974,,34603,GV,Invoice,Import of sales discount from SPS,CANDLEWOOD EASTRIDGE TN,2609,3116.25,
ACC_REG-34603,45.5,02/28/2024,950,950,34603,GV,Invoice,Import of sales discount from SPS,CANDLEWOOD EASTRIDGE TN,2609,,3116.25
ACC_REG-33304/2,46,02/29/2024,974,,33304/2,GV,Invoice,Import of sales discount from SPS,CAMBRIA NASHVILLE,2609,0.01,
ACC_REG-33304/2,46.5,02/29/2024,950,950,33304/2,GV,Invoice,Import of sales discount from SPS,CAMBRIA NASHVILLE,2609,,0.01
ACC_REG-34298/8,47,02/29/2024,974,,34298/8,GV,Invoice,Import of sales discount from SPS,LaQuinta Yakima WA,2609,2600.43,
ACC_REG-34298/8,47.5,02/29/2024,950,950,34298/8,GV,Invoice,Import of sales discount from SPS,LaQuinta Yakima WA,2609,,2600.43
ACC_REG-32237/3,48,03/01/2024,974,,32237/3,GV,Invoice,Import of sales discount from SPS,LaQuinta - Round Rock TX - Savan Patel,2609,2.22,
ACC_REG-32237/3,48.5,03/01/2024,950,950,32237/3,GV,Invoice,Import of sales discount from SPS,LaQuinta - Round Rock TX - Savan Patel,2609,,2.22
ACC_REG-32542/3,49,03/01/2024,974,,32542/3,GV,Invoice,Import of sales discount from SPS,Central States Tile Inc.,2609,0.90,
ACC_REG-32542/3,49.5,03/01/2024,950,950,32542/3,GV,Invoice,Import of sales discount from SPS,Central States Tile Inc.,2609,,0.90
ACC_REG-31342,50,03/05/2024,974,,31342,GV,Invoice,Import of sales discount from SPS,Americas Best Value Inn Gulfport,2609,1110.00,
ACC_REG-31342,50.5,03/05/2024,950,950,31342,GV,Invoice,Import of sales discount from SPS,Americas Best Value Inn Gulfport,2609,,1110.00
ACC_REG-34397,51,03/06/2024,974,,34397,GV,Invoice,Import of sales discount from SPS,La Quinta San Antonio 1,2609,5565.39,
ACC_REG-34397,51.5,03/06/2024,950,950,34397,GV,Invoice,Import of sales discount from SPS,La Quinta San Antonio 1,2609,,5565.39
ACC_REG-34399,52,03/06/2024,974,,34399,GV,Invoice,Import of sales discount from SPS,La Quinta San Antonio 1,2609,4834.87,
ACC_REG-34399,52.5,03/06/2024,950,950,34399,GV,Invoice,Import of sales discount from SPS,La Quinta San Antonio 1,2609,,4834.87
ACC_REG-32304/2,53,03/14/2024,974,,32304/2,GV,Invoice,Import of sales discount from SPS,"NCM, Inc./Hampton Inn Sacramento",2609,18.46,
ACC_REG-32304/2,53.5,03/14/2024,950,950,32304/2,GV,Invoice,Import of sales discount from SPS,"NCM, Inc./Hampton Inn Sacramento",2609,,18.46
ACC_REG-35501/7,54,03/14/2024,974,,35501/7,GV,Invoice,Import of sales discount from SPS,Marriott Fairfield Harrisburg PA,2609,6024.00,
ACC_REG-35501/7,54.5,03/14/2024,950,950,35501/7,GV,Invoice,Import of sales discount from SPS,Marriott Fairfield Harrisburg PA,2609,,6024.00
ACC_REG-33258/10,55,03/15/2024,974,,33258/10,GV,Invoice,Import of sales discount from SPS,LaQuinta Yakima WA,2609,5415.00,
ACC_REG-33258/10,55.5,03/15/2024,950,950,33258/10,GV,Invoice,Import of sales discount from SPS,LaQuinta Yakima WA,2609,,5415.00
ACC_REG-33258/10,56,03/15/2024,974,,33258/10,GV,Invoice,Import of sales discount from SPS,LaQuinta Yakima WA,2609,1401.44,
ACC_REG-33258/10,56.5,03/15/2024,950,950,33258/10,GV,Invoice,Import of sales discount from SPS,LaQuinta Yakima WA,2609,,1401.44
ACC_REG-29889/8,57,03/20/2024,974,,29889/8,GV,Invoice,Import of sales discount from SPS,Nor Rehman,2609,3.64,
ACC_REG-29889/8,57.5,03/20/2024,950,950,29889/8,GV,Invoice,Import of sales discount from SPS,Nor Rehman,2609,,3.64
ACC_REG-32384/5,58,03/21/2024,974,,32384/5,GV,Invoice,Import of sales discount from SPS,RAMADA INN,2609,1.56,
ACC_REG-32384/5,58.5,03/21/2024,950,950,32384/5,GV,Invoice,Import of sales discount from SPS,RAMADA INN,2609,,1.56
ACC_REG-32384/5,59,03/21/2024,974,,32384/5,GV,Invoice,Import of sales discount from SPS,RAMADA INN,2609,26.91,
ACC_REG-32384/5,59.5,03/21/2024,950,950,32384/5,GV,Invoice,Import of sales discount from SPS,RAMADA INN,2609,,26.91
ACC_REG-34971,60,03/21/2024,974,,34971,GV,Invoice,Import of sales discount from SPS,LaQuinta Inn & Suites Oxford AL,2609,422.79,
ACC_REG-34971,60.5,03/21/2024,950,950,34971,GV,Invoice,Import of sales discount from SPS,LaQuinta Inn & Suites Oxford AL,2609,,422.79
ACC_REG-35985/10,61,03/26/2024,974,,35985/10,GV,Invoice,Import of sales discount from SPS,HILTON GARDENS- HOUSTON,2609,974.25,
ACC_REG-35985/10,61.5,03/26/2024,950,950,35985/10,GV,Invoice,Import of sales discount from SPS,HILTON GARDENS- HOUSTON,2609,,974.25
ACC_REG-34445,62,03/28/2024,974,,34445,GV,Invoice,Import of sales discount from SPS,Stay Bridge - Manteca - CA - Aman Dhillon,2609,26580.71,
ACC_REG-34445,62.5,03/28/2024,950,950,34445,GV,Invoice,Import of sales discount from SPS,Stay Bridge - Manteca - CA - Aman Dhillon,2609,,26580.71
ACC_REG-34573,63,03/28/2024,974,,34573,GV,Invoice,Import of sales discount from SPS,Ascent Hospitality/ Marriott Mobile AL,2609,27415.84,
ACC_REG-34573,63.5,03/28/2024,950,950,34573,GV,Invoice,Import of sales discount from SPS,Ascent Hospitality/ Marriott Mobile AL,2609,,27415.84
ACC_REG-34797,64,03/28/2024,974,,34797,GV,Invoice,Import of sales discount from SPS,La Quinta by Wyndham Dallas DFW Airport N,2609,2787.88,
ACC_REG-34797,64.5,03/28/2024,950,950,34797,GV,Invoice,Import of sales discount from SPS,La Quinta by Wyndham Dallas DFW Airport N,2609,,2787.88
ACC_REG-35695,65,04/01/2024,974,,35695,GV,Invoice,Import of sales discount from SPS,Ascent hospitality Home2 West Lafayette IN,2609,4948.62,
ACC_REG-35695,65.5,04/01/2024,950,950,35695,GV,Invoice,Import of sales discount from SPS,Ascent hospitality Home2 West Lafayette IN,2609,,4948.62
ACC_REG-30415/52,66,04/04/2024,974,,30415/52,GV,Invoice,Import of sales discount from SPS,Ascent Hospitality/ Marriott Mobile AL,2609,25560.00,
ACC_REG-30415/52,66.5,04/04/2024,950,950,30415/52,GV,Invoice,Import of sales discount from SPS,Ascent Hospitality/ Marriott Mobile AL,2609,,25560.00
ACC_REG-33337/6,67,04/04/2024,974,,33337/6,GV,Invoice,Import of sales discount from SPS,Laquinta Memphis,2609,2744.79,
ACC_REG-33337/6,67.5,04/04/2024,950,950,33337/6,GV,Invoice,Import of sales discount from SPS,Laquinta Memphis,2609,,2744.79
ACC_REG-35611,68,04/11/2024,974,,35611,GV,Invoice,Import of sales discount from SPS,Ascent Hospitality Element Carmel Indiana,2609,10642.70,
ACC_REG-35611,68.5,04/11/2024,950,950,35611,GV,Invoice,Import of sales discount from SPS,Ascent Hospitality Element Carmel Indiana,2609,,10642.70
ACC_REG-35589,69,04/12/2024,974,,35589,GV,Invoice,Import of sales discount from SPS,Ascent Hospitality Element Carmel Indiana,2609,16991.51,
ACC_REG-35589,69.5,04/12/2024,950,950,35589,GV,Invoice,Import of sales discount from SPS,Ascent Hospitality Element Carmel Indiana,2609,,16991.51
ACC_REG-34405,70,04/16/2024,974,,34405,GV,Invoice,Import of sales discount from SPS,La Quinta San Antonio 1,2609,1427.44,
ACC_REG-34405,70.5,04/16/2024,950,950,34405,GV,Invoice,Import of sales discount from SPS,La Quinta San Antonio 1,2609,,1427.44
ACC_REG-34691,71,04/18/2024,974,,34691,GV,Invoice,Import of sales discount from SPS,"Hampton Inn & Suites Enterprise,AL",2609,3642.88,
ACC_REG-34691,71.5,04/18/2024,950,950,34691,GV,Invoice,Import of sales discount from SPS,"Hampton Inn & Suites Enterprise,AL",2609,,3642.88
ACC_REG-35074,72,04/18/2024,974,,35074,GV,Invoice,Import of sales discount from SPS,Hampton Inn Rosenberg,2609,715.27,
ACC_REG-35074,72.5,04/18/2024,950,950,35074,GV,Invoice,Import of sales discount from SPS,Hampton Inn Rosenberg,2609,,715.27
ACC_REG-34361,73,04/19/2024,974,,34361,GV,Invoice,Import of sales discount from SPS,"Hampton Inn & Suites Enterprise,AL",2609,3995.81,
ACC_REG-34361,73.5,04/19/2024,950,950,34361,GV,Invoice,Import of sales discount from SPS,"Hampton Inn & Suites Enterprise,AL",2609,,3995.81
ACC_REG-35593,74,04/23/2024,974,,35593,GV,Invoice,Import of sales discount from SPS,Ascent Hospitality Element Carmel Indiana,2804,3885.99,
ACC_REG-35593,74.5,04/23/2024,950,950,35593,GV,Invoice,Import of sales discount from SPS,Ascent Hospitality Element Carmel Indiana,2804,,3885.99
ACC_REG-35079/6,75,04/24/2024,974,,35079/6,GV,Invoice,Import of sales discount from SPS,Hampton Inn Rosenberg,2804,3750.61,
ACC_REG-35079/6,75.5,04/24/2024,950,950,35079/6,GV,Invoice,Import of sales discount from SPS,Hampton Inn Rosenberg,2804,,3750.61
ACC_REG-34801,76,04/25/2024,974,,34801,GV,Invoice,Import of sales discount from SPS,La Quinta by Wyndham Dallas DFW Airport N,2804,407.94,
ACC_REG-34801,76.5,04/25/2024,950,950,34801,GV,Invoice,Import of sales discount from SPS,La Quinta by Wyndham Dallas DFW Airport N,2804,,407.94
ACC_REG-32437/2,77,04/30/2024,974,,32437/2,GV,Invoice,Import of sales discount from SPS,LaQuinta - Columbia SC - Ashok Patel,2804,1392.11,
ACC_REG-32437/2,77.5,04/30/2024,950,950,32437/2,GV,Invoice,Import of sales discount from SPS,LaQuinta - Columbia SC - Ashok Patel,2804,,1392.11
ACC_REG-35597/2,78,05/01/2024,974,,35597/2,GV,Invoice,Import of sales discount from SPS,Ascent Hospitality Element Carmel Indiana,2609,27836.28,
ACC_REG-35597/2,78.5,05/01/2024,950,950,35597/2,GV,Invoice,Import of sales discount from SPS,Ascent Hospitality Element Carmel Indiana,2609,,27836.28
ACC_REG-35601,79,05/03/2024,974,,35601,GV,Invoice,Import of sales discount from SPS,Ascent Hospitality Element Carmel Indiana,2609,5335.06,
ACC_REG-35601,79.5,05/03/2024,950,950,35601,GV,Invoice,Import of sales discount from SPS,Ascent Hospitality Element Carmel Indiana,2609,,5335.06
ACC_REG-35608/2,80,05/03/2024,974,,35608/2,GV,Invoice,Import of sales discount from SPS,Ascent Hospitality Element Carmel Indiana,2804,5812.44,
ACC_REG-35608/2,80.5,05/03/2024,950,950,35608/2,GV,Invoice,Import of sales discount from SPS,Ascent Hospitality Element Carmel Indiana,2804,,5812.44
ACC_REG-35591,81,05/07/2024,974,,35591,GV,Invoice,Import of sales discount from SPS,Ascent Hospitality Element Carmel Indiana,2491,2735.40,
ACC_REG-35591,81.5,05/07/2024,950,950,35591,GV,Invoice,Import of sales discount from SPS,Ascent Hospitality Element Carmel Indiana,2491,,2735.40
ACC_REG-35602,82,05/07/2024,974,,35602,GV,Invoice,Import of sales discount from SPS,Ascent Hospitality Element Carmel Indiana,2804,2945.90,
ACC_REG-35602,82.5,05/07/2024,950,950,35602,GV,Invoice,Import of sales discount from SPS,Ascent Hospitality Element Carmel Indiana,2804,,2945.90
ACC_REG-35605,83,05/07/2024,974,,35605,GV,Invoice,Import of sales discount from SPS,Ascent Hospitality Element Carmel Indiana,2804,433.87,
ACC_REG-35605,83.5,05/07/2024,950,950,35605,GV,Invoice,Import of sales discount from SPS,Ascent Hospitality Element Carmel Indiana,2804,,433.87
ACC_REG-35610,84,05/07/2024,974,,35610,GV,Invoice,Import of sales discount from SPS,Ascent Hospitality Element Carmel Indiana,2609,167.65,
ACC_REG-35610,84.5,05/07/2024,950,950,35610,GV,Invoice,Import of sales discount from SPS,Ascent Hospitality Element Carmel Indiana,2609,,167.65
ACC_REG-35693,85,05/09/2024,974,,35693,GV,Invoice,Import of sales discount from SPS,Ascent hospitality Home2 West Lafayette IN,2804,2340.04,
ACC_REG-35693,85.5,05/09/2024,950,950,35693,GV,Invoice,Import of sales discount from SPS,Ascent hospitality Home2 West Lafayette IN,2804,,2340.04
ACC_REG-35598,86,05/13/2024,974,,35598,GV,Invoice,Import of sales discount from SPS,Ascent Hospitality Element Carmel Indiana,3329,3711.11,
ACC_REG-35598,86.5,05/13/2024,950,950,35598,GV,Invoice,Import of sales discount from SPS,Ascent Hospitality Element Carmel Indiana,3329,,3711.11
ACC_REG-35590,87,05/15/2024,974,,35590,GV,Invoice,Import of sales discount from SPS,Ascent Hospitality Element Carmel Indiana,2491,4073.03,
ACC_REG-35590,87.5,05/15/2024,950,950,35590,GV,Invoice,Import of sales discount from SPS,Ascent Hospitality Element Carmel Indiana,2491,,4073.03
ACC_REG-36279,88,05/15/2024,974,,36279,GV,Invoice,Import of sales discount from SPS,Arjun Demla,2609,0.04,
ACC_REG-36279,88.5,05/15/2024,950,950,36279,GV,Invoice,Import of sales discount from SPS,Arjun Demla,2609,,0.04
ACC_REG-35216/3,89,05/20/2024,974,,35216/3,GV,Invoice,Import of sales discount from SPS,Ascent Residence inn Montgomery,2609,8882.07,
ACC_REG-35216/3,89.5,05/20/2024,950,950,35216/3,GV,Invoice,Import of sales discount from SPS,Ascent Residence inn Montgomery,2609,,8882.07
ACC_REG-34407/2,90,05/21/2024,974,,34407/2,GV,Invoice,Import of sales discount from SPS,La Quinta San Antonio 1,2609,7590.73,
ACC_REG-34407/2,90.5,05/21/2024,950,950,34407/2,GV,Invoice,Import of sales discount from SPS,La Quinta San Antonio 1,2609,,7590.73
ACC_REG-35080,91,05/23/2024,974,,35080,GV,Invoice,Import of sales discount from SPS,Hampton Inn Rosenberg,2609,115.50,
ACC_REG-35080,91.5,05/23/2024,950,950,35080,GV,Invoice,Import of sales discount from SPS,Hampton Inn Rosenberg,2609,,115.50
ACC_REG-35715/2,92,05/24/2024,974,,35715/2,GV,Invoice,Import of sales discount from SPS,Ascent hospitality Home2 Suites Fairburn GA,2609,12806.10,
ACC_REG-35715/2,92.5,05/24/2024,950,950,35715/2,GV,Invoice,Import of sales discount from SPS,Ascent hospitality Home2 Suites Fairburn GA,2609,,12806.10
ACC_REG-34398,93,05/29/2024,974,,34398,GV,Invoice,Import of sales discount from SPS,La Quinta San Antonio 1,2609,27427.84,
ACC_REG-34398,93.5,05/29/2024,950,950,34398,GV,Invoice,Import of sales discount from SPS,La Quinta San Antonio 1,2609,,27427.84
ACC_REG-36652,94,05/29/2024,974,,36652,GV,Invoice,Import of sales discount from SPS,SUPREME BRIGHT ATLANTIC CITY LLC (TRIBUTE SEAHAUS),2609,487.69,
ACC_REG-36652,94.5,05/29/2024,950,950,36652,GV,Invoice,Import of sales discount from SPS,SUPREME BRIGHT ATLANTIC CITY LLC (TRIBUTE SEAHAUS),2609,,487.69
ACC_REG-35641,95,05/30/2024,974,,35641,GV,Invoice,Import of sales discount from SPS,Wyndham Trademark Fredericksburg,3150,15954.68,
ACC_REG-35641,95.5,05/30/2024,950,950,35641,GV,Invoice,Import of sales discount from SPS,Wyndham Trademark Fredericksburg,3150,,15954.68
ACC_REG-35646,96,05/30/2024,974,,35646,GV,Invoice,Import of sales discount from SPS,Wyndham Trademark Fredericksburg,2207,1261.70,
ACC_REG-35646,96.5,05/30/2024,950,950,35646,GV,Invoice,Import of sales discount from SPS,Wyndham Trademark Fredericksburg,2207,,1261.70
ACC_REG-35648,97,05/30/2024,974,,35648,GV,Invoice,Import of sales discount from SPS,Wyndham Trademark Fredericksburg,2207,860.07,
ACC_REG-35648,97.5,05/30/2024,950,950,35648,GV,Invoice,Import of sales discount from SPS,Wyndham Trademark Fredericksburg,2207,,860.07
ACC_REG-32128,98,05/31/2024,974,,32128,GV,Invoice,Import of sales discount from SPS,Ascent Hospitality/ Marriott Mobile AL,2609,3362.70,
ACC_REG-32128,98.5,05/31/2024,950,950,32128,GV,Invoice,Import of sales discount from SPS,Ascent Hospitality/ Marriott Mobile AL,2609,,3362.70
ACC_REG-32439/5,99,05/31/2024,974,,32439/5,GV,Invoice,Import of sales discount from SPS,LaQuinta - Columbia SC - Ashok Patel,1555,1637.54,
ACC_REG-32439/5,99.5,05/31/2024,950,950,32439/5,GV,Invoice,Import of sales discount from SPS,LaQuinta - Columbia SC - Ashok Patel,1555,,1637.54
ACC_REG-32445/4,100,05/31/2024,974,,32445/4,GV,Invoice,Import of sales discount from SPS,LaQuinta - Columbia SC - Ashok Patel,3712,137.39,
ACC_REG-32445/4,100.5,05/31/2024,950,950,32445/4,GV,Invoice,Import of sales discount from SPS,LaQuinta - Columbia SC - Ashok Patel,3712,,137.39
ACC_REG-32449/4,101,05/31/2024,974,,32449/4,GV,Invoice,Import of sales discount from SPS,LaQuinta - Columbia SC - Ashok Patel,3712,1045.74,
ACC_REG-32449/4,101.5,05/31/2024,950,950,32449/4,GV,Invoice,Import of sales discount from SPS,LaQuinta - Columbia SC - Ashok Patel,3712,,1045.74
ACC_REG-32450/3,102,05/31/2024,974,,32450/3,GV,Invoice,Import of sales discount from SPS,LaQuinta - Columbia SC - Ashok Patel,3712,387.41,
ACC_REG-32450/3,102.5,05/31/2024,950,950,32450/3,GV,Invoice,Import of sales discount from SPS,LaQuinta - Columbia SC - Ashok Patel,3712,,387.41
ACC_REG-32451/4,103,05/31/2024,974,,32451/4,GV,Invoice,Import of sales discount from SPS,LaQuinta - Columbia SC - Ashok Patel,3712,476.64,
ACC_REG-32451/4,103.5,05/31/2024,950,950,32451/4,GV,Invoice,Import of sales discount from SPS,LaQuinta - Columbia SC - Ashok Patel,3712,,476.64
ACC_REG-33762/3,104,05/31/2024,974,,33762/3,GV,Invoice,Import of sales discount from SPS,Ascent Hospitality/ Marriott Mobile AL,2621,35000.00,
ACC_REG-33762/3,104.5,05/31/2024,950,950,33762/3,GV,Invoice,Import of sales discount from SPS,Ascent Hospitality/ Marriott Mobile AL,2621,,35000.00
ACC_REG-34400,105,05/31/2024,974,,34400,GV,Invoice,Import of sales discount from SPS,La Quinta San Antonio 1,2618,9045.65,
ACC_REG-34400,105.5,05/31/2024,950,950,34400,GV,Invoice,Import of sales discount from SPS,La Quinta San Antonio 1,2618,,9045.65
ACC_REG-34404,106,05/31/2024,974,,34404,GV,Invoice,Import of sales discount from SPS,La Quinta San Antonio 1,2618,1618.80,
ACC_REG-34404,106.5,05/31/2024,950,950,34404,GV,Invoice,Import of sales discount from SPS,La Quinta San Antonio 1,2618,,1618.80
ACC_REG-34408,107,05/31/2024,974,,34408,GV,Invoice,Import of sales discount from SPS,La Quinta San Antonio 1,2618,835.41,
ACC_REG-34408,107.5,05/31/2024,950,950,34408,GV,Invoice,Import of sales discount from SPS,La Quinta San Antonio 1,2618,,835.41
ACC_REG-34409,108,05/31/2024,974,,34409,GV,Invoice,Import of sales discount from SPS,La Quinta San Antonio 1,2618,3604.33,
ACC_REG-34409,108.5,05/31/2024,950,950,34409,GV,Invoice,Import of sales discount from SPS,La Quinta San Antonio 1,2618,,3604.33
ACC_REG-34410,109,05/31/2024,974,,34410,GV,Invoice,Import of sales discount from SPS,La Quinta San Antonio 1,2618,4696.51,
ACC_REG-34410,109.5,05/31/2024,950,950,34410,GV,Invoice,Import of sales discount from SPS,La Quinta San Antonio 1,2618,,4696.51
ACC_REG-34411,110,05/31/2024,974,,34411,GV,Invoice,Import of sales discount from SPS,La Quinta San Antonio 1,2618,6111.77,
ACC_REG-34411,110.5,05/31/2024,950,950,34411,GV,Invoice,Import of sales discount from SPS,La Quinta San Antonio 1,2618,,6111.77
ACC_REG-34413/3,111,05/31/2024,974,,34413/3,GV,Invoice,Import of sales discount from SPS,La Quinta San Antonio 1,2618,9384.21,
ACC_REG-34413/3,111.5,05/31/2024,950,950,34413/3,GV,Invoice,Import of sales discount from SPS,La Quinta San Antonio 1,2618,,9384.21
ACC_REG-34414/3,112,05/31/2024,974,,34414/3,GV,Invoice,Import of sales discount from SPS,La Quinta San Antonio 1,2618,4099.28,
ACC_REG-34414/3,112.5,05/31/2024,950,950,34414/3,GV,Invoice,Import of sales discount from SPS,La Quinta San Antonio 1,2618,,4099.28
ACC_REG-34415,113,05/31/2024,974,,34415,GV,Invoice,Import of sales discount from SPS,La Quinta San Antonio 1,2618,2968.96,
ACC_REG-34415,113.5,05/31/2024,950,950,34415,GV,Invoice,Import of sales discount from SPS,La Quinta San Antonio 1,2618,,2968.96
ACC_REG-34416/2,114,05/31/2024,974,,34416/2,GV,Invoice,Import of sales discount from SPS,La Quinta San Antonio 1,2618,517.99,
ACC_REG-34416/2,114.5,05/31/2024,950,950,34416/2,GV,Invoice,Import of sales discount from SPS,La Quinta San Antonio 1,2618,,517.99
ACC_REG-34417,115,05/31/2024,974,,34417,GV,Invoice,Import of sales discount from SPS,La Quinta San Antonio 1,2618,6041.29,
ACC_REG-34417,115.5,05/31/2024,950,950,34417,GV,Invoice,Import of sales discount from SPS,La Quinta San Antonio 1,2618,,6041.29
ACC_REG-34418,116,05/31/2024,974,,34418,GV,Invoice,Import of sales discount from SPS,La Quinta San Antonio 1,2618,1268.88,
ACC_REG-34418,116.5,05/31/2024,950,950,34418,GV,Invoice,Import of sales discount from SPS,La Quinta San Antonio 1,2618,,1268.88
ACC_REG-34573/2,117,05/31/2024,974,,34573/2,GV,Invoice,Import of sales discount from SPS,Ascent Hospitality/ Marriott Mobile AL,2621,27415.85,
ACC_REG-34573/2,117.5,05/31/2024,950,950,34573/2,GV,Invoice,Import of sales discount from SPS,Ascent Hospitality/ Marriott Mobile AL,2621,,27415.85
ACC_REG-34633/2,118,05/31/2024,974,,34633/2,GV,Invoice,Import of sales discount from SPS,Ascent Hospitality/ Marriott Mobile AL,2621,947.00,
ACC_REG-34633/2,118.5,05/31/2024,950,950,34633/2,GV,Invoice,Import of sales discount from SPS,Ascent Hospitality/ Marriott Mobile AL,2621,,947.00
ACC_REG-34717/2,119,05/31/2024,974,,34717/2,GV,Invoice,Import of sales discount from SPS,Ascent Hospitality/ Marriott Mobile AL,2621,300.00,
ACC_REG-34717/2,119.5,05/31/2024,950,950,34717/2,GV,Invoice,Import of sales discount from SPS,Ascent Hospitality/ Marriott Mobile AL,2621,,300.00
ACC_REG-34740/12,120,05/31/2024,974,,34740/12,GV,Invoice,Import of sales discount from SPS,Ascent Hospitality/ Marriott Mobile AL,2621,56653.83,
ACC_REG-34740/12,120.5,05/31/2024,950,950,34740/12,GV,Invoice,Import of sales discount from SPS,Ascent Hospitality/ Marriott Mobile AL,2621,,56653.83
ACC_REG-36118,121,05/31/2024,974,,36118,GV,Invoice,Import of sales discount from SPS,Ascent Hospitality/ Marriott Mobile AL,2621,9372.85,
ACC_REG-36118,121.5,05/31/2024,950,950,36118,GV,Invoice,Import of sales discount from SPS,Ascent Hospitality/ Marriott Mobile AL,2621,,9372.85
ACC_REG-36129/2,122,05/31/2024,974,,36129/2,GV,Invoice,Import of sales discount from SPS,Ascent Hospitality/ Marriott Mobile AL,2621,1502.35,
ACC_REG-36129/2,122.5,05/31/2024,950,950,36129/2,GV,Invoice,Import of sales discount from SPS,Ascent Hospitality/ Marriott Mobile AL,2621,,1502.35
ACC_REG-35688,123,06/04/2024,974,,35688,GV,Invoice,Import of sales discount from SPS,Ascent hospitality Home2 West Lafayette IN,3317,7702.64,
ACC_REG-35688,123.5,06/04/2024,950,950,35688,GV,Invoice,Import of sales discount from SPS,Ascent hospitality Home2 West Lafayette IN,3317,,7702.64
ACC_REG-33225/10,124,06/07/2024,974,,33225/10,GV,Invoice,Import of sales discount from SPS,Devkrupa Hospitality Inc,516,0.01,
ACC_REG-33225/10,124.5,06/07/2024,950,950,33225/10,GV,Invoice,Import of sales discount from SPS,Devkrupa Hospitality Inc,516,,0.01
ACC_REG-35690,125,06/07/2024,974,,35690,GV,Invoice,Import of sales discount from SPS,Ascent hospitality Home2 West Lafayette IN,3317,20258.48,
ACC_REG-35690,125.5,06/07/2024,950,950,35690,GV,Invoice,Import of sales discount from SPS,Ascent hospitality Home2 West Lafayette IN,3317,,20258.48
ACC_REG-35501/11,126,06/11/2024,974,,35501/11,GV,Invoice,Import of sales discount from SPS,Marriott Fairfield Harrisburg PA,3529,998.75,
ACC_REG-35501/11,126.5,06/11/2024,950,950,35501/11,GV,Invoice,Import of sales discount from SPS,Marriott Fairfield Harrisburg PA,3529,,998.75
ACC_REG-35501/11,127,06/11/2024,974,,35501/11,GV,Invoice,Import of sales discount from SPS,Marriott Fairfield Harrisburg PA,3529,1800.00,
ACC_REG-35501/11,127.5,06/11/2024,950,950,35501/11,GV,Invoice,Import of sales discount from SPS,Marriott Fairfield Harrisburg PA,3529,,1800.00
ACC_REG-35592,128,06/12/2024,974,,35592,GV,Invoice,Import of sales discount from SPS,Ascent Hospitality Element Carmel Indiana,3314,6076.38,
ACC_REG-35592,128.5,06/12/2024,950,950,35592,GV,Invoice,Import of sales discount from SPS,Ascent Hospitality Element Carmel Indiana,3314,,6076.38
ACC_REG-35595/3,129,06/12/2024,974,,35595/3,GV,Invoice,Import of sales discount from SPS,Ascent Hospitality Element Carmel Indiana,3314,11884.35,
ACC_REG-35595/3,129.5,06/12/2024,950,950,35595/3,GV,Invoice,Import of sales discount from SPS,Ascent Hospitality Element Carmel Indiana,3314,,11884.35
ACC_REG-34450,130,06/14/2024,974,,34450,GV,Invoice,Import of sales discount from SPS,Stay Bridge - Manteca - CA - Aman Dhillon,3389,9558.38,
ACC_REG-34450,130.5,06/14/2024,950,950,34450,GV,Invoice,Import of sales discount from SPS,Stay Bridge - Manteca - CA - Aman Dhillon,3389,,9558.38
ACC_REG-36651,131,06/18/2024,974,,36651,GV,Invoice,Import of sales discount from SPS,SUPREME BRIGHT ATLANTIC CITY LLC (TRIBUTE SEAHAUS),3393,1282.48,
ACC_REG-36651,131.5,06/18/2024,950,950,36651,GV,Invoice,Import of sales discount from SPS,SUPREME BRIGHT ATLANTIC CITY LLC (TRIBUTE SEAHAUS),3393,,1282.48
ACC_REG-36191,132,06/21/2024,974,,36191,GV,Invoice,Import of sales discount from SPS,Carpet Planet LLC,490,1860.13,
ACC_REG-36191,132.5,06/21/2024,950,950,36191,GV,Invoice,Import of sales discount from SPS,Carpet Planet LLC,490,,1860.13
ACC_REG-36681/2,133,06/24/2024,974,,36681/2,GV,Invoice,Import of sales discount from SPS,Ascent Hospitality Tribute Carmel Indiana,2628,879.19,
ACC_REG-36681/2,133.5,06/24/2024,950,950,36681/2,GV,Invoice,Import of sales discount from SPS,Ascent Hospitality Tribute Carmel Indiana,2628,,879.19
ACC_REG-35081/3,134,06/25/2024,974,,35081/3,GV,Invoice,Import of sales discount from SPS,Hampton Inn Rosenberg,2520,446.07,
ACC_REG-35081/3,134.5,06/25/2024,950,950,35081/3,GV,Invoice,Import of sales discount from SPS,Hampton Inn Rosenberg,2520,,446.07
ACC_REG-35594,135,06/27/2024,974,,35594,GV,Invoice,Import of sales discount from SPS,Ascent Hospitality Element Carmel Indiana,3314,1213.66,
ACC_REG-35594,135.5,06/27/2024,950,950,35594,GV,Invoice,Import of sales discount from SPS,Ascent Hospitality Element Carmel Indiana,3314,,1213.66
ACC_REG-35596,136,06/27/2024,974,,35596,GV,Invoice,Import of sales discount from SPS,Ascent Hospitality Element Carmel Indiana,3314,542.45,
ACC_REG-35596,136.5,06/27/2024,950,950,35596,GV,Invoice,Import of sales discount from SPS,Ascent Hospitality Element Carmel Indiana,3314,,542.45
ACC_REG-35603,137,06/27/2024,974,,35603,GV,Invoice,Import of sales discount from SPS,Ascent Hospitality Element Carmel Indiana,3314,1883.40,
ACC_REG-35603,137.5,06/27/2024,950,950,35603,GV,Invoice,Import of sales discount from SPS,Ascent Hospitality Element Carmel Indiana,3314,,1883.40
ACC_REG-35609,138,06/27/2024,974,,35609,GV,Invoice,Import of sales discount from SPS,Ascent Hospitality Element Carmel Indiana,3314,509.64,
ACC_REG-35609,138.5,06/27/2024,950,950,35609,GV,Invoice,Import of sales discount from SPS,Ascent Hospitality Element Carmel Indiana,3314,,509.64
ACC_REG-32207/13,139,06/28/2024,974,,32207/13,GV,Invoice,Import of sales discount from SPS,Ascent Hospitality- Autograph Montogmery,2676,5688.60,
ACC_REG-32207/13,139.5,06/28/2024,950,950,32207/13,GV,Invoice,Import of sales discount from SPS,Ascent Hospitality- Autograph Montogmery,2676,,5688.60
ACC_REG-32393/4,140,06/28/2024,974,,32393/4,GV,Invoice,Import of sales discount from SPS,Ascent Hospitality- Autograph Montogmery,2676,3825.65,
ACC_REG-32393/4,140.5,06/28/2024,950,950,32393/4,GV,Invoice,Import of sales discount from SPS,Ascent Hospitality- Autograph Montogmery,2676,,3825.65
ACC_REG-32568/9,141,06/28/2024,974,,32568/9,GV,Invoice,Import of sales discount from SPS,Ascent Hospitality- Autograph Montogmery,2676,5700.00,
ACC_REG-32568/9,141.5,06/28/2024,950,950,32568/9,GV,Invoice,Import of sales discount from SPS,Ascent Hospitality- Autograph Montogmery,2676,,5700.00
ACC_REG-34793/4,142,06/28/2024,974,,34793/4,GV,Invoice,Import of sales discount from SPS,La Quinta by Wyndham Dallas DFW Airport N,3357,8695.65,
ACC_REG-34793/4,142.5,06/28/2024,950,950,34793/4,GV,Invoice,Import of sales discount from SPS,La Quinta by Wyndham Dallas DFW Airport N,3357,,8695.65
ACC_REG-34794/8,143,06/28/2024,974,,34794/8,GV,Invoice,Import of sales discount from SPS,La Quinta by Wyndham Dallas DFW Airport N,3357,8695.65,
ACC_REG-34794/8,143.5,06/28/2024,950,950,34794/8,GV,Invoice,Import of sales discount from SPS,La Quinta by Wyndham Dallas DFW Airport N,3357,,8695.65
ACC_REG-34795/6,144,06/28/2024,974,,34795/6,GV,Invoice,Import of sales discount from SPS,La Quinta by Wyndham Dallas DFW Airport N,3357,8695.65,
ACC_REG-34795/6,144.5,06/28/2024,950,950,34795/6,GV,Invoice,Import of sales discount from SPS,La Quinta by Wyndham Dallas DFW Airport N,3357,,8695.65
ACC_REG-34796/8,145,06/28/2024,974,,34796/8,GV,Invoice,Import of sales discount from SPS,La Quinta by Wyndham Dallas DFW Airport N,3357,8695.65,
ACC_REG-34796/8,145.5,06/28/2024,950,950,34796/8,GV,Invoice,Import of sales discount from SPS,La Quinta by Wyndham Dallas DFW Airport N,3357,,8695.65
ACC_REG-34797/2,146,06/28/2024,974,,34797/2,GV,Invoice,Import of sales discount from SPS,La Quinta by Wyndham Dallas DFW Airport N,3357,8695.65,
ACC_REG-34797/2,146.5,06/28/2024,950,950,34797/2,GV,Invoice,Import of sales discount from SPS,La Quinta by Wyndham Dallas DFW Airport N,3357,,8695.65
ACC_REG-34798/6,147,06/28/2024,974,,34798/6,GV,Invoice,Import of sales discount from SPS,La Quinta by Wyndham Dallas DFW Airport N,3357,8695.65,
ACC_REG-34798/6,147.5,06/28/2024,950,950,34798/6,GV,Invoice,Import of sales discount from SPS,La Quinta by Wyndham Dallas DFW Airport N,3357,,8695.65
ACC_REG-34799/2,148,06/28/2024,974,,34799/2,GV,Invoice,Import of sales discount from SPS,La Quinta by Wyndham Dallas DFW Airport N,3357,8695.65,
ACC_REG-34799/2,148.5,06/28/2024,950,950,34799/2,GV,Invoice,Import of sales discount from SPS,La Quinta by Wyndham Dallas DFW Airport N,3357,,8695.65
ACC_REG-34800/2,149,06/28/2024,974,,34800/2,GV,Invoice,Import of sales discount from SPS,La Quinta by Wyndham Dallas DFW Airport N,3357,8695.65,
ACC_REG-34800/2,149.5,06/28/2024,950,950,34800/2,GV,Invoice,Import of sales discount from SPS,La Quinta by Wyndham Dallas DFW Airport N,3357,,8695.65
ACC_REG-34801/2,150,06/28/2024,974,,34801/2,GV,Invoice,Import of sales discount from SPS,La Quinta by Wyndham Dallas DFW Airport N,3357,8695.65,
ACC_REG-34801/2,150.5,06/28/2024,950,950,34801/2,GV,Invoice,Import of sales discount from SPS,La Quinta by Wyndham Dallas DFW Airport N,3357,,8695.65
ACC_REG-34802/4,151,06/28/2024,974,,34802/4,GV,Invoice,Import of sales discount from SPS,La Quinta by Wyndham Dallas DFW Airport N,3357,8695.65,
ACC_REG-34802/4,151.5,06/28/2024,950,950,34802/4,GV,Invoice,Import of sales discount from SPS,La Quinta by Wyndham Dallas DFW Airport N,3357,,8695.65
ACC_REG-34803/4,152,06/28/2024,974,,34803/4,GV,Invoice,Import of sales discount from SPS,La Quinta by Wyndham Dallas DFW Airport N,3357,8695.65,
ACC_REG-34803/4,152.5,06/28/2024,950,950,34803/4,GV,Invoice,Import of sales discount from SPS,La Quinta by Wyndham Dallas DFW Airport N,3357,,8695.65
ACC_REG-34804/4,153,06/28/2024,974,,34804/4,GV,Invoice,Import of sales discount from SPS,La Quinta by Wyndham Dallas DFW Airport N,3357,8695.65,
ACC_REG-34804/4,153.5,06/28/2024,950,950,34804/4,GV,Invoice,Import of sales discount from SPS,La Quinta by Wyndham Dallas DFW Airport N,3357,,8695.65
ACC_REG-34805/5,154,06/28/2024,974,,34805/5,GV,Invoice,Import of sales discount from SPS,La Quinta by Wyndham Dallas DFW Airport N,3357,8695.65,
ACC_REG-34805/5,154.5,06/28/2024,950,950,34805/5,GV,Invoice,Import of sales discount from SPS,La Quinta by Wyndham Dallas DFW Airport N,3357,,8695.65
ACC_REG-34806/5,155,06/28/2024,974,,34806/5,GV,Invoice,Import of sales discount from SPS,La Quinta by Wyndham Dallas DFW Airport N,3357,8695.65,
ACC_REG-34806/5,155.5,06/28/2024,950,950,34806/5,GV,Invoice,Import of sales discount from SPS,La Quinta by Wyndham Dallas DFW Airport N,3357,,8695.65
ACC_REG-34807/8,156,06/28/2024,974,,34807/8,GV,Invoice,Import of sales discount from SPS,La Quinta by Wyndham Dallas DFW Airport N,3357,8695.65,
ACC_REG-34807/8,156.5,06/28/2024,950,950,34807/8,GV,Invoice,Import of sales discount from SPS,La Quinta by Wyndham Dallas DFW Airport N,3357,,8695.65
ACC_REG-34808,157,06/28/2024,974,,34808,GV,Invoice,Import of sales discount from SPS,La Quinta by Wyndham Dallas DFW Airport N,3357,8695.65,
ACC_REG-34808,157.5,06/28/2024,950,950,34808,GV,Invoice,Import of sales discount from SPS,La Quinta by Wyndham Dallas DFW Airport N,3357,,8695.65
ACC_REG-34809/12,158,06/28/2024,974,,34809/12,GV,Invoice,Import of sales discount from SPS,La Quinta by Wyndham Dallas DFW Airport N,3357,8695.65,
ACC_REG-34809/12,158.5,06/28/2024,950,950,34809/12,GV,Invoice,Import of sales discount from SPS,La Quinta by Wyndham Dallas DFW Airport N,3357,,8695.65
ACC_REG-34810/9,159,06/28/2024,974,,34810/9,GV,Invoice,Import of sales discount from SPS,La Quinta by Wyndham Dallas DFW Airport N,3357,8695.65,
ACC_REG-34810/9,159.5,06/28/2024,950,950,34810/9,GV,Invoice,Import of sales discount from SPS,La Quinta by Wyndham Dallas DFW Airport N,3357,,8695.65
ACC_REG-34811/4,160,06/28/2024,974,,34811/4,GV,Invoice,Import of sales discount from SPS,La Quinta by Wyndham Dallas DFW Airport N,3357,8695.65,
ACC_REG-34811/4,160.5,06/28/2024,950,950,34811/4,GV,Invoice,Import of sales discount from SPS,La Quinta by Wyndham Dallas DFW Airport N,3357,,8695.65
ACC_REG-34813/3,161,06/28/2024,974,,34813/3,GV,Invoice,Import of sales discount from SPS,La Quinta by Wyndham Dallas DFW Airport N,3357,8695.65,
ACC_REG-34813/3,161.5,06/28/2024,950,950,34813/3,GV,Invoice,Import of sales discount from SPS,La Quinta by Wyndham Dallas DFW Airport N,3357,,8695.65
ACC_REG-34814/5,162,06/28/2024,974,,34814/5,GV,Invoice,Import of sales discount from SPS,La Quinta by Wyndham Dallas DFW Airport N,3357,17391.30,
ACC_REG-34814/5,162.5,06/28/2024,950,950,34814/5,GV,Invoice,Import of sales discount from SPS,La Quinta by Wyndham Dallas DFW Airport N,3357,,17391.30
ACC_REG-34814/6,163,06/28/2024,974,,34814/6,GV,Invoice,Import of sales discount from SPS,La Quinta by Wyndham Dallas DFW Airport N,3357,14000.00,
ACC_REG-34814/6,163.5,06/28/2024,950,950,34814/6,GV,Invoice,Import of sales discount from SPS,La Quinta by Wyndham Dallas DFW Airport N,3357,,14000.00
ACC_REG-33338/2,164,06/30/2024,974,,33338/2,GV,Invoice,Import of sales discount from SPS,Laquinta Memphis,3002,235.85,
ACC_REG-33338/2,164.5,06/30/2024,950,950,33338/2,GV,Invoice,Import of sales discount from SPS,Laquinta Memphis,3002,,235.85
ACC_REG-33344/3,165,06/30/2024,974,,33344/3,GV,Invoice,Import of sales discount from SPS,Laquinta Memphis,3002,1277.16,
ACC_REG-33344/3,165.5,06/30/2024,950,950,33344/3,GV,Invoice,Import of sales discount from SPS,Laquinta Memphis,3002,,1277.16
ACC_REG-35960,166,06/30/2024,974,,35960,GV,Invoice,Import of sales discount from SPS,"La Quinta Hawthorn - DeSoto,TX",3119,1326.75,
ACC_REG-35960,166.5,06/30/2024,950,950,35960,GV,Invoice,Import of sales discount from SPS,"La Quinta Hawthorn - DeSoto,TX",3119,,1326.75
ACC_REG-34831/2,167,07/01/2024,974,,34831/2,GV,Invoice,Import of sales discount from SPS,TTS,3713,0.01,
ACC_REG-34831/2,167.5,07/01/2024,950,950,34831/2,GV,Invoice,Import of sales discount from SPS,TTS,3713,,0.01
ACC_REG-35632/2,168,07/05/2024,974,,35632/2,GV,Invoice,Import of sales discount from SPS,Kishore - Bindu Kancherla,581,6844.91,
ACC_REG-35632/2,168.5,07/05/2024,950,950,35632/2,GV,Invoice,Import of sales discount from SPS,Kishore - Bindu Kancherla,581,,6844.91
ACC_REG-35691,169,07/05/2024,974,,35691,GV,Invoice,Import of sales discount from SPS,Ascent hospitality Home2 West Lafayette IN,3317,2146.85,
ACC_REG-35691,169.5,07/05/2024,950,950,35691,GV,Invoice,Import of sales discount from SPS,Ascent hospitality Home2 West Lafayette IN,3317,,2146.85
ACC_REG-34793/5,170,07/10/2024,974,,34793/5,GV,Invoice,Import of sales discount from SPS,La Quinta by Wyndham Dallas DFW Airport N,3357,1496.75,
ACC_REG-34793/5,170.5,07/10/2024,950,950,34793/5,GV,Invoice,Import of sales discount from SPS,La Quinta by Wyndham Dallas DFW Airport N,3357,,1496.75
ACC_REG-34804/5,171,07/10/2024,974,,34804/5,GV,Invoice,Import of sales discount from SPS,La Quinta by Wyndham Dallas DFW Airport N,3357,157.98,
ACC_REG-34804/5,171.5,07/10/2024,950,950,34804/5,GV,Invoice,Import of sales discount from SPS,La Quinta by Wyndham Dallas DFW Airport N,3357,,157.98
ACC_REG-35703,172,07/12/2024,974,,35703,GV,Invoice,Import of sales discount from SPS,Ascent hospitality Home2 West Lafayette IN,3317,93.86,
ACC_REG-35703,172.5,07/12/2024,950,950,35703,GV,Invoice,Import of sales discount from SPS,Ascent hospitality Home2 West Lafayette IN,3317,,93.86
ACC_REG-34815,173,07/16/2024,974,,34815,GV,Invoice,Import of sales discount from SPS,La Quinta by Wyndham Dallas DFW Airport N,3357,8695.70,
ACC_REG-34815,173.5,07/16/2024,950,950,34815,GV,Invoice,Import of sales discount from SPS,La Quinta by Wyndham Dallas DFW Airport N,3357,,8695.70
ACC_REG-35652,174,07/17/2024,974,,35652,GV,Invoice,Import of sales discount from SPS,Wyndham Trademark Fredericksburg,3404,2428.74,
ACC_REG-35652,174.5,07/17/2024,950,950,35652,GV,Invoice,Import of sales discount from SPS,Wyndham Trademark Fredericksburg,3404,,2428.74
ACC_REG-35701,175,07/17/2024,974,,35701,GV,Invoice,Import of sales discount from SPS,Ascent hospitality Home2 West Lafayette IN,3317,232.06,
ACC_REG-35701,175.5,07/17/2024,950,950,35701,GV,Invoice,Import of sales discount from SPS,Ascent hospitality Home2 West Lafayette IN,3317,,232.06
ACC_REG-34606/8,176,07/18/2024,974,,34606/8,GV,Invoice,Import of sales discount from SPS,"La Quinta - Tampa Bay, FL (Airport)",3714,0.01,
ACC_REG-34606/8,176.5,07/18/2024,950,950,34606/8,GV,Invoice,Import of sales discount from SPS,"La Quinta - Tampa Bay, FL (Airport)",3714,,0.01
ACC_REG-36647,177,07/18/2024,974,,36647,GV,Invoice,Import of sales discount from SPS,SUPREME BRIGHT ATLANTIC CITY LLC (TRIBUTE SEAHAUS),3393,506.28,
ACC_REG-36647,177.5,07/18/2024,950,950,36647,GV,Invoice,Import of sales discount from SPS,SUPREME BRIGHT ATLANTIC CITY LLC (TRIBUTE SEAHAUS),3393,,506.28
ACC_REG-36649,178,07/18/2024,974,,36649,GV,Invoice,Import of sales discount from SPS,SUPREME BRIGHT ATLANTIC CITY LLC (TRIBUTE SEAHAUS),3393,740.82,
ACC_REG-36649,178.5,07/18/2024,950,950,36649,GV,Invoice,Import of sales discount from SPS,SUPREME BRIGHT ATLANTIC CITY LLC (TRIBUTE SEAHAUS),3393,,740.82
ACC_REG-36650,179,07/18/2024,974,,36650,GV,Invoice,Import of sales discount from SPS,SUPREME BRIGHT ATLANTIC CITY LLC (TRIBUTE SEAHAUS),3393,49.74,
ACC_REG-36650,179.5,07/18/2024,950,950,36650,GV,Invoice,Import of sales discount from SPS,SUPREME BRIGHT ATLANTIC CITY LLC (TRIBUTE SEAHAUS),3393,,49.74
ACC_REG-36654,180,07/18/2024,974,,36654,GV,Invoice,Import of sales discount from SPS,SUPREME BRIGHT ATLANTIC CITY LLC (TRIBUTE SEAHAUS),3393,55.68,
ACC_REG-36654,180.5,07/18/2024,950,950,36654,GV,Invoice,Import of sales discount from SPS,SUPREME BRIGHT ATLANTIC CITY LLC (TRIBUTE SEAHAUS),3393,,55.68
ACC_REG-36646/4,181,07/19/2024,974,,36646/4,GV,Invoice,Import of sales discount from SPS,SUPREME BRIGHT ATLANTIC CITY LLC (TRIBUTE SEAHAUS),3393,323.51,
ACC_REG-36646/4,181.5,07/19/2024,950,950,36646/4,GV,Invoice,Import of sales discount from SPS,SUPREME BRIGHT ATLANTIC CITY LLC (TRIBUTE SEAHAUS),3393,,323.51
ACC_REG-36648,182,07/19/2024,974,,36648,GV,Invoice,Import of sales discount from SPS,SUPREME BRIGHT ATLANTIC CITY LLC (TRIBUTE SEAHAUS),3393,292.92,
ACC_REG-36648,182.5,07/19/2024,950,950,36648,GV,Invoice,Import of sales discount from SPS,SUPREME BRIGHT ATLANTIC CITY LLC (TRIBUTE SEAHAUS),3393,,292.92
ACC_REG-36653,183,07/19/2024,974,,36653,GV,Invoice,Import of sales discount from SPS,SUPREME BRIGHT ATLANTIC CITY LLC (TRIBUTE SEAHAUS),3393,40.73,
ACC_REG-36653,183.5,07/19/2024,950,950,36653,GV,Invoice,Import of sales discount from SPS,SUPREME BRIGHT ATLANTIC CITY LLC (TRIBUTE SEAHAUS),3393,,40.73
ACC_REG-35604,184,07/23/2024,974,,35604,GV,Invoice,Import of sales discount from SPS,Ascent Hospitality Element Carmel Indiana,3314,94.27,
ACC_REG-35604,184.5,07/23/2024,950,950,35604,GV,Invoice,Import of sales discount from SPS,Ascent Hospitality Element Carmel Indiana,3314,,94.27
ACC_REG-35215/3,185,07/29/2024,974,,35215/3,GV,Invoice,Import of sales discount from SPS,Ascent Home2 Montgomery,2571,1219.39,
ACC_REG-35215/3,185.5,07/29/2024,950,950,35215/3,GV,Invoice,Import of sales discount from SPS,Ascent Home2 Montgomery,2571,,1219.39
ACC_REG-36070/6,186,07/29/2024,974,,36070/6,GV,Invoice,Import of sales discount from SPS,Newcrest - Courtyard By Marriott Chicago OHare,3715,4215.33,
ACC_REG-36070/6,186.5,07/29/2024,950,950,36070/6,GV,Invoice,Import of sales discount from SPS,Newcrest - Courtyard By Marriott Chicago OHare,3715,,4215.33
ACC_REG-34965/3,187,07/31/2024,974,,34965/3,GV,Invoice,Import of sales discount from SPS,LaQuinta Inn & Suites Oxford AL,2752,535.00,
ACC_REG-34965/3,187.5,07/31/2024,950,950,34965/3,GV,Invoice,Import of sales discount from SPS,LaQuinta Inn & Suites Oxford AL,2752,,535.00
ACC_REG-34968/3,188,07/31/2024,974,,34968/3,GV,Invoice,Import of sales discount from SPS,LaQuinta Inn & Suites Oxford AL,2752,5437.21,
ACC_REG-34968/3,188.5,07/31/2024,950,950,34968/3,GV,Invoice,Import of sales discount from SPS,LaQuinta Inn & Suites Oxford AL,2752,,5437.21
ACC_REG-34973/6,189,07/31/2024,974,,34973/6,GV,Invoice,Import of sales discount from SPS,LaQuinta Inn & Suites Oxford AL,2752,5726.74,
ACC_REG-34973/6,189.5,07/31/2024,950,950,34973/6,GV,Invoice,Import of sales discount from SPS,LaQuinta Inn & Suites Oxford AL,2752,,5726.74
ACC_REG-35640/4,190,07/31/2024,974,,35640/4,GV,Invoice,Import of sales discount from SPS,Wyndham Trademark Fredericksburg,3404,2423.82,
ACC_REG-35640/4,190.5,07/31/2024,950,950,35640/4,GV,Invoice,Import of sales discount from SPS,Wyndham Trademark Fredericksburg,3404,,2423.82
ACC_REG-35642/2,191,07/31/2024,974,,35642/2,GV,Invoice,Import of sales discount from SPS,Wyndham Trademark Fredericksburg,3404,3544.91,
ACC_REG-35642/2,191.5,07/31/2024,950,950,35642/2,GV,Invoice,Import of sales discount from SPS,Wyndham Trademark Fredericksburg,3404,,3544.91
ACC_REG-35643/4,192,07/31/2024,974,,35643/4,GV,Invoice,Import of sales discount from SPS,Wyndham Trademark Fredericksburg,3404,2577.58,
ACC_REG-35643/4,192.5,07/31/2024,950,950,35643/4,GV,Invoice,Import of sales discount from SPS,Wyndham Trademark Fredericksburg,3404,,2577.58
ACC_REG-35689,193,07/31/2024,974,,35689,GV,Invoice,Import of sales discount from SPS,Ascent hospitality Home2 West Lafayette IN,3317,3193.75,
ACC_REG-35689,193.5,07/31/2024,950,950,35689,GV,Invoice,Import of sales discount from SPS,Ascent hospitality Home2 West Lafayette IN,3317,,3193.75
ACC_REG-35694/2,194,07/31/2024,974,,35694/2,GV,Invoice,Import of sales discount from SPS,Ascent hospitality Home2 West Lafayette IN,3317,2099.33,
ACC_REG-35694/2,194.5,07/31/2024,950,950,35694/2,GV,Invoice,Import of sales discount from SPS,Ascent hospitality Home2 West Lafayette IN,3317,,2099.33
ACC_REG-35699,195,07/31/2024,974,,35699,GV,Invoice,Import of sales discount from SPS,Ascent hospitality Home2 West Lafayette IN,3317,486.33,
ACC_REG-35699,195.5,07/31/2024,950,950,35699,GV,Invoice,Import of sales discount from SPS,Ascent hospitality Home2 West Lafayette IN,3317,,486.33
ACC_REG-35709/2,196,07/31/2024,974,,35709/2,GV,Invoice,Import of sales discount from SPS,Ascent hospitality Home2 Suites Fairburn GA,3316,28045.86,
ACC_REG-35709/2,196.5,07/31/2024,950,950,35709/2,GV,Invoice,Import of sales discount from SPS,Ascent hospitality Home2 Suites Fairburn GA,3316,,28045.86
ACC_REG-35719,197,07/31/2024,974,,35719,GV,Invoice,Import of sales discount from SPS,Ascent hospitality Home2 Suites Fairburn GA,3316,1307.18,
ACC_REG-35719,197.5,07/31/2024,950,950,35719,GV,Invoice,Import of sales discount from SPS,Ascent hospitality Home2 Suites Fairburn GA,3316,,1307.18
ACC_REG-35729,198,07/31/2024,974,,35729,GV,Invoice,Import of sales discount from SPS,Ascent hospitality Home2 West Lafayette IN,3317,1042.15,
ACC_REG-35729,198.5,07/31/2024,950,950,35729,GV,Invoice,Import of sales discount from SPS,Ascent hospitality Home2 West Lafayette IN,3317,,1042.15
ACC_REG-36082,199,07/31/2024,974,,36082,GV,Invoice,Import of sales discount from SPS,"Pinnacle Marble And Granite, Inc",632,1796.25,
ACC_REG-36082,199.5,07/31/2024,950,950,36082,GV,Invoice,Import of sales discount from SPS,"Pinnacle Marble And Granite, Inc",632,,1796.25
ACC_REG-36285,200,07/31/2024,974,,36285,GV,Invoice,Import of sales discount from SPS,"Pinnacle Marble And Granite, Inc",632,1.35,
ACC_REG-36285,200.5,07/31/2024,950,950,36285,GV,Invoice,Import of sales discount from SPS,"Pinnacle Marble And Granite, Inc",632,,1.35
ACC_REG-36285,201,07/31/2024,974,,36285,GV,Invoice,Import of sales discount from SPS,"Pinnacle Marble And Granite, Inc",632,0.01,
ACC_REG-36285,201.5,07/31/2024,950,950,36285,GV,Invoice,Import of sales discount from SPS,"Pinnacle Marble And Granite, Inc",632,,0.01
ACC_REG-36668,202,07/31/2024,974,,36668,GV,Invoice,Import of sales discount from SPS,Ascent Hospitality Tribute Carmel Indiana,2628,219.88,
ACC_REG-36668,202.5,07/31/2024,950,950,36668,GV,Invoice,Import of sales discount from SPS,Ascent Hospitality Tribute Carmel Indiana,2628,,219.88
ACC_REG-32453/3,203,08/01/2024,974,,32453/3,GV,Invoice,Import of sales discount from SPS,LaQuinta - Columbia SC - Ashok Patel,3712,632.43,
ACC_REG-32453/3,203.5,08/01/2024,950,950,32453/3,GV,Invoice,Import of sales discount from SPS,LaQuinta - Columbia SC - Ashok Patel,3712,,632.43
ACC_REG-35653/2,204,08/07/2024,974,,35653/2,GV,Invoice,Import of sales discount from SPS,Wyndham Trademark Fredericksburg,3404,507.76,
ACC_REG-35653/2,204.5,08/07/2024,950,950,35653/2,GV,Invoice,Import of sales discount from SPS,Wyndham Trademark Fredericksburg,3404,,507.76
ACC_REG-35704,205,08/07/2024,974,,35704,GV,Invoice,Import of sales discount from SPS,Ascent hospitality Home2 West Lafayette IN,3317,1285.38,
ACC_REG-35704,205.5,08/07/2024,950,950,35704,GV,Invoice,Import of sales discount from SPS,Ascent hospitality Home2 West Lafayette IN,3317,,1285.38
ACC_REG-36680,206,08/07/2024,974,,36680,GV,Invoice,Import of sales discount from SPS,Ascent Hospitality Tribute Carmel Indiana,2628,119.17,
ACC_REG-36680,206.5,08/07/2024,950,950,36680,GV,Invoice,Import of sales discount from SPS,Ascent Hospitality Tribute Carmel Indiana,2628,,119.17
ACC_REG-35075/4,207,08/13/2024,974,,35075/4,GV,Invoice,Import of sales discount from SPS,Hampton Inn Rosenberg,2520,365.31,
ACC_REG-35075/4,207.5,08/13/2024,950,950,35075/4,GV,Invoice,Import of sales discount from SPS,Hampton Inn Rosenberg,2520,,365.31
ACC_REG-35076/6,208,08/13/2024,974,,35076/6,GV,Invoice,Import of sales discount from SPS,Hampton Inn Rosenberg,2520,429.08,
ACC_REG-35076/6,208.5,08/13/2024,950,950,35076/6,GV,Invoice,Import of sales discount from SPS,Hampton Inn Rosenberg,2520,,429.08
ACC_REG-35692,209,08/15/2024,974,,35692,GV,Invoice,Import of sales discount from SPS,Ascent hospitality Home2 West Lafayette IN,3317,3820.40,
ACC_REG-35692,209.5,08/15/2024,950,950,35692,GV,Invoice,Import of sales discount from SPS,Ascent hospitality Home2 West Lafayette IN,3317,,3820.40
ACC_REG-35702,210,08/15/2024,974,,35702,GV,Invoice,Import of sales discount from SPS,Ascent hospitality Home2 West Lafayette IN,3317,89.56,
ACC_REG-35702,210.5,08/15/2024,950,950,35702,GV,Invoice,Import of sales discount from SPS,Ascent hospitality Home2 West Lafayette IN,3317,,89.56
ACC_REG-31183/9,211,08/20/2024,974,,31183/9,GV,Invoice,Import of sales discount from SPS,Ascent Hospitality/ Marriott Mobile AL,2621,16575.08,
ACC_REG-31183/9,211.5,08/20/2024,950,950,31183/9,GV,Invoice,Import of sales discount from SPS,Ascent Hospitality/ Marriott Mobile AL,2621,,16575.08
ACC_REG-32689/2,212,08/20/2024,974,,32689/2,GV,Invoice,Import of sales discount from SPS,"La Quinta, Huntsville AL",3362,3373.30,
ACC_REG-32689/2,212.5,08/20/2024,950,950,32689/2,GV,Invoice,Import of sales discount from SPS,"La Quinta, Huntsville AL",3362,,3373.30
ACC_REG-35705,213,08/20/2024,974,,35705,GV,Invoice,Import of sales discount from SPS,Ascent hospitality Home2 West Lafayette IN,3317,37.58,
ACC_REG-35705,213.5,08/20/2024,950,950,35705,GV,Invoice,Import of sales discount from SPS,Ascent hospitality Home2 West Lafayette IN,3317,,37.58
ACC_REG-35706,214,08/20/2024,974,,35706,GV,Invoice,Import of sales discount from SPS,Ascent hospitality Home2 West Lafayette IN,3317,37.58,
ACC_REG-35706,214.5,08/20/2024,950,950,35706,GV,Invoice,Import of sales discount from SPS,Ascent hospitality Home2 West Lafayette IN,3317,,37.58
ACC_REG-35713,215,08/23/2024,974,,35713,GV,Invoice,Import of sales discount from SPS,Ascent hospitality Home2 Suites Fairburn GA,3316,2906.31,
ACC_REG-35713,215.5,08/23/2024,950,950,35713,GV,Invoice,Import of sales discount from SPS,Ascent hospitality Home2 Suites Fairburn GA,3316,,2906.31
ACC_REG-35949,216,08/26/2024,974,,35949,GV,Invoice,Import of sales discount from SPS,"La Quinta Hawthorn - DeSoto,TX",3119,1693.26,
ACC_REG-35949,216.5,08/26/2024,950,950,35949,GV,Invoice,Import of sales discount from SPS,"La Quinta Hawthorn - DeSoto,TX",3119,,1693.26
ACC_REG-36737,217,08/26/2024,974,,36737,GV,Invoice,Import of sales discount from SPS,"ELEMENT FORTSMITH, ARKANSAS",3330,1381.87,
ACC_REG-36737,217.5,08/26/2024,950,950,36737,GV,Invoice,Import of sales discount from SPS,"ELEMENT FORTSMITH, ARKANSAS",3330,,1381.87
ACC_REG-35720,218,08/27/2024,974,,35720,GV,Invoice,Import of sales discount from SPS,Ascent hospitality Home2 Suites Fairburn GA,3316,321.27,
ACC_REG-35720,218.5,08/27/2024,950,950,35720,GV,Invoice,Import of sales discount from SPS,Ascent hospitality Home2 Suites Fairburn GA,3316,,321.27
ACC_REG-36012,219,08/27/2024,974,,36012,GV,Invoice,Import of sales discount from SPS,Ascent hospitality Home2 Suites Fairburn GA,3316,13606.31,
ACC_REG-36012,219.5,08/27/2024,950,950,36012,GV,Invoice,Import of sales discount from SPS,Ascent hospitality Home2 Suites Fairburn GA,3316,,13606.31
ACC_REG-36679,220,08/27/2024,974,,36679,GV,Invoice,Import of sales discount from SPS,Ascent Hospitality Tribute Carmel Indiana,2628,8.14,
ACC_REG-36679,220.5,08/27/2024,950,950,36679,GV,Invoice,Import of sales discount from SPS,Ascent Hospitality Tribute Carmel Indiana,2628,,8.14
ACC_REG-35710,221,08/28/2024,974,,35710,GV,Invoice,Import of sales discount from SPS,Ascent hospitality Home2 Suites Fairburn GA,3316,2972.10,
ACC_REG-35710,221.5,08/28/2024,950,950,35710,GV,Invoice,Import of sales discount from SPS,Ascent hospitality Home2 Suites Fairburn GA,3316,,2972.10
ACC_REG-35712,222,08/28/2024,974,,35712,GV,Invoice,Import of sales discount from SPS,Ascent hospitality Home2 Suites Fairburn GA,3316,3239.56,
ACC_REG-35712,222.5,08/28/2024,950,950,35712,GV,Invoice,Import of sales discount from SPS,Ascent hospitality Home2 Suites Fairburn GA,3316,,3239.56
ACC_REG-35716,223,08/28/2024,974,,35716,GV,Invoice,Import of sales discount from SPS,Ascent hospitality Home2 Suites Fairburn GA,3316,957.49,
ACC_REG-35716,223.5,08/28/2024,950,950,35716,GV,Invoice,Import of sales discount from SPS,Ascent hospitality Home2 Suites Fairburn GA,3316,,957.49
ACC_REG-36724,224,08/30/2024,974,,36724,GV,Invoice,Import of sales discount from SPS,"ELEMENT FORTSMITH, ARKANSAS",3330,4960.61,
ACC_REG-36724,224.5,08/30/2024,950,950,36724,GV,Invoice,Import of sales discount from SPS,"ELEMENT FORTSMITH, ARKANSAS",3330,,4960.61
ACC_REG-36730,225,08/30/2024,974,,36730,GV,Invoice,Import of sales discount from SPS,"ELEMENT FORTSMITH, ARKANSAS",3330,875.15,
ACC_REG-36730,225.5,08/30/2024,950,950,36730,GV,Invoice,Import of sales discount from SPS,"ELEMENT FORTSMITH, ARKANSAS",3330,,875.15
ACC_REG-33335,226,08/31/2024,974,,33335,GV,Invoice,Import of sales discount from SPS,Laquinta Memphis,3002,827.67,
ACC_REG-33335,226.5,08/31/2024,950,950,33335,GV,Invoice,Import of sales discount from SPS,Laquinta Memphis,3002,,827.67
ACC_REG-34017,227,08/31/2024,974,,34017,GV,Invoice,Import of sales discount from SPS,"La Quinta, Anaheim CA",3361,128.37,
ACC_REG-34017,227.5,08/31/2024,950,950,34017,GV,Invoice,Import of sales discount from SPS,"La Quinta, Anaheim CA",3361,,128.37
ACC_REG-35057/4,228,08/31/2024,974,,35057/4,GV,Invoice,Import of sales discount from SPS,Devkrupa Hospitality Inc,516,5955.61,
ACC_REG-35057/4,228.5,08/31/2024,950,950,35057/4,GV,Invoice,Import of sales discount from SPS,Devkrupa Hospitality Inc,516,,5955.61
ACC_REG-35700/2,229,08/31/2024,974,,35700/2,GV,Invoice,Import of sales discount from SPS,Ascent hospitality Home2 West Lafayette IN,3317,944.22,
ACC_REG-35700/2,229.5,08/31/2024,950,950,35700/2,GV,Invoice,Import of sales discount from SPS,Ascent hospitality Home2 West Lafayette IN,3317,,944.22
ACC_REG-36495,230,08/31/2024,974,,36495,GV,Invoice,Import of sales discount from SPS,Hilton Garden Inn Nashville,2884,1086.01,
ACC_REG-36495,230.5,08/31/2024,950,950,36495,GV,Invoice,Import of sales discount from SPS,Hilton Garden Inn Nashville,2884,,1086.01
ACC_REG-36504,231,08/31/2024,974,,36504,GV,Invoice,Import of sales discount from SPS,Hilton Garden Inn Nashville,2884,286.41,
ACC_REG-36504,231.5,08/31/2024,950,950,36504,GV,Invoice,Import of sales discount from SPS,Hilton Garden Inn Nashville,2884,,286.41
ACC_REG-37058,232,08/31/2024,974,,37058,GV,Invoice,Import of sales discount from SPS,DFW Joseph Investments LLC,1708,1843.19,
ACC_REG-37058,232.5,08/31/2024,950,950,37058,GV,Invoice,Import of sales discount from SPS,DFW Joseph Investments LLC,1708,,1843.19
ACC_REG-35724,233,09/03/2024,974,,35724,GV,Invoice,Import of sales discount from SPS,Ascent hospitality Home2 Suites Fairburn GA,3316,1637.72,
ACC_REG-35724,233.5,09/03/2024,950,950,35724,GV,Invoice,Import of sales discount from SPS,Ascent hospitality Home2 Suites Fairburn GA,3316,,1637.72
ACC_REG-35698,234,09/19/2024,974,,35698,GV,Invoice,Import of sales discount from SPS,Ascent hospitality Home2 West Lafayette IN,3317,1633.73,
ACC_REG-35698,234.5,09/19/2024,950,950,35698,GV,Invoice,Import of sales discount from SPS,Ascent hospitality Home2 West Lafayette IN,3317,,1633.73
ACC_REG-36723/2,235,09/20/2024,974,,36723/2,GV,Invoice,Import of sales discount from SPS,"ELEMENT FORTSMITH, ARKANSAS",3330,80.64,
ACC_REG-36723/2,235.5,09/20/2024,950,950,36723/2,GV,Invoice,Import of sales discount from SPS,"ELEMENT FORTSMITH, ARKANSAS",3330,,80.64
ACC_REG-35707/2,236,09/24/2024,974,,35707/2,GV,Invoice,Import of sales discount from SPS,Ascent hospitality Home2 Suites Fairburn GA,3316,10663.54,
ACC_REG-35707/2,236.5,09/24/2024,950,950,35707/2,GV,Invoice,Import of sales discount from SPS,Ascent hospitality Home2 Suites Fairburn GA,3316,,10663.54
ACC_REG-35708,237,09/24/2024,974,,35708,GV,Invoice,Import of sales discount from SPS,Ascent hospitality Home2 Suites Fairburn GA,3316,3654.91,
ACC_REG-35708,237.5,09/24/2024,950,950,35708,GV,Invoice,Import of sales discount from SPS,Ascent hospitality Home2 Suites Fairburn GA,3316,,3654.91
ACC_REG-35718,238,09/24/2024,974,,35718,GV,Invoice,Import of sales discount from SPS,Ascent hospitality Home2 Suites Fairburn GA,3316,673.27,
ACC_REG-35718,238.5,09/24/2024,950,950,35718,GV,Invoice,Import of sales discount from SPS,Ascent hospitality Home2 Suites Fairburn GA,3316,,673.27
ACC_REG-36720/2,239,09/27/2024,974,,36720/2,GV,Invoice,Import of sales discount from SPS,"ELEMENT FORTSMITH, ARKANSAS",3330,1005.85,
ACC_REG-36720/2,239.5,09/27/2024,950,950,36720/2,GV,Invoice,Import of sales discount from SPS,"ELEMENT FORTSMITH, ARKANSAS",3330,,1005.85
ACC_REG-36732,240,09/27/2024,974,,36732,GV,Invoice,Import of sales discount from SPS,"ELEMENT FORTSMITH, ARKANSAS",3330,157.51,
ACC_REG-36732,240.5,09/27/2024,950,950,36732,GV,Invoice,Import of sales discount from SPS,"ELEMENT FORTSMITH, ARKANSAS",3330,,157.51
ACC_REG-33379/3,241,09/30/2024,974,,33379/3,GV,Invoice,Import of sales discount from SPS,LQ Kingston,2358,1510.79,
ACC_REG-33379/3,241.5,09/30/2024,950,950,33379/3,GV,Invoice,Import of sales discount from SPS,LQ Kingston,2358,,1510.79
ACC_REG-33379/3,242,09/30/2024,974,,33379/3,GV,Invoice,Import of sales discount from SPS,LQ Kingston,2358,1666.67,
ACC_REG-33379/3,242.5,09/30/2024,950,950,33379/3,GV,Invoice,Import of sales discount from SPS,LQ Kingston,2358,,1666.67
ACC_REG-35053/2,243,09/30/2024,974,,35053/2,GV,Invoice,Import of sales discount from SPS,Devkrupa Hospitality Inc,516,4493.51,
ACC_REG-35053/2,243.5,09/30/2024,950,950,35053/2,GV,Invoice,Import of sales discount from SPS,Devkrupa Hospitality Inc,516,,4493.51
ACC_REG-35054/3,244,09/30/2024,974,,35054/3,GV,Invoice,Import of sales discount from SPS,Devkrupa Hospitality Inc,516,348.40,
ACC_REG-35054/3,244.5,09/30/2024,950,950,35054/3,GV,Invoice,Import of sales discount from SPS,Devkrupa Hospitality Inc,516,,348.40
ACC_REG-35055/3,245,09/30/2024,974,,35055/3,GV,Invoice,Import of sales discount from SPS,Devkrupa Hospitality Inc,516,2039.06,
ACC_REG-35055/3,245.5,09/30/2024,950,950,35055/3,GV,Invoice,Import of sales discount from SPS,Devkrupa Hospitality Inc,516,,2039.06
ACC_REG-35058/3,246,09/30/2024,974,,35058/3,GV,Invoice,Import of sales discount from SPS,Devkrupa Hospitality Inc,516,6106.44,
ACC_REG-35058/3,246.5,09/30/2024,950,950,35058/3,GV,Invoice,Import of sales discount from SPS,Devkrupa Hospitality Inc,516,,6106.44
ACC_REG-36694/2,247,09/30/2024,974,,36694/2,GV,Invoice,Import of sales discount from SPS,COLORADO HOSPITALITY SERVICES DELTA THORNTON NORTHGLEN,3716,164.78,
ACC_REG-36694/2,247.5,09/30/2024,950,950,36694/2,GV,Invoice,Import of sales discount from SPS,COLORADO HOSPITALITY SERVICES DELTA THORNTON NORTHGLEN,3716,,164.78
ACC_REG-36695,248,09/30/2024,974,,36695,GV,Invoice,Import of sales discount from SPS,COLORADO HOSPITALITY SERVICES DELTA THORNTON NORTHGLEN,3716,12.80,
ACC_REG-36695,248.5,09/30/2024,950,950,36695,GV,Invoice,Import of sales discount from SPS,COLORADO HOSPITALITY SERVICES DELTA THORNTON NORTHGLEN,3716,,12.80
ACC_REG-37459,249,09/30/2024,974,,37459,GV,Invoice,Import of sales discount from SPS,"La Quinta - Chelsea,AL",3355,3690.00,
ACC_REG-37459,249.5,09/30/2024,950,950,37459,GV,Invoice,Import of sales discount from SPS,"La Quinta - Chelsea,AL",3355,,3690.00
ACC_REG-37459,250,09/30/2024,974,,37459,GV,Invoice,Import of sales discount from SPS,"La Quinta - Chelsea,AL",3355,5006.40,
ACC_REG-37459,250.5,09/30/2024,950,950,37459,GV,Invoice,Import of sales discount from SPS,"La Quinta - Chelsea,AL",3355,,5006.40
ACC_REG-35938/2,251,10/02/2024,974,,35938/2,GV,Invoice,Import of sales discount from SPS,"La Quinta Hawthorn - DeSoto,TX",3119,8164.09,
ACC_REG-35938/2,251.5,10/02/2024,950,950,35938/2,GV,Invoice,Import of sales discount from SPS,"La Quinta Hawthorn - DeSoto,TX",3119,,8164.09
ACC_REG-35943,252,10/02/2024,974,,35943,GV,Invoice,Import of sales discount from SPS,"La Quinta Hawthorn - DeSoto,TX",3119,657.21,
ACC_REG-35943,252.5,10/02/2024,950,950,35943,GV,Invoice,Import of sales discount from SPS,"La Quinta Hawthorn - DeSoto,TX",3119,,657.21
ACC_REG-35947/4,253,10/02/2024,974,,35947/4,GV,Invoice,Import of sales discount from SPS,"La Quinta Hawthorn - DeSoto,TX",3119,4096.15,
ACC_REG-35947/4,253.5,10/02/2024,950,950,35947/4,GV,Invoice,Import of sales discount from SPS,"La Quinta Hawthorn - DeSoto,TX",3119,,4096.15
ACC_REG-35948,254,10/02/2024,974,,35948,GV,Invoice,Import of sales discount from SPS,"La Quinta Hawthorn - DeSoto,TX",3119,339.29,
ACC_REG-35948,254.5,10/02/2024,950,950,35948,GV,Invoice,Import of sales discount from SPS,"La Quinta Hawthorn - DeSoto,TX",3119,,339.29
ACC_REG-36678,255,10/02/2024,974,,36678,GV,Invoice,Import of sales discount from SPS,Ascent Hospitality Tribute Carmel Indiana,2628,2.54,
ACC_REG-36678,255.5,10/02/2024,950,950,36678,GV,Invoice,Import of sales discount from SPS,Ascent Hospitality Tribute Carmel Indiana,2628,,2.54
ACC_REG-36683,256,10/02/2024,974,,36683,GV,Invoice,Import of sales discount from SPS,Ascent Hospitality Tribute Carmel Indiana,2628,148.29,
ACC_REG-36683,256.5,10/02/2024,950,950,36683,GV,Invoice,Import of sales discount from SPS,Ascent Hospitality Tribute Carmel Indiana,2628,,148.29
ACC_REG-36735,257,10/03/2024,974,,36735,GV,Invoice,Import of sales discount from SPS,"ELEMENT FORTSMITH, ARKANSAS",3330,102.41,
ACC_REG-36735,257.5,10/03/2024,950,950,36735,GV,Invoice,Import of sales discount from SPS,"ELEMENT FORTSMITH, ARKANSAS",3330,,102.41
ACC_REG-32455/2,258,10/04/2024,974,,32455/2,GV,Invoice,Import of sales discount from SPS,LaQuinta - Columbia SC - Ashok Patel,3712,24.22,
ACC_REG-32455/2,258.5,10/04/2024,950,950,32455/2,GV,Invoice,Import of sales discount from SPS,LaQuinta - Columbia SC - Ashok Patel,3712,,24.22
ACC_REG-36717,259,10/07/2024,974,,36717,GV,Invoice,Import of sales discount from SPS,"ELEMENT FORTSMITH, ARKANSAS",3330,636.32,
ACC_REG-36717,259.5,10/07/2024,950,950,36717,GV,Invoice,Import of sales discount from SPS,"ELEMENT FORTSMITH, ARKANSAS",3330,,636.32
ACC_REG-37915/2,260,10/07/2024,974,,37915/2,GV,Invoice,Import of sales discount from SPS,"Someshwar Motel LLC - Comfort Inn Ogallala, NE",3388,5203.77,
ACC_REG-37915/2,260.5,10/07/2024,950,950,37915/2,GV,Invoice,Import of sales discount from SPS,"Someshwar Motel LLC - Comfort Inn Ogallala, NE",3388,,5203.77
ACC_REG-37921,261,10/07/2024,974,,37921,GV,Invoice,Import of sales discount from SPS,"Someshwar Motel LLC - Comfort Inn Ogallala, NE",3388,390.18,
ACC_REG-37921,261.5,10/07/2024,950,950,37921,GV,Invoice,Import of sales discount from SPS,"Someshwar Motel LLC - Comfort Inn Ogallala, NE",3388,,390.18
ACC_REG-37739,262,10/08/2024,974,,37739,GV,Invoice,Import of sales discount from SPS,Nick Platt Construction,2457,305.48,
ACC_REG-37739,262.5,10/08/2024,950,950,37739,GV,Invoice,Import of sales discount from SPS,Nick Platt Construction,2457,,305.48
ACC_REG-33381/9,263,10/11/2024,974,,33381/9,GV,Invoice,Import of sales discount from SPS,LQ Kingston,2358,1666.67,
ACC_REG-33381/9,263.5,10/11/2024,950,950,33381/9,GV,Invoice,Import of sales discount from SPS,LQ Kingston,2358,,1666.67
ACC_REG-31910/10,264,10/15/2024,974,,31910/10,GV,Invoice,Import of sales discount from SPS,"La Quinta, Huntsville AL",3362,19863.04,
ACC_REG-31910/10,264.5,10/15/2024,950,950,31910/10,GV,Invoice,Import of sales discount from SPS,"La Quinta, Huntsville AL",3362,,19863.04
ACC_REG-32695/2,265,10/15/2024,974,,32695/2,GV,Invoice,Import of sales discount from SPS,"La Quinta, Huntsville AL",3362,875.55,
ACC_REG-32695/2,265.5,10/15/2024,950,950,32695/2,GV,Invoice,Import of sales discount from SPS,"La Quinta, Huntsville AL",3362,,875.55
ACC_REG-32696/2,266,10/15/2024,974,,32696/2,GV,Invoice,Import of sales discount from SPS,"La Quinta, Huntsville AL",3362,208.73,
ACC_REG-32696/2,266.5,10/15/2024,950,950,32696/2,GV,Invoice,Import of sales discount from SPS,"La Quinta, Huntsville AL",3362,,208.73
ACC_REG-34813/4,267,10/18/2024,974,,34813/4,GV,Invoice,Import of sales discount from SPS,La Quinta by Wyndham Dallas DFW Airport N,3357,350.54,
ACC_REG-34813/4,267.5,10/18/2024,950,950,34813/4,GV,Invoice,Import of sales discount from SPS,La Quinta by Wyndham Dallas DFW Airport N,3357,,350.54
ACC_REG-35722,268,10/18/2024,974,,35722,GV,Invoice,Import of sales discount from SPS,Ascent hospitality Home2 Suites Fairburn GA,3316,129.94,
ACC_REG-35722,268.5,10/18/2024,950,950,35722,GV,Invoice,Import of sales discount from SPS,Ascent hospitality Home2 Suites Fairburn GA,3316,,129.94
ACC_REG-35725,269,10/18/2024,974,,35725,GV,Invoice,Import of sales discount from SPS,Ascent hospitality Home2 Suites Fairburn GA,3316,60.95,
ACC_REG-35725,269.5,10/18/2024,950,950,35725,GV,Invoice,Import of sales discount from SPS,Ascent hospitality Home2 Suites Fairburn GA,3316,,60.95
ACC_REG-35726,270,10/18/2024,974,,35726,GV,Invoice,Import of sales discount from SPS,Ascent hospitality Home2 Suites Fairburn GA,3316,52.02,
ACC_REG-35726,270.5,10/18/2024,950,950,35726,GV,Invoice,Import of sales discount from SPS,Ascent hospitality Home2 Suites Fairburn GA,3316,,52.02
ACC_REG-35056/3,271,10/21/2024,974,,35056/3,GV,Invoice,Import of sales discount from SPS,Devkrupa Hospitality Inc,516,818.46,
ACC_REG-35056/3,271.5,10/21/2024,950,950,35056/3,GV,Invoice,Import of sales discount from SPS,Devkrupa Hospitality Inc,516,,818.46
ACC_REG-36956,272,10/22/2024,974,,36956,GV,Invoice,Import of sales discount from SPS,The DOI Residence/ DEAZLY INC.,2346,2000.00,
ACC_REG-36956,272.5,10/22/2024,950,950,36956,GV,Invoice,Import of sales discount from SPS,The DOI Residence/ DEAZLY INC.,2346,,2000.00
ACC_REG-36495/2,273,10/24/2024,974,,36495/2,GV,Invoice,Import of sales discount from SPS,Hilton Garden Inn Nashville,2884,2515.87,
ACC_REG-36495/2,273.5,10/24/2024,950,950,36495/2,GV,Invoice,Import of sales discount from SPS,Hilton Garden Inn Nashville,2884,,2515.87
ACC_REG-36659,274,10/25/2024,974,,36659,GV,Invoice,Import of sales discount from SPS,Ascent Hospitality Tribute Carmel Indiana,2628,10633.30,
ACC_REG-36659,274.5,10/25/2024,950,950,36659,GV,Invoice,Import of sales discount from SPS,Ascent Hospitality Tribute Carmel Indiana,2628,,10633.30
ACC_REG-36666,275,10/25/2024,974,,36666,GV,Invoice,Import of sales discount from SPS,Ascent Hospitality Tribute Carmel Indiana,2628,270.87,
ACC_REG-36666,275.5,10/25/2024,950,950,36666,GV,Invoice,Import of sales discount from SPS,Ascent Hospitality Tribute Carmel Indiana,2628,,270.87
ACC_REG-36674,276,10/25/2024,974,,36674,GV,Invoice,Import of sales discount from SPS,Ascent Hospitality Tribute Carmel Indiana,2628,4188.58,
ACC_REG-36674,276.5,10/25/2024,950,950,36674,GV,Invoice,Import of sales discount from SPS,Ascent Hospitality Tribute Carmel Indiana,2628,,4188.58
ACC_REG-34806/6,277,10/28/2024,974,,34806/6,GV,Invoice,Import of sales discount from SPS,La Quinta by Wyndham Dallas DFW Airport N,3357,874.88,
ACC_REG-34806/6,277.5,10/28/2024,950,950,34806/6,GV,Invoice,Import of sales discount from SPS,La Quinta by Wyndham Dallas DFW Airport N,3357,,874.88
ACC_REG-34808/2,278,10/28/2024,974,,34808/2,GV,Invoice,Import of sales discount from SPS,La Quinta by Wyndham Dallas DFW Airport N,3357,625.42,
ACC_REG-34808/2,278.5,10/28/2024,950,950,34808/2,GV,Invoice,Import of sales discount from SPS,La Quinta by Wyndham Dallas DFW Airport N,3357,,625.42
ACC_REG-35961/2,279,10/28/2024,974,,35961/2,GV,Invoice,Import of sales discount from SPS,"La Quinta Hawthorn - DeSoto,TX",3119,1025.34,
ACC_REG-35961/2,279.5,10/28/2024,950,950,35961/2,GV,Invoice,Import of sales discount from SPS,"La Quinta Hawthorn - DeSoto,TX",3119,,1025.34
ACC_REG-36667,280,10/28/2024,974,,36667,GV,Invoice,Import of sales discount from SPS,Ascent Hospitality Tribute Carmel Indiana,2628,661.76,
ACC_REG-36667,280.5,10/28/2024,950,950,36667,GV,Invoice,Import of sales discount from SPS,Ascent Hospitality Tribute Carmel Indiana,2628,,661.76
ACC_REG-36671,281,10/28/2024,974,,36671,GV,Invoice,Import of sales discount from SPS,Ascent Hospitality Tribute Carmel Indiana,2628,2946.11,
ACC_REG-36671,281.5,10/28/2024,950,950,36671,GV,Invoice,Import of sales discount from SPS,Ascent Hospitality Tribute Carmel Indiana,2628,,2946.11
ACC_REG-36676,282,10/28/2024,974,,36676,GV,Invoice,Import of sales discount from SPS,Ascent Hospitality Tribute Carmel Indiana,2628,18.56,
ACC_REG-36676,282.5,10/28/2024,950,950,36676,GV,Invoice,Import of sales discount from SPS,Ascent Hospitality Tribute Carmel Indiana,2628,,18.56
ACC_REG-36473/4,283,10/29/2024,974,,36473/4,GV,Invoice,Import of sales discount from SPS,LA QUINTA SHONTO AZ,3360,5000.00,
ACC_REG-36473/4,283.5,10/29/2024,950,950,36473/4,GV,Invoice,Import of sales discount from SPS,LA QUINTA SHONTO AZ,3360,,5000.00
ACC_REG-36657,284,10/29/2024,974,,36657,GV,Invoice,Import of sales discount from SPS,Ascent Hospitality Tribute Carmel Indiana,2628,285.75,
ACC_REG-36657,284.5,10/29/2024,950,950,36657,GV,Invoice,Import of sales discount from SPS,Ascent Hospitality Tribute Carmel Indiana,2628,,285.75
ACC_REG-36669,285,10/29/2024,974,,36669,GV,Invoice,Import of sales discount from SPS,Ascent Hospitality Tribute Carmel Indiana,2628,169.81,
ACC_REG-36669,285.5,10/29/2024,950,950,36669,GV,Invoice,Import of sales discount from SPS,Ascent Hospitality Tribute Carmel Indiana,2628,,169.81
ACC_REG-36677/3,286,10/29/2024,974,,36677/3,GV,Invoice,Import of sales discount from SPS,Ascent Hospitality Tribute Carmel Indiana,2628,957.36,
ACC_REG-36677/3,286.5,10/29/2024,950,950,36677/3,GV,Invoice,Import of sales discount from SPS,Ascent Hospitality Tribute Carmel Indiana,2628,,957.36
ACC_REG-30914/6,287,10/30/2024,974,,30914/6,GV,Invoice,Import of sales discount from SPS,LaQuinta Inn Pharr TX,3365,232.46,
ACC_REG-30914/6,287.5,10/30/2024,950,950,30914/6,GV,Invoice,Import of sales discount from SPS,LaQuinta Inn Pharr TX,3365,,232.46
ACC_REG-30915/5,288,10/30/2024,974,,30915/5,GV,Invoice,Import of sales discount from SPS,LaQuinta Inn Pharr TX,3365,10813.42,
ACC_REG-30915/5,288.5,10/30/2024,950,950,30915/5,GV,Invoice,Import of sales discount from SPS,LaQuinta Inn Pharr TX,3365,,10813.42
ACC_REG-30920/7,289,10/30/2024,974,,30920/7,GV,Invoice,Import of sales discount from SPS,LaQuinta Inn Pharr TX,3365,18718.99,
ACC_REG-30920/7,289.5,10/30/2024,950,950,30920/7,GV,Invoice,Import of sales discount from SPS,LaQuinta Inn Pharr TX,3365,,18718.99
ACC_REG-33336,290,10/30/2024,974,,33336,GV,Invoice,Import of sales discount from SPS,Laquinta Memphis,3002,602.95,
ACC_REG-33336,290.5,10/30/2024,950,950,33336,GV,Invoice,Import of sales discount from SPS,Laquinta Memphis,3002,,602.95
ACC_REG-36664,291,10/30/2024,974,,36664,GV,Invoice,Import of sales discount from SPS,Ascent Hospitality Tribute Carmel Indiana,2628,121.15,
ACC_REG-36664,291.5,10/30/2024,950,950,36664,GV,Invoice,Import of sales discount from SPS,Ascent Hospitality Tribute Carmel Indiana,2628,,121.15
ACC_REG-36682/3,292,10/30/2024,974,,36682/3,GV,Invoice,Import of sales discount from SPS,Ascent Hospitality Tribute Carmel Indiana,2628,445.44,
ACC_REG-36682/3,292.5,10/30/2024,950,950,36682/3,GV,Invoice,Import of sales discount from SPS,Ascent Hospitality Tribute Carmel Indiana,2628,,445.44
ACC_REG-36698/6,293,10/30/2024,974,,36698/6,GV,Invoice,Import of sales discount from SPS,Vivek Tomer,718,12873.27,
ACC_REG-36698/6,293.5,10/30/2024,950,950,36698/6,GV,Invoice,Import of sales discount from SPS,Vivek Tomer,718,,12873.27
ACC_REG-34046/4,294,10/31/2024,974,,34046/4,GV,Invoice,Import of sales discount from SPS,LAQUINTA YUMA AZ,3531,1547.26,
ACC_REG-34046/4,294.5,10/31/2024,950,950,34046/4,GV,Invoice,Import of sales discount from SPS,LAQUINTA YUMA AZ,3531,,1547.26
ACC_REG-34703/16,295,10/31/2024,974,,34703/16,GV,Invoice,Import of sales discount from SPS,Wood Haven Lake Active Senior Living,3717,869.06,
ACC_REG-34703/16,295.5,10/31/2024,950,950,34703/16,GV,Invoice,Import of sales discount from SPS,Wood Haven Lake Active Senior Living,3717,,869.06
ACC_REG-35711,296,10/31/2024,974,,35711,GV,Invoice,Import of sales discount from SPS,Ascent hospitality Home2 Suites Fairburn GA,3316,5730.61,
ACC_REG-35711,296.5,10/31/2024,950,950,35711,GV,Invoice,Import of sales discount from SPS,Ascent hospitality Home2 Suites Fairburn GA,3316,,5730.61
ACC_REG-35939/2,297,10/31/2024,974,,35939/2,GV,Invoice,Import of sales discount from SPS,"La Quinta Hawthorn - DeSoto,TX",3119,1368.49,
ACC_REG-35939/2,297.5,10/31/2024,950,950,35939/2,GV,Invoice,Import of sales discount from SPS,"La Quinta Hawthorn - DeSoto,TX",3119,,1368.49
ACC_REG-35940/3,298,10/31/2024,974,,35940/3,GV,Invoice,Import of sales discount from SPS,"La Quinta Hawthorn - DeSoto,TX",3119,3198.87,
ACC_REG-35940/3,298.5,10/31/2024,950,950,35940/3,GV,Invoice,Import of sales discount from SPS,"La Quinta Hawthorn - DeSoto,TX",3119,,3198.87
ACC_REG-35956/4,299,10/31/2024,974,,35956/4,GV,Invoice,Import of sales discount from SPS,"La Quinta Hawthorn - DeSoto,TX",3119,1066.59,
ACC_REG-35956/4,299.5,10/31/2024,950,950,35956/4,GV,Invoice,Import of sales discount from SPS,"La Quinta Hawthorn - DeSoto,TX",3119,,1066.59
ACC_REG-35957/5,300,10/31/2024,974,,35957/5,GV,Invoice,Import of sales discount from SPS,"La Quinta Hawthorn - DeSoto,TX",3119,1316.51,
ACC_REG-35957/5,300.5,10/31/2024,950,950,35957/5,GV,Invoice,Import of sales discount from SPS,"La Quinta Hawthorn - DeSoto,TX",3119,,1316.51
ACC_REG-35959/9,301,10/31/2024,974,,35959/9,GV,Invoice,Import of sales discount from SPS,"La Quinta Hawthorn - DeSoto,TX",3119,3012.00,
ACC_REG-35959/9,301.5,10/31/2024,950,950,35959/9,GV,Invoice,Import of sales discount from SPS,"La Quinta Hawthorn - DeSoto,TX",3119,,3012.00
ACC_REG-35963/6,302,10/31/2024,974,,35963/6,GV,Invoice,Import of sales discount from SPS,"La Quinta Hawthorn - DeSoto,TX",3119,1448.40,
ACC_REG-35963/6,302.5,10/31/2024,950,950,35963/6,GV,Invoice,Import of sales discount from SPS,"La Quinta Hawthorn - DeSoto,TX",3119,,1448.40
ACC_REG-36490,303,10/31/2024,974,,36490,GV,Invoice,Import of sales discount from SPS,Hilton Garden Inn Nashville,2884,9793.58,
ACC_REG-36490,303.5,10/31/2024,950,950,36490,GV,Invoice,Import of sales discount from SPS,Hilton Garden Inn Nashville,2884,,9793.58
ACC_REG-36496,304,10/31/2024,974,,36496,GV,Invoice,Import of sales discount from SPS,Hilton Garden Inn Nashville,2884,1164.83,
ACC_REG-36496,304.5,10/31/2024,950,950,36496,GV,Invoice,Import of sales discount from SPS,Hilton Garden Inn Nashville,2884,,1164.83
ACC_REG-36660,305,10/31/2024,974,,36660,GV,Invoice,Import of sales discount from SPS,Ascent Hospitality Tribute Carmel Indiana,2628,1575.38,
ACC_REG-36660,305.5,10/31/2024,950,950,36660,GV,Invoice,Import of sales discount from SPS,Ascent Hospitality Tribute Carmel Indiana,2628,,1575.38
ACC_REG-36722/5,306,10/31/2024,974,,36722/5,GV,Invoice,Import of sales discount from SPS,"ELEMENT FORTSMITH, ARKANSAS",3330,1981.04,
ACC_REG-36722/5,306.5,10/31/2024,950,950,36722/5,GV,Invoice,Import of sales discount from SPS,"ELEMENT FORTSMITH, ARKANSAS",3330,,1981.04
ACC_REG-37056,307,10/31/2024,974,,37056,GV,Invoice,Import of sales discount from SPS,DFW Joseph Investments LLC,1708,27772.01,
ACC_REG-37056,307.5,10/31/2024,950,950,37056,GV,Invoice,Import of sales discount from SPS,DFW Joseph Investments LLC,1708,,27772.01
ACC_REG-36493,308,11/04/2024,974,,36493,GV,Invoice,Import of sales discount from SPS,Hilton Garden Inn Nashville,2884,744.48,
ACC_REG-36493,308.5,11/04/2024,950,950,36493,GV,Invoice,Import of sales discount from SPS,Hilton Garden Inn Nashville,2884,,744.48
ACC_REG-36892/2,309,11/06/2024,974,,36892/2,GV,Invoice,Import of sales discount from SPS,STARR CONSTRUCTION,3718,0.01,
ACC_REG-36892/2,309.5,11/06/2024,950,950,36892/2,GV,Invoice,Import of sales discount from SPS,STARR CONSTRUCTION,3718,,0.01
ACC_REG-35723,310,11/08/2024,974,,35723,GV,Invoice,Import of sales discount from SPS,Ascent hospitality Home2 Suites Fairburn GA,3316,1779.48,
ACC_REG-35723,310.5,11/08/2024,950,950,35723,GV,Invoice,Import of sales discount from SPS,Ascent hospitality Home2 Suites Fairburn GA,3316,,1779.48
ACC_REG-35942/6,311,11/11/2024,974,,35942/6,GV,Invoice,Import of sales discount from SPS,"La Quinta Hawthorn - DeSoto,TX",3119,3035.09,
ACC_REG-35942/6,311.5,11/11/2024,950,950,35942/6,GV,Invoice,Import of sales discount from SPS,"La Quinta Hawthorn - DeSoto,TX",3119,,3035.09
ACC_REG-37680,312,11/12/2024,974,,37680,GV,Invoice,Import of sales discount from SPS,Ascent Residence inn Montgomery,3320,18414.33,
ACC_REG-37680,312.5,11/12/2024,950,950,37680,GV,Invoice,Import of sales discount from SPS,Ascent Residence inn Montgomery,3320,,18414.33
ACC_REG-35184/2,313,11/14/2024,974,,35184/2,GV,Invoice,Import of sales discount from SPS,LAQUINTA YUMA AZ,3531,1501.00,
ACC_REG-35184/2,313.5,11/14/2024,950,950,35184/2,GV,Invoice,Import of sales discount from SPS,LAQUINTA YUMA AZ,3531,,1501.00
ACC_REG-36736/2,314,11/14/2024,974,,36736/2,GV,Invoice,Import of sales discount from SPS,"ELEMENT FORTSMITH, ARKANSAS",3330,18.10,
ACC_REG-36736/2,314.5,11/14/2024,950,950,36736/2,GV,Invoice,Import of sales discount from SPS,"ELEMENT FORTSMITH, ARKANSAS",3330,,18.10
ACC_REG-36503,315,11/15/2024,974,,36503,GV,Invoice,Import of sales discount from SPS,Hilton Garden Inn Nashville,2884,509.85,
ACC_REG-36503,315.5,11/15/2024,950,950,36503,GV,Invoice,Import of sales discount from SPS,Hilton Garden Inn Nashville,2884,,509.85
ACC_REG-36506/4,316,11/15/2024,974,,36506/4,GV,Invoice,Import of sales discount from SPS,Hilton Garden Inn Nashville,2884,739.35,
ACC_REG-36506/4,316.5,11/15/2024,950,950,36506/4,GV,Invoice,Import of sales discount from SPS,Hilton Garden Inn Nashville,2884,,739.35
ACC_REG-36506/4,317,11/15/2024,974,,36506/4,GV,Invoice,Import of sales discount from SPS,Hilton Garden Inn Nashville,2884,293.57,
ACC_REG-36506/4,317.5,11/15/2024,950,950,36506/4,GV,Invoice,Import of sales discount from SPS,Hilton Garden Inn Nashville,2884,,293.57
ACC_REG-35912/4,318,11/18/2024,974,,35912/4,GV,Invoice,Import of sales discount from SPS,BMK Construction LLC,474,22624.27,
ACC_REG-35912/4,318.5,11/18/2024,950,950,35912/4,GV,Invoice,Import of sales discount from SPS,BMK Construction LLC,474,,22624.27
ACC_REG-35912/4,319,11/18/2024,974,,35912/4,GV,Invoice,Import of sales discount from SPS,BMK Construction LLC,474,1061.74,
ACC_REG-35912/4,319.5,11/18/2024,950,950,35912/4,GV,Invoice,Import of sales discount from SPS,BMK Construction LLC,474,,1061.74
ACC_REG-35944,320,11/19/2024,974,,35944,GV,Invoice,Import of sales discount from SPS,"La Quinta Hawthorn - DeSoto,TX",3119,1240.05,
ACC_REG-35944,320.5,11/19/2024,950,950,35944,GV,Invoice,Import of sales discount from SPS,"La Quinta Hawthorn - DeSoto,TX",3119,,1240.05
ACC_REG-38182/2,321,11/19/2024,974,,38182/2,GV,Invoice,Import of sales discount from SPS,Hawthorne Suites- Alpine WY,2710,11900.20,
ACC_REG-38182/2,321.5,11/19/2024,950,950,38182/2,GV,Invoice,Import of sales discount from SPS,Hawthorne Suites- Alpine WY,2710,,11900.20
ACC_REG-38168,322,11/20/2024,974,,38168,GV,Invoice,Import of sales discount from SPS,La Quinta San Antonio 1,2618,0.01,
ACC_REG-38168,322.5,11/20/2024,950,950,38168,GV,Invoice,Import of sales discount from SPS,La Quinta San Antonio 1,2618,,0.01
ACC_REG-17362/4,323,11/21/2024,974,,17362/4,GV,Invoice,Import of sales discount from SPS,Designers Expo,3719,150.48,
ACC_REG-17362/4,323.5,11/21/2024,950,950,17362/4,GV,Invoice,Import of sales discount from SPS,Designers Expo,3719,,150.48
ACC_REG-33332/2,324,11/29/2024,974,,33332/2,GV,Invoice,Import of sales discount from SPS,Laquinta Memphis,3002,4963.77,
ACC_REG-33332/2,324.5,11/29/2024,950,950,33332/2,GV,Invoice,Import of sales discount from SPS,Laquinta Memphis,3002,,4963.77
ACC_REG-34798/7,325,11/29/2024,974,,34798/7,GV,Invoice,Import of sales discount from SPS,La Quinta by Wyndham Dallas DFW Airport N,3357,3536.46,
ACC_REG-34798/7,325.5,11/29/2024,950,950,34798/7,GV,Invoice,Import of sales discount from SPS,La Quinta by Wyndham Dallas DFW Airport N,3357,,3536.46
ACC_REG-35082/5,326,11/29/2024,974,,35082/5,GV,Invoice,Import of sales discount from SPS,Hampton Inn Rosenberg,2520,1104.70,
ACC_REG-35082/5,326.5,11/29/2024,950,950,35082/5,GV,Invoice,Import of sales discount from SPS,Hampton Inn Rosenberg,2520,,1104.70
ACC_REG-35606,327,11/29/2024,974,,35606,GV,Invoice,Import of sales discount from SPS,Ascent Hospitality Element Carmel Indiana,3314,429.78,
ACC_REG-35606,327.5,11/29/2024,950,950,35606,GV,Invoice,Import of sales discount from SPS,Ascent Hospitality Element Carmel Indiana,3314,,429.78
ACC_REG-35644/2,328,11/29/2024,974,,35644/2,GV,Invoice,Import of sales discount from SPS,Wyndham Trademark Fredericksburg,3404,2036.74,
ACC_REG-35644/2,328.5,11/29/2024,950,950,35644/2,GV,Invoice,Import of sales discount from SPS,Wyndham Trademark Fredericksburg,3404,,2036.74
ACC_REG-35650/4,329,11/29/2024,974,,35650/4,GV,Invoice,Import of sales discount from SPS,Wyndham Trademark Fredericksburg,3404,1998.28,
ACC_REG-35650/4,329.5,11/29/2024,950,950,35650/4,GV,Invoice,Import of sales discount from SPS,Wyndham Trademark Fredericksburg,3404,,1998.28
ACC_REG-35651/3,330,11/29/2024,974,,35651/3,GV,Invoice,Import of sales discount from SPS,Wyndham Trademark Fredericksburg,3404,3307.26,
ACC_REG-35651/3,330.5,11/29/2024,950,950,35651/3,GV,Invoice,Import of sales discount from SPS,Wyndham Trademark Fredericksburg,3404,,3307.26
ACC_REG-35654/3,331,11/29/2024,974,,35654/3,GV,Invoice,Import of sales discount from SPS,Wyndham Trademark Fredericksburg,3404,2994.13,
ACC_REG-35654/3,331.5,11/29/2024,950,950,35654/3,GV,Invoice,Import of sales discount from SPS,Wyndham Trademark Fredericksburg,3404,,2994.13
ACC_REG-35655/2,332,11/29/2024,974,,35655/2,GV,Invoice,Import of sales discount from SPS,Wyndham Trademark Fredericksburg,3404,1410.10,
ACC_REG-35655/2,332.5,11/29/2024,950,950,35655/2,GV,Invoice,Import of sales discount from SPS,Wyndham Trademark Fredericksburg,3404,,1410.10
ACC_REG-35657/2,333,11/29/2024,974,,35657/2,GV,Invoice,Import of sales discount from SPS,Wyndham Trademark Fredericksburg,3404,306.76,
ACC_REG-35657/2,333.5,11/29/2024,950,950,35657/2,GV,Invoice,Import of sales discount from SPS,Wyndham Trademark Fredericksburg,3404,,306.76
ACC_REG-35659/3,334,11/29/2024,974,,35659/3,GV,Invoice,Import of sales discount from SPS,Wyndham Trademark Fredericksburg,3404,749.75,
ACC_REG-35659/3,334.5,11/29/2024,950,950,35659/3,GV,Invoice,Import of sales discount from SPS,Wyndham Trademark Fredericksburg,3404,,749.75
ACC_REG-36489,335,11/29/2024,974,,36489,GV,Invoice,Import of sales discount from SPS,Hilton Garden Inn Nashville,2884,772.33,
ACC_REG-36489,335.5,11/29/2024,950,950,36489,GV,Invoice,Import of sales discount from SPS,Hilton Garden Inn Nashville,2884,,772.33
ACC_REG-36491,336,11/29/2024,974,,36491,GV,Invoice,Import of sales discount from SPS,Hilton Garden Inn Nashville,2884,1320.00,
ACC_REG-36491,336.5,11/29/2024,950,950,36491,GV,Invoice,Import of sales discount from SPS,Hilton Garden Inn Nashville,2884,,1320.00
ACC_REG-36492,337,11/29/2024,974,,36492,GV,Invoice,Import of sales discount from SPS,Hilton Garden Inn Nashville,2884,388.45,
ACC_REG-36492,337.5,11/29/2024,950,950,36492,GV,Invoice,Import of sales discount from SPS,Hilton Garden Inn Nashville,2884,,388.45
ACC_REG-36499,338,11/29/2024,974,,36499,GV,Invoice,Import of sales discount from SPS,Hilton Garden Inn Nashville,2884,37.71,
ACC_REG-36499,338.5,11/29/2024,950,950,36499,GV,Invoice,Import of sales discount from SPS,Hilton Garden Inn Nashville,2884,,37.71
ACC_REG-36500,339,11/29/2024,974,,36500,GV,Invoice,Import of sales discount from SPS,Hilton Garden Inn Nashville,2884,1214.81,
ACC_REG-36500,339.5,11/29/2024,950,950,36500,GV,Invoice,Import of sales discount from SPS,Hilton Garden Inn Nashville,2884,,1214.81
ACC_REG-36501,340,11/29/2024,974,,36501,GV,Invoice,Import of sales discount from SPS,Hilton Garden Inn Nashville,2884,132.00,
ACC_REG-36501,340.5,11/29/2024,950,950,36501,GV,Invoice,Import of sales discount from SPS,Hilton Garden Inn Nashville,2884,,132.00
ACC_REG-36505,341,11/29/2024,974,,36505,GV,Invoice,Import of sales discount from SPS,Hilton Garden Inn Nashville,2884,2031.10,
ACC_REG-36505,341.5,11/29/2024,950,950,36505,GV,Invoice,Import of sales discount from SPS,Hilton Garden Inn Nashville,2884,,2031.10
ACC_REG-36658,342,11/29/2024,974,,36658,GV,Invoice,Import of sales discount from SPS,Ascent Hospitality Tribute Carmel Indiana,2628,537.63,
ACC_REG-36658,342.5,11/29/2024,950,950,36658,GV,Invoice,Import of sales discount from SPS,Ascent Hospitality Tribute Carmel Indiana,2628,,537.63
ACC_REG-36663,343,11/29/2024,974,,36663,GV,Invoice,Import of sales discount from SPS,Ascent Hospitality Tribute Carmel Indiana,2628,1581.44,
ACC_REG-36663,343.5,11/29/2024,950,950,36663,GV,Invoice,Import of sales discount from SPS,Ascent Hospitality Tribute Carmel Indiana,2628,,1581.44
ACC_REG-36673,344,11/29/2024,974,,36673,GV,Invoice,Import of sales discount from SPS,Ascent Hospitality Tribute Carmel Indiana,2628,56.15,
ACC_REG-36673,344.5,11/29/2024,950,950,36673,GV,Invoice,Import of sales discount from SPS,Ascent Hospitality Tribute Carmel Indiana,2628,,56.15
ACC_REG-36684,345,11/29/2024,974,,36684,GV,Invoice,Import of sales discount from SPS,Ascent Hospitality Tribute Carmel Indiana,2628,1542.80,
ACC_REG-36684,345.5,11/29/2024,950,950,36684,GV,Invoice,Import of sales discount from SPS,Ascent Hospitality Tribute Carmel Indiana,2628,,1542.80
ACC_REG-36716/2,346,11/29/2024,974,,36716/2,GV,Invoice,Import of sales discount from SPS,"ELEMENT FORTSMITH, ARKANSAS",3330,4133.09,
ACC_REG-36716/2,346.5,11/29/2024,950,950,36716/2,GV,Invoice,Import of sales discount from SPS,"ELEMENT FORTSMITH, ARKANSAS",3330,,4133.09
ACC_REG-36726,347,11/29/2024,974,,36726,GV,Invoice,Import of sales discount from SPS,"ELEMENT FORTSMITH, ARKANSAS",3330,157.43,
ACC_REG-36726,347.5,11/29/2024,950,950,36726,GV,Invoice,Import of sales discount from SPS,"ELEMENT FORTSMITH, ARKANSAS",3330,,157.43
ACC_REG-36727/7,348,11/29/2024,974,,36727/7,GV,Invoice,Import of sales discount from SPS,"ELEMENT FORTSMITH, ARKANSAS",3330,2033.64,
ACC_REG-36727/7,348.5,11/29/2024,950,950,36727/7,GV,Invoice,Import of sales discount from SPS,"ELEMENT FORTSMITH, ARKANSAS",3330,,2033.64
ACC_REG-36728,349,11/29/2024,974,,36728,GV,Invoice,Import of sales discount from SPS,"ELEMENT FORTSMITH, ARKANSAS",3330,6.21,
ACC_REG-36728,349.5,11/29/2024,950,950,36728,GV,Invoice,Import of sales discount from SPS,"ELEMENT FORTSMITH, ARKANSAS",3330,,6.21
ACC_REG-36731/5,350,11/29/2024,974,,36731/5,GV,Invoice,Import of sales discount from SPS,"ELEMENT FORTSMITH, ARKANSAS",3330,876.91,
ACC_REG-36731/5,350.5,11/29/2024,950,950,36731/5,GV,Invoice,Import of sales discount from SPS,"ELEMENT FORTSMITH, ARKANSAS",3330,,876.91
ACC_REG-36733,351,11/29/2024,974,,36733,GV,Invoice,Import of sales discount from SPS,"ELEMENT FORTSMITH, ARKANSAS",3330,15.00,
ACC_REG-36733,351.5,11/29/2024,950,950,36733,GV,Invoice,Import of sales discount from SPS,"ELEMENT FORTSMITH, ARKANSAS",3330,,15.00
ACC_REG-36734,352,11/29/2024,974,,36734,GV,Invoice,Import of sales discount from SPS,"ELEMENT FORTSMITH, ARKANSAS",3330,50.76,
ACC_REG-36734,352.5,11/29/2024,950,950,36734,GV,Invoice,Import of sales discount from SPS,"ELEMENT FORTSMITH, ARKANSAS",3330,,50.76
ACC_REG-36739/2,353,11/29/2024,974,,36739/2,GV,Invoice,Import of sales discount from SPS,"ELEMENT FORTSMITH, ARKANSAS",3330,29.23,
ACC_REG-36739/2,353.5,11/29/2024,950,950,36739/2,GV,Invoice,Import of sales discount from SPS,"ELEMENT FORTSMITH, ARKANSAS",3330,,29.23
ACC_REG-36740/7,354,11/29/2024,974,,36740/7,GV,Invoice,Import of sales discount from SPS,"ELEMENT FORTSMITH, ARKANSAS",3330,1860.21,
ACC_REG-36740/7,354.5,11/29/2024,950,950,36740/7,GV,Invoice,Import of sales discount from SPS,"ELEMENT FORTSMITH, ARKANSAS",3330,,1860.21
ACC_REG-37052/9,355,11/29/2024,974,,37052/9,GV,Invoice,Import of sales discount from SPS,DFW Joseph Investments LLC,1708,131181.36,
ACC_REG-37052/9,355.5,11/29/2024,950,950,37052/9,GV,Invoice,Import of sales discount from SPS,DFW Joseph Investments LLC,1708,,131181.36
ACC_REG-36719,356,12/02/2024,974,,36719,GV,Invoice,Import of sales discount from SPS,"ELEMENT FORTSMITH, ARKANSAS",3330,1349.20,
ACC_REG-36719,356.5,12/02/2024,950,950,36719,GV,Invoice,Import of sales discount from SPS,"ELEMENT FORTSMITH, ARKANSAS",3330,,1349.20
ACC_REG-37599,357,12/06/2024,974,,37599,GV,Invoice,Import of sales discount from SPS,Fairfield Inn - Indianapolis,3549,3686.45,
ACC_REG-37599,357.5,12/06/2024,950,950,37599,GV,Invoice,Import of sales discount from SPS,Fairfield Inn - Indianapolis,3549,,3686.45
ACC_REG-35937/4,358,12/10/2024,974,,35937/4,GV,Invoice,Import of sales discount from SPS,"La Quinta Hawthorn - DeSoto,TX",3119,1671.92,
ACC_REG-35937/4,358.5,12/10/2024,950,950,35937/4,GV,Invoice,Import of sales discount from SPS,"La Quinta Hawthorn - DeSoto,TX",3119,,1671.92
ACC_REG-37745/2,359,12/12/2024,974,,37745/2,GV,Invoice,Import of sales discount from SPS,E&S Flooring LLC,524,0.32,
ACC_REG-37745/2,359.5,12/12/2024,950,950,37745/2,GV,Invoice,Import of sales discount from SPS,E&S Flooring LLC,524,,0.32
ACC_REG-36661,360,12/17/2024,974,,36661,GV,Invoice,Import of sales discount from SPS,Ascent Hospitality Tribute Carmel Indiana,2628,419.35,
ACC_REG-36661,360.5,12/17/2024,950,950,36661,GV,Invoice,Import of sales discount from SPS,Ascent Hospitality Tribute Carmel Indiana,2628,,419.35
ACC_REG-36656,361,12/18/2024,974,,36656,GV,Invoice,Import of sales discount from SPS,Ascent Hospitality Tribute Carmel Indiana,2628,416.85,
ACC_REG-36656,361.5,12/18/2024,950,950,36656,GV,Invoice,Import of sales discount from SPS,Ascent Hospitality Tribute Carmel Indiana,2628,,416.85
ACC_REG-37053/2,362,12/18/2024,974,,37053/2,GV,Invoice,Import of sales discount from SPS,DFW Joseph Investments LLC,1708,44657.41,
ACC_REG-37053/2,362.5,12/18/2024,950,950,37053/2,GV,Invoice,Import of sales discount from SPS,DFW Joseph Investments LLC,1708,,44657.41
ACC_REG-36662,363,12/19/2024,974,,36662,GV,Invoice,Import of sales discount from SPS,Ascent Hospitality Tribute Carmel Indiana,2628,2730.40,
ACC_REG-36662,363.5,12/19/2024,950,950,36662,GV,Invoice,Import of sales discount from SPS,Ascent Hospitality Tribute Carmel Indiana,2628,,2730.40
ACC_REG-37057,364,12/19/2024,974,,37057,GV,Invoice,Import of sales discount from SPS,DFW Joseph Investments LLC,1708,19824.44,
ACC_REG-37057,364.5,12/19/2024,950,950,37057,GV,Invoice,Import of sales discount from SPS,DFW Joseph Investments LLC,1708,,19824.44
ACC_REG-37280/4,365,12/19/2024,974,,37280/4,GV,Invoice,Import of sales discount from SPS,Northlake Innkeepers I Ltd.,3375,18692.64,
ACC_REG-37280/4,365.5,12/19/2024,950,950,37280/4,GV,Invoice,Import of sales discount from SPS,Northlake Innkeepers I Ltd.,3375,,18692.64
ACC_REG-37592,366,12/20/2024,974,,37592,GV,Invoice,Import of sales discount from SPS,Fairfield Inn - Indianapolis,3549,153.25,
ACC_REG-37592,366.5,12/20/2024,950,950,37592,GV,Invoice,Import of sales discount from SPS,Fairfield Inn - Indianapolis,3549,,153.25
ACC_REG-37605,367,12/20/2024,974,,37605,GV,Invoice,Import of sales discount from SPS,Fairfield Inn - Indianapolis,3549,6.42,
ACC_REG-37605,367.5,12/20/2024,950,950,37605,GV,Invoice,Import of sales discount from SPS,Fairfield Inn - Indianapolis,3549,,6.42
ACC_REG-37606/3,368,12/20/2024,974,,37606/3,GV,Invoice,Import of sales discount from SPS,Fairfield Inn - Indianapolis,3549,1737.63,
ACC_REG-37606/3,368.5,12/20/2024,950,950,37606/3,GV,Invoice,Import of sales discount from SPS,Fairfield Inn - Indianapolis,3549,,1737.63
ACC_REG-37781/2,369,12/20/2024,974,,37781/2,GV,Invoice,Import of sales discount from SPS,"Residence Inn Indianapolis,IN",2609,3786.45,
ACC_REG-37781/2,369.5,12/20/2024,950,950,37781/2,GV,Invoice,Import of sales discount from SPS,"Residence Inn Indianapolis,IN",2609,,3786.45
ACC_REG-36488,370,12/24/2024,974,,36488,GV,Invoice,Import of sales discount from SPS,Hilton Garden Inn Nashville,2884,1810.60,
ACC_REG-36488,370.5,12/24/2024,950,950,36488,GV,Invoice,Import of sales discount from SPS,Hilton Garden Inn Nashville,2884,,1810.60
ACC_REG-36502,371,12/24/2024,974,,36502,GV,Invoice,Import of sales discount from SPS,Hilton Garden Inn Nashville,2884,25.93,
ACC_REG-36502,371.5,12/24/2024,950,950,36502,GV,Invoice,Import of sales discount from SPS,Hilton Garden Inn Nashville,2884,,25.93
ACC_REG-37923,372,12/27/2024,974,,37923,GV,Invoice,Import of sales discount from SPS,"Someshwar Motel LLC - Comfort Inn Ogallala, NE",3388,2414.55,
ACC_REG-37923,372.5,12/27/2024,950,950,37923,GV,Invoice,Import of sales discount from SPS,"Someshwar Motel LLC - Comfort Inn Ogallala, NE",3388,,2414.55
ACC_REG-36672,373,12/30/2024,974,,36672,GV,Invoice,Import of sales discount from SPS,Ascent Hospitality Tribute Carmel Indiana,2628,56.93,
ACC_REG-36672,373.5,12/30/2024,950,950,36672,GV,Invoice,Import of sales discount from SPS,Ascent Hospitality Tribute Carmel Indiana,2628,,56.93
ACC_REG-37589,374,12/30/2024,974,,37589,GV,Invoice,Import of sales discount from SPS,Fairfield Inn - Indianapolis,3549,2930.36,
ACC_REG-37589,374.5,12/30/2024,950,950,37589,GV,Invoice,Import of sales discount from SPS,Fairfield Inn - Indianapolis,3549,,2930.36
ACC_REG-37604,375,12/30/2024,974,,37604,GV,Invoice,Import of sales discount from SPS,Fairfield Inn - Indianapolis,3549,202.46,
ACC_REG-37604,375.5,12/30/2024,950,950,37604,GV,Invoice,Import of sales discount from SPS,Fairfield Inn - Indianapolis,3549,,202.46
ACC_REG-37766,376,12/30/2024,974,,37766,GV,Invoice,Import of sales discount from SPS,"Residence Inn Indianapolis,IN",2609,3104.59,
ACC_REG-37766,376.5,12/30/2024,950,950,37766,GV,Invoice,Import of sales discount from SPS,"Residence Inn Indianapolis,IN",2609,,3104.59
ACC_REG-37767,377,12/30/2024,974,,37767,GV,Invoice,Import of sales discount from SPS,"Residence Inn Indianapolis,IN",2609,8175.30,
ACC_REG-37767,377.5,12/30/2024,950,950,37767,GV,Invoice,Import of sales discount from SPS,"Residence Inn Indianapolis,IN",2609,,8175.30
ACC_REG-37778,378,12/30/2024,974,,37778,GV,Invoice,Import of sales discount from SPS,"Residence Inn Indianapolis,IN",2609,363.76,
ACC_REG-37778,378.5,12/30/2024,950,950,37778,GV,Invoice,Import of sales discount from SPS,"Residence Inn Indianapolis,IN",2609,,363.76
ACC_REG-36498/6,379,12/31/2024,974,,36498/6,GV,Invoice,Import of sales discount from SPS,Hilton Garden Inn Nashville,2884,1217.31,
ACC_REG-36498/6,379.5,12/31/2024,950,950,36498/6,GV,Invoice,Import of sales discount from SPS,Hilton Garden Inn Nashville,2884,,1217.31
ACC_REG-36592/2,380,12/31/2024,974,,36592/2,GV,Invoice,Import of sales discount from SPS,"Ascent Hospitality Hampton Inn & Suites Montgomery-South Airport,AL",3315,9547.59,
ACC_REG-36592/2,380.5,12/31/2024,950,950,36592/2,GV,Invoice,Import of sales discount from SPS,"Ascent Hospitality Hampton Inn & Suites Montgomery-South Airport,AL",3315,,9547.59
ACC_REG-36670/2,381,12/31/2024,974,,36670/2,GV,Invoice,Import of sales discount from SPS,Ascent Hospitality Tribute Carmel Indiana,2628,1826.92,
ACC_REG-36670/2,381.5,12/31/2024,950,950,36670/2,GV,Invoice,Import of sales discount from SPS,Ascent Hospitality Tribute Carmel Indiana,2628,,1826.92
ACC_REG-37203,383,01/03/2025,974,,37203,GV,Invoice,Import of sales discount from SPS,Comfort Inn Somerset KY,3720,35.00,
ACC_REG-37203,383.5,01/03/2025,950,950,37203,GV,Invoice,Import of sales discount from SPS,Comfort Inn Somerset KY,3720,,35.00
ACC_REG-37343,384,01/06/2025,974,,37343,GV,Invoice,Import of sales discount from SPS,Green Trail Builders,547,1573.00,
ACC_REG-37343,384.5,01/06/2025,950,950,37343,GV,Invoice,Import of sales discount from SPS,Green Trail Builders,547,,1573.00
ACC_REG-37947/5,385,01/06/2025,974,,37947/5,GV,Invoice,Import of sales discount from SPS,Supreme Bright Westlake I LLC,3394,15000.00,
ACC_REG-37947/5,385.5,01/06/2025,950,950,37947/5,GV,Invoice,Import of sales discount from SPS,Supreme Bright Westlake I LLC,3394,,15000.00
ACC_REG-37769/3,386,01/08/2025,974,,37769/3,GV,Invoice,Import of sales discount from SPS,"Residence Inn Indianapolis,IN",2609,7753.12,
ACC_REG-37769/3,386.5,01/08/2025,950,950,37769/3,GV,Invoice,Import of sales discount from SPS,"Residence Inn Indianapolis,IN",2609,,7753.12
ACC_REG-35717/5,387,01/10/2025,974,,35717/5,GV,Invoice,Import of sales discount from SPS,Ascent hospitality Home2 Suites Fairburn GA,3316,2261.74,
ACC_REG-35717/5,387.5,01/10/2025,950,950,35717/5,GV,Invoice,Import of sales discount from SPS,Ascent hospitality Home2 Suites Fairburn GA,3316,,2261.74
ACC_REG-35721,388,01/10/2025,974,,35721,GV,Invoice,Import of sales discount from SPS,Ascent hospitality Home2 Suites Fairburn GA,3316,565.64,
ACC_REG-35721,388.5,01/10/2025,950,950,35721,GV,Invoice,Import of sales discount from SPS,Ascent hospitality Home2 Suites Fairburn GA,3316,,565.64
ACC_REG-36507,389,01/14/2025,974,,36507,GV,Invoice,Import of sales discount from SPS,Hilton Garden Inn Nashville,2884,303.39,
ACC_REG-36507,389.5,01/14/2025,950,950,36507,GV,Invoice,Import of sales discount from SPS,Hilton Garden Inn Nashville,2884,,303.39
ACC_REG-37054/3,390,01/14/2025,974,,37054/3,GV,Invoice,Import of sales discount from SPS,DFW Joseph Investments LLC,1708,7654.49,
ACC_REG-37054/3,390.5,01/14/2025,950,950,37054/3,GV,Invoice,Import of sales discount from SPS,DFW Joseph Investments LLC,1708,,7654.49
ACC_REG-37260/10,391,01/14/2025,974,,37260/10,GV,Invoice,Import of sales discount from SPS,"La Quinta Hawthorn - Miamisburg, OH",3358,20500.00,
ACC_REG-37260/10,391.5,01/14/2025,950,950,37260/10,GV,Invoice,Import of sales discount from SPS,"La Quinta Hawthorn - Miamisburg, OH",3358,,20500.00
ACC_REG-37289/3,392,01/17/2025,974,,37289/3,GV,Invoice,Import of sales discount from SPS,Northlake Innkeepers I Ltd.,3375,10955.62,
ACC_REG-37289/3,392.5,01/17/2025,950,950,37289/3,GV,Invoice,Import of sales discount from SPS,Northlake Innkeepers I Ltd.,3375,,10955.62
ACC_REG-37970,393,01/20/2025,974,,37970,GV,Invoice,Import of sales discount from SPS,Supreme Bright Westlake I LLC,3394,15000.00,
ACC_REG-37970,393.5,01/20/2025,950,950,37970,GV,Invoice,Import of sales discount from SPS,Supreme Bright Westlake I LLC,3394,,15000.00
ACC_REG-37061,394,01/24/2025,974,,37061,GV,Invoice,Import of sales discount from SPS,DFW Joseph Investments LLC,1708,33166.30,
ACC_REG-37061,394.5,01/24/2025,950,950,37061,GV,Invoice,Import of sales discount from SPS,DFW Joseph Investments LLC,1708,,33166.30
ACC_REG-37066,395,01/24/2025,974,,37066,GV,Invoice,Import of sales discount from SPS,DFW Joseph Investments LLC,1708,4887.25,
ACC_REG-37066,395.5,01/24/2025,950,950,37066,GV,Invoice,Import of sales discount from SPS,DFW Joseph Investments LLC,1708,,4887.25
ACC_REG-38212/5,396,01/24/2025,974,,38212/5,GV,Invoice,Import of sales discount from SPS,LQ Hawthorne Leavenworth,3412,757.44,
ACC_REG-38212/5,396.5,01/24/2025,950,950,38212/5,GV,Invoice,Import of sales discount from SPS,LQ Hawthorne Leavenworth,3412,,757.44
ACC_REG-37590,397,01/31/2025,974,,37590,GV,Invoice,Import of sales discount from SPS,Fairfield Inn - Indianapolis,3549,2048.57,
ACC_REG-37590,397.5,01/31/2025,950,950,37590,GV,Invoice,Import of sales discount from SPS,Fairfield Inn - Indianapolis,3549,,2048.57
ACC_REG-38296,398,01/31/2025,974,,38296,GV,Invoice,Import of sales discount from SPS,"Residence Inn Indianapolis,IN",2609,37676.14,
ACC_REG-38296,398.5,01/31/2025,950,950,38296,GV,Invoice,Import of sales discount from SPS,"Residence Inn Indianapolis,IN",2609,,37676.14
ACC_REG-38296,399,01/31/2025,974,,38296,GV,Invoice,Import of sales discount from SPS,"Residence Inn Indianapolis,IN",2609,1323.78,
ACC_REG-38296,399.5,01/31/2025,950,950,38296,GV,Invoice,Import of sales discount from SPS,"Residence Inn Indianapolis,IN",2609,,1323.78
ACC_REG-38296,400,01/31/2025,974,,38296,GV,Invoice,Import of sales discount from SPS,"Residence Inn Indianapolis,IN",2609,4294.07,
ACC_REG-38296,400.5,01/31/2025,950,950,38296,GV,Invoice,Import of sales discount from SPS,"Residence Inn Indianapolis,IN",2609,,4294.07
ACC_REG-38296,401,01/31/2025,974,,38296,GV,Invoice,Import of sales discount from SPS,"Residence Inn Indianapolis,IN",2609,18836.70,
ACC_REG-38296,401.5,01/31/2025,950,950,38296,GV,Invoice,Import of sales discount from SPS,"Residence Inn Indianapolis,IN",2609,,18836.70
ACC_REG-38296,402,01/31/2025,974,,38296,GV,Invoice,Import of sales discount from SPS,"Residence Inn Indianapolis,IN",2609,36406.24,
ACC_REG-38296,402.5,01/31/2025,950,950,38296,GV,Invoice,Import of sales discount from SPS,"Residence Inn Indianapolis,IN",2609,,36406.24
ACC_REG-38296,403,01/31/2025,974,,38296,GV,Invoice,Import of sales discount from SPS,"Residence Inn Indianapolis,IN",2609,8143.08,
ACC_REG-38296,403.5,01/31/2025,950,950,38296,GV,Invoice,Import of sales discount from SPS,"Residence Inn Indianapolis,IN",2609,,8143.08
ACC_REG-38296,404,01/31/2025,974,,38296,GV,Invoice,Import of sales discount from SPS,"Residence Inn Indianapolis,IN",2609,857.14,
ACC_REG-38296,404.5,01/31/2025,950,950,38296,GV,Invoice,Import of sales discount from SPS,"Residence Inn Indianapolis,IN",2609,,857.14
ACC_REG-38296,405,01/31/2025,974,,38296,GV,Invoice,Import of sales discount from SPS,"Residence Inn Indianapolis,IN",2609,2100.00,
ACC_REG-38296,405.5,01/31/2025,950,950,38296,GV,Invoice,Import of sales discount from SPS,"Residence Inn Indianapolis,IN",2609,,2100.00
ACC_REG-38296,406,01/31/2025,974,,38296,GV,Invoice,Import of sales discount from SPS,"Residence Inn Indianapolis,IN",2609,2100.00,
ACC_REG-38296,406.5,01/31/2025,950,950,38296,GV,Invoice,Import of sales discount from SPS,"Residence Inn Indianapolis,IN",2609,,2100.00
ACC_REG-38296,407,01/31/2025,974,,38296,GV,Invoice,Import of sales discount from SPS,"Residence Inn Indianapolis,IN",2609,53991.99,
ACC_REG-38296,407.5,01/31/2025,950,950,38296,GV,Invoice,Import of sales discount from SPS,"Residence Inn Indianapolis,IN",2609,,53991.99
ACC_REG-38296,408,01/31/2025,974,,38296,GV,Invoice,Import of sales discount from SPS,"Residence Inn Indianapolis,IN",2609,49838.76,
ACC_REG-38296,408.5,01/31/2025,950,950,38296,GV,Invoice,Import of sales discount from SPS,"Residence Inn Indianapolis,IN",2609,,49838.76
ACC_REG-38296,409,01/31/2025,974,,38296,GV,Invoice,Import of sales discount from SPS,"Residence Inn Indianapolis,IN",2609,22674.90,
ACC_REG-38296,409.5,01/31/2025,950,950,38296,GV,Invoice,Import of sales discount from SPS,"Residence Inn Indianapolis,IN",2609,,22674.90
ACC_REG-38296,410,01/31/2025,974,,38296,GV,Invoice,Import of sales discount from SPS,"Residence Inn Indianapolis,IN",2609,4102.83,
ACC_REG-38296,410.5,01/31/2025,950,950,38296,GV,Invoice,Import of sales discount from SPS,"Residence Inn Indianapolis,IN",2609,,4102.83
ACC_REG-38296,411,01/31/2025,974,,38296,GV,Invoice,Import of sales discount from SPS,"Residence Inn Indianapolis,IN",2609,1375.96,
ACC_REG-38296,411.5,01/31/2025,950,950,38296,GV,Invoice,Import of sales discount from SPS,"Residence Inn Indianapolis,IN",2609,,1375.96
ACC_REG-38296,412,01/31/2025,974,,38296,GV,Invoice,Import of sales discount from SPS,"Residence Inn Indianapolis,IN",2609,1367.61,
ACC_REG-38296,412.5,01/31/2025,950,950,38296,GV,Invoice,Import of sales discount from SPS,"Residence Inn Indianapolis,IN",2609,,1367.61
ACC_REG-38296,413,01/31/2025,974,,38296,GV,Invoice,Import of sales discount from SPS,"Residence Inn Indianapolis,IN",2609,22118.46,
ACC_REG-38296,413.5,01/31/2025,950,950,38296,GV,Invoice,Import of sales discount from SPS,"Residence Inn Indianapolis,IN",2609,,22118.46
ACC_REG-38296,414,01/31/2025,974,,38296,GV,Invoice,Import of sales discount from SPS,"Residence Inn Indianapolis,IN",2609,20912.76,
ACC_REG-38296,414.5,01/31/2025,950,950,38296,GV,Invoice,Import of sales discount from SPS,"Residence Inn Indianapolis,IN",2609,,20912.76
ACC_REG-38296,415,01/31/2025,974,,38296,GV,Invoice,Import of sales discount from SPS,"Residence Inn Indianapolis,IN",2609,8507.10,
ACC_REG-38296,415.5,01/31/2025,950,950,38296,GV,Invoice,Import of sales discount from SPS,"Residence Inn Indianapolis,IN",2609,,8507.10
ACC_REG-38296,416,01/31/2025,974,,38296,GV,Invoice,Import of sales discount from SPS,"Residence Inn Indianapolis,IN",2609,1765.92,
ACC_REG-38296,416.5,01/31/2025,950,950,38296,GV,Invoice,Import of sales discount from SPS,"Residence Inn Indianapolis,IN",2609,,1765.92
ACC_REG-38296,417,01/31/2025,974,,38296,GV,Invoice,Import of sales discount from SPS,"Residence Inn Indianapolis,IN",2609,424.54,
ACC_REG-38296,417.5,01/31/2025,950,950,38296,GV,Invoice,Import of sales discount from SPS,"Residence Inn Indianapolis,IN",2609,,424.54
ACC_REG-38296,418,01/31/2025,974,,38296,GV,Invoice,Import of sales discount from SPS,"Residence Inn Indianapolis,IN",2609,571.43,
ACC_REG-38296,418.5,01/31/2025,950,950,38296,GV,Invoice,Import of sales discount from SPS,"Residence Inn Indianapolis,IN",2609,,571.43
ACC_REG-38296,419,01/31/2025,974,,38296,GV,Invoice,Import of sales discount from SPS,"Residence Inn Indianapolis,IN",2609,11940.82,
ACC_REG-38296,419.5,01/31/2025,950,950,38296,GV,Invoice,Import of sales discount from SPS,"Residence Inn Indianapolis,IN",2609,,11940.82
ACC_REG-38296,420,01/31/2025,974,,38296,GV,Invoice,Import of sales discount from SPS,"Residence Inn Indianapolis,IN",2609,595.74,
ACC_REG-38296,420.5,01/31/2025,950,950,38296,GV,Invoice,Import of sales discount from SPS,"Residence Inn Indianapolis,IN",2609,,595.74
ACC_REG-38296,421,01/31/2025,974,,38296,GV,Invoice,Import of sales discount from SPS,"Residence Inn Indianapolis,IN",2609,1164.13,
ACC_REG-38296,421.5,01/31/2025,950,950,38296,GV,Invoice,Import of sales discount from SPS,"Residence Inn Indianapolis,IN",2609,,1164.13
ACC_REG-38296,422,01/31/2025,974,,38296,GV,Invoice,Import of sales discount from SPS,"Residence Inn Indianapolis,IN",2609,147.12,
ACC_REG-38296,422.5,01/31/2025,950,950,38296,GV,Invoice,Import of sales discount from SPS,"Residence Inn Indianapolis,IN",2609,,147.12
ACC_REG-38296,423,01/31/2025,974,,38296,GV,Invoice,Import of sales discount from SPS,"Residence Inn Indianapolis,IN",2609,334.20,
ACC_REG-38296,423.5,01/31/2025,950,950,38296,GV,Invoice,Import of sales discount from SPS,"Residence Inn Indianapolis,IN",2609,,334.20
ACC_REG-36698/8,424,02/03/2025,974,,36698/8,GV,Invoice,Import of sales discount from SPS,Vivek Tomer,718,411.56,
ACC_REG-36698/8,424.5,02/03/2025,950,950,36698/8,GV,Invoice,Import of sales discount from SPS,Vivek Tomer,718,,411.56
ACC_REG-37598,425,02/04/2025,974,,37598,GV,Invoice,Import of sales discount from SPS,Fairfield Inn - Indianapolis,3549,5386.29,
ACC_REG-37598,425.5,02/04/2025,950,950,37598,GV,Invoice,Import of sales discount from SPS,Fairfield Inn - Indianapolis,3549,,5386.29
ACC_REG-37774,426,02/04/2025,974,,37774,GV,Invoice,Import of sales discount from SPS,"Residence Inn Indianapolis,IN",2609,3835.93,
ACC_REG-37774,426.5,02/04/2025,950,950,37774,GV,Invoice,Import of sales discount from SPS,"Residence Inn Indianapolis,IN",2609,,3835.93
ACC_REG-37783/2,427,02/04/2025,974,,37783/2,GV,Invoice,Import of sales discount from SPS,"Residence Inn Indianapolis,IN",2609,156.41,
ACC_REG-37783/2,427.5,02/04/2025,950,950,37783/2,GV,Invoice,Import of sales discount from SPS,"Residence Inn Indianapolis,IN",2609,,156.41
ACC_REG-37175/2,428,02/05/2025,974,,37175/2,GV,Invoice,Import of sales discount from SPS,Body Harmony (Anthony Buck),3557,1000.00,
ACC_REG-37175/2,428.5,02/05/2025,950,950,37175/2,GV,Invoice,Import of sales discount from SPS,Body Harmony (Anthony Buck),3557,,1000.00
ACC_REG-38219/2,429,02/06/2025,974,,38219/2,GV,Invoice,Import of sales discount from SPS,"Someshwar Motel LLC - Comfort Inn Ogallala, NE",3388,13497.05,
ACC_REG-38219/2,429.5,02/06/2025,950,950,38219/2,GV,Invoice,Import of sales discount from SPS,"Someshwar Motel LLC - Comfort Inn Ogallala, NE",3388,,13497.05
ACC_REG-37693,430,02/10/2025,974,,37693,GV,Invoice,Import of sales discount from SPS,Ascent Residence inn Montgomery,3320,1930.74,
ACC_REG-37693,430.5,02/10/2025,950,950,37693,GV,Invoice,Import of sales discount from SPS,Ascent Residence inn Montgomery,3320,,1930.74
ACC_REG-37694,431,02/10/2025,974,,37694,GV,Invoice,Import of sales discount from SPS,Ascent Residence inn Montgomery,3320,708.14,
ACC_REG-37694,431.5,02/10/2025,950,950,37694,GV,Invoice,Import of sales discount from SPS,Ascent Residence inn Montgomery,3320,,708.14
ACC_REG-37678,432,02/12/2025,974,,37678,GV,Invoice,Import of sales discount from SPS,Ascent Residence inn Montgomery,3320,19591.39,
ACC_REG-37678,432.5,02/12/2025,950,950,37678,GV,Invoice,Import of sales discount from SPS,Ascent Residence inn Montgomery,3320,,19591.39
ACC_REG-37686,433,02/12/2025,974,,37686,GV,Invoice,Import of sales discount from SPS,Ascent Residence inn Montgomery,3320,174.55,
ACC_REG-37686,433.5,02/12/2025,950,950,37686,GV,Invoice,Import of sales discount from SPS,Ascent Residence inn Montgomery,3320,,174.55
ACC_REG-37692/4,434,02/12/2025,974,,37692/4,GV,Invoice,Import of sales discount from SPS,Ascent Residence inn Montgomery,3320,15753.02,
ACC_REG-37692/4,434.5,02/12/2025,950,950,37692/4,GV,Invoice,Import of sales discount from SPS,Ascent Residence inn Montgomery,3320,,15753.02
ACC_REG-37062,435,02/14/2025,974,,37062,GV,Invoice,Import of sales discount from SPS,DFW Joseph Investments LLC,1708,1107.55,
ACC_REG-37062,435.5,02/14/2025,950,950,37062,GV,Invoice,Import of sales discount from SPS,DFW Joseph Investments LLC,1708,,1107.55
ACC_REG-37063,436,02/14/2025,974,,37063,GV,Invoice,Import of sales discount from SPS,DFW Joseph Investments LLC,1708,23108.31,
ACC_REG-37063,436.5,02/14/2025,950,950,37063,GV,Invoice,Import of sales discount from SPS,DFW Joseph Investments LLC,1708,,23108.31
ACC_REG-37059/3,437,02/17/2025,974,,37059/3,GV,Invoice,Import of sales discount from SPS,DFW Joseph Investments LLC,1708,13268.35,
ACC_REG-37059/3,437.5,02/17/2025,950,950,37059/3,GV,Invoice,Import of sales discount from SPS,DFW Joseph Investments LLC,1708,,13268.35
ACC_REG-37784,438,02/17/2025,974,,37784,GV,Invoice,Import of sales discount from SPS,"Residence Inn Indianapolis,IN",2609,19.77,
ACC_REG-37784,438.5,02/17/2025,950,950,37784,GV,Invoice,Import of sales discount from SPS,"Residence Inn Indianapolis,IN",2609,,19.77
ACC_REG-38138,439,02/17/2025,974,,38138,GV,Invoice,Import of sales discount from SPS,A-1 Clackamas LLC,1721,6396.27,
ACC_REG-38138,439.5,02/17/2025,950,950,38138,GV,Invoice,Import of sales discount from SPS,A-1 Clackamas LLC,1721,,6396.27
ACC_REG-38141/7,440,02/17/2025,974,,38141/7,GV,Invoice,Import of sales discount from SPS,A-1 Clackamas LLC,1721,25416.91,
ACC_REG-38141/7,440.5,02/17/2025,950,950,38141/7,GV,Invoice,Import of sales discount from SPS,A-1 Clackamas LLC,1721,,25416.91
ACC_REG-38142,441,02/17/2025,974,,38142,GV,Invoice,Import of sales discount from SPS,A-1 Clackamas LLC,1721,3811.59,
ACC_REG-38142,441.5,02/17/2025,950,950,38142,GV,Invoice,Import of sales discount from SPS,A-1 Clackamas LLC,1721,,3811.59
ACC_REG-38144,442,02/17/2025,974,,38144,GV,Invoice,Import of sales discount from SPS,A-1 Clackamas LLC,1721,606.81,
ACC_REG-38144,442.5,02/17/2025,950,950,38144,GV,Invoice,Import of sales discount from SPS,A-1 Clackamas LLC,1721,,606.81
ACC_REG-38697,443,02/17/2025,974,,38697,GV,Invoice,Import of sales discount from SPS,Andrea Wexler,2598,2.47,
ACC_REG-38697,443.5,02/17/2025,950,950,38697,GV,Invoice,Import of sales discount from SPS,Andrea Wexler,2598,,2.47
ACC_REG-HWY6 02-10-2025 to 02-16-2025,444,02/17/2025,974,,HWY6 02-10-2025 to 02-16-2025,GV,Bill,Import of sales discount from SPS,GV Facades LLC,2408,3.00,
ACC_REG-HWY6 02-10-2025 to 02-16-2025,444.5,02/17/2025,950,950,HWY6 02-10-2025 to 02-16-2025,GV,Bill,Import of sales discount from SPS,GV Facades LLC,2408,,3.00
ACC_REG-37451,445,02/18/2025,974,,37451,GV,Invoice,Import of sales discount from SPS,Ascent Hospitality Tribute Carmel Indiana,2628,3900.00,
ACC_REG-37451,445.5,02/18/2025,950,950,37451,GV,Invoice,Import of sales discount from SPS,Ascent Hospitality Tribute Carmel Indiana,2628,,3900.00
ACC_REG-37608,446,02/18/2025,974,,37608,GV,Invoice,Import of sales discount from SPS,Fairfield Inn - Indianapolis,3549,414.82,
ACC_REG-37608,446.5,02/18/2025,950,950,37608,GV,Invoice,Import of sales discount from SPS,Fairfield Inn - Indianapolis,3549,,414.82
ACC_REG-37775,447,02/18/2025,974,,37775,GV,Invoice,Import of sales discount from SPS,"Residence Inn Indianapolis,IN",2609,74.56,
ACC_REG-37775,447.5,02/18/2025,950,950,37775,GV,Invoice,Import of sales discount from SPS,"Residence Inn Indianapolis,IN",2609,,74.56
ACC_REG-37777,448,02/18/2025,974,,37777,GV,Invoice,Import of sales discount from SPS,"Residence Inn Indianapolis,IN",2609,724.25,
ACC_REG-37777,448.5,02/18/2025,950,950,37777,GV,Invoice,Import of sales discount from SPS,"Residence Inn Indianapolis,IN",2609,,724.25
ACC_REG-36933,449,02/19/2025,974,,36933,GV,Receipt,Import of sales discount from SPS,AAA Hospitality - Embassy Suites Las Colinas TX,3309,3661.70,
ACC_REG-36933,449.5,02/19/2025,950,950,36933,GV,Receipt,Import of sales discount from SPS,AAA Hospitality - Embassy Suites Las Colinas TX,3309,,3661.70
ACC_REG-37593,450,02/21/2025,974,,37593,GV,Invoice,Import of sales discount from SPS,Fairfield Inn - Indianapolis,3549,2467.40,
ACC_REG-37593,450.5,02/21/2025,950,950,37593,GV,Invoice,Import of sales discount from SPS,Fairfield Inn - Indianapolis,3549,,2467.40
ACC_REG-37607,451,02/21/2025,974,,37607,GV,Invoice,Import of sales discount from SPS,Fairfield Inn - Indianapolis,3549,2861.43,
ACC_REG-37607,451.5,02/21/2025,950,950,37607,GV,Invoice,Import of sales discount from SPS,Fairfield Inn - Indianapolis,3549,,2861.43
ACC_REG-38200,452,02/24/2025,974,,38200,GV,Invoice,Import of sales discount from SPS,LQ Hawthorne Leavenworth,3412,151.72,
ACC_REG-38200,452.5,02/24/2025,950,950,38200,GV,Invoice,Import of sales discount from SPS,LQ Hawthorne Leavenworth,3412,,151.72
ACC_REG-38209,453,02/24/2025,974,,38209,GV,Invoice,Import of sales discount from SPS,LQ Hawthorne Leavenworth,3412,49.06,
ACC_REG-38209,453.5,02/24/2025,950,950,38209,GV,Invoice,Import of sales discount from SPS,LQ Hawthorne Leavenworth,3412,,49.06
ACC_REG-37596/2,454,02/25/2025,974,,37596/2,GV,Invoice,Import of sales discount from SPS,Fairfield Inn - Indianapolis,3549,11060.86,
ACC_REG-37596/2,454.5,02/25/2025,950,950,37596/2,GV,Invoice,Import of sales discount from SPS,Fairfield Inn - Indianapolis,3549,,11060.86
ACC_REG-37913/2,455,02/25/2025,974,,37913/2,GV,Invoice,Import of sales discount from SPS,"Someshwar Motel LLC - Comfort Inn Ogallala, NE",3388,2328.97,
ACC_REG-37913/2,455.5,02/25/2025,950,950,37913/2,GV,Invoice,Import of sales discount from SPS,"Someshwar Motel LLC - Comfort Inn Ogallala, NE",3388,,2328.97
ACC_REG-37916,456,02/25/2025,974,,37916,GV,Invoice,Import of sales discount from SPS,"Someshwar Motel LLC - Comfort Inn Ogallala, NE",3388,206.91,
ACC_REG-37916,456.5,02/25/2025,950,950,37916,GV,Invoice,Import of sales discount from SPS,"Someshwar Motel LLC - Comfort Inn Ogallala, NE",3388,,206.91
ACC_REG-37920,457,02/25/2025,974,,37920,GV,Invoice,Import of sales discount from SPS,"Someshwar Motel LLC - Comfort Inn Ogallala, NE",3388,697.18,
ACC_REG-37920,457.5,02/25/2025,950,950,37920,GV,Invoice,Import of sales discount from SPS,"Someshwar Motel LLC - Comfort Inn Ogallala, NE",3388,,697.18
ACC_REG-37922,458,02/25/2025,974,,37922,GV,Invoice,Import of sales discount from SPS,"Someshwar Motel LLC - Comfort Inn Ogallala, NE",3388,43.40,
ACC_REG-37922,458.5,02/25/2025,950,950,37922,GV,Invoice,Import of sales discount from SPS,"Someshwar Motel LLC - Comfort Inn Ogallala, NE",3388,,43.40
ACC_REG-37924,459,02/25/2025,974,,37924,GV,Invoice,Import of sales discount from SPS,"Someshwar Motel LLC - Comfort Inn Ogallala, NE",3388,815.45,
ACC_REG-37924,459.5,02/25/2025,950,950,37924,GV,Invoice,Import of sales discount from SPS,"Someshwar Motel LLC - Comfort Inn Ogallala, NE",3388,,815.45
ACC_REG-37764,460,02/26/2025,974,,37764,GV,Invoice,Import of sales discount from SPS,"Residence Inn Indianapolis,IN",2609,755.69,
ACC_REG-37764,460.5,02/26/2025,950,950,37764,GV,Invoice,Import of sales discount from SPS,"Residence Inn Indianapolis,IN",2609,,755.69
ACC_REG-37765,461,02/26/2025,974,,37765,GV,Invoice,Import of sales discount from SPS,"Residence Inn Indianapolis,IN",2609,8577.70,
ACC_REG-37765,461.5,02/26/2025,950,950,37765,GV,Invoice,Import of sales discount from SPS,"Residence Inn Indianapolis,IN",2609,,8577.70
ACC_REG-37675,462,02/28/2025,974,,37675,GV,Invoice,Import of sales discount from SPS,Ascent Residence inn Montgomery,3320,2745.86,
ACC_REG-37675,462.5,02/28/2025,950,950,37675,GV,Invoice,Import of sales discount from SPS,Ascent Residence inn Montgomery,3320,,2745.86
ACC_REG-37677,463,02/28/2025,974,,37677,GV,Invoice,Import of sales discount from SPS,Ascent Residence inn Montgomery,3320,6549.53,
ACC_REG-37677,463.5,02/28/2025,950,950,37677,GV,Invoice,Import of sales discount from SPS,Ascent Residence inn Montgomery,3320,,6549.53
ACC_REG-37679,464,02/28/2025,974,,37679,GV,Invoice,Import of sales discount from SPS,Ascent Residence inn Montgomery,3320,5023.43,
ACC_REG-37679,464.5,02/28/2025,950,950,37679,GV,Invoice,Import of sales discount from SPS,Ascent Residence inn Montgomery,3320,,5023.43
ACC_REG-37691,465,02/28/2025,974,,37691,GV,Invoice,Import of sales discount from SPS,Ascent Residence inn Montgomery,3320,2463.42,
ACC_REG-37691,465.5,02/28/2025,950,950,37691,GV,Invoice,Import of sales discount from SPS,Ascent Residence inn Montgomery,3320,,2463.42
ACC_REG-38047/8,466,02/28/2025,974,,38047/8,GV,Invoice,Import of sales discount from SPS,SUPREME BRIGHT ATLANTIC CITY LLC (TRIBUTE SEAHAUS),3393,23409.11,
ACC_REG-38047/8,466.5,02/28/2025,950,950,38047/8,GV,Invoice,Import of sales discount from SPS,SUPREME BRIGHT ATLANTIC CITY LLC (TRIBUTE SEAHAUS),3393,,23409.11
ACC_REG-38137/3,467,02/28/2025,974,,38137/3,GV,Invoice,Import of sales discount from SPS,A-1 Clackamas LLC,1721,8435.93,
ACC_REG-38137/3,467.5,02/28/2025,950,950,38137/3,GV,Invoice,Import of sales discount from SPS,A-1 Clackamas LLC,1721,,8435.93
ACC_REG-36583,468,03/07/2025,974,,36583,GV,Invoice,Import of sales discount from SPS,Prince Preferred Hotels,649,1328.41,
ACC_REG-36583,468.5,03/07/2025,950,950,36583,GV,Invoice,Import of sales discount from SPS,Prince Preferred Hotels,649,,1328.41
ACC_REG-37688,469,03/10/2025,974,,37688,GV,Invoice,Import of sales discount from SPS,Ascent Residence inn Montgomery,3320,2268.43,
ACC_REG-37688,469.5,03/10/2025,950,950,37688,GV,Invoice,Import of sales discount from SPS,Ascent Residence inn Montgomery,3320,,2268.43
ACC_REG-38091/2,470,03/10/2025,974,,38091/2,GV,Invoice,Import of sales discount from SPS,Ramada Plaza Resort & Suites Orlando/ MIC Hotel Corp,3556,23707.85,
ACC_REG-38091/2,470.5,03/10/2025,950,950,38091/2,GV,Invoice,Import of sales discount from SPS,Ramada Plaza Resort & Suites Orlando/ MIC Hotel Corp,3556,,23707.85
ACC_REG-38098,471,03/10/2025,974,,38098,GV,Invoice,Import of sales discount from SPS,Ramada Plaza Resort & Suites Orlando/ MIC Hotel Corp,3556,3618.92,
ACC_REG-38098,471.5,03/10/2025,950,950,38098,GV,Invoice,Import of sales discount from SPS,Ramada Plaza Resort & Suites Orlando/ MIC Hotel Corp,3556,,3618.92
ACC_REG-38184,472,03/10/2025,974,,38184,GV,Invoice,Import of sales discount from SPS,LQ Hawthorne Leavenworth,3412,101.67,
ACC_REG-38184,472.5,03/10/2025,950,950,38184,GV,Invoice,Import of sales discount from SPS,LQ Hawthorne Leavenworth,3412,,101.67
ACC_REG-38188,473,03/10/2025,974,,38188,GV,Invoice,Import of sales discount from SPS,LQ Hawthorne Leavenworth,3412,95.27,
ACC_REG-38188,473.5,03/10/2025,950,950,38188,GV,Invoice,Import of sales discount from SPS,LQ Hawthorne Leavenworth,3412,,95.27
ACC_REG-38189/2,474,03/10/2025,974,,38189/2,GV,Invoice,Import of sales discount from SPS,LQ Hawthorne Leavenworth,3412,256.91,
ACC_REG-38189/2,474.5,03/10/2025,950,950,38189/2,GV,Invoice,Import of sales discount from SPS,LQ Hawthorne Leavenworth,3412,,256.91
ACC_REG-38194,475,03/10/2025,974,,38194,GV,Invoice,Import of sales discount from SPS,LQ Hawthorne Leavenworth,3412,168.95,
ACC_REG-38194,475.5,03/10/2025,950,950,38194,GV,Invoice,Import of sales discount from SPS,LQ Hawthorne Leavenworth,3412,,168.95
ACC_REG-38198,476,03/10/2025,974,,38198,GV,Invoice,Import of sales discount from SPS,LQ Hawthorne Leavenworth,3412,117.55,
ACC_REG-38198,476.5,03/10/2025,950,950,38198,GV,Invoice,Import of sales discount from SPS,LQ Hawthorne Leavenworth,3412,,117.55
ACC_REG-38202/2,477,03/10/2025,974,,38202/2,GV,Invoice,Import of sales discount from SPS,LQ Hawthorne Leavenworth,3412,459.99,
ACC_REG-38202/2,477.5,03/10/2025,950,950,38202/2,GV,Invoice,Import of sales discount from SPS,LQ Hawthorne Leavenworth,3412,,459.99
ACC_REG-37065,478,03/13/2025,974,,37065,GV,Invoice,Import of sales discount from SPS,DFW Joseph Investments LLC,1708,4051.13,
ACC_REG-37065,478.5,03/13/2025,950,950,37065,GV,Invoice,Import of sales discount from SPS,DFW Joseph Investments LLC,1708,,4051.13
ACC_REG-37276,479,03/13/2025,974,,37276,GV,Invoice,Import of sales discount from SPS,Northlake Innkeepers I Ltd.,3375,3042.52,
ACC_REG-37276,479.5,03/13/2025,950,950,37276,GV,Invoice,Import of sales discount from SPS,Northlake Innkeepers I Ltd.,3375,,3042.52
ACC_REG-34359,480,03/14/2025,974,,34359,GV,Invoice,Import of sales discount from SPS,"Hampton Inn & Suites Enterprise,AL",2804,1788.90,
ACC_REG-34359,480.5,03/14/2025,950,950,34359,GV,Invoice,Import of sales discount from SPS,"Hampton Inn & Suites Enterprise,AL",2804,,1788.90
ACC_REG-34362,481,03/14/2025,974,,34362,GV,Invoice,Import of sales discount from SPS,"Hampton Inn & Suites Enterprise,AL",2804,2500.72,
ACC_REG-34362,481.5,03/14/2025,950,950,34362,GV,Invoice,Import of sales discount from SPS,"Hampton Inn & Suites Enterprise,AL",2804,,2500.72
ACC_REG-34363/3,482,03/14/2025,974,,34363/3,GV,Invoice,Import of sales discount from SPS,"Hampton Inn & Suites Enterprise,AL",2804,7937.33,
ACC_REG-34363/3,482.5,03/14/2025,950,950,34363/3,GV,Invoice,Import of sales discount from SPS,"Hampton Inn & Suites Enterprise,AL",2804,,7937.33
ACC_REG-37274,483,03/14/2025,974,,37274,GV,Invoice,Import of sales discount from SPS,Northlake Innkeepers I Ltd.,3375,2158.60,
ACC_REG-37274,483.5,03/14/2025,950,950,37274,GV,Invoice,Import of sales discount from SPS,Northlake Innkeepers I Ltd.,3375,,2158.60
ACC_REG-38186,484,03/14/2025,974,,38186,GV,Invoice,Import of sales discount from SPS,LQ Hawthorne Leavenworth,3412,743.74,
ACC_REG-38186,484.5,03/14/2025,950,950,38186,GV,Invoice,Import of sales discount from SPS,LQ Hawthorne Leavenworth,3412,,743.74
ACC_REG-38195,485,03/14/2025,974,,38195,GV,Invoice,Import of sales discount from SPS,LQ Hawthorne Leavenworth,3412,1181.38,
ACC_REG-38195,485.5,03/14/2025,950,950,38195,GV,Invoice,Import of sales discount from SPS,LQ Hawthorne Leavenworth,3412,,1181.38
ACC_REG-38139,486,03/17/2025,974,,38139,GV,Invoice,Import of sales discount from SPS,A-1 Clackamas LLC,1721,4826.23,
ACC_REG-38139,486.5,03/17/2025,950,950,38139,GV,Invoice,Import of sales discount from SPS,A-1 Clackamas LLC,1721,,4826.23
ACC_REG-38143/2,487,03/17/2025,974,,38143/2,GV,Invoice,Import of sales discount from SPS,A-1 Clackamas LLC,1721,5227.28,
ACC_REG-38143/2,487.5,03/17/2025,950,950,38143/2,GV,Invoice,Import of sales discount from SPS,A-1 Clackamas LLC,1721,,5227.28
ACC_REG-34358,488,03/18/2025,974,,34358,GV,Invoice,Import of sales discount from SPS,"Hampton Inn & Suites Enterprise,AL",2804,3932.19,
ACC_REG-34358,488.5,03/18/2025,950,950,34358,GV,Invoice,Import of sales discount from SPS,"Hampton Inn & Suites Enterprise,AL",2804,,3932.19
ACC_REG-37279/2,489,03/18/2025,974,,37279/2,GV,Invoice,Import of sales discount from SPS,Northlake Innkeepers I Ltd.,3375,13295.13,
ACC_REG-37279/2,489.5,03/18/2025,950,950,37279/2,GV,Invoice,Import of sales discount from SPS,Northlake Innkeepers I Ltd.,3375,,13295.13
ACC_REG-37786,490,03/18/2025,974,,37786,GV,Invoice,Import of sales discount from SPS,"Residence Inn Indianapolis,IN",2609,309.40,
ACC_REG-37786,490.5,03/18/2025,950,950,37786,GV,Invoice,Import of sales discount from SPS,"Residence Inn Indianapolis,IN",2609,,309.40
ACC_REG-37787,491,03/18/2025,974,,37787,GV,Invoice,Import of sales discount from SPS,"Residence Inn Indianapolis,IN",2609,325.46,
ACC_REG-37787,491.5,03/18/2025,950,950,37787,GV,Invoice,Import of sales discount from SPS,"Residence Inn Indianapolis,IN",2609,,325.46
ACC_REG-34357,492,03/19/2025,974,,34357,GV,Invoice,Import of sales discount from SPS,"Hampton Inn & Suites Enterprise,AL",2804,1638.85,
ACC_REG-34357,492.5,03/19/2025,950,950,34357,GV,Invoice,Import of sales discount from SPS,"Hampton Inn & Suites Enterprise,AL",2804,,1638.85
ACC_REG-38364,493,03/20/2025,974,,38364,GV,Invoice,Import of sales discount from SPS,Ascent Hospitality- Autograph Huntsville,3318,9438.41,
ACC_REG-38364,493.5,03/20/2025,950,950,38364,GV,Invoice,Import of sales discount from SPS,Ascent Hospitality- Autograph Huntsville,3318,,9438.41
ACC_REG-37689,494,03/26/2025,974,,37689,GV,Invoice,Import of sales discount from SPS,Ascent Residence inn Montgomery,3320,939.07,
ACC_REG-37689,494.5,03/26/2025,950,950,37689,GV,Invoice,Import of sales discount from SPS,Ascent Residence inn Montgomery,3320,,939.07
ACC_REG-37698/2,495,03/26/2025,974,,37698/2,GV,Invoice,Import of sales discount from SPS,Ascent Residence inn Montgomery,3320,1403.80,
ACC_REG-37698/2,495.5,03/26/2025,950,950,37698/2,GV,Invoice,Import of sales discount from SPS,Ascent Residence inn Montgomery,3320,,1403.80
ACC_REG-37594,496,03/28/2025,974,,37594,GV,Invoice,Import of sales discount from SPS,Fairfield Inn - Indianapolis,3549,2385.32,
ACC_REG-37594,496.5,03/28/2025,950,950,37594,GV,Invoice,Import of sales discount from SPS,Fairfield Inn - Indianapolis,3549,,2385.32
ACC_REG-38140,497,03/28/2025,974,,38140,GV,Invoice,Import of sales discount from SPS,A-1 Clackamas LLC,1721,35642.76,
ACC_REG-38140,497.5,03/28/2025,950,950,38140,GV,Invoice,Import of sales discount from SPS,A-1 Clackamas LLC,1721,,35642.76
ACC_REG-38086,498,03/31/2025,974,,38086,GV,Invoice,Import of sales discount from SPS,Wingate by Wyndham Pueblo CO.,2491,1200.00,
ACC_REG-38086,498.5,03/31/2025,950,950,38086,GV,Invoice,Import of sales discount from SPS,Wingate by Wyndham Pueblo CO.,2491,,1200.00
ACC_REG-38092,499,03/31/2025,974,,38092,GV,Invoice,Import of sales discount from SPS,Ramada Plaza Resort & Suites Orlando/ MIC Hotel Corp,3556,4581.79,
ACC_REG-38092,499.5,03/31/2025,950,950,38092,GV,Invoice,Import of sales discount from SPS,Ramada Plaza Resort & Suites Orlando/ MIC Hotel Corp,3556,,4581.79
ACC_REG-37676,500,04/04/2025,974,,37676,GV,Invoice,Import of sales discount from SPS,Ascent Residence inn Montgomery,3320,19827.65,
ACC_REG-37676,500.5,04/04/2025,950,950,37676,GV,Invoice,Import of sales discount from SPS,Ascent Residence inn Montgomery,3320,,19827.65
ACC_REG-37684,501,04/04/2025,974,,37684,GV,Invoice,Import of sales discount from SPS,Ascent Residence inn Montgomery,3320,13935.09,
ACC_REG-37684,501.5,04/04/2025,950,950,37684,GV,Invoice,Import of sales discount from SPS,Ascent Residence inn Montgomery,3320,,13935.09
ACC_REG-37696,502,04/04/2025,974,,37696,GV,Invoice,Import of sales discount from SPS,Ascent Residence inn Montgomery,3320,5770.58,
ACC_REG-37696,502.5,04/04/2025,950,950,37696,GV,Invoice,Import of sales discount from SPS,Ascent Residence inn Montgomery,3320,,5770.58
ACC_REG-38094,503,04/04/2025,974,,38094,GV,Invoice,Import of sales discount from SPS,Ramada Plaza Resort & Suites Orlando/ MIC Hotel Corp,3556,2396.45,
ACC_REG-38094,503.5,04/04/2025,950,950,38094,GV,Invoice,Import of sales discount from SPS,Ramada Plaza Resort & Suites Orlando/ MIC Hotel Corp,3556,,2396.45
ACC_REG-38095,504,04/04/2025,974,,38095,GV,Invoice,Import of sales discount from SPS,Ramada Plaza Resort & Suites Orlando/ MIC Hotel Corp,3556,1303.23,
ACC_REG-38095,504.5,04/04/2025,950,950,38095,GV,Invoice,Import of sales discount from SPS,Ramada Plaza Resort & Suites Orlando/ MIC Hotel Corp,3556,,1303.23
ACC_REG-37755/3,505,04/07/2025,974,,37755/3,GV,Invoice,Import of sales discount from SPS,SUPREME BRIGHT ATLANTIC CITY LLC (TRIBUTE SEAHAUS),3393,891.87,
ACC_REG-37755/3,505.5,04/07/2025,950,950,37755/3,GV,Invoice,Import of sales discount from SPS,SUPREME BRIGHT ATLANTIC CITY LLC (TRIBUTE SEAHAUS),3393,,891.87
ACC_REG-37755/3,506,04/07/2025,974,,37755/3,GV,Invoice,Import of sales discount from SPS,SUPREME BRIGHT ATLANTIC CITY LLC (TRIBUTE SEAHAUS),3393,8328.76,
ACC_REG-37755/3,506.5,04/07/2025,950,950,37755/3,GV,Invoice,Import of sales discount from SPS,SUPREME BRIGHT ATLANTIC CITY LLC (TRIBUTE SEAHAUS),3393,,8328.76
ACC_REG-38090,507,04/07/2025,974,,38090,GV,Invoice,Import of sales discount from SPS,Ramada Plaza Resort & Suites Orlando/ MIC Hotel Corp,3556,3822.07,
ACC_REG-38090,507.5,04/07/2025,950,950,38090,GV,Invoice,Import of sales discount from SPS,Ramada Plaza Resort & Suites Orlando/ MIC Hotel Corp,3556,,3822.07
ACC_REG-38357,508,04/07/2025,974,,38357,GV,Invoice,Import of sales discount from SPS,Ascent Hospitality- Autograph Huntsville,3318,4816.04,
ACC_REG-38357,508.5,04/07/2025,950,950,38357,GV,Invoice,Import of sales discount from SPS,Ascent Hospitality- Autograph Huntsville,3318,,4816.04
ACC_REG-38368,509,04/07/2025,974,,38368,GV,Invoice,Import of sales discount from SPS,Ascent Hospitality- Autograph Huntsville,3318,3670.59,
ACC_REG-38368,509.5,04/07/2025,950,950,38368,GV,Invoice,Import of sales discount from SPS,Ascent Hospitality- Autograph Huntsville,3318,,3670.59
ACC_REG-38190/3,510,04/21/2025,974,,38190/3,GV,Invoice,Import of sales discount from SPS,LQ Hawthorne Leavenworth,3412,170.44,
ACC_REG-38190/3,510.5,04/21/2025,950,950,38190/3,GV,Invoice,Import of sales discount from SPS,LQ Hawthorne Leavenworth,3412,,170.44
ACC_REG-36571/2,511,04/22/2025,974,,36571/2,GV,Invoice,Import of sales discount from SPS,Prince Preferred Hotels,649,4369.88,
ACC_REG-36571/2,511.5,04/22/2025,950,950,36571/2,GV,Invoice,Import of sales discount from SPS,Prince Preferred Hotels,649,,4369.88
ACC_REG-37060/4,512,04/22/2025,974,,37060/4,GV,Invoice,Import of sales discount from SPS,DFW Joseph Investments LLC,1708,15430.82,
ACC_REG-37060/4,512.5,04/22/2025,950,950,37060/4,GV,Invoice,Import of sales discount from SPS,DFW Joseph Investments LLC,1708,,15430.82
ACC_REG-37911,513,04/22/2025,974,,37911,GV,Invoice,Import of sales discount from SPS,"Someshwar Motel LLC - Comfort Inn Ogallala, NE",3388,935.00,
ACC_REG-37911,513.5,04/22/2025,950,950,37911,GV,Invoice,Import of sales discount from SPS,"Someshwar Motel LLC - Comfort Inn Ogallala, NE",3388,,935.00
ACC_REG-37912,514,04/22/2025,974,,37912,GV,Invoice,Import of sales discount from SPS,"Someshwar Motel LLC - Comfort Inn Ogallala, NE",3388,142.59,
ACC_REG-37912,514.5,04/22/2025,950,950,37912,GV,Invoice,Import of sales discount from SPS,"Someshwar Motel LLC - Comfort Inn Ogallala, NE",3388,,142.59
ACC_REG-37917,515,04/22/2025,974,,37917,GV,Invoice,Import of sales discount from SPS,"Someshwar Motel LLC - Comfort Inn Ogallala, NE",3388,288.34,
ACC_REG-37917,515.5,04/22/2025,950,950,37917,GV,Invoice,Import of sales discount from SPS,"Someshwar Motel LLC - Comfort Inn Ogallala, NE",3388,,288.34
ACC_REG-37919,516,04/22/2025,974,,37919,GV,Invoice,Import of sales discount from SPS,"Someshwar Motel LLC - Comfort Inn Ogallala, NE",3388,97.74,
ACC_REG-37919,516.5,04/22/2025,950,950,37919,GV,Invoice,Import of sales discount from SPS,"Someshwar Motel LLC - Comfort Inn Ogallala, NE",3388,,97.74
ACC_REG-34356,517,04/23/2025,974,,34356,GV,Invoice,Import of sales discount from SPS,"Hampton Inn & Suites Enterprise,AL",2804,1770.09,
ACC_REG-34356,517.5,04/23/2025,950,950,34356,GV,Invoice,Import of sales discount from SPS,"Hampton Inn & Suites Enterprise,AL",2804,,1770.09
ACC_REG-38234/2,518,04/23/2025,974,,38234/2,GV,Invoice,Import of sales discount from SPS,Hampton Inn Nashville,3338,251.44,
ACC_REG-38234/2,518.5,04/23/2025,950,950,38234/2,GV,Invoice,Import of sales discount from SPS,Hampton Inn Nashville,3338,,251.44
ACC_REG-36584,519,04/24/2025,974,,36584,GV,Invoice,Import of sales discount from SPS,Prince Preferred Hotels,649,934.18,
ACC_REG-36584,519.5,04/24/2025,950,950,36584,GV,Invoice,Import of sales discount from SPS,Prince Preferred Hotels,649,,934.18
ACC_REG-34360/3,520,04/25/2025,974,,34360/3,GV,Invoice,Import of sales discount from SPS,"Hampton Inn & Suites Enterprise,AL",2804,23401.41,
ACC_REG-34360/3,520.5,04/25/2025,950,950,34360/3,GV,Invoice,Import of sales discount from SPS,"Hampton Inn & Suites Enterprise,AL",2804,,23401.41
ACC_REG-37681,521,04/25/2025,974,,37681,GV,Invoice,Import of sales discount from SPS,Ascent Residence inn Montgomery,3320,1131.59,
ACC_REG-37681,521.5,04/25/2025,950,950,37681,GV,Invoice,Import of sales discount from SPS,Ascent Residence inn Montgomery,3320,,1131.59
ACC_REG-36566/2,522,04/28/2025,974,,36566/2,GV,Invoice,Import of sales discount from SPS,Prince Preferred Hotels,649,2286.45,
ACC_REG-36566/2,522.5,04/28/2025,950,950,36566/2,GV,Invoice,Import of sales discount from SPS,Prince Preferred Hotels,649,,2286.45
ACC_REG-36567,523,04/28/2025,974,,36567,GV,Invoice,Import of sales discount from SPS,Prince Preferred Hotels,649,8936.42,
ACC_REG-36567,523.5,04/28/2025,950,950,36567,GV,Invoice,Import of sales discount from SPS,Prince Preferred Hotels,649,,8936.42
ACC_REG-36568,524,04/28/2025,974,,36568,GV,Invoice,Import of sales discount from SPS,Prince Preferred Hotels,649,1499.77,
ACC_REG-36568,524.5,04/28/2025,950,950,36568,GV,Invoice,Import of sales discount from SPS,Prince Preferred Hotels,649,,1499.77
ACC_REG-36579,525,04/28/2025,974,,36579,GV,Invoice,Import of sales discount from SPS,Prince Preferred Hotels,649,1017.03,
ACC_REG-36579,525.5,04/28/2025,950,950,36579,GV,Invoice,Import of sales discount from SPS,Prince Preferred Hotels,649,,1017.03
ACC_REG-37685,526,04/28/2025,974,,37685,GV,Invoice,Import of sales discount from SPS,Ascent Residence inn Montgomery,3320,8477.86,
ACC_REG-37685,526.5,04/28/2025,950,950,37685,GV,Invoice,Import of sales discount from SPS,Ascent Residence inn Montgomery,3320,,8477.86
ACC_REG-38146,527,04/30/2025,974,,38146,GV,Invoice,Import of sales discount from SPS,A-1 Clackamas LLC,1721,5266.68,
ACC_REG-38146,527.5,04/30/2025,950,950,38146,GV,Invoice,Import of sales discount from SPS,A-1 Clackamas LLC,1721,,5266.68
ACC_REG-38359,528,04/30/2025,974,,38359,GV,Invoice,Import of sales discount from SPS,Ascent Hospitality- Autograph Huntsville,3318,7487.31,
ACC_REG-38359,528.5,04/30/2025,950,950,38359,GV,Invoice,Import of sales discount from SPS,Ascent Hospitality- Autograph Huntsville,3318,,7487.31
ACC_REG-38363,529,04/30/2025,974,,38363,GV,Invoice,Import of sales discount from SPS,Ascent Hospitality- Autograph Huntsville,3318,10195.26,
ACC_REG-38363,529.5,04/30/2025,950,950,38363,GV,Invoice,Import of sales discount from SPS,Ascent Hospitality- Autograph Huntsville,3318,,10195.26
ACC_REG-37935,530,05/01/2025,974,,37935,GV,Invoice,Import of sales discount from SPS,Northlake Innkeepers I Ltd.,3375,109.30,
ACC_REG-37935,530.5,05/01/2025,950,950,37935,GV,Invoice,Import of sales discount from SPS,Northlake Innkeepers I Ltd.,3375,,109.30
ACC_REG-37683/5,531,05/05/2025,974,,37683/5,GV,Invoice,Import of sales discount from SPS,Ascent Residence inn Montgomery,3320,8508.84,
ACC_REG-37683/5,531.5,05/05/2025,950,950,37683/5,GV,Invoice,Import of sales discount from SPS,Ascent Residence inn Montgomery,3320,,8508.84
ACC_REG-37770,532,05/05/2025,974,,37770,GV,Invoice,Import of sales discount from SPS,"Residence Inn Indianapolis,IN",2609,583.44,
ACC_REG-37770,532.5,05/05/2025,950,950,37770,GV,Invoice,Import of sales discount from SPS,"Residence Inn Indianapolis,IN",2609,,583.44
ACC_REG-38358,533,05/05/2025,974,,38358,GV,Invoice,Import of sales discount from SPS,Ascent Hospitality- Autograph Huntsville,3318,803.47,
ACC_REG-38358,533.5,05/05/2025,950,950,38358,GV,Invoice,Import of sales discount from SPS,Ascent Hospitality- Autograph Huntsville,3318,,803.47
ACC_REG-38361,534,05/05/2025,974,,38361,GV,Invoice,Import of sales discount from SPS,Ascent Hospitality- Autograph Huntsville,3318,77188.48,
ACC_REG-38361,534.5,05/05/2025,950,950,38361,GV,Invoice,Import of sales discount from SPS,Ascent Hospitality- Autograph Huntsville,3318,,77188.48
ACC_REG-36569,535,05/08/2025,974,,36569,GV,Invoice,Import of sales discount from SPS,Prince Preferred Hotels,649,4907.43,
ACC_REG-36569,535.5,05/08/2025,950,950,36569,GV,Invoice,Import of sales discount from SPS,Prince Preferred Hotels,649,,4907.43
ACC_REG-36578,536,05/08/2025,974,,36578,GV,Invoice,Import of sales discount from SPS,Prince Preferred Hotels,649,626.12,
ACC_REG-36578,536.5,05/08/2025,950,950,36578,GV,Invoice,Import of sales discount from SPS,Prince Preferred Hotels,649,,626.12
ACC_REG-37290,537,05/09/2025,974,,37290,GV,Invoice,Import of sales discount from SPS,Northlake Innkeepers I Ltd.,3375,3654.75,
ACC_REG-37290,537.5,05/09/2025,950,950,37290,GV,Invoice,Import of sales discount from SPS,Northlake Innkeepers I Ltd.,3375,,3654.75
ACC_REG-36576,538,05/12/2025,974,,36576,GV,Invoice,Import of sales discount from SPS,Prince Preferred Hotels,649,2443.11,
ACC_REG-36576,538.5,05/12/2025,950,950,36576,GV,Invoice,Import of sales discount from SPS,Prince Preferred Hotels,649,,2443.11
ACC_REG-36577,539,05/12/2025,974,,36577,GV,Invoice,Import of sales discount from SPS,Prince Preferred Hotels,649,265.73,
ACC_REG-36577,539.5,05/12/2025,950,950,36577,GV,Invoice,Import of sales discount from SPS,Prince Preferred Hotels,649,,265.73
ACC_REG-37697,540,05/13/2025,974,,37697,GV,Invoice,Import of sales discount from SPS,Ascent Residence inn Montgomery,3320,533.27,
ACC_REG-37697,540.5,05/13/2025,950,950,37697,GV,Invoice,Import of sales discount from SPS,Ascent Residence inn Montgomery,3320,,533.27
ACC_REG-37324/9,541,05/15/2025,974,,37324/9,GV,Invoice,Import of sales discount from SPS,Wyndham Trademark Fredericksburg,3404,2363.62,
ACC_REG-37324/9,541.5,05/15/2025,950,950,37324/9,GV,Invoice,Import of sales discount from SPS,Wyndham Trademark Fredericksburg,3404,,2363.62
ACC_REG-38366/2,542,05/15/2025,974,,38366/2,GV,Invoice,Import of sales discount from SPS,Ascent Hospitality- Autograph Huntsville,3318,16130.56,
ACC_REG-38366/2,542.5,05/15/2025,950,950,38366/2,GV,Invoice,Import of sales discount from SPS,Ascent Hospitality- Autograph Huntsville,3318,,16130.56
ACC_REG-35656/2,543,05/16/2025,974,,35656/2,GV,Invoice,Import of sales discount from SPS,Wyndham Trademark Fredericksburg,3404,79.18,
ACC_REG-35656/2,543.5,05/16/2025,950,950,35656/2,GV,Invoice,Import of sales discount from SPS,Wyndham Trademark Fredericksburg,3404,,79.18
ACC_REG-35965/3,544,05/16/2025,974,,35965/3,GV,Invoice,Import of sales discount from SPS,Wyndham Trademark Fredericksburg,3404,4653.19,
ACC_REG-35965/3,544.5,05/16/2025,950,950,35965/3,GV,Invoice,Import of sales discount from SPS,Wyndham Trademark Fredericksburg,3404,,4653.19
ACC_REG-37695,545,05/20/2025,974,,37695,GV,Invoice,Import of sales discount from SPS,Ascent Residence inn Montgomery,3320,52.07,
ACC_REG-37695,545.5,05/20/2025,950,950,37695,GV,Invoice,Import of sales discount from SPS,Ascent Residence inn Montgomery,3320,,52.07
ACC_REG-38097/4,546,05/30/2025,974,,38097/4,GV,Invoice,Import of sales discount from SPS,Ramada Plaza Resort & Suites Orlando/ MIC Hotel Corp,3556,6146.23,
ACC_REG-38097/4,546.5,05/30/2025,950,950,38097/4,GV,Invoice,Import of sales discount from SPS,Ramada Plaza Resort & Suites Orlando/ MIC Hotel Corp,3556,,6146.23
ACC_REG-37285,547,06/10/2025,974,,37285,GV,Invoice,Import of sales discount from SPS,Northlake Innkeepers I Ltd.,3375,2422.20,
ACC_REG-37285,547.5,06/10/2025,950,950,37285,GV,Invoice,Import of sales discount from SPS,Northlake Innkeepers I Ltd.,3375,,2422.20
ACC_REG-38360,548,06/16/2025,974,,38360,GV,Invoice,Import of sales discount from SPS,Ascent Hospitality- Autograph Huntsville,3318,9177.62,
ACC_REG-38360,548.5,06/16/2025,950,950,38360,GV,Invoice,Import of sales discount from SPS,Ascent Hospitality- Autograph Huntsville,3318,,9177.62
ACC_REG-38367,549,06/16/2025,974,,38367,GV,Invoice,Import of sales discount from SPS,Ascent Hospitality- Autograph Huntsville,3318,1267.82,
ACC_REG-38367,549.5,06/16/2025,950,950,38367,GV,Invoice,Import of sales discount from SPS,Ascent Hospitality- Autograph Huntsville,3318,,1267.82
ACC_REG-38365/6,550,06/23/2025,974,,38365/6,GV,Invoice,Import of sales discount from SPS,Ascent Hospitality- Autograph Huntsville,3318,5369.99,
ACC_REG-38365/6,550.5,06/23/2025,950,950,38365/6,GV,Invoice,Import of sales discount from SPS,Ascent Hospitality- Autograph Huntsville,3318,,5369.99
ACC_REG-27133,551,06/30/2025,974,,27133,GV,Invoice,Import of sales discount from SPS,Ascent Hospitality/Springhill suites Gulfport MS,3721,7415.97,
ACC_REG-27133,551.5,06/30/2025,950,950,27133,GV,Invoice,Import of sales discount from SPS,Ascent Hospitality/Springhill suites Gulfport MS,3721,,7415.97
ACC_REG-32451/5,552,06/30/2025,974,,32451/5,GV,Invoice,Import of sales discount from SPS,LaQuinta - Columbia SC - Ashok Patel,3712,6765.21,
ACC_REG-32451/5,552.5,06/30/2025,950,950,32451/5,GV,Invoice,Import of sales discount from SPS,LaQuinta - Columbia SC - Ashok Patel,3712,,6765.21
ACC_REG-33340/3,553,06/30/2025,974,,33340/3,GV,Invoice,Import of sales discount from SPS,Laquinta Memphis,3002,1064.19,
ACC_REG-33340/3,553.5,06/30/2025,950,950,33340/3,GV,Invoice,Import of sales discount from SPS,Laquinta Memphis,3002,,1064.19
ACC_REG-34364/8,554,06/30/2025,974,,34364/8,GV,Invoice,Import of sales discount from SPS,"Hampton Inn & Suites Enterprise,AL",2804,8550.42,
ACC_REG-34364/8,554.5,06/30/2025,950,950,34364/8,GV,Invoice,Import of sales discount from SPS,"Hampton Inn & Suites Enterprise,AL",2804,,8550.42
ACC_REG-34452/3,555,06/30/2025,974,,34452/3,GV,Invoice,Import of sales discount from SPS,Stay Bridge - Manteca - CA - Aman Dhillon,3389,7574.88,
ACC_REG-34452/3,555.5,06/30/2025,950,950,34452/3,GV,Invoice,Import of sales discount from SPS,Stay Bridge - Manteca - CA - Aman Dhillon,3389,,7574.88
ACC_REG-34811/5,556,06/30/2025,974,,34811/5,GV,Invoice,Import of sales discount from SPS,La Quinta by Wyndham Dallas DFW Airport N,3357,419.28,
ACC_REG-34811/5,556.5,06/30/2025,950,950,34811/5,GV,Invoice,Import of sales discount from SPS,La Quinta by Wyndham Dallas DFW Airport N,3357,,419.28
ACC_REG-34814,557,06/30/2025,974,,34814,GV,Invoice,Import of sales discount from SPS,La Quinta by Wyndham Dallas DFW Airport N,3357,1666.99,
ACC_REG-34814,557.5,06/30/2025,950,950,34814,GV,Invoice,Import of sales discount from SPS,La Quinta by Wyndham Dallas DFW Airport N,3357,,1666.99
ACC_REG-34815/2,558,06/30/2025,974,,34815/2,GV,Invoice,Import of sales discount from SPS,La Quinta by Wyndham Dallas DFW Airport N,3357,384.69,
ACC_REG-34815/2,558.5,06/30/2025,950,950,34815/2,GV,Invoice,Import of sales discount from SPS,La Quinta by Wyndham Dallas DFW Airport N,3357,,384.69
ACC_REG-34843/5,559,06/30/2025,974,,34843/5,GV,Invoice,Import of sales discount from SPS,Sunray Group / Holiday Inn Burlington Hotel & Conference Centre CANADA,3392,2230.54,
ACC_REG-34843/5,559.5,06/30/2025,950,950,34843/5,GV,Invoice,Import of sales discount from SPS,Sunray Group / Holiday Inn Burlington Hotel & Conference Centre CANADA,3392,,2230.54
ACC_REG-35170/5,560,06/30/2025,974,,35170/5,GV,Invoice,Import of sales discount from SPS,"ECHO SUITES /MCP Development, Inc",3329,501.56,
ACC_REG-35170/5,560.5,06/30/2025,950,950,35170/5,GV,Invoice,Import of sales discount from SPS,"ECHO SUITES /MCP Development, Inc",3329,,501.56
ACC_REG-35649,561,06/30/2025,974,,35649,GV,Invoice,Import of sales discount from SPS,Wyndham Trademark Fredericksburg,3404,269.49,
ACC_REG-35649,561.5,06/30/2025,950,950,35649,GV,Invoice,Import of sales discount from SPS,Wyndham Trademark Fredericksburg,3404,,269.49
ACC_REG-35658/2,562,06/30/2025,974,,35658/2,GV,Invoice,Import of sales discount from SPS,Wyndham Trademark Fredericksburg,3404,1166.59,
ACC_REG-35658/2,562.5,06/30/2025,950,950,35658/2,GV,Invoice,Import of sales discount from SPS,Wyndham Trademark Fredericksburg,3404,,1166.59
ACC_REG-35658/2,563,06/30/2025,974,,35658/2,GV,Invoice,Import of sales discount from SPS,Wyndham Trademark Fredericksburg,3404,4980.89,
ACC_REG-35658/2,563.5,06/30/2025,950,950,35658/2,GV,Invoice,Import of sales discount from SPS,Wyndham Trademark Fredericksburg,3404,,4980.89
ACC_REG-35785/2,564,06/30/2025,974,,35785/2,GV,Invoice,Import of sales discount from SPS,"Ritzway Group, LLC / Crowne Plaza Galleria Area",3381,17616.78,
ACC_REG-35785/2,564.5,06/30/2025,950,950,35785/2,GV,Invoice,Import of sales discount from SPS,"Ritzway Group, LLC / Crowne Plaza Galleria Area",3381,,17616.78
ACC_REG-35945/2,565,06/30/2025,974,,35945/2,GV,Invoice,Import of sales discount from SPS,"La Quinta Hawthorn - DeSoto,TX",3119,1721.66,
ACC_REG-35945/2,565.5,06/30/2025,950,950,35945/2,GV,Invoice,Import of sales discount from SPS,"La Quinta Hawthorn - DeSoto,TX",3119,,1721.66
ACC_REG-35946/5,566,06/30/2025,974,,35946/5,GV,Invoice,Import of sales discount from SPS,"La Quinta Hawthorn - DeSoto,TX",3119,495.22,
ACC_REG-35946/5,566.5,06/30/2025,950,950,35946/5,GV,Invoice,Import of sales discount from SPS,"La Quinta Hawthorn - DeSoto,TX",3119,,495.22
ACC_REG-35951/5,567,06/30/2025,974,,35951/5,GV,Invoice,Import of sales discount from SPS,"La Quinta Hawthorn - DeSoto,TX",3119,1351.05,
ACC_REG-35951/5,567.5,06/30/2025,950,950,35951/5,GV,Invoice,Import of sales discount from SPS,"La Quinta Hawthorn - DeSoto,TX",3119,,1351.05
ACC_REG-35952/3,568,06/30/2025,974,,35952/3,GV,Invoice,Import of sales discount from SPS,"La Quinta Hawthorn - DeSoto,TX",3119,1272.42,
ACC_REG-35952/3,568.5,06/30/2025,950,950,35952/3,GV,Invoice,Import of sales discount from SPS,"La Quinta Hawthorn - DeSoto,TX",3119,,1272.42
ACC_REG-35953,569,06/30/2025,974,,35953,GV,Invoice,Import of sales discount from SPS,"La Quinta Hawthorn - DeSoto,TX",3119,464.62,
ACC_REG-35953,569.5,06/30/2025,950,950,35953,GV,Invoice,Import of sales discount from SPS,"La Quinta Hawthorn - DeSoto,TX",3119,,464.62
ACC_REG-35954/3,570,06/30/2025,974,,35954/3,GV,Invoice,Import of sales discount from SPS,"La Quinta Hawthorn - DeSoto,TX",3119,218.27,
ACC_REG-35954/3,570.5,06/30/2025,950,950,35954/3,GV,Invoice,Import of sales discount from SPS,"La Quinta Hawthorn - DeSoto,TX",3119,,218.27
ACC_REG-35955/6,571,06/30/2025,974,,35955/6,GV,Invoice,Import of sales discount from SPS,"La Quinta Hawthorn - DeSoto,TX",3119,708.52,
ACC_REG-35955/6,571.5,06/30/2025,950,950,35955/6,GV,Invoice,Import of sales discount from SPS,"La Quinta Hawthorn - DeSoto,TX",3119,,708.52
ACC_REG-35962/3,572,06/30/2025,974,,35962/3,GV,Invoice,Import of sales discount from SPS,"La Quinta Hawthorn - DeSoto,TX",3119,133.56,
ACC_REG-35962/3,572.5,06/30/2025,950,950,35962/3,GV,Invoice,Import of sales discount from SPS,"La Quinta Hawthorn - DeSoto,TX",3119,,133.56
ACC_REG-35964/2,573,06/30/2025,974,,35964/2,GV,Invoice,Import of sales discount from SPS,"La Quinta Hawthorn - DeSoto,TX",3119,378.78,
ACC_REG-35964/2,573.5,06/30/2025,950,950,35964/2,GV,Invoice,Import of sales discount from SPS,"La Quinta Hawthorn - DeSoto,TX",3119,,378.78
ACC_REG-36049,574,06/30/2025,974,,36049,GV,Invoice,Import of sales discount from SPS,"Hotel Tops USA/La Quinta Albany, GA",3349,2008.58,
ACC_REG-36049,574.5,06/30/2025,950,950,36049,GV,Invoice,Import of sales discount from SPS,"Hotel Tops USA/La Quinta Albany, GA",3349,,2008.58
ACC_REG-36494,575,06/30/2025,974,,36494,GV,Invoice,Import of sales discount from SPS,Hilton Garden Inn Nashville,2884,2471.51,
ACC_REG-36494,575.5,06/30/2025,950,950,36494,GV,Invoice,Import of sales discount from SPS,Hilton Garden Inn Nashville,2884,,2471.51
ACC_REG-36494,576,06/30/2025,974,,36494,GV,Invoice,Import of sales discount from SPS,Hilton Garden Inn Nashville,2884,1807.03,
ACC_REG-36494,576.5,06/30/2025,950,950,36494,GV,Invoice,Import of sales discount from SPS,Hilton Garden Inn Nashville,2884,,1807.03
ACC_REG-36497/3,577,06/30/2025,974,,36497/3,GV,Invoice,Import of sales discount from SPS,Hilton Garden Inn Nashville,2884,740.48,
ACC_REG-36497/3,577.5,06/30/2025,950,950,36497/3,GV,Invoice,Import of sales discount from SPS,Hilton Garden Inn Nashville,2884,,740.48
ACC_REG-36504/3,578,06/30/2025,974,,36504/3,GV,Invoice,Import of sales discount from SPS,Hilton Garden Inn Nashville,2884,43.79,
ACC_REG-36504/3,578.5,06/30/2025,950,950,36504/3,GV,Invoice,Import of sales discount from SPS,Hilton Garden Inn Nashville,2884,,43.79
ACC_REG-36554/3,579,06/30/2025,974,,36554/3,GV,Invoice,Import of sales discount from SPS,La Quinta by Wyndham Dallas DFW Airport N,3357,4460.13,
ACC_REG-36554/3,579.5,06/30/2025,950,950,36554/3,GV,Invoice,Import of sales discount from SPS,La Quinta by Wyndham Dallas DFW Airport N,3357,,4460.13
ACC_REG-36572,580,06/30/2025,974,,36572,GV,Invoice,Import of sales discount from SPS,Prince Preferred Hotels,649,384.64,
ACC_REG-36572,580.5,06/30/2025,950,950,36572,GV,Invoice,Import of sales discount from SPS,Prince Preferred Hotels,649,,384.64
ACC_REG-36573,581,06/30/2025,974,,36573,GV,Invoice,Import of sales discount from SPS,Prince Preferred Hotels,649,632.49,
ACC_REG-36573,581.5,06/30/2025,950,950,36573,GV,Invoice,Import of sales discount from SPS,Prince Preferred Hotels,649,,632.49
ACC_REG-36574,582,06/30/2025,974,,36574,GV,Invoice,Import of sales discount from SPS,Prince Preferred Hotels,649,548.02,
ACC_REG-36574,582.5,06/30/2025,950,950,36574,GV,Invoice,Import of sales discount from SPS,Prince Preferred Hotels,649,,548.02
ACC_REG-36575/3,583,06/30/2025,974,,36575/3,GV,Invoice,Import of sales discount from SPS,Prince Preferred Hotels,649,4496.79,
ACC_REG-36575/3,583.5,06/30/2025,950,950,36575/3,GV,Invoice,Import of sales discount from SPS,Prince Preferred Hotels,649,,4496.79
ACC_REG-36585,584,06/30/2025,974,,36585,GV,Invoice,Import of sales discount from SPS,Prince Preferred Hotels,649,188.68,
ACC_REG-36585,584.5,06/30/2025,950,950,36585,GV,Invoice,Import of sales discount from SPS,Prince Preferred Hotels,649,,188.68
ACC_REG-36586,585,06/30/2025,974,,36586,GV,Invoice,Import of sales discount from SPS,Prince Preferred Hotels,649,1729.19,
ACC_REG-36586,585.5,06/30/2025,950,950,36586,GV,Invoice,Import of sales discount from SPS,Prince Preferred Hotels,649,,1729.19
ACC_REG-36587,586,06/30/2025,974,,36587,GV,Invoice,Import of sales discount from SPS,Prince Preferred Hotels,649,922.96,
ACC_REG-36587,586.5,06/30/2025,950,950,36587,GV,Invoice,Import of sales discount from SPS,Prince Preferred Hotels,649,,922.96
ACC_REG-36630,587,06/30/2025,974,,36630,GV,Invoice,Import of sales discount from SPS,SUPREME BRIGHT ATLANTIC CITY LLC (TRIBUTE SEAHAUS),3393,323.51,
ACC_REG-36630,587.5,06/30/2025,950,950,36630,GV,Invoice,Import of sales discount from SPS,SUPREME BRIGHT ATLANTIC CITY LLC (TRIBUTE SEAHAUS),3393,,323.51
ACC_REG-36665/12,588,06/30/2025,974,,36665/12,GV,Invoice,Import of sales discount from SPS,Ascent Hospitality Tribute Carmel Indiana,2628,3386.53,
ACC_REG-36665/12,588.5,06/30/2025,950,950,36665/12,GV,Invoice,Import of sales discount from SPS,Ascent Hospitality Tribute Carmel Indiana,2628,,3386.53
ACC_REG-36721/2,589,06/30/2025,974,,36721/2,GV,Invoice,Import of sales discount from SPS,"ELEMENT FORTSMITH, ARKANSAS",3330,202.28,
ACC_REG-36721/2,589.5,06/30/2025,950,950,36721/2,GV,Invoice,Import of sales discount from SPS,"ELEMENT FORTSMITH, ARKANSAS",3330,,202.28
ACC_REG-36725/3,590,06/30/2025,974,,36725/3,GV,Invoice,Import of sales discount from SPS,"ELEMENT FORTSMITH, ARKANSAS",3330,618.80,
ACC_REG-36725/3,590.5,06/30/2025,950,950,36725/3,GV,Invoice,Import of sales discount from SPS,"ELEMENT FORTSMITH, ARKANSAS",3330,,618.80
ACC_REG-36738,591,06/30/2025,974,,36738,GV,Invoice,Import of sales discount from SPS,"ELEMENT FORTSMITH, ARKANSAS",3330,94.40,
ACC_REG-36738,591.5,06/30/2025,950,950,36738,GV,Invoice,Import of sales discount from SPS,"ELEMENT FORTSMITH, ARKANSAS",3330,,94.40
ACC_REG-36952/2,592,06/30/2025,974,,36952/2,GV,Invoice,Import of sales discount from SPS,"Wingate - Erlanger, KY",2712,6851.00,
ACC_REG-36952/2,592.5,06/30/2025,950,950,36952/2,GV,Invoice,Import of sales discount from SPS,"Wingate - Erlanger, KY",2712,,6851.00
ACC_REG-36952/2,593,06/30/2025,974,,36952/2,GV,Invoice,Import of sales discount from SPS,"Wingate - Erlanger, KY",2712,9591.75,
ACC_REG-36952/2,593.5,06/30/2025,950,950,36952/2,GV,Invoice,Import of sales discount from SPS,"Wingate - Erlanger, KY",2712,,9591.75
ACC_REG-36952/2,594,06/30/2025,974,,36952/2,GV,Invoice,Import of sales discount from SPS,"Wingate - Erlanger, KY",2712,22759.35,
ACC_REG-36952/2,594.5,06/30/2025,950,950,36952/2,GV,Invoice,Import of sales discount from SPS,"Wingate - Erlanger, KY",2712,,22759.35
ACC_REG-37051/6,595,06/30/2025,974,,37051/6,GV,Invoice,Import of sales discount from SPS,DFW Joseph Investments LLC,1708,31129.45,
ACC_REG-37051/6,595.5,06/30/2025,950,950,37051/6,GV,Invoice,Import of sales discount from SPS,DFW Joseph Investments LLC,1708,,31129.45
ACC_REG-37064,596,06/30/2025,974,,37064,GV,Invoice,Import of sales discount from SPS,DFW Joseph Investments LLC,1708,5810.36,
ACC_REG-37064,596.5,06/30/2025,950,950,37064,GV,Invoice,Import of sales discount from SPS,DFW Joseph Investments LLC,1708,,5810.36
ACC_REG-37066/2,597,06/30/2025,974,,37066/2,GV,Invoice,Import of sales discount from SPS,DFW Joseph Investments LLC,1708,1500.00,
ACC_REG-37066/2,597.5,06/30/2025,950,950,37066/2,GV,Invoice,Import of sales discount from SPS,DFW Joseph Investments LLC,1708,,1500.00
ACC_REG-37067/2,598,06/30/2025,974,,37067/2,GV,Invoice,Import of sales discount from SPS,DFW Joseph Investments LLC,1708,7248.25,
ACC_REG-37067/2,598.5,06/30/2025,950,950,37067/2,GV,Invoice,Import of sales discount from SPS,DFW Joseph Investments LLC,1708,,7248.25
ACC_REG-37275/2,599,06/30/2025,974,,37275/2,GV,Invoice,Import of sales discount from SPS,Northlake Innkeepers I Ltd.,3375,40484.97,
ACC_REG-37275/2,599.5,06/30/2025,950,950,37275/2,GV,Invoice,Import of sales discount from SPS,Northlake Innkeepers I Ltd.,3375,,40484.97
ACC_REG-37277/5,600,06/30/2025,974,,37277/5,GV,Invoice,Import of sales discount from SPS,Northlake Innkeepers I Ltd.,3375,5232.70,
ACC_REG-37277/5,600.5,06/30/2025,950,950,37277/5,GV,Invoice,Import of sales discount from SPS,Northlake Innkeepers I Ltd.,3375,,5232.70
ACC_REG-37278/3,601,06/30/2025,974,,37278/3,GV,Invoice,Import of sales discount from SPS,Northlake Innkeepers I Ltd.,3375,2259.52,
ACC_REG-37278/3,601.5,06/30/2025,950,950,37278/3,GV,Invoice,Import of sales discount from SPS,Northlake Innkeepers I Ltd.,3375,,2259.52
ACC_REG-37284/3,602,06/30/2025,974,,37284/3,GV,Invoice,Import of sales discount from SPS,Northlake Innkeepers I Ltd.,3375,2892.78,
ACC_REG-37284/3,602.5,06/30/2025,950,950,37284/3,GV,Invoice,Import of sales discount from SPS,Northlake Innkeepers I Ltd.,3375,,2892.78
ACC_REG-37286,603,06/30/2025,974,,37286,GV,Invoice,Import of sales discount from SPS,Northlake Innkeepers I Ltd.,3375,168.59,
ACC_REG-37286,603.5,06/30/2025,950,950,37286,GV,Invoice,Import of sales discount from SPS,Northlake Innkeepers I Ltd.,3375,,168.59
ACC_REG-37288/7,604,06/30/2025,974,,37288/7,GV,Invoice,Import of sales discount from SPS,Northlake Innkeepers I Ltd.,3375,3872.61,
ACC_REG-37288/7,604.5,06/30/2025,950,950,37288/7,GV,Invoice,Import of sales discount from SPS,Northlake Innkeepers I Ltd.,3375,,3872.61
ACC_REG-37291/2,605,06/30/2025,974,,37291/2,GV,Invoice,Import of sales discount from SPS,Northlake Innkeepers I Ltd.,3375,2213.70,
ACC_REG-37291/2,605.5,06/30/2025,950,950,37291/2,GV,Invoice,Import of sales discount from SPS,Northlake Innkeepers I Ltd.,3375,,2213.70
ACC_REG-37591/2,606,06/30/2025,974,,37591/2,GV,Invoice,Import of sales discount from SPS,Fairfield Inn - Indianapolis,3549,1104.51,
ACC_REG-37591/2,606.5,06/30/2025,950,950,37591/2,GV,Invoice,Import of sales discount from SPS,Fairfield Inn - Indianapolis,3549,,1104.51
ACC_REG-37595/2,607,06/30/2025,974,,37595/2,GV,Invoice,Import of sales discount from SPS,Fairfield Inn - Indianapolis,3549,1030.08,
ACC_REG-37595/2,607.5,06/30/2025,950,950,37595/2,GV,Invoice,Import of sales discount from SPS,Fairfield Inn - Indianapolis,3549,,1030.08
ACC_REG-37597,608,06/30/2025,974,,37597,GV,Invoice,Import of sales discount from SPS,Fairfield Inn - Indianapolis,3549,959.21,
ACC_REG-37597,608.5,06/30/2025,950,950,37597,GV,Invoice,Import of sales discount from SPS,Fairfield Inn - Indianapolis,3549,,959.21
ACC_REG-37600,609,06/30/2025,974,,37600,GV,Invoice,Import of sales discount from SPS,Fairfield Inn - Indianapolis,3549,1003.33,
ACC_REG-37600,609.5,06/30/2025,950,950,37600,GV,Invoice,Import of sales discount from SPS,Fairfield Inn - Indianapolis,3549,,1003.33
ACC_REG-37601,610,06/30/2025,974,,37601,GV,Invoice,Import of sales discount from SPS,Fairfield Inn - Indianapolis,3549,222.16,
ACC_REG-37601,610.5,06/30/2025,950,950,37601,GV,Invoice,Import of sales discount from SPS,Fairfield Inn - Indianapolis,3549,,222.16
ACC_REG-37602/2,611,06/30/2025,974,,37602/2,GV,Invoice,Import of sales discount from SPS,Fairfield Inn - Indianapolis,3549,244.47,
ACC_REG-37602/2,611.5,06/30/2025,950,950,37602/2,GV,Invoice,Import of sales discount from SPS,Fairfield Inn - Indianapolis,3549,,244.47
ACC_REG-37603,612,06/30/2025,974,,37603,GV,Invoice,Import of sales discount from SPS,Fairfield Inn - Indianapolis,3549,462.84,
ACC_REG-37603,612.5,06/30/2025,950,950,37603,GV,Invoice,Import of sales discount from SPS,Fairfield Inn - Indianapolis,3549,,462.84
ACC_REG-37611/4,613,06/30/2025,974,,37611/4,GV,Invoice,Import of sales discount from SPS,Wingate by Wyndham Pueblo CO.,2491,1000.00,
ACC_REG-37611/4,613.5,06/30/2025,950,950,37611/4,GV,Invoice,Import of sales discount from SPS,Wingate by Wyndham Pueblo CO.,2491,,1000.00
ACC_REG-37768,614,06/30/2025,974,,37768,GV,Invoice,Import of sales discount from SPS,"Residence Inn Indianapolis,IN",2609,3978.35,
ACC_REG-37768,614.5,06/30/2025,950,950,37768,GV,Invoice,Import of sales discount from SPS,"Residence Inn Indianapolis,IN",2609,,3978.35
ACC_REG-37771,615,06/30/2025,974,,37771,GV,Invoice,Import of sales discount from SPS,"Residence Inn Indianapolis,IN",2609,1360.12,
ACC_REG-37771,615.5,06/30/2025,950,950,37771,GV,Invoice,Import of sales discount from SPS,"Residence Inn Indianapolis,IN",2609,,1360.12
ACC_REG-37772/2,616,06/30/2025,974,,37772/2,GV,Invoice,Import of sales discount from SPS,"Residence Inn Indianapolis,IN",2609,1961.10,
ACC_REG-37772/2,616.5,06/30/2025,950,950,37772/2,GV,Invoice,Import of sales discount from SPS,"Residence Inn Indianapolis,IN",2609,,1961.10
ACC_REG-37779,617,06/30/2025,974,,37779,GV,Invoice,Import of sales discount from SPS,"Residence Inn Indianapolis,IN",2609,1113.89,
ACC_REG-37779,617.5,06/30/2025,950,950,37779,GV,Invoice,Import of sales discount from SPS,"Residence Inn Indianapolis,IN",2609,,1113.89
ACC_REG-37780,618,06/30/2025,974,,37780,GV,Invoice,Import of sales discount from SPS,"Residence Inn Indianapolis,IN",2609,818.91,
ACC_REG-37780,618.5,06/30/2025,950,950,37780,GV,Invoice,Import of sales discount from SPS,"Residence Inn Indianapolis,IN",2609,,818.91
ACC_REG-37782,619,06/30/2025,974,,37782,GV,Invoice,Import of sales discount from SPS,"Residence Inn Indianapolis,IN",2609,689.38,
ACC_REG-37782,619.5,06/30/2025,950,950,37782,GV,Invoice,Import of sales discount from SPS,"Residence Inn Indianapolis,IN",2609,,689.38
ACC_REG-37785,620,06/30/2025,974,,37785,GV,Invoice,Import of sales discount from SPS,"Residence Inn Indianapolis,IN",2609,3673.54,
ACC_REG-37785,620.5,06/30/2025,950,950,37785,GV,Invoice,Import of sales discount from SPS,"Residence Inn Indianapolis,IN",2609,,3673.54
ACC_REG-37880/2,621,06/30/2025,974,,37880/2,GV,Invoice,Import of sales discount from SPS,La Quinta Inn Richmond,3150,25.01,
ACC_REG-37880/2,621.5,06/30/2025,950,950,37880/2,GV,Invoice,Import of sales discount from SPS,La Quinta Inn Richmond,3150,,25.01
ACC_REG-37914/5,622,06/30/2025,974,,37914/5,GV,Invoice,Import of sales discount from SPS,"Someshwar Motel LLC - Comfort Inn Ogallala, NE",3388,6948.10,
ACC_REG-37914/5,622.5,06/30/2025,950,950,37914/5,GV,Invoice,Import of sales discount from SPS,"Someshwar Motel LLC - Comfort Inn Ogallala, NE",3388,,6948.10
ACC_REG-37918/2,623,06/30/2025,974,,37918/2,GV,Invoice,Import of sales discount from SPS,"Someshwar Motel LLC - Comfort Inn Ogallala, NE",3388,1117.02,
ACC_REG-37918/2,623.5,06/30/2025,950,950,37918/2,GV,Invoice,Import of sales discount from SPS,"Someshwar Motel LLC - Comfort Inn Ogallala, NE",3388,,1117.02
ACC_REG-38008,624,06/30/2025,974,,38008,GV,Invoice,Import of sales discount from SPS,"Lucky Construction, Inc",2207,43.42,
ACC_REG-38008,624.5,06/30/2025,950,950,38008,GV,Invoice,Import of sales discount from SPS,"Lucky Construction, Inc",2207,,43.42
ACC_REG-38089,625,06/30/2025,974,,38089,GV,Invoice,Import of sales discount from SPS,Ramada Plaza Resort & Suites Orlando/ MIC Hotel Corp,3556,1254.32,
ACC_REG-38089,625.5,06/30/2025,950,950,38089,GV,Invoice,Import of sales discount from SPS,Ramada Plaza Resort & Suites Orlando/ MIC Hotel Corp,3556,,1254.32
ACC_REG-38093,626,06/30/2025,974,,38093,GV,Invoice,Import of sales discount from SPS,Ramada Plaza Resort & Suites Orlando/ MIC Hotel Corp,3556,6143.06,
ACC_REG-38093,626.5,06/30/2025,950,950,38093,GV,Invoice,Import of sales discount from SPS,Ramada Plaza Resort & Suites Orlando/ MIC Hotel Corp,3556,,6143.06
ACC_REG-38096/4,627,06/30/2025,974,,38096/4,GV,Invoice,Import of sales discount from SPS,Ramada Plaza Resort & Suites Orlando/ MIC Hotel Corp,3556,7955.40,
ACC_REG-38096/4,627.5,06/30/2025,950,950,38096/4,GV,Invoice,Import of sales discount from SPS,Ramada Plaza Resort & Suites Orlando/ MIC Hotel Corp,3556,,7955.40
ACC_REG-38145/2,628,06/30/2025,974,,38145/2,GV,Invoice,Import of sales discount from SPS,A-1 Clackamas LLC,1721,4833.30,
ACC_REG-38145/2,628.5,06/30/2025,950,950,38145/2,GV,Invoice,Import of sales discount from SPS,A-1 Clackamas LLC,1721,,4833.30
ACC_REG-38192,629,06/30/2025,974,,38192,GV,Invoice,Import of sales discount from SPS,LQ Hawthorne Leavenworth,3412,11.50,
ACC_REG-38192,629.5,06/30/2025,950,950,38192,GV,Invoice,Import of sales discount from SPS,LQ Hawthorne Leavenworth,3412,,11.50
ACC_REG-38193/5,630,06/30/2025,974,,38193/5,GV,Invoice,Import of sales discount from SPS,LQ Hawthorne Leavenworth,3412,297.11,
ACC_REG-38193/5,630.5,06/30/2025,950,950,38193/5,GV,Invoice,Import of sales discount from SPS,LQ Hawthorne Leavenworth,3412,,297.11
ACC_REG-38201,631,06/30/2025,974,,38201,GV,Invoice,Import of sales discount from SPS,LQ Hawthorne Leavenworth,3412,24.79,
ACC_REG-38201,631.5,06/30/2025,950,950,38201,GV,Invoice,Import of sales discount from SPS,LQ Hawthorne Leavenworth,3412,,24.79
ACC_REG-38203/7,632,06/30/2025,974,,38203/7,GV,Invoice,Import of sales discount from SPS,LQ Hawthorne Leavenworth,3412,533.85,
ACC_REG-38203/7,632.5,06/30/2025,950,950,38203/7,GV,Invoice,Import of sales discount from SPS,LQ Hawthorne Leavenworth,3412,,533.85
ACC_REG-38205,633,06/30/2025,974,,38205,GV,Invoice,Import of sales discount from SPS,LQ Hawthorne Leavenworth,3412,129.25,
ACC_REG-38205,633.5,06/30/2025,950,950,38205,GV,Invoice,Import of sales discount from SPS,LQ Hawthorne Leavenworth,3412,,129.25
ACC_REG-38207/2,634,06/30/2025,974,,38207/2,GV,Invoice,Import of sales discount from SPS,LQ Hawthorne Leavenworth,3412,157.51,
ACC_REG-38207/2,634.5,06/30/2025,950,950,38207/2,GV,Invoice,Import of sales discount from SPS,LQ Hawthorne Leavenworth,3412,,157.51
ACC_REG-38208/3,635,06/30/2025,974,,38208/3,GV,Invoice,Import of sales discount from SPS,LQ Hawthorne Leavenworth,3412,91.97,
ACC_REG-38208/3,635.5,06/30/2025,950,950,38208/3,GV,Invoice,Import of sales discount from SPS,LQ Hawthorne Leavenworth,3412,,91.97
ACC_REG-38211/2,636,06/30/2025,974,,38211/2,GV,Invoice,Import of sales discount from SPS,LQ Hawthorne Leavenworth,3412,7.45,
ACC_REG-38211/2,636.5,06/30/2025,950,950,38211/2,GV,Invoice,Import of sales discount from SPS,LQ Hawthorne Leavenworth,3412,,7.45
ACC_REG-38428/2,637,06/30/2025,974,,38428/2,GV,Invoice,Import of sales discount from SPS,"AAA Hotel Management, Inc.",3310,0.14,
ACC_REG-38428/2,637.5,06/30/2025,950,950,38428/2,GV,Invoice,Import of sales discount from SPS,"AAA Hotel Management, Inc.",3310,,0.14
ACC_REG-38443,638,06/30/2025,974,,38443,GV,Invoice,Import of sales discount from SPS,Quality Inn Del Valle,2626,700.00,
ACC_REG-38443,638.5,06/30/2025,950,950,38443,GV,Invoice,Import of sales discount from SPS,Quality Inn Del Valle,2626,,700.00
ACC_REG-38551/2,639,06/30/2025,974,,38551/2,GV,Invoice,Import of sales discount from SPS,Fairfield Inn - Indianapolis,3549,700.00,
ACC_REG-38551/2,639.5,06/30/2025,950,950,38551/2,GV,Invoice,Import of sales discount from SPS,Fairfield Inn - Indianapolis,3549,,700.00
ACC_REG-38551/2,640,06/30/2025,974,,38551/2,GV,Invoice,Import of sales discount from SPS,Fairfield Inn - Indianapolis,3549,100.00,
ACC_REG-38551/2,640.5,06/30/2025,950,950,38551/2,GV,Invoice,Import of sales discount from SPS,Fairfield Inn - Indianapolis,3549,,100.00
ACC_REG-38551/2,641,06/30/2025,974,,38551/2,GV,Invoice,Import of sales discount from SPS,Fairfield Inn - Indianapolis,3549,540.00,
ACC_REG-38551/2,641.5,06/30/2025,950,950,38551/2,GV,Invoice,Import of sales discount from SPS,Fairfield Inn - Indianapolis,3549,,540.00
ACC_REG-38551/2,642,06/30/2025,974,,38551/2,GV,Invoice,Import of sales discount from SPS,Fairfield Inn - Indianapolis,3549,540.00,
ACC_REG-38551/2,642.5,06/30/2025,950,950,38551/2,GV,Invoice,Import of sales discount from SPS,Fairfield Inn - Indianapolis,3549,,540.00
ACC_REG-38551/2,643,06/30/2025,974,,38551/2,GV,Invoice,Import of sales discount from SPS,Fairfield Inn - Indianapolis,3549,2240.00,
ACC_REG-38551/2,643.5,06/30/2025,950,950,38551/2,GV,Invoice,Import of sales discount from SPS,Fairfield Inn - Indianapolis,3549,,2240.00
ACC_REG-38551/2,644,06/30/2025,974,,38551/2,GV,Invoice,Import of sales discount from SPS,Fairfield Inn - Indianapolis,3549,2240.00,
ACC_REG-38551/2,644.5,06/30/2025,950,950,38551/2,GV,Invoice,Import of sales discount from SPS,Fairfield Inn - Indianapolis,3549,,2240.00
ACC_REG-38551/2,645,06/30/2025,974,,38551/2,GV,Invoice,Import of sales discount from SPS,Fairfield Inn - Indianapolis,3549,320.00,
ACC_REG-38551/2,645.5,06/30/2025,950,950,38551/2,GV,Invoice,Import of sales discount from SPS,Fairfield Inn - Indianapolis,3549,,320.00
ACC_REG-38551/2,646,06/30/2025,974,,38551/2,GV,Invoice,Import of sales discount from SPS,Fairfield Inn - Indianapolis,3549,320.00,
ACC_REG-38551/2,646.5,06/30/2025,950,950,38551/2,GV,Invoice,Import of sales discount from SPS,Fairfield Inn - Indianapolis,3549,,320.00
ACC_REG-38551/2,647,06/30/2025,974,,38551/2,GV,Invoice,Import of sales discount from SPS,Fairfield Inn - Indianapolis,3549,3132.12,
ACC_REG-38551/2,647.5,06/30/2025,950,950,38551/2,GV,Invoice,Import of sales discount from SPS,Fairfield Inn - Indianapolis,3549,,3132.12
ACC_REG-38551/2,648,06/30/2025,974,,38551/2,GV,Invoice,Import of sales discount from SPS,Fairfield Inn - Indianapolis,3549,230.88,
ACC_REG-38551/2,648.5,06/30/2025,950,950,38551/2,GV,Invoice,Import of sales discount from SPS,Fairfield Inn - Indianapolis,3549,,230.88
ACC_REG-38686,649,06/30/2025,974,,38686,GV,Invoice,Import of sales discount from SPS,HIGHLAND STORES LLC-CIC,2654,0.38,
ACC_REG-38686,649.5,06/30/2025,950,950,38686,GV,Invoice,Import of sales discount from SPS,HIGHLAND STORES LLC-CIC,2654,,0.38
ACC_REG-38727/2,650,06/30/2025,974,,38727/2,GV,Invoice,Import of sales discount from SPS,Chillis,2625,0.35,
ACC_REG-38727/2,650.5,06/30/2025,950,950,38727/2,GV,Invoice,Import of sales discount from SPS,Chillis,2625,,0.35
ACC_REG-38755/3,651,06/30/2025,974,,38755/3,GV,Invoice,Import of sales discount from SPS,Springhill Greensboro NC,2450,3500.00,
ACC_REG-38755/3,651.5,06/30/2025,950,950,38755/3,GV,Invoice,Import of sales discount from SPS,Springhill Greensboro NC,2450,,3500.00
ACC_REG-38841,652,06/30/2025,974,,38841,GV,Invoice,Import of sales discount from SPS,La Quinta Athens Alabama,2442,39.44,
ACC_REG-38841,652.5,06/30/2025,950,950,38841,GV,Invoice,Import of sales discount from SPS,La Quinta Athens Alabama,2442,,39.44
ACC_REG-38847,653,06/30/2025,974,,38847,GV,Invoice,Import of sales discount from SPS,Veranda Homes,2275,1384.28,
ACC_REG-38847,653.5,06/30/2025,950,950,38847,GV,Invoice,Import of sales discount from SPS,Veranda Homes,2275,,1384.28
ACC_REG-38882,654,06/30/2025,974,,38882,GV,Invoice,Import of sales discount from SPS,Mesquite Gaming,1554,803.65,
ACC_REG-38882,654.5,06/30/2025,950,950,38882,GV,Invoice,Import of sales discount from SPS,Mesquite Gaming,1554,,803.65
ACC_REG-38887,655,06/30/2025,974,,38887,GV,Invoice,Import of sales discount from SPS,LIVING STONE SUFRACE & CABNIETS,2507,286.88,
ACC_REG-38887,655.5,06/30/2025,950,950,38887,GV,Invoice,Import of sales discount from SPS,LIVING STONE SUFRACE & CABNIETS,2507,,286.88
ACC_REG-38955,656,06/30/2025,974,,38955,GV,Invoice,Import of sales discount from SPS,"Lucky Construction, Inc",2207,12.93,
ACC_REG-38955,656.5,06/30/2025,950,950,38955,GV,Invoice,Import of sales discount from SPS,"Lucky Construction, Inc",2207,,12.93
ACC_REG-38956,657,06/30/2025,974,,38956,GV,Invoice,Import of sales discount from SPS,Apple Investments LLC,453,9456.73,
ACC_REG-38956,657.5,06/30/2025,950,950,38956,GV,Invoice,Import of sales discount from SPS,Apple Investments LLC,453,,9456.73
ACC_REG-39070,658,06/30/2025,974,,39070,GV,Invoice,Import of sales discount from SPS,Hampton Inn Katy TX,3337,1285.00,
ACC_REG-39070,658.5,06/30/2025,950,950,39070,GV,Invoice,Import of sales discount from SPS,Hampton Inn Katy TX,3337,,1285.00
ACC_REG-39075,659,06/30/2025,974,,39075,GV,Invoice,Import of sales discount from SPS,Fairfield Denver,3331,10255.34,
ACC_REG-39075,659.5,06/30/2025,950,950,39075,GV,Invoice,Import of sales discount from SPS,Fairfield Denver,3331,,10255.34
ACC_REG-35518,660,07/01/2025,974,,35518,GV,Invoice,Import of sales discount from SPS,Hampton Downtown Montgomery,2761,1438.21,
ACC_REG-35518,660.5,07/01/2025,950,950,35518,GV,Invoice,Import of sales discount from SPS,Hampton Downtown Montgomery,2761,,1438.21
ACC_REG-37579/3,661,07/01/2025,974,,37579/3,GV,Invoice,Import of sales discount from SPS,Fairfield Townplace East Hartford,3335,2415.84,
ACC_REG-37579/3,661.5,07/01/2025,950,950,37579/3,GV,Invoice,Import of sales discount from SPS,Fairfield Townplace East Hartford,3335,,2415.84
ACC_REG-37579/3,662,07/01/2025,974,,37579/3,GV,Invoice,Import of sales discount from SPS,Fairfield Townplace East Hartford,3335,6369.03,
ACC_REG-37579/3,662.5,07/01/2025,950,950,37579/3,GV,Invoice,Import of sales discount from SPS,Fairfield Townplace East Hartford,3335,,6369.03
ACC_REG-37579/3,663,07/01/2025,974,,37579/3,GV,Invoice,Import of sales discount from SPS,Fairfield Townplace East Hartford,3335,3598.47,
ACC_REG-37579/3,663.5,07/01/2025,950,950,37579/3,GV,Invoice,Import of sales discount from SPS,Fairfield Townplace East Hartford,3335,,3598.47
ACC_REG-37579/3,664,07/01/2025,974,,37579/3,GV,Invoice,Import of sales discount from SPS,Fairfield Townplace East Hartford,3335,1104.95,
ACC_REG-37579/3,664.5,07/01/2025,950,950,37579/3,GV,Invoice,Import of sales discount from SPS,Fairfield Townplace East Hartford,3335,,1104.95
ACC_REG-37579/3,665,07/01/2025,974,,37579/3,GV,Invoice,Import of sales discount from SPS,Fairfield Townplace East Hartford,3335,2214.32,
ACC_REG-37579/3,665.5,07/01/2025,950,950,37579/3,GV,Invoice,Import of sales discount from SPS,Fairfield Townplace East Hartford,3335,,2214.32
ACC_REG-38187,666,07/08/2025,974,,38187,GV,Invoice,Import of sales discount from SPS,LQ Hawthorne Leavenworth,3412,48.74,
ACC_REG-38187,666.5,07/08/2025,950,950,38187,GV,Invoice,Import of sales discount from SPS,LQ Hawthorne Leavenworth,3412,,48.74
ACC_REG-38196,667,07/08/2025,974,,38196,GV,Invoice,Import of sales discount from SPS,LQ Hawthorne Leavenworth,3412,105.88,
ACC_REG-38196,667.5,07/08/2025,950,950,38196,GV,Invoice,Import of sales discount from SPS,LQ Hawthorne Leavenworth,3412,,105.88
ACC_REG-36580/2,668,07/14/2025,974,,36580/2,GV,Invoice,Import of sales discount from SPS,Prince Preferred Hotels,649,1247.18,
ACC_REG-36580/2,668.5,07/14/2025,950,950,36580/2,GV,Invoice,Import of sales discount from SPS,Prince Preferred Hotels,649,,1247.18
ACC_REG-36582/2,669,07/14/2025,974,,36582/2,GV,Invoice,Import of sales discount from SPS,Prince Preferred Hotels,649,2413.99,
ACC_REG-36582/2,669.5,07/14/2025,950,950,36582/2,GV,Invoice,Import of sales discount from SPS,Prince Preferred Hotels,649,,2413.99
ACC_REG-36729,670,07/31/2025,974,,36729,GV,Invoice,Import of sales discount from SPS,"ELEMENT FORTSMITH, ARKANSAS",3330,190.55,
ACC_REG-36729,670.5,07/31/2025,950,950,36729,GV,Invoice,Import of sales discount from SPS,"ELEMENT FORTSMITH, ARKANSAS",3330,,190.55
ACC_REG-37682,671,07/31/2025,974,,37682,GV,Invoice,Import of sales discount from SPS,Ascent Residence inn Montgomery,3320,3007.99,
ACC_REG-37682,671.5,07/31/2025,950,950,37682,GV,Invoice,Import of sales discount from SPS,Ascent Residence inn Montgomery,3320,,3007.99
ACC_REG-38362,672,07/31/2025,974,,38362,GV,Invoice,Import of sales discount from SPS,Ascent Hospitality- Autograph Huntsville,3318,13235.64,
ACC_REG-38362,672.5,07/31/2025,950,950,38362,GV,Invoice,Import of sales discount from SPS,Ascent Hospitality- Autograph Huntsville,3318,,13235.64
ACC_REG-38623,673,07/31/2025,974,,38623,GV,Invoice,Import of sales discount from SPS,Trylon LLC/ RJ Construction LTD,1688,8162.00,
ACC_REG-38623,673.5,07/31/2025,950,950,38623,GV,Invoice,Import of sales discount from SPS,Trylon LLC/ RJ Construction LTD,1688,,8162.00
ACC_REG-37687,674,08/07/2025,974,,37687,GV,Invoice,Import of sales discount from SPS,Ascent Residence inn Montgomery,3320,64.33,
ACC_REG-37687,674.5,08/07/2025,950,950,37687,GV,Invoice,Import of sales discount from SPS,Ascent Residence inn Montgomery,3320,,64.33
ACC_REG-37690/2,675,08/12/2025,974,,37690/2,GV,Invoice,Import of sales discount from SPS,Ascent Residence inn Montgomery,3320,2725.03,
ACC_REG-37690/2,675.5,08/12/2025,950,950,37690/2,GV,Invoice,Import of sales discount from SPS,Ascent Residence inn Montgomery,3320,,2725.03
ACC_REG-38204/2,676,08/13/2025,974,,38204/2,GV,Invoice,Import of sales discount from SPS,LQ Hawthorne Leavenworth,3412,30.05,
ACC_REG-38204/2,676.5,08/13/2025,950,950,38204/2,GV,Invoice,Import of sales discount from SPS,LQ Hawthorne Leavenworth,3412,,30.05
ACC_REG-36556/3,677,08/29/2025,974,,36556/3,GV,Invoice,Import of sales discount from SPS,LaQuinta Inn Pharr TX,3365,96.63,
ACC_REG-36556/3,677.5,08/29/2025,950,950,36556/3,GV,Invoice,Import of sales discount from SPS,LaQuinta Inn Pharr TX,3365,,96.63
ACC_REG-37756/4,678,08/29/2025,974,,37756/4,GV,Invoice,Import of sales discount from SPS,La Quinta San Antonio 1,2618,324.08,
ACC_REG-37756/4,678.5,08/29/2025,950,950,37756/4,GV,Invoice,Import of sales discount from SPS,La Quinta San Antonio 1,2618,,324.08
ACC_REG-38185,679,08/29/2025,974,,38185,GV,Invoice,Import of sales discount from SPS,LQ Hawthorne Leavenworth,3412,268.03,
ACC_REG-38185,679.5,08/29/2025,950,950,38185,GV,Invoice,Import of sales discount from SPS,LQ Hawthorne Leavenworth,3412,,268.03
ACC_REG-38199,680,08/29/2025,974,,38199,GV,Invoice,Import of sales discount from SPS,LQ Hawthorne Leavenworth,3412,319.34,
ACC_REG-38199,680.5,08/29/2025,950,950,38199,GV,Invoice,Import of sales discount from SPS,LQ Hawthorne Leavenworth,3412,,319.34
ACC_REG-38206/2,681,08/29/2025,974,,38206/2,GV,Invoice,Import of sales discount from SPS,LQ Hawthorne Leavenworth,3412,253.47,
ACC_REG-38206/2,681.5,08/29/2025,950,950,38206/2,GV,Invoice,Import of sales discount from SPS,LQ Hawthorne Leavenworth,3412,,253.47
ACC_REG-38637/3,682,08/30/2025,974,,38637/3,GV,Invoice,Import of sales discount from SPS,Hampton Inn Nashville,3338,1443.90,
ACC_REG-38637/3,682.5,08/30/2025,950,950,38637/3,GV,Invoice,Import of sales discount from SPS,Hampton Inn Nashville,3338,,1443.90
ACC_REG-38806,683,08/30/2025,974,,38806,GV,Invoice,Import of sales discount from SPS,MCP Group,596,4715.18,
ACC_REG-38806,683.5,08/30/2025,950,950,38806,GV,Invoice,Import of sales discount from SPS,MCP Group,596,,4715.18
ACC_REG-38996,684,08/30/2025,974,,38996,GV,Invoice,Import of sales discount from SPS,La Quinta Athens Alabama,2442,5.15,
ACC_REG-38996,684.5,08/30/2025,950,950,38996,GV,Invoice,Import of sales discount from SPS,La Quinta Athens Alabama,2442,,5.15
ACC_REG-33443/5,685,08/31/2025,974,,33443/5,GV,Invoice,Import of sales discount from SPS,Watermark Commercial Contractors LLC,3398,322.57,
ACC_REG-33443/5,685.5,08/31/2025,950,950,33443/5,GV,Invoice,Import of sales discount from SPS,Watermark Commercial Contractors LLC,3398,,322.57
ACC_REG-33991/3,686,08/31/2025,974,,33991/3,GV,Invoice,Import of sales discount from SPS,Watermark Commercial Contractors LLC,3398,15.00,
ACC_REG-33991/3,686.5,08/31/2025,950,950,33991/3,GV,Invoice,Import of sales discount from SPS,Watermark Commercial Contractors LLC,3398,,15.00
ACC_REG-34012/2,687,08/31/2025,974,,34012/2,GV,Invoice,Import of sales discount from SPS,"La Quinta, Anaheim CA",3361,2886.88,
ACC_REG-34012/2,687.5,08/31/2025,950,950,34012/2,GV,Invoice,Import of sales discount from SPS,"La Quinta, Anaheim CA",3361,,2886.88
ACC_REG-35494/3,688,08/31/2025,974,,35494/3,GV,Invoice,Import of sales discount from SPS,"Krushiker Hospitality Group, Inc/ Homewood Suites- Fayetteville, AR",3542,0.03,
ACC_REG-35494/3,688.5,08/31/2025,950,950,35494/3,GV,Invoice,Import of sales discount from SPS,"Krushiker Hospitality Group, Inc/ Homewood Suites- Fayetteville, AR",3542,,0.03
ACC_REG-35530/2,689,08/31/2025,974,,35530/2,GV,Invoice,Import of sales discount from SPS,Wingate Owensboro_KY,3400,3617.54,
ACC_REG-35530/2,689.5,08/31/2025,950,950,35530/2,GV,Invoice,Import of sales discount from SPS,Wingate Owensboro_KY,3400,,3617.54
ACC_REG-36718/3,690,08/31/2025,974,,36718/3,GV,Invoice,Import of sales discount from SPS,"ELEMENT FORTSMITH, ARKANSAS",3330,832.48,
ACC_REG-36718/3,690.5,08/31/2025,950,950,36718/3,GV,Invoice,Import of sales discount from SPS,"ELEMENT FORTSMITH, ARKANSAS",3330,,832.48
ACC_REG-37354,691,08/31/2025,974,,37354,GV,Invoice,Import of sales discount from SPS,Goodall Distributors,544,232.54,
ACC_REG-37354,691.5,08/31/2025,950,950,37354,GV,Invoice,Import of sales discount from SPS,Goodall Distributors,544,,232.54
ACC_REG-37776,692,08/31/2025,974,,37776,GV,Invoice,Import of sales discount from SPS,"Residence Inn Indianapolis,IN",2609,46.34,
ACC_REG-37776,692.5,08/31/2025,950,950,37776,GV,Invoice,Import of sales discount from SPS,"Residence Inn Indianapolis,IN",2609,,46.34
ACC_REG-38215,693,08/31/2025,974,,38215,GV,Invoice,Import of sales discount from SPS,Installations plus,1555,1.26,
ACC_REG-38215,693.5,08/31/2025,950,950,38215,GV,Invoice,Import of sales discount from SPS,Installations plus,1555,,1.26
ACC_REG-38577/4,694,08/31/2025,974,,38577/4,GV,Invoice,Import of sales discount from SPS,Mesquite Gaming,1554,498.55,
ACC_REG-38577/4,694.5,08/31/2025,950,950,38577/4,GV,Invoice,Import of sales discount from SPS,Mesquite Gaming,1554,,498.55
ACC_REG-38677/2,695,08/31/2025,974,,38677/2,GV,Invoice,Import of sales discount from SPS,HB Ca,2593,4725.28,
ACC_REG-38677/2,695.5,08/31/2025,950,950,38677/2,GV,Invoice,Import of sales discount from SPS,HB Ca,2593,,4725.28
ACC_REG-38800,696,08/31/2025,974,,38800,GV,Invoice,Import of sales discount from SPS,SSC Construction,2415,592.50,
ACC_REG-38800,696.5,08/31/2025,950,950,38800,GV,Invoice,Import of sales discount from SPS,SSC Construction,2415,,592.50
ACC_REG-38803,697,08/31/2025,974,,38803,GV,Invoice,Import of sales discount from SPS,"La Quinta Inn & Suites-Mansfield, OH",2349,291.74,
ACC_REG-38803,697.5,08/31/2025,950,950,38803,GV,Invoice,Import of sales discount from SPS,"La Quinta Inn & Suites-Mansfield, OH",2349,,291.74
ACC_REG-38809,698,08/31/2025,974,,38809,GV,Invoice,Import of sales discount from SPS,Homewood Suites Fayetteville,2330,1028.00,
ACC_REG-38809,698.5,08/31/2025,950,950,38809,GV,Invoice,Import of sales discount from SPS,Homewood Suites Fayetteville,2330,,1028.00
ACC_REG-38820,699,08/31/2025,974,,38820,GV,Invoice,Import of sales discount from SPS,Iannacone Residence,2347,20000.00,
ACC_REG-38820,699.5,08/31/2025,950,950,38820,GV,Invoice,Import of sales discount from SPS,Iannacone Residence,2347,,20000.00
ACC_REG-38820,700,08/31/2025,974,,38820,GV,Invoice,Import of sales discount from SPS,Iannacone Residence,2347,5120.13,
ACC_REG-38820,700.5,08/31/2025,950,950,38820,GV,Invoice,Import of sales discount from SPS,Iannacone Residence,2347,,5120.13
ACC_REG-38853,701,08/31/2025,974,,38853,GV,Invoice,Import of sales discount from SPS,"L Peters Construction, Inc.",2524,0.31,
ACC_REG-38853,701.5,08/31/2025,950,950,38853,GV,Invoice,Import of sales discount from SPS,"L Peters Construction, Inc.",2524,,0.31
ACC_REG-38854,702,08/31/2025,974,,38854,GV,Invoice,Import of sales discount from SPS,Days Inn in Georgetown,2441,2000.00,
ACC_REG-38854,702.5,08/31/2025,950,950,38854,GV,Invoice,Import of sales discount from SPS,Days Inn in Georgetown,2441,,2000.00
ACC_REG-38854,703,08/31/2025,974,,38854,GV,Invoice,Import of sales discount from SPS,Days Inn in Georgetown,2441,2598.75,
ACC_REG-38854,703.5,08/31/2025,950,950,38854,GV,Invoice,Import of sales discount from SPS,Days Inn in Georgetown,2441,,2598.75
ACC_REG-38856,704,08/31/2025,974,,38856,GV,Invoice,Import of sales discount from SPS,Soma construction,2306,60.75,
ACC_REG-38856,704.5,08/31/2025,950,950,38856,GV,Invoice,Import of sales discount from SPS,Soma construction,2306,,60.75
ACC_REG-38911,705,08/31/2025,974,,38911,GV,Invoice,Import of sales discount from SPS,Treco Enterprises Inc.,2185,59.40,
ACC_REG-38911,705.5,08/31/2025,950,950,38911,GV,Invoice,Import of sales discount from SPS,Treco Enterprises Inc.,2185,,59.40
ACC_REG-38957,706,08/31/2025,974,,38957,GV,Invoice,Import of sales discount from SPS,Total Floors,2210,38.45,
ACC_REG-38957,706.5,08/31/2025,950,950,38957,GV,Invoice,Import of sales discount from SPS,Total Floors,2210,,38.45
ACC_REG-38997,707,08/31/2025,974,,38997,GV,Invoice,Import of sales discount from SPS,La Quinta Athens Alabama,2442,48.29,
ACC_REG-38997,707.5,08/31/2025,950,950,38997,GV,Invoice,Import of sales discount from SPS,La Quinta Athens Alabama,2442,,48.29
ACC_REG-39077/2,708,08/31/2025,974,,39077/2,GV,Invoice,Import of sales discount from SPS,Mesquite Gaming,1554,20.00,
ACC_REG-39077/2,708.5,08/31/2025,950,950,39077/2,GV,Invoice,Import of sales discount from SPS,Mesquite Gaming,1554,,20.00
ACC_REG-39092,709,08/31/2025,974,,39092,GV,Invoice,Import of sales discount from SPS,AJA Investments LLC/ Wyndham Lake Charles,3553,0.01,
ACC_REG-39092,709.5,08/31/2025,950,950,39092,GV,Invoice,Import of sales discount from SPS,AJA Investments LLC/ Wyndham Lake Charles,3553,,0.01
ACC_REG-39098,710,08/31/2025,974,,39098,GV,Invoice,Import of sales discount from SPS,"ELEMENT FORTSMITH, ARKANSAS",3330,0.01,
ACC_REG-39098,710.5,08/31/2025,950,950,39098,GV,Invoice,Import of sales discount from SPS,"ELEMENT FORTSMITH, ARKANSAS",3330,,0.01
ACC_REG-39111,711,08/31/2025,974,,39111,GV,Invoice,Import of sales discount from SPS,"La Quinta Hawthorn - Miamisburg, OH",3358,0.05,
ACC_REG-39111,711.5,08/31/2025,950,950,39111,GV,Invoice,Import of sales discount from SPS,"La Quinta Hawthorn - Miamisburg, OH",3358,,0.05
ACC_REG-39114,712,08/31/2025,974,,39114,GV,Invoice,Import of sales discount from SPS,LA QUINTA SHONTO AZ,3360,0.02,
ACC_REG-39114,712.5,08/31/2025,950,950,39114,GV,Invoice,Import of sales discount from SPS,LA QUINTA SHONTO AZ,3360,,0.02
