External ID,Item ID,Item,Invoice ID/Reference,Length,Vendor ID,Vendor Name,Date,Amount,Subsidiary Id,Subsidiary,Memo,Account,Memo,Location,Bin,Bin ID,SERIAL/LOT NUMBER
NSOPENBALBILL006,40391,cogs,20250630,8,42,"AGM Tools, Inc.",06/30/2025,67216.35,3,Graniti Vicentia LLC,Import SPS data by Invoice in NetSuite,A20001,Import SPS data by Invoice in NetSuite,2,CW-001,17,1001
NSOPENBALBILL009,40391,cogs,KV20230920P01,13,48,Aluguard,02/14/2024,25293.62,3,Graniti Vicentia LLC,Import SPS data by Invoice in NetSuite,A20001,Import SPS data by Invoice in NetSuite,2,CW-001,17,1002
NSOPENBALBILL010,40391,cogs,KV20230922P1,12,48,Aluguard,02/14/2024,6737.68,3,Graniti Vicentia LLC,Import SPS data by Invoice in NetSuite,A20001,Import SPS data by Invoice in NetSuite,2,CW-001,17,1003
NSOPENBALBILL011,40391,cogs,KV20231207P02,13,48,Aluguard,02/14/2024,723.70,3,Graniti Vicentia LLC,Import SPS data by Invoice in NetSuite,A20001,Import SPS data by Invoice in NetSuite,2,CW-001,17,1004
NSOPENBALBILL012,40391,cogs,KV20240508P01,13,48,Aluguard,06/01/2024,1043.00,3,Graniti Vicentia LLC,Import SPS data by Invoice in NetSuite,A20001,Import SPS data by Invoice in NetSuite,2,CW-001,17,1005
NSOPENBALBILL013,40391,cogs,KV20231220P01,13,48,Aluguard,02/12/2025,1.19,3,Graniti Vicentia LLC,Import SPS data by Invoice in NetSuite,A20001,Import SPS data by Invoice in NetSuite,2,CW-001,17,1006
NSOPENBALBILL031,40391,cogs,1-2025,5,52,ANIDRIDEDESIGN,03/09/2025,45000.00,3,Graniti Vicentia LLC,Import SPS data by Invoice in NetSuite,A20001,Import SPS data by Invoice in NetSuite,2,CW-001,17,1007
NSOPENBALBILL032,40391,cogs,43422-Invoice,13,2359,"Art is Love, LLC / Interia Hospitality",06/30/2025,8.40,3,Graniti Vicentia LLC,Import SPS data by Invoice in NetSuite,A20001,Import SPS data by Invoice in NetSuite,2,CW-001,17,1008
NSOPENBALBILL052,40391,cogs,240412USA-254,13,1233,"Beijing Topli Decorative Materials Co., LTD",06/14/2024,217.11,3,Graniti Vicentia LLC,Import SPS data by Invoice in NetSuite,A20001,Import SPS data by Invoice in NetSuite,2,CW-001,17,1009
NSOPENBALBILL053,40391,cogs,240919USA-714,13,1233,"Beijing Topli Decorative Materials Co., LTD",10/01/2024,240.00,3,Graniti Vicentia LLC,Import SPS data by Invoice in NetSuite,A20001,Import SPS data by Invoice in NetSuite,2,CW-001,17,1010
NSOPENBALBILL054,40391,cogs,240923USA-725,13,1233,"Beijing Topli Decorative Materials Co., LTD",10/01/2024,260.00,3,Graniti Vicentia LLC,Import SPS data by Invoice in NetSuite,A20001,Import SPS data by Invoice in NetSuite,2,CW-001,17,1011
NSOPENBALBILL055,40391,cogs,241024USA-832,13,1233,"Beijing Topli Decorative Materials Co., LTD",11/01/2024,9.86,3,Graniti Vicentia LLC,Import SPS data by Invoice in NetSuite,A20001,Import SPS data by Invoice in NetSuite,2,CW-001,17,1012
NSOPENBALBILL056,40391,cogs,241024USA-836,13,1233,"Beijing Topli Decorative Materials Co., LTD",11/01/2024,2381.39,3,Graniti Vicentia LLC,Import SPS data by Invoice in NetSuite,A20001,Import SPS data by Invoice in NetSuite,2,CW-001,17,1013
NSOPENBALBILL057,40391,cogs,241115USA-919,13,1233,"Beijing Topli Decorative Materials Co., LTD",11/15/2024,1478.00,3,Graniti Vicentia LLC,Import SPS data by Invoice in NetSuite,A20001,Import SPS data by Invoice in NetSuite,2,CW-001,17,1014
NSOPENBALBILL058,40391,cogs,241120USA-938,13,1233,"Beijing Topli Decorative Materials Co., LTD",11/20/2024,2763.97,3,Graniti Vicentia LLC,Import SPS data by Invoice in NetSuite,A20001,Import SPS data by Invoice in NetSuite,2,CW-001,17,1015
NSOPENBALBILL059,40391,cogs,241115USA-925,13,1233,"Beijing Topli Decorative Materials Co., LTD",12/01/2024,589.41,3,Graniti Vicentia LLC,Import SPS data by Invoice in NetSuite,A20001,Import SPS data by Invoice in NetSuite,2,CW-001,17,1016
NSOPENBALBILL060,40391,cogs,250331USA-225,13,1233,"Beijing Topli Decorative Materials Co., LTD",03/31/2025,6700.08,3,Graniti Vicentia LLC,Import SPS data by Invoice in NetSuite,A20001,Import SPS data by Invoice in NetSuite,2,CW-001,17,1017
NSOPENBALBILL061,40391,cogs,W-0409,6,1233,"Beijing Topli Decorative Materials Co., LTD",04/09/2025,-29627.25,3,Graniti Vicentia LLC,Import SPS data by Invoice in NetSuite,A20001,Import SPS data by Invoice in NetSuite,2,CW-001,17,1018
NSOPENBALBILL062,40391,cogs,250605USA-411,13,1233,"Beijing Topli Decorative Materials Co., LTD",06/05/2025,381.36,3,Graniti Vicentia LLC,Import SPS data by Invoice in NetSuite,A20001,Import SPS data by Invoice in NetSuite,2,CW-001,17,1019
NSOPENBALBILL068,40391,cogs,GV2024101,9,1237,"Cambodian Zulite Stone Co., Ltd.",01/01/2025,0.01,3,Graniti Vicentia LLC,Import SPS data by Invoice in NetSuite,A20001,Import SPS data by Invoice in NetSuite,2,CW-001,17,1020
NSOPENBALBILL069,40391,cogs,GV2024001,9,1237,"Cambodian Zulite Stone Co., Ltd.",04/01/2025,58501.75,3,Graniti Vicentia LLC,Import SPS data by Invoice in NetSuite,A20001,Import SPS data by Invoice in NetSuite,2,CW-001,17,1021
NSOPENBALBILL070,40391,cogs,GV2024100-Balance,17,1237,"Cambodian Zulite Stone Co., Ltd.",04/03/2025,3820.32,3,Graniti Vicentia LLC,Import SPS data by Invoice in NetSuite,A20001,Import SPS data by Invoice in NetSuite,2,CW-001,17,1022
NSOPENBALBILL071,40391,cogs,GV2025003-Balance,17,1237,"Cambodian Zulite Stone Co., Ltd.",04/03/2025,5805.00,3,Graniti Vicentia LLC,Import SPS data by Invoice in NetSuite,A20001,Import SPS data by Invoice in NetSuite,2,CW-001,17,1023
NSOPENBALBILL072,40391,cogs,GV2025007,9,1237,"Cambodian Zulite Stone Co., Ltd.",04/03/2025,6106.03,3,Graniti Vicentia LLC,Import SPS data by Invoice in NetSuite,A20001,Import SPS data by Invoice in NetSuite,2,CW-001,17,1024
NSOPENBALBILL073,40391,cogs,GV2025009,9,1237,"Cambodian Zulite Stone Co., Ltd.",04/03/2025,17005.63,3,Graniti Vicentia LLC,Import SPS data by Invoice in NetSuite,A20001,Import SPS data by Invoice in NetSuite,2,CW-001,17,1025
NSOPENBALBILL074,40391,cogs,GV2025010,9,1237,"Cambodian Zulite Stone Co., Ltd.",04/03/2025,9861.86,3,Graniti Vicentia LLC,Import SPS data by Invoice in NetSuite,A20001,Import SPS data by Invoice in NetSuite,2,CW-001,17,1026
NSOPENBALBILL075,40391,cogs,GV2025011,9,1237,"Cambodian Zulite Stone Co., Ltd.",04/03/2025,12713.89,3,Graniti Vicentia LLC,Import SPS data by Invoice in NetSuite,A20001,Import SPS data by Invoice in NetSuite,2,CW-001,17,1027
NSOPENBALBILL076,40391,cogs,GV2025008,9,1237,"Cambodian Zulite Stone Co., Ltd.",04/06/2025,24828.74,3,Graniti Vicentia LLC,Import SPS data by Invoice in NetSuite,A20001,Import SPS data by Invoice in NetSuite,2,CW-001,17,1028
NSOPENBALBILL077,40391,cogs,GV2025014,9,1237,"Cambodian Zulite Stone Co., Ltd.",04/14/2025,7942.62,3,Graniti Vicentia LLC,Import SPS data by Invoice in NetSuite,A20001,Import SPS data by Invoice in NetSuite,2,CW-001,17,1029
NSOPENBALBILL078,40391,cogs,GV2025012-1&2,13,1237,"Cambodian Zulite Stone Co., Ltd.",04/19/2025,70855.65,3,Graniti Vicentia LLC,Import SPS data by Invoice in NetSuite,A20001,Import SPS data by Invoice in NetSuite,2,CW-001,17,1030
NSOPENBALBILL079,40391,cogs,GV2025012-3&4,13,1237,"Cambodian Zulite Stone Co., Ltd.",05/17/2025,95584.70,3,Graniti Vicentia LLC,Import SPS data by Invoice in NetSuite,A20001,Import SPS data by Invoice in NetSuite,2,CW-001,17,1031
NSOPENBALBILL080,40391,cogs,GV2025013,9,1237,"Cambodian Zulite Stone Co., Ltd.",06/01/2025,7741.34,3,Graniti Vicentia LLC,Import SPS data by Invoice in NetSuite,A20001,Import SPS data by Invoice in NetSuite,2,CW-001,17,1032
NSOPENBALBILL081,40391,cogs,GV2025017,9,1237,"Cambodian Zulite Stone Co., Ltd.",06/01/2025,2354.56,3,Graniti Vicentia LLC,Import SPS data by Invoice in NetSuite,A20001,Import SPS data by Invoice in NetSuite,2,CW-001,17,1033
NSOPENBALBILL082,40391,cogs,GV2025019,9,1237,"Cambodian Zulite Stone Co., Ltd.",06/01/2025,4876.07,3,Graniti Vicentia LLC,Import SPS data by Invoice in NetSuite,A20001,Import SPS data by Invoice in NetSuite,2,CW-001,17,1034
NSOPENBALBILL088,40391,cogs,112294,6,1244,Easy Stones,05/21/2025,1776.70,3,Graniti Vicentia LLC,Import SPS data by Invoice in NetSuite,A20001,Import SPS data by Invoice in NetSuite,2,CW-001,17,1035
NSOPENBALBILL089,40391,cogs,112662,6,1244,Easy Stones,05/27/2025,2100.57,3,Graniti Vicentia LLC,Import SPS data by Invoice in NetSuite,A20001,Import SPS data by Invoice in NetSuite,2,CW-001,17,1036
NSOPENBALBILL090,40391,cogs,112673,6,1244,Easy Stones,06/03/2025,5251.42,3,Graniti Vicentia LLC,Import SPS data by Invoice in NetSuite,A20001,Import SPS data by Invoice in NetSuite,2,CW-001,17,1037
NSOPENBALBILL091,40391,cogs,W-0530,6,2660,F.B. STONES S.R.L.,05/30/2025,-19276.89,3,Graniti Vicentia LLC,Import SPS data by Invoice in NetSuite,A20001,Import SPS data by Invoice in NetSuite,2,CW-001,17,1038
NSOPENBALBILL100,40391,cogs,INV24801,8,2289,Fil Doux Textiles,06/20/2025,37.49,3,Graniti Vicentia LLC,Import SPS data by Invoice in NetSuite,A20001,Import SPS data by Invoice in NetSuite,2,CW-001,17,1039
NSOPENBALBILL101,40391,cogs,20240524,8,1252,FPD SHPK,05/24/2024,2192.40,3,Graniti Vicentia LLC,Import SPS data by Invoice in NetSuite,A20001,Import SPS data by Invoice in NetSuite,2,CW-001,17,1040
NSOPENBALBILL102,40391,cogs,26919 - Invoice,15,1252,FPD SHPK,06/30/2025,27074.77,3,Graniti Vicentia LLC,Import SPS data by Invoice in NetSuite,A20001,Import SPS data by Invoice in NetSuite,2,CW-001,17,1041
NSOPENBALBILL103,40391,cogs,2022-FE-0000488,15,1253,GIBAM SHOPS SPA,10/13/2022,15010.14,3,Graniti Vicentia LLC,Import SPS data by Invoice in NetSuite,A20001,Import SPS data by Invoice in NetSuite,2,CW-001,17,1042
NSOPENBALBILL104,40391,cogs,2022-FE-0000590,15,1253,GIBAM SHOPS SPA,12/23/2022,353.77,3,Graniti Vicentia LLC,Import SPS data by Invoice in NetSuite,A20001,Import SPS data by Invoice in NetSuite,2,CW-001,17,1043
NSOPENBALBILL105,40391,cogs,"215, 216, 217, 218",18,1253,GIBAM SHOPS SPA,05/06/2023,3763.20,3,Graniti Vicentia LLC,Import SPS data by Invoice in NetSuite,A20001,Import SPS data by Invoice in NetSuite,2,CW-001,17,1044
NSOPENBALBILL107,40391,cogs,2023-FE-0000289,15,1253,GIBAM SHOPS SPA,07/26/2023,77.36,3,Graniti Vicentia LLC,Import SPS data by Invoice in NetSuite,A20001,Import SPS data by Invoice in NetSuite,2,CW-001,17,1045
NSOPENBALBILL108,40391,cogs,2023-FE-0000325,15,1253,GIBAM SHOPS SPA,08/04/2023,76.52,3,Graniti Vicentia LLC,Import SPS data by Invoice in NetSuite,A20001,Import SPS data by Invoice in NetSuite,2,CW-001,17,1046
NSOPENBALBILL109,40391,cogs,"335, 342, 374, 550",18,1253,GIBAM SHOPS SPA,09/29/2023,4370.13,3,Graniti Vicentia LLC,Import SPS data by Invoice in NetSuite,A20001,Import SPS data by Invoice in NetSuite,2,CW-001,17,1047
NSOPENBALBILL111,40391,cogs,"337, 343, 376, 552",18,1253,GIBAM SHOPS SPA,09/29/2023,2121.17,3,Graniti Vicentia LLC,Import SPS data by Invoice in NetSuite,A20001,Import SPS data by Invoice in NetSuite,2,CW-001,17,1048
NSOPENBALBILL112,40391,cogs,2023-FE-0000353,15,1253,GIBAM SHOPS SPA,10/05/2023,113.05,3,Graniti Vicentia LLC,Import SPS data by Invoice in NetSuite,A20001,Import SPS data by Invoice in NetSuite,2,CW-001,17,1049
NSOPENBALBILL113,40391,cogs,"357, 358, 359",13,1253,GIBAM SHOPS SPA,10/17/2023,28363.48,3,Graniti Vicentia LLC,Import SPS data by Invoice in NetSuite,A20001,Import SPS data by Invoice in NetSuite,2,CW-001,17,1050
NSOPENBALBILL114,40391,cogs,2023-FE-0000360,15,1253,GIBAM SHOPS SPA,10/19/2023,2026.26,3,Graniti Vicentia LLC,Import SPS data by Invoice in NetSuite,A20001,Import SPS data by Invoice in NetSuite,2,CW-001,17,1051
NSOPENBALBILL115,40391,cogs,2023-FE-0000361,15,1253,GIBAM SHOPS SPA,10/19/2023,8549.34,3,Graniti Vicentia LLC,Import SPS data by Invoice in NetSuite,A20001,Import SPS data by Invoice in NetSuite,2,CW-001,17,1052
NSOPENBALBILL116,40391,cogs,2023-FE-0000362,15,1253,GIBAM SHOPS SPA,10/19/2023,474.15,3,Graniti Vicentia LLC,Import SPS data by Invoice in NetSuite,A20001,Import SPS data by Invoice in NetSuite,2,CW-001,17,1053
NSOPENBALBILL117,40391,cogs,2023-FE-0000363,15,1253,GIBAM SHOPS SPA,10/19/2023,499.63,3,Graniti Vicentia LLC,Import SPS data by Invoice in NetSuite,A20001,Import SPS data by Invoice in NetSuite,2,CW-001,17,1054
NSOPENBALBILL118,40391,cogs,2023-FE-0000371,15,1253,GIBAM SHOPS SPA,10/24/2023,1315.54,3,Graniti Vicentia LLC,Import SPS data by Invoice in NetSuite,A20001,Import SPS data by Invoice in NetSuite,2,CW-001,17,1055
NSOPENBALBILL119,40391,cogs,2023-FE-0000373,15,1253,GIBAM SHOPS SPA,10/26/2023,617.38,3,Graniti Vicentia LLC,Import SPS data by Invoice in NetSuite,A20001,Import SPS data by Invoice in NetSuite,2,CW-001,17,1056
NSOPENBALBILL121,40391,cogs,2023-FE-0000394,15,1253,GIBAM SHOPS SPA,11/02/2023,98.70,3,Graniti Vicentia LLC,Import SPS data by Invoice in NetSuite,A20001,Import SPS data by Invoice in NetSuite,2,CW-001,17,1057
NSOPENBALBILL122,40391,cogs,2023-FE-0000395,15,1253,GIBAM SHOPS SPA,11/02/2023,128.39,3,Graniti Vicentia LLC,Import SPS data by Invoice in NetSuite,A20001,Import SPS data by Invoice in NetSuite,2,CW-001,17,1058
NSOPENBALBILL123,40391,cogs,2023-FE-0000396,15,1253,GIBAM SHOPS SPA,11/02/2023,105.42,3,Graniti Vicentia LLC,Import SPS data by Invoice in NetSuite,A20001,Import SPS data by Invoice in NetSuite,2,CW-001,17,1059
NSOPENBALBILL125,40391,cogs,2023-FE-0000418,15,1253,GIBAM SHOPS SPA,11/16/2023,464.73,3,Graniti Vicentia LLC,Import SPS data by Invoice in NetSuite,A20001,Import SPS data by Invoice in NetSuite,2,CW-001,17,1060
NSOPENBALBILL126,40391,cogs,2023-FE-0000420,15,1253,GIBAM SHOPS SPA,11/16/2023,4017.52,3,Graniti Vicentia LLC,Import SPS data by Invoice in NetSuite,A20001,Import SPS data by Invoice in NetSuite,2,CW-001,17,1061
NSOPENBALBILL127,40391,cogs,"426,427,429, 431",16,1253,GIBAM SHOPS SPA,11/24/2023,18493.66,3,Graniti Vicentia LLC,Import SPS data by Invoice in NetSuite,A20001,Import SPS data by Invoice in NetSuite,2,CW-001,17,1062
NSOPENBALBILL128,40391,cogs,"428, 430",8,1253,GIBAM SHOPS SPA,11/24/2023,3012.03,3,Graniti Vicentia LLC,Import SPS data by Invoice in NetSuite,A20001,Import SPS data by Invoice in NetSuite,2,CW-001,17,1063
NSOPENBALBILL129,40391,cogs,2023-FE-0000434,15,1253,GIBAM SHOPS SPA,11/29/2023,406.75,3,Graniti Vicentia LLC,Import SPS data by Invoice in NetSuite,A20001,Import SPS data by Invoice in NetSuite,2,CW-001,17,1064
NSOPENBALBILL131,40391,cogs,"366, 458, 547",13,1253,GIBAM SHOPS SPA,11/30/2023,7652.58,3,Graniti Vicentia LLC,Import SPS data by Invoice in NetSuite,A20001,Import SPS data by Invoice in NetSuite,2,CW-001,17,1065
NSOPENBALBILL133,40391,cogs,2023-FE-0000438,15,1253,GIBAM SHOPS SPA,11/30/2023,1152.50,3,Graniti Vicentia LLC,Import SPS data by Invoice in NetSuite,A20001,Import SPS data by Invoice in NetSuite,2,CW-001,17,1066
NSOPENBALBILL134,40391,cogs,2023-FE-0000439,15,1253,GIBAM SHOPS SPA,11/30/2023,2487.10,3,Graniti Vicentia LLC,Import SPS data by Invoice in NetSuite,A20001,Import SPS data by Invoice in NetSuite,2,CW-001,17,1067
NSOPENBALBILL135,40391,cogs,2023-FE-0000441,15,1253,GIBAM SHOPS SPA,11/30/2023,11450.08,3,Graniti Vicentia LLC,Import SPS data by Invoice in NetSuite,A20001,Import SPS data by Invoice in NetSuite,2,CW-001,17,1068
NSOPENBALBILL136,40391,cogs,2023-FE-0000455,15,1253,GIBAM SHOPS SPA,11/30/2023,696.59,3,Graniti Vicentia LLC,Import SPS data by Invoice in NetSuite,A20001,Import SPS data by Invoice in NetSuite,2,CW-001,17,1069
NSOPENBALBILL137,40391,cogs,2023-FE-0000456,15,1253,GIBAM SHOPS SPA,11/30/2023,9825.87,3,Graniti Vicentia LLC,Import SPS data by Invoice in NetSuite,A20001,Import SPS data by Invoice in NetSuite,2,CW-001,17,1070
NSOPENBALBILL138,40391,cogs,2023-FE-0000457,15,1253,GIBAM SHOPS SPA,11/30/2023,4505.11,3,Graniti Vicentia LLC,Import SPS data by Invoice in NetSuite,A20001,Import SPS data by Invoice in NetSuite,2,CW-001,17,1071
NSOPENBALBILL139,40391,cogs,"421, 440",8,1253,GIBAM SHOPS SPA,11/30/2023,2580.30,3,Graniti Vicentia LLC,Import SPS data by Invoice in NetSuite,A20001,Import SPS data by Invoice in NetSuite,2,CW-001,17,1072
NSOPENBALBILL140,40391,cogs,"442, 475",8,1253,GIBAM SHOPS SPA,11/30/2023,6708.68,3,Graniti Vicentia LLC,Import SPS data by Invoice in NetSuite,A20001,Import SPS data by Invoice in NetSuite,2,CW-001,17,1073
NSOPENBALBILL141,40391,cogs,"465, 466",8,1253,GIBAM SHOPS SPA,12/05/2023,2367.23,3,Graniti Vicentia LLC,Import SPS data by Invoice in NetSuite,A20001,Import SPS data by Invoice in NetSuite,2,CW-001,17,1074
NSOPENBALBILL142,40391,cogs,2023-FE-0000474,15,1253,GIBAM SHOPS SPA,12/14/2023,4874.12,3,Graniti Vicentia LLC,Import SPS data by Invoice in NetSuite,A20001,Import SPS data by Invoice in NetSuite,2,CW-001,17,1075
NSOPENBALBILL144,40391,cogs,"489, 502, 506",13,1253,GIBAM SHOPS SPA,12/20/2023,5824.31,3,Graniti Vicentia LLC,Import SPS data by Invoice in NetSuite,A20001,Import SPS data by Invoice in NetSuite,2,CW-001,17,1076
NSOPENBALBILL145,40391,cogs,"490, 493, 495, 503",18,1253,GIBAM SHOPS SPA,12/20/2023,15220.37,3,Graniti Vicentia LLC,Import SPS data by Invoice in NetSuite,A20001,Import SPS data by Invoice in NetSuite,2,CW-001,17,1077
NSOPENBALBILL147,40391,cogs,2023-FE-0000514,15,1253,GIBAM SHOPS SPA,12/27/2023,2594.64,3,Graniti Vicentia LLC,Import SPS data by Invoice in NetSuite,A20001,Import SPS data by Invoice in NetSuite,2,CW-001,17,1078
NSOPENBALBILL148,40391,cogs,"511, 512, 517, 520",18,1253,GIBAM SHOPS SPA,12/27/2023,37869.09,3,Graniti Vicentia LLC,Import SPS data by Invoice in NetSuite,A20001,Import SPS data by Invoice in NetSuite,2,CW-001,17,1079
NSOPENBALBILL149,40391,cogs,2023-FE-0000513,15,1253,GIBAM SHOPS SPA,12/28/2023,1529.86,3,Graniti Vicentia LLC,Import SPS data by Invoice in NetSuite,A20001,Import SPS data by Invoice in NetSuite,2,CW-001,17,1080
NSOPENBALBILL150,40391,cogs,2023-FE-0000515,15,1253,GIBAM SHOPS SPA,12/28/2023,9659.23,3,Graniti Vicentia LLC,Import SPS data by Invoice in NetSuite,A20001,Import SPS data by Invoice in NetSuite,2,CW-001,17,1081
NSOPENBALBILL151,40391,cogs,2023-FE-0000516,15,1253,GIBAM SHOPS SPA,12/28/2023,1422.94,3,Graniti Vicentia LLC,Import SPS data by Invoice in NetSuite,A20001,Import SPS data by Invoice in NetSuite,2,CW-001,17,1082
NSOPENBALBILL152,40391,cogs,"518, 521",8,1253,GIBAM SHOPS SPA,12/28/2023,6957.88,3,Graniti Vicentia LLC,Import SPS data by Invoice in NetSuite,A20001,Import SPS data by Invoice in NetSuite,2,CW-001,17,1083
NSOPENBALBILL153,40391,cogs,"522, 527, 537, 539",18,1253,GIBAM SHOPS SPA,12/28/2023,5599.05,3,Graniti Vicentia LLC,Import SPS data by Invoice in NetSuite,A20001,Import SPS data by Invoice in NetSuite,2,CW-001,17,1084
NSOPENBALBILL154,40391,cogs,2023-FE-0000531,15,1253,GIBAM SHOPS SPA,12/31/2023,4225.59,3,Graniti Vicentia LLC,Import SPS data by Invoice in NetSuite,A20001,Import SPS data by Invoice in NetSuite,2,CW-001,17,1085
NSOPENBALBILL155,40391,cogs,2023-FE-0000533,15,1253,GIBAM SHOPS SPA,12/31/2023,1573.68,3,Graniti Vicentia LLC,Import SPS data by Invoice in NetSuite,A20001,Import SPS data by Invoice in NetSuite,2,CW-001,17,1086
NSOPENBALBILL156,40391,cogs,2023-FE-0000535,15,1253,GIBAM SHOPS SPA,12/31/2023,3966.62,3,Graniti Vicentia LLC,Import SPS data by Invoice in NetSuite,A20001,Import SPS data by Invoice in NetSuite,2,CW-001,17,1087
NSOPENBALBILL157,40391,cogs,2023-FE-0000538,15,1253,GIBAM SHOPS SPA,12/31/2023,14318.36,3,Graniti Vicentia LLC,Import SPS data by Invoice in NetSuite,A20001,Import SPS data by Invoice in NetSuite,2,CW-001,17,1088
NSOPENBALBILL158,40391,cogs,2023-FE-0000544,15,1253,GIBAM SHOPS SPA,12/31/2023,21576.50,3,Graniti Vicentia LLC,Import SPS data by Invoice in NetSuite,A20001,Import SPS data by Invoice in NetSuite,2,CW-001,17,1089
NSOPENBALBILL159,40391,cogs,2023-FE-0000549,15,1253,GIBAM SHOPS SPA,12/31/2023,296.84,3,Graniti Vicentia LLC,Import SPS data by Invoice in NetSuite,A20001,Import SPS data by Invoice in NetSuite,2,CW-001,17,1090
NSOPENBALBILL160,40391,cogs,2023-FE-0000553,15,1253,GIBAM SHOPS SPA,12/31/2023,7368.88,3,Graniti Vicentia LLC,Import SPS data by Invoice in NetSuite,A20001,Import SPS data by Invoice in NetSuite,2,CW-001,17,1091
NSOPENBALBILL162,40391,cogs,"530, 536",8,1253,GIBAM SHOPS SPA,12/31/2023,568.76,3,Graniti Vicentia LLC,Import SPS data by Invoice in NetSuite,A20001,Import SPS data by Invoice in NetSuite,2,CW-001,17,1092
NSOPENBALBILL164,40391,cogs,36065 - PI,10,1253,GIBAM SHOPS SPA,01/01/2024,30910.47,3,Graniti Vicentia LLC,Import SPS data by Invoice in NetSuite,A20001,Import SPS data by Invoice in NetSuite,2,CW-001,17,1093
NSOPENBALBILL165,40391,cogs,2023-FE-0000392,15,1253,GIBAM SHOPS SPA,01/01/2024,1425.18,3,Graniti Vicentia LLC,Import SPS data by Invoice in NetSuite,A20001,Import SPS data by Invoice in NetSuite,2,CW-001,17,1094
NSOPENBALBILL166,40391,cogs,2024-FE-0000001,15,1253,GIBAM SHOPS SPA,01/11/2024,997.21,3,Graniti Vicentia LLC,Import SPS data by Invoice in NetSuite,A20001,Import SPS data by Invoice in NetSuite,2,CW-001,17,1095
NSOPENBALBILL167,40391,cogs,2024-FE-0000010,15,1253,GIBAM SHOPS SPA,01/31/2024,778.75,3,Graniti Vicentia LLC,Import SPS data by Invoice in NetSuite,A20001,Import SPS data by Invoice in NetSuite,2,CW-001,17,1096
NSOPENBALBILL168,40391,cogs,"16, 17, 18, 19",14,1253,GIBAM SHOPS SPA,02/15/2024,65859.13,3,Graniti Vicentia LLC,Import SPS data by Invoice in NetSuite,A20001,Import SPS data by Invoice in NetSuite,2,CW-001,17,1097
NSOPENBALBILL169,40391,cogs,2024-FE-0000025,15,1253,GIBAM SHOPS SPA,02/22/2024,12002.19,3,Graniti Vicentia LLC,Import SPS data by Invoice in NetSuite,A20001,Import SPS data by Invoice in NetSuite,2,CW-001,17,1098
NSOPENBALBILL170,40391,cogs,"22, 23, 24, 26, 27",18,1253,GIBAM SHOPS SPA,02/22/2024,72378.73,3,Graniti Vicentia LLC,Import SPS data by Invoice in NetSuite,A20001,Import SPS data by Invoice in NetSuite,2,CW-001,17,1099
NSOPENBALBILL171,40391,cogs,2024-FE-0000037,15,1253,GIBAM SHOPS SPA,02/28/2024,17327.87,3,Graniti Vicentia LLC,Import SPS data by Invoice in NetSuite,A20001,Import SPS data by Invoice in NetSuite,2,CW-001,17,1100
NSOPENBALBILL172,40391,cogs,2024-FE-0000036,15,1253,GIBAM SHOPS SPA,02/28/2024,854.09,3,Graniti Vicentia LLC,Import SPS data by Invoice in NetSuite,A20001,Import SPS data by Invoice in NetSuite,2,CW-001,17,1101
NSOPENBALBILL173,40391,cogs,2024-FE-0000035,15,1253,GIBAM SHOPS SPA,02/28/2024,1265.60,3,Graniti Vicentia LLC,Import SPS data by Invoice in NetSuite,A20001,Import SPS data by Invoice in NetSuite,2,CW-001,17,1102
NSOPENBALBILL174,40391,cogs,2024-FE-0000038,15,1253,GIBAM SHOPS SPA,02/28/2024,3526.96,3,Graniti Vicentia LLC,Import SPS data by Invoice in NetSuite,A20001,Import SPS data by Invoice in NetSuite,2,CW-001,17,1103
NSOPENBALBILL175,40391,cogs,"39, 40, 41, 50, 56",18,1253,GIBAM SHOPS SPA,02/28/2024,61328.73,3,Graniti Vicentia LLC,Import SPS data by Invoice in NetSuite,A20001,Import SPS data by Invoice in NetSuite,2,CW-001,17,1104
NSOPENBALBILL176,40391,cogs,"2024-FE-0000052, 88",19,1253,GIBAM SHOPS SPA,02/29/2024,9330.63,3,Graniti Vicentia LLC,Import SPS data by Invoice in NetSuite,A20001,Import SPS data by Invoice in NetSuite,2,CW-001,17,1105
NSOPENBALBILL177,40391,cogs,2024-FE-0000054,15,1253,GIBAM SHOPS SPA,02/29/2024,1166.89,3,Graniti Vicentia LLC,Import SPS data by Invoice in NetSuite,A20001,Import SPS data by Invoice in NetSuite,2,CW-001,17,1106
NSOPENBALBILL178,40391,cogs,2024-FE-0000053,15,1253,GIBAM SHOPS SPA,02/29/2024,581.54,3,Graniti Vicentia LLC,Import SPS data by Invoice in NetSuite,A20001,Import SPS data by Invoice in NetSuite,2,CW-001,17,1107
NSOPENBALBILL179,40391,cogs,2024-FE-0000058,15,1253,GIBAM SHOPS SPA,03/01/2024,14947.40,3,Graniti Vicentia LLC,Import SPS data by Invoice in NetSuite,A20001,Import SPS data by Invoice in NetSuite,2,CW-001,17,1108
NSOPENBALBILL180,40391,cogs,"59, 66, 67, 68",14,1253,GIBAM SHOPS SPA,03/01/2024,44105.01,3,Graniti Vicentia LLC,Import SPS data by Invoice in NetSuite,A20001,Import SPS data by Invoice in NetSuite,2,CW-001,17,1109
NSOPENBALBILL181,40391,cogs,2024-FE-0000062,15,1253,GIBAM SHOPS SPA,03/04/2024,119.10,3,Graniti Vicentia LLC,Import SPS data by Invoice in NetSuite,A20001,Import SPS data by Invoice in NetSuite,2,CW-001,17,1110
NSOPENBALBILL182,40391,cogs,2024-FE-0000063,15,1253,GIBAM SHOPS SPA,03/04/2024,109.35,3,Graniti Vicentia LLC,Import SPS data by Invoice in NetSuite,A20001,Import SPS data by Invoice in NetSuite,2,CW-001,17,1111
NSOPENBALBILL183,40391,cogs,2024-FE-0000069,15,1253,GIBAM SHOPS SPA,03/08/2024,8243.17,3,Graniti Vicentia LLC,Import SPS data by Invoice in NetSuite,A20001,Import SPS data by Invoice in NetSuite,2,CW-001,17,1112
NSOPENBALBILL184,40391,cogs,"2024-FE-0000077,78",18,1253,GIBAM SHOPS SPA,03/15/2024,52.59,3,Graniti Vicentia LLC,Import SPS data by Invoice in NetSuite,A20001,Import SPS data by Invoice in NetSuite,2,CW-001,17,1113
NSOPENBALBILL185,40391,cogs,2024-FE-0000074,15,1253,GIBAM SHOPS SPA,03/15/2024,20216.38,3,Graniti Vicentia LLC,Import SPS data by Invoice in NetSuite,A20001,Import SPS data by Invoice in NetSuite,2,CW-001,17,1114
NSOPENBALBILL186,40391,cogs,2024-FE-0000075,15,1253,GIBAM SHOPS SPA,03/15/2024,2765.95,3,Graniti Vicentia LLC,Import SPS data by Invoice in NetSuite,A20001,Import SPS data by Invoice in NetSuite,2,CW-001,17,1115
NSOPENBALBILL188,40391,cogs,2024-FE-0000085,15,1253,GIBAM SHOPS SPA,03/21/2024,212.86,3,Graniti Vicentia LLC,Import SPS data by Invoice in NetSuite,A20001,Import SPS data by Invoice in NetSuite,2,CW-001,17,1116
NSOPENBALBILL189,40391,cogs,2024-FE-0000084,15,1253,GIBAM SHOPS SPA,03/21/2024,196.17,3,Graniti Vicentia LLC,Import SPS data by Invoice in NetSuite,A20001,Import SPS data by Invoice in NetSuite,2,CW-001,17,1117
NSOPENBALBILL190,40391,cogs,2024-FE-0000086,15,1253,GIBAM SHOPS SPA,03/21/2024,210.84,3,Graniti Vicentia LLC,Import SPS data by Invoice in NetSuite,A20001,Import SPS data by Invoice in NetSuite,2,CW-001,17,1118
NSOPENBALBILL191,40391,cogs,2024-FE-0000082,15,1253,GIBAM SHOPS SPA,03/21/2024,9027.12,3,Graniti Vicentia LLC,Import SPS data by Invoice in NetSuite,A20001,Import SPS data by Invoice in NetSuite,2,CW-001,17,1119
NSOPENBALBILL192,40391,cogs,2024-FE-0000083,15,1253,GIBAM SHOPS SPA,03/21/2024,220.00,3,Graniti Vicentia LLC,Import SPS data by Invoice in NetSuite,A20001,Import SPS data by Invoice in NetSuite,2,CW-001,17,1120
NSOPENBALBILL193,40391,cogs,2024-FE-0000081,15,1253,GIBAM SHOPS SPA,03/21/2024,244.03,3,Graniti Vicentia LLC,Import SPS data by Invoice in NetSuite,A20001,Import SPS data by Invoice in NetSuite,2,CW-001,17,1121
NSOPENBALBILL194,40391,cogs,"95, 96, 97",10,1253,GIBAM SHOPS SPA,03/28/2024,46656.74,3,Graniti Vicentia LLC,Import SPS data by Invoice in NetSuite,A20001,Import SPS data by Invoice in NetSuite,2,CW-001,17,1122
NSOPENBALBILL196,40391,cogs,108109,6,1253,GIBAM SHOPS SPA,05/04/2024,54.26,3,Graniti Vicentia LLC,Import SPS data by Invoice in NetSuite,A20001,Import SPS data by Invoice in NetSuite,2,CW-001,17,1123
NSOPENBALBILL197,40391,cogs,2023-FE-0000499,15,1253,GIBAM SHOPS SPA,06/01/2024,109.44,3,Graniti Vicentia LLC,Import SPS data by Invoice in NetSuite,A20001,Import SPS data by Invoice in NetSuite,2,CW-001,17,1124
NSOPENBALBILL198,40391,cogs,2023-FE-0000509,15,1253,GIBAM SHOPS SPA,06/01/2024,9403.44,3,Graniti Vicentia LLC,Import SPS data by Invoice in NetSuite,A20001,Import SPS data by Invoice in NetSuite,2,CW-001,17,1125
NSOPENBALBILL199,40391,cogs,2023-FE-0000510,15,1253,GIBAM SHOPS SPA,06/01/2024,513.27,3,Graniti Vicentia LLC,Import SPS data by Invoice in NetSuite,A20001,Import SPS data by Invoice in NetSuite,2,CW-001,17,1126
NSOPENBALBILL201,40391,cogs,2024-FE-0000191,15,1253,GIBAM SHOPS SPA,06/24/2024,0.91,3,Graniti Vicentia LLC,Import SPS data by Invoice in NetSuite,A20001,Import SPS data by Invoice in NetSuite,2,CW-001,17,1127
NSOPENBALBILL202,40391,cogs,"194, 195",8,1253,GIBAM SHOPS SPA,06/26/2024,22.49,3,Graniti Vicentia LLC,Import SPS data by Invoice in NetSuite,A20001,Import SPS data by Invoice in NetSuite,2,CW-001,17,1128
NSOPENBALBILL203,40391,cogs,2024-FE-0000197,15,1253,GIBAM SHOPS SPA,06/28/2024,0.01,3,Graniti Vicentia LLC,Import SPS data by Invoice in NetSuite,A20001,Import SPS data by Invoice in NetSuite,2,CW-001,17,1129
NSOPENBALBILL205,40391,cogs,"222, 223, 224",13,1253,GIBAM SHOPS SPA,06/28/2024,360.01,3,Graniti Vicentia LLC,Import SPS data by Invoice in NetSuite,A20001,Import SPS data by Invoice in NetSuite,2,CW-001,17,1130
NSOPENBALBILL206,40391,cogs,2024-FE-0000236,15,1253,GIBAM SHOPS SPA,07/12/2024,2577.97,3,Graniti Vicentia LLC,Import SPS data by Invoice in NetSuite,A20001,Import SPS data by Invoice in NetSuite,2,CW-001,17,1131
NSOPENBALBILL207,40391,cogs,2024-FE-0000238,15,1253,GIBAM SHOPS SPA,07/22/2024,1694.15,3,Graniti Vicentia LLC,Import SPS data by Invoice in NetSuite,A20001,Import SPS data by Invoice in NetSuite,2,CW-001,17,1132
NSOPENBALBILL208,40391,cogs,2024-FE-0000243,15,1253,GIBAM SHOPS SPA,07/23/2024,178.90,3,Graniti Vicentia LLC,Import SPS data by Invoice in NetSuite,A20001,Import SPS data by Invoice in NetSuite,2,CW-001,17,1133
NSOPENBALBILL209,40391,cogs,2024-FE-0000244,15,1253,GIBAM SHOPS SPA,07/23/2024,544.11,3,Graniti Vicentia LLC,Import SPS data by Invoice in NetSuite,A20001,Import SPS data by Invoice in NetSuite,2,CW-001,17,1134
NSOPENBALBILL210,40391,cogs,2024-FE-0000267,15,1253,GIBAM SHOPS SPA,07/31/2024,14790.76,3,Graniti Vicentia LLC,Import SPS data by Invoice in NetSuite,A20001,Import SPS data by Invoice in NetSuite,2,CW-001,17,1135
NSOPENBALBILL211,40391,cogs,2024-FE-0000266,15,1253,GIBAM SHOPS SPA,07/31/2024,1735.67,3,Graniti Vicentia LLC,Import SPS data by Invoice in NetSuite,A20001,Import SPS data by Invoice in NetSuite,2,CW-001,17,1136
NSOPENBALBILL212,40391,cogs,2024-FE-0000168,15,1253,GIBAM SHOPS SPA,08/01/2024,19051.06,3,Graniti Vicentia LLC,Import SPS data by Invoice in NetSuite,A20001,Import SPS data by Invoice in NetSuite,2,CW-001,17,1137
NSOPENBALBILL213,40391,cogs,2023-FE-0000364,15,1253,GIBAM SHOPS SPA,08/01/2024,6194.25,3,Graniti Vicentia LLC,Import SPS data by Invoice in NetSuite,A20001,Import SPS data by Invoice in NetSuite,2,CW-001,17,1138
NSOPENBALBILL214,40391,cogs,"269, 270. 272, 311",18,1253,GIBAM SHOPS SPA,08/02/2024,36810.02,3,Graniti Vicentia LLC,Import SPS data by Invoice in NetSuite,A20001,Import SPS data by Invoice in NetSuite,2,CW-001,17,1139
NSOPENBALBILL216,40391,cogs,2024-FE-0000264,15,1253,GIBAM SHOPS SPA,08/07/2024,17241.56,3,Graniti Vicentia LLC,Import SPS data by Invoice in NetSuite,A20001,Import SPS data by Invoice in NetSuite,2,CW-001,17,1140
NSOPENBALBILL218,40391,cogs,"280, 281, 283, 285",18,1253,GIBAM SHOPS SPA,08/28/2024,41698.42,3,Graniti Vicentia LLC,Import SPS data by Invoice in NetSuite,A20001,Import SPS data by Invoice in NetSuite,2,CW-001,17,1141
NSOPENBALBILL219,40391,cogs,"282, 284",8,1253,GIBAM SHOPS SPA,08/28/2024,3622.29,3,Graniti Vicentia LLC,Import SPS data by Invoice in NetSuite,A20001,Import SPS data by Invoice in NetSuite,2,CW-001,17,1142
NSOPENBALBILL220,40391,cogs,2024-FE-0000288,15,1253,GIBAM SHOPS SPA,09/09/2024,1886.60,3,Graniti Vicentia LLC,Import SPS data by Invoice in NetSuite,A20001,Import SPS data by Invoice in NetSuite,2,CW-001,17,1143
NSOPENBALBILL221,40391,cogs,"291, 292",8,1253,GIBAM SHOPS SPA,09/12/2024,33.13,3,Graniti Vicentia LLC,Import SPS data by Invoice in NetSuite,A20001,Import SPS data by Invoice in NetSuite,2,CW-001,17,1144
NSOPENBALBILL222,40391,cogs,"300, 302, 304",13,1253,GIBAM SHOPS SPA,09/23/2024,33433.33,3,Graniti Vicentia LLC,Import SPS data by Invoice in NetSuite,A20001,Import SPS data by Invoice in NetSuite,2,CW-001,17,1145
NSOPENBALBILL223,40391,cogs,2024-FE-0000298,15,1253,GIBAM SHOPS SPA,09/23/2024,3415.51,3,Graniti Vicentia LLC,Import SPS data by Invoice in NetSuite,A20001,Import SPS data by Invoice in NetSuite,2,CW-001,17,1146
NSOPENBALBILL224,40391,cogs,2024-FE-0000297,15,1253,GIBAM SHOPS SPA,09/23/2024,17556.60,3,Graniti Vicentia LLC,Import SPS data by Invoice in NetSuite,A20001,Import SPS data by Invoice in NetSuite,2,CW-001,17,1147
NSOPENBALBILL225,40391,cogs,2024-FE-0000300,15,1253,GIBAM SHOPS SPA,09/23/2024,9093.95,3,Graniti Vicentia LLC,Import SPS data by Invoice in NetSuite,A20001,Import SPS data by Invoice in NetSuite,2,CW-001,17,1148
NSOPENBALBILL226,40391,cogs,"299, 301, 303",13,1253,GIBAM SHOPS SPA,09/23/2024,8798.44,3,Graniti Vicentia LLC,Import SPS data by Invoice in NetSuite,A20001,Import SPS data by Invoice in NetSuite,2,CW-001,17,1149
NSOPENBALBILL227,40391,cogs,2024-FE-0000318,15,1253,GIBAM SHOPS SPA,09/30/2024,1290.00,3,Graniti Vicentia LLC,Import SPS data by Invoice in NetSuite,A20001,Import SPS data by Invoice in NetSuite,2,CW-001,17,1150
NSOPENBALBILL228,40391,cogs,2024-FE-0000310,15,1253,GIBAM SHOPS SPA,09/30/2024,8931.69,3,Graniti Vicentia LLC,Import SPS data by Invoice in NetSuite,A20001,Import SPS data by Invoice in NetSuite,2,CW-001,17,1151
NSOPENBALBILL229,40391,cogs,2024-FE-0000315,15,1253,GIBAM SHOPS SPA,09/30/2024,2736.38,3,Graniti Vicentia LLC,Import SPS data by Invoice in NetSuite,A20001,Import SPS data by Invoice in NetSuite,2,CW-001,17,1152
NSOPENBALBILL230,40391,cogs,2024-FE-0000316,15,1253,GIBAM SHOPS SPA,09/30/2024,455.49,3,Graniti Vicentia LLC,Import SPS data by Invoice in NetSuite,A20001,Import SPS data by Invoice in NetSuite,2,CW-001,17,1153
NSOPENBALBILL231,40391,cogs,2024-FE-0000317,15,1253,GIBAM SHOPS SPA,09/30/2024,6183.03,3,Graniti Vicentia LLC,Import SPS data by Invoice in NetSuite,A20001,Import SPS data by Invoice in NetSuite,2,CW-001,17,1154
NSOPENBALBILL232,40391,cogs,2024-FE-0000319,15,1253,GIBAM SHOPS SPA,09/30/2024,585.79,3,Graniti Vicentia LLC,Import SPS data by Invoice in NetSuite,A20001,Import SPS data by Invoice in NetSuite,2,CW-001,17,1155
NSOPENBALBILL233,40391,cogs,2024-FE-0000328,15,1253,GIBAM SHOPS SPA,10/03/2024,973.31,3,Graniti Vicentia LLC,Import SPS data by Invoice in NetSuite,A20001,Import SPS data by Invoice in NetSuite,2,CW-001,17,1156
NSOPENBALBILL234,40391,cogs,2024-FE-0000329,15,1253,GIBAM SHOPS SPA,10/03/2024,19186.27,3,Graniti Vicentia LLC,Import SPS data by Invoice in NetSuite,A20001,Import SPS data by Invoice in NetSuite,2,CW-001,17,1157
NSOPENBALBILL235,40391,cogs,2024-FE-0000330,15,1253,GIBAM SHOPS SPA,10/03/2024,154.73,3,Graniti Vicentia LLC,Import SPS data by Invoice in NetSuite,A20001,Import SPS data by Invoice in NetSuite,2,CW-001,17,1158
NSOPENBALBILL236,40391,cogs,2024-FE-0000331,15,1253,GIBAM SHOPS SPA,10/03/2024,292.65,3,Graniti Vicentia LLC,Import SPS data by Invoice in NetSuite,A20001,Import SPS data by Invoice in NetSuite,2,CW-001,17,1159
NSOPENBALBILL237,40391,cogs,"314, 327",8,1253,GIBAM SHOPS SPA,10/03/2024,10517.66,3,Graniti Vicentia LLC,Import SPS data by Invoice in NetSuite,A20001,Import SPS data by Invoice in NetSuite,2,CW-001,17,1160
NSOPENBALBILL239,40391,cogs,"333, 335, 337, 339",18,1253,GIBAM SHOPS SPA,10/07/2024,65465.84,3,Graniti Vicentia LLC,Import SPS data by Invoice in NetSuite,A20001,Import SPS data by Invoice in NetSuite,2,CW-001,17,1161
NSOPENBALBILL240,40391,cogs,2024-FE-0000358,15,1253,GIBAM SHOPS SPA,10/21/2024,3775.85,3,Graniti Vicentia LLC,Import SPS data by Invoice in NetSuite,A20001,Import SPS data by Invoice in NetSuite,2,CW-001,17,1162
NSOPENBALBILL241,40391,cogs,2024-FE-0000359,15,1253,GIBAM SHOPS SPA,10/28/2024,1633.50,3,Graniti Vicentia LLC,Import SPS data by Invoice in NetSuite,A20001,Import SPS data by Invoice in NetSuite,2,CW-001,17,1163
NSOPENBALBILL242,40391,cogs,2024-FE-0000360,15,1253,GIBAM SHOPS SPA,10/28/2024,443.80,3,Graniti Vicentia LLC,Import SPS data by Invoice in NetSuite,A20001,Import SPS data by Invoice in NetSuite,2,CW-001,17,1164
NSOPENBALBILL243,40391,cogs,2024-FE-0000361,15,1253,GIBAM SHOPS SPA,10/28/2024,580.43,3,Graniti Vicentia LLC,Import SPS data by Invoice in NetSuite,A20001,Import SPS data by Invoice in NetSuite,2,CW-001,17,1165
NSOPENBALBILL244,40391,cogs,2024-FE-0000362,15,1253,GIBAM SHOPS SPA,10/28/2024,3363.18,3,Graniti Vicentia LLC,Import SPS data by Invoice in NetSuite,A20001,Import SPS data by Invoice in NetSuite,2,CW-001,17,1166
NSOPENBALBILL245,40391,cogs,2024-FE-0000364,15,1253,GIBAM SHOPS SPA,10/28/2024,4486.52,3,Graniti Vicentia LLC,Import SPS data by Invoice in NetSuite,A20001,Import SPS data by Invoice in NetSuite,2,CW-001,17,1167
NSOPENBALBILL246,40391,cogs,2024-FE-0000365,15,1253,GIBAM SHOPS SPA,10/28/2024,4712.40,3,Graniti Vicentia LLC,Import SPS data by Invoice in NetSuite,A20001,Import SPS data by Invoice in NetSuite,2,CW-001,17,1168
NSOPENBALBILL247,40391,cogs,2024-FE-0000366,15,1253,GIBAM SHOPS SPA,10/28/2024,4975.51,3,Graniti Vicentia LLC,Import SPS data by Invoice in NetSuite,A20001,Import SPS data by Invoice in NetSuite,2,CW-001,17,1169
NSOPENBALBILL248,40391,cogs,2024-FE-0000371,15,1253,GIBAM SHOPS SPA,10/29/2024,58997.99,3,Graniti Vicentia LLC,Import SPS data by Invoice in NetSuite,A20001,Import SPS data by Invoice in NetSuite,2,CW-001,17,1170
NSOPENBALBILL249,40391,cogs,"367, 368, 369",13,1253,GIBAM SHOPS SPA,11/01/2024,62782.28,3,Graniti Vicentia LLC,Import SPS data by Invoice in NetSuite,A20001,Import SPS data by Invoice in NetSuite,2,CW-001,17,1171
NSOPENBALBILL250,40391,cogs,2024-FE-0000390,15,1253,GIBAM SHOPS SPA,11/22/2024,7459.87,3,Graniti Vicentia LLC,Import SPS data by Invoice in NetSuite,A20001,Import SPS data by Invoice in NetSuite,2,CW-001,17,1172
NSOPENBALBILL251,40391,cogs,2024-FE-0000391,15,1253,GIBAM SHOPS SPA,11/22/2024,20459.62,3,Graniti Vicentia LLC,Import SPS data by Invoice in NetSuite,A20001,Import SPS data by Invoice in NetSuite,2,CW-001,17,1173
NSOPENBALBILL252,40391,cogs,2024-FE-0000389,15,1253,GIBAM SHOPS SPA,11/22/2024,2218.98,3,Graniti Vicentia LLC,Import SPS data by Invoice in NetSuite,A20001,Import SPS data by Invoice in NetSuite,2,CW-001,17,1174
NSOPENBALBILL253,40391,cogs,2024-FE-0000392,15,1253,GIBAM SHOPS SPA,11/22/2024,520.93,3,Graniti Vicentia LLC,Import SPS data by Invoice in NetSuite,A20001,Import SPS data by Invoice in NetSuite,2,CW-001,17,1175
NSOPENBALBILL254,40391,cogs,"394, 397",8,1253,GIBAM SHOPS SPA,11/26/2024,11058.43,3,Graniti Vicentia LLC,Import SPS data by Invoice in NetSuite,A20001,Import SPS data by Invoice in NetSuite,2,CW-001,17,1176
NSOPENBALBILL255,40391,cogs,2024-FE-0000395,15,1253,GIBAM SHOPS SPA,11/26/2024,454.67,3,Graniti Vicentia LLC,Import SPS data by Invoice in NetSuite,A20001,Import SPS data by Invoice in NetSuite,2,CW-001,17,1177
NSOPENBALBILL256,40391,cogs,"393, 396",8,1253,GIBAM SHOPS SPA,11/26/2024,34421.65,3,Graniti Vicentia LLC,Import SPS data by Invoice in NetSuite,A20001,Import SPS data by Invoice in NetSuite,2,CW-001,17,1178
NSOPENBALBILL257,40391,cogs,"398, 399",8,1253,GIBAM SHOPS SPA,11/27/2024,30.31,3,Graniti Vicentia LLC,Import SPS data by Invoice in NetSuite,A20001,Import SPS data by Invoice in NetSuite,2,CW-001,17,1179
NSOPENBALBILL258,40391,cogs,"410, 420",8,1253,GIBAM SHOPS SPA,11/29/2024,46746.17,3,Graniti Vicentia LLC,Import SPS data by Invoice in NetSuite,A20001,Import SPS data by Invoice in NetSuite,2,CW-001,17,1180
NSOPENBALBILL259,40391,cogs,2024-FE-0000401,15,1253,GIBAM SHOPS SPA,11/29/2024,3598.56,3,Graniti Vicentia LLC,Import SPS data by Invoice in NetSuite,A20001,Import SPS data by Invoice in NetSuite,2,CW-001,17,1181
NSOPENBALBILL260,40391,cogs,2024-FE-0000402,15,1253,GIBAM SHOPS SPA,11/29/2024,13962.03,3,Graniti Vicentia LLC,Import SPS data by Invoice in NetSuite,A20001,Import SPS data by Invoice in NetSuite,2,CW-001,17,1182
NSOPENBALBILL261,40391,cogs,2024-FE-0000403,15,1253,GIBAM SHOPS SPA,11/29/2024,271.34,3,Graniti Vicentia LLC,Import SPS data by Invoice in NetSuite,A20001,Import SPS data by Invoice in NetSuite,2,CW-001,17,1183
NSOPENBALBILL262,40391,cogs,2024-FE-0000404,15,1253,GIBAM SHOPS SPA,11/29/2024,597.87,3,Graniti Vicentia LLC,Import SPS data by Invoice in NetSuite,A20001,Import SPS data by Invoice in NetSuite,2,CW-001,17,1184
NSOPENBALBILL263,40391,cogs,2024-FE-0000422,15,1253,GIBAM SHOPS SPA,12/03/2024,3955.38,3,Graniti Vicentia LLC,Import SPS data by Invoice in NetSuite,A20001,Import SPS data by Invoice in NetSuite,2,CW-001,17,1185
NSOPENBALBILL264,40391,cogs,"418, 419",8,1253,GIBAM SHOPS SPA,12/03/2024,3705.27,3,Graniti Vicentia LLC,Import SPS data by Invoice in NetSuite,A20001,Import SPS data by Invoice in NetSuite,2,CW-001,17,1186
NSOPENBALBILL265,40391,cogs,2024-FE-0000423,15,1253,GIBAM SHOPS SPA,12/04/2024,598.80,3,Graniti Vicentia LLC,Import SPS data by Invoice in NetSuite,A20001,Import SPS data by Invoice in NetSuite,2,CW-001,17,1187
NSOPENBALBILL266,40391,cogs,2024-FE-0000424,15,1253,GIBAM SHOPS SPA,12/04/2024,940.68,3,Graniti Vicentia LLC,Import SPS data by Invoice in NetSuite,A20001,Import SPS data by Invoice in NetSuite,2,CW-001,17,1188
NSOPENBALBILL267,40391,cogs,"411, 412, 426",13,1253,GIBAM SHOPS SPA,12/05/2024,74045.62,3,Graniti Vicentia LLC,Import SPS data by Invoice in NetSuite,A20001,Import SPS data by Invoice in NetSuite,2,CW-001,17,1189
NSOPENBALBILL268,40391,cogs,"2024-FE-0000428, 430",20,1253,GIBAM SHOPS SPA,12/10/2024,174.37,3,Graniti Vicentia LLC,Import SPS data by Invoice in NetSuite,A20001,Import SPS data by Invoice in NetSuite,2,CW-001,17,1190
NSOPENBALBILL269,40391,cogs,"2024-FE-0000429, 431",20,1253,GIBAM SHOPS SPA,12/10/2024,183.26,3,Graniti Vicentia LLC,Import SPS data by Invoice in NetSuite,A20001,Import SPS data by Invoice in NetSuite,2,CW-001,17,1191
NSOPENBALBILL270,40391,cogs,2024-FE-0000432,15,1253,GIBAM SHOPS SPA,12/11/2024,3482.14,3,Graniti Vicentia LLC,Import SPS data by Invoice in NetSuite,A20001,Import SPS data by Invoice in NetSuite,2,CW-001,17,1192
NSOPENBALBILL272,40391,cogs,2024-FE-0000451,15,1253,GIBAM SHOPS SPA,12/18/2024,33166.96,3,Graniti Vicentia LLC,Import SPS data by Invoice in NetSuite,A20001,Import SPS data by Invoice in NetSuite,2,CW-001,17,1193
NSOPENBALBILL273,40391,cogs,2024-FE-0000455,15,1253,GIBAM SHOPS SPA,12/19/2024,13165.35,3,Graniti Vicentia LLC,Import SPS data by Invoice in NetSuite,A20001,Import SPS data by Invoice in NetSuite,2,CW-001,17,1194
NSOPENBALBILL274,40391,cogs,2024-FE-0000460,15,1253,GIBAM SHOPS SPA,12/20/2024,3930.77,3,Graniti Vicentia LLC,Import SPS data by Invoice in NetSuite,A20001,Import SPS data by Invoice in NetSuite,2,CW-001,17,1195
NSOPENBALBILL276,40391,cogs,"2024-FE-0000421, 12",19,1253,GIBAM SHOPS SPA,02/04/2025,25248.01,3,Graniti Vicentia LLC,Import SPS data by Invoice in NetSuite,A20001,Import SPS data by Invoice in NetSuite,2,CW-001,17,1196
NSOPENBALBILL277,40391,cogs,2025-FE-0000013,15,1253,GIBAM SHOPS SPA,02/04/2025,729.17,3,Graniti Vicentia LLC,Import SPS data by Invoice in NetSuite,A20001,Import SPS data by Invoice in NetSuite,2,CW-001,17,1197
NSOPENBALBILL278,40391,cogs,2025-FE-0000014,15,1253,GIBAM SHOPS SPA,02/04/2025,3597.00,3,Graniti Vicentia LLC,Import SPS data by Invoice in NetSuite,A20001,Import SPS data by Invoice in NetSuite,2,CW-001,17,1198
NSOPENBALBILL279,40391,cogs,2025-FE-0000015,15,1253,GIBAM SHOPS SPA,02/04/2025,519.31,3,Graniti Vicentia LLC,Import SPS data by Invoice in NetSuite,A20001,Import SPS data by Invoice in NetSuite,2,CW-001,17,1199
NSOPENBALBILL280,40391,cogs,2025-FE-0000016,15,1253,GIBAM SHOPS SPA,02/04/2025,3017.01,3,Graniti Vicentia LLC,Import SPS data by Invoice in NetSuite,A20001,Import SPS data by Invoice in NetSuite,2,CW-001,17,1200
NSOPENBALBILL281,40391,cogs,2025-FE-0000017,15,1253,GIBAM SHOPS SPA,02/04/2025,74.12,3,Graniti Vicentia LLC,Import SPS data by Invoice in NetSuite,A20001,Import SPS data by Invoice in NetSuite,2,CW-001,17,1201
NSOPENBALBILL282,40391,cogs,2025-FE-0000018,15,1253,GIBAM SHOPS SPA,02/04/2025,637.75,3,Graniti Vicentia LLC,Import SPS data by Invoice in NetSuite,A20001,Import SPS data by Invoice in NetSuite,2,CW-001,17,1202
NSOPENBALBILL283,40391,cogs,2025-FE-0000019,15,1253,GIBAM SHOPS SPA,02/04/2025,177.80,3,Graniti Vicentia LLC,Import SPS data by Invoice in NetSuite,A20001,Import SPS data by Invoice in NetSuite,2,CW-001,17,1203
NSOPENBALBILL284,40391,cogs,2025-FE-0000020,15,1253,GIBAM SHOPS SPA,02/04/2025,155.20,3,Graniti Vicentia LLC,Import SPS data by Invoice in NetSuite,A20001,Import SPS data by Invoice in NetSuite,2,CW-001,17,1204
NSOPENBALBILL285,40391,cogs,2025-FE-0000021,15,1253,GIBAM SHOPS SPA,02/04/2025,363.47,3,Graniti Vicentia LLC,Import SPS data by Invoice in NetSuite,A20001,Import SPS data by Invoice in NetSuite,2,CW-001,17,1205
NSOPENBALBILL286,40391,cogs,2025-FE-0000023,15,1253,GIBAM SHOPS SPA,02/06/2025,396.18,3,Graniti Vicentia LLC,Import SPS data by Invoice in NetSuite,A20001,Import SPS data by Invoice in NetSuite,2,CW-001,17,1206
NSOPENBALBILL287,40391,cogs,2025-FE-0000031,15,1253,GIBAM SHOPS SPA,02/19/2025,313.76,3,Graniti Vicentia LLC,Import SPS data by Invoice in NetSuite,A20001,Import SPS data by Invoice in NetSuite,2,CW-001,17,1207
NSOPENBALBILL288,40391,cogs,2025-FE-0000032,15,1253,GIBAM SHOPS SPA,02/19/2025,928.82,3,Graniti Vicentia LLC,Import SPS data by Invoice in NetSuite,A20001,Import SPS data by Invoice in NetSuite,2,CW-001,17,1208
NSOPENBALBILL289,40391,cogs,2025-FE-0000034,15,1253,GIBAM SHOPS SPA,02/19/2025,406.26,3,Graniti Vicentia LLC,Import SPS data by Invoice in NetSuite,A20001,Import SPS data by Invoice in NetSuite,2,CW-001,17,1209
NSOPENBALBILL290,40391,cogs,"33, 37",6,1253,GIBAM SHOPS SPA,02/19/2025,92.06,3,Graniti Vicentia LLC,Import SPS data by Invoice in NetSuite,A20001,Import SPS data by Invoice in NetSuite,2,CW-001,17,1210
NSOPENBALBILL291,40391,cogs,2025-FE-0000040,15,1253,GIBAM SHOPS SPA,03/13/2025,708.45,3,Graniti Vicentia LLC,Import SPS data by Invoice in NetSuite,A20001,Import SPS data by Invoice in NetSuite,2,CW-001,17,1211
NSOPENBALBILL292,40391,cogs,2025-FE-0000041,15,1253,GIBAM SHOPS SPA,03/13/2025,415.06,3,Graniti Vicentia LLC,Import SPS data by Invoice in NetSuite,A20001,Import SPS data by Invoice in NetSuite,2,CW-001,17,1212
NSOPENBALBILL293,40391,cogs,W-0509,6,1253,GIBAM SHOPS SPA,05/09/2025,-139822.21,3,Graniti Vicentia LLC,Import SPS data by Invoice in NetSuite,A20001,Import SPS data by Invoice in NetSuite,2,CW-001,17,1213
NSOPENBALBILL314,40391,cogs,GV TRANSFER,11,122,GV Facades LLC,01/09/2025,-245.41,3,Graniti Vicentia LLC,Import SPS data by Invoice in NetSuite,A20016,Import SPS data by Invoice in NetSuite,2,CW-001,17,1214
NSOPENBALBILL322,40391,cogs,"GV048,ctnr6",11,2517,HARMONY HOSPITALITY CO LTD,05/25/2025,26350.49,3,Graniti Vicentia LLC,Import SPS data by Invoice in NetSuite,A20024,Import SPS data by Invoice in NetSuite,2,CW-001,17,1215
NSOPENBALBILL323,40391,cogs,GV048,5,2517,HARMONY HOSPITALITY CO LTD,05/27/2025,92223.14,3,Graniti Vicentia LLC,Import SPS data by Invoice in NetSuite,A20025,Import SPS data by Invoice in NetSuite,2,CW-001,17,1216
NSOPENBALBILL324,40391,cogs,SR273-41,8,2517,HARMONY HOSPITALITY CO LTD,05/30/2025,48937.65,3,Graniti Vicentia LLC,Import SPS data by Invoice in NetSuite,A20026,Import SPS data by Invoice in NetSuite,2,CW-001,17,1217
NSOPENBALBILL325,40391,cogs,SR273-41P2,10,2517,HARMONY HOSPITALITY CO LTD,05/30/2025,8973.35,3,Graniti Vicentia LLC,Import SPS data by Invoice in NetSuite,A20027,Import SPS data by Invoice in NetSuite,2,CW-001,17,1218
NSOPENBALBILL326,40391,cogs,SR382-4,7,2517,HARMONY HOSPITALITY CO LTD,05/30/2025,39159.20,3,Graniti Vicentia LLC,Import SPS data by Invoice in NetSuite,A20028,Import SPS data by Invoice in NetSuite,2,CW-001,17,1219
NSOPENBALBILL327,40391,cogs,SR382-4P2,9,2517,HARMONY HOSPITALITY CO LTD,05/30/2025,24187.40,3,Graniti Vicentia LLC,Import SPS data by Invoice in NetSuite,A20029,Import SPS data by Invoice in NetSuite,2,CW-001,17,1220
NSOPENBALBILL328,40391,cogs,SR410-9,7,2517,HARMONY HOSPITALITY CO LTD,05/30/2025,49931.82,3,Graniti Vicentia LLC,Import SPS data by Invoice in NetSuite,A20030,Import SPS data by Invoice in NetSuite,2,CW-001,17,1221
NSOPENBALBILL329,40391,cogs,SR434,5,2517,HARMONY HOSPITALITY CO LTD,05/30/2025,60597.50,3,Graniti Vicentia LLC,Import SPS data by Invoice in NetSuite,A20031,Import SPS data by Invoice in NetSuite,2,CW-001,17,1222
NSOPENBALBILL330,40391,cogs,W-0617,6,2517,HARMONY HOSPITALITY CO LTD,06/17/2025,-28020.20,3,Graniti Vicentia LLC,Import SPS data by Invoice in NetSuite,A20032,Import SPS data by Invoice in NetSuite,2,CW-001,17,1223
NSOPENBALBILL331,40391,cogs,SR382-2P3,9,2517,HARMONY HOSPITALITY CO LTD,06/23/2025,40323.79,3,Graniti Vicentia LLC,Import SPS data by Invoice in NetSuite,A20033,Import SPS data by Invoice in NetSuite,2,CW-001,17,1224
NSOPENBALBILL332,40391,cogs,SR393-10P2,10,2517,HARMONY HOSPITALITY CO LTD,06/23/2025,1506.00,3,Graniti Vicentia LLC,Import SPS data by Invoice in NetSuite,A20034,Import SPS data by Invoice in NetSuite,2,CW-001,17,1225
NSOPENBALBILL333,40391,cogs,W-0623,6,2517,HARMONY HOSPITALITY CO LTD,06/23/2025,-69985.30,3,Graniti Vicentia LLC,Import SPS data by Invoice in NetSuite,A20035,Import SPS data by Invoice in NetSuite,2,CW-001,17,1226
NSOPENBALBILL334,40391,cogs,SR151-10,8,2517,HARMONY HOSPITALITY CO LTD,06/27/2025,4317.02,3,Graniti Vicentia LLC,Import SPS data by Invoice in NetSuite,A20036,Import SPS data by Invoice in NetSuite,2,CW-001,17,1227
NSOPENBALBILL335,40391,cogs,SR395-5,7,2517,HARMONY HOSPITALITY CO LTD,06/27/2025,6846.55,3,Graniti Vicentia LLC,Import SPS data by Invoice in NetSuite,A20037,Import SPS data by Invoice in NetSuite,2,CW-001,17,1228
NSOPENBALBILL338,40391,cogs,W-0612,6,2157,Hilltop Stones Inc.,06/12/2025,-10557.02,3,Graniti Vicentia LLC,Import SPS data by Invoice in NetSuite,A20040,Import SPS data by Invoice in NetSuite,2,CW-001,17,1229
NSOPENBALBILL339,40391,cogs,11569,5,2464,HJ sink,06/16/2025,-9900.00,3,Graniti Vicentia LLC,Import SPS data by Invoice in NetSuite,A20041,Import SPS data by Invoice in NetSuite,2,CW-001,17,1230
NSOPENBALBILL340,40391,cogs,H6105-313399,12,128,Home Depot,03/12/2025,1917.02,3,Graniti Vicentia LLC,Import SPS data by Invoice in NetSuite,A20042,Import SPS data by Invoice in NetSuite,2,CW-001,17,1231
NSOPENBALBILL341,40391,cogs,H6140-255187,12,128,Home Depot,03/26/2025,1329.61,3,Graniti Vicentia LLC,Import SPS data by Invoice in NetSuite,A20043,Import SPS data by Invoice in NetSuite,2,CW-001,17,1232
NSOPENBALBILL342,40391,cogs,25017885541,11,130,Hotel Engine,01/28/2025,118.99,3,Graniti Vicentia LLC,Import SPS data by Invoice in NetSuite,A20044,Import SPS data by Invoice in NetSuite,2,CW-001,17,1233
NSOPENBALBILL343,40391,cogs,25017885542,11,130,Hotel Engine,01/28/2025,118.99,3,Graniti Vicentia LLC,Import SPS data by Invoice in NetSuite,A20045,Import SPS data by Invoice in NetSuite,2,CW-001,17,1234
NSOPENBALBILL344,40391,cogs,25017929001,11,130,Hotel Engine,02/10/2025,366.37,3,Graniti Vicentia LLC,Import SPS data by Invoice in NetSuite,A20046,Import SPS data by Invoice in NetSuite,2,CW-001,17,1235
NSOPENBALBILL345,40391,cogs,25017929002,11,130,Hotel Engine,02/10/2025,366.37,3,Graniti Vicentia LLC,Import SPS data by Invoice in NetSuite,A20047,Import SPS data by Invoice in NetSuite,2,CW-001,17,1236
NSOPENBALBILL346,40391,cogs,25017929003,11,130,Hotel Engine,02/10/2025,366.37,3,Graniti Vicentia LLC,Import SPS data by Invoice in NetSuite,A20048,Import SPS data by Invoice in NetSuite,2,CW-001,17,1237
NSOPENBALBILL347,40391,cogs,25018106058,11,130,Hotel Engine,02/10/2025,113.08,3,Graniti Vicentia LLC,Import SPS data by Invoice in NetSuite,A20049,Import SPS data by Invoice in NetSuite,2,CW-001,17,1238
NSOPENBALBILL348,40391,cogs,25018106059,11,130,Hotel Engine,02/10/2025,113.08,3,Graniti Vicentia LLC,Import SPS data by Invoice in NetSuite,A20050,Import SPS data by Invoice in NetSuite,2,CW-001,17,1239
NSOPENBALBILL349,40391,cogs,496386-2501,11,130,Hotel Engine,02/10/2025,1563.25,3,Graniti Vicentia LLC,Import SPS data by Invoice in NetSuite,A20051,Import SPS data by Invoice in NetSuite,2,CW-001,17,1240
NSOPENBALBILL350,40391,cogs,496386-2502,11,130,Hotel Engine,02/24/2025,3418.21,3,Graniti Vicentia LLC,Import SPS data by Invoice in NetSuite,A20052,Import SPS data by Invoice in NetSuite,2,CW-001,17,1241
NSOPENBALBILL351,40391,cogs,25069285668,11,130,Hotel Engine,06/02/2025,151.77,3,Graniti Vicentia LLC,Import SPS data by Invoice in NetSuite,A20053,Import SPS data by Invoice in NetSuite,2,CW-001,17,1242
NSOPENBALBILL352,40391,cogs,25069285680,11,130,Hotel Engine,06/02/2025,225.49,3,Graniti Vicentia LLC,Import SPS data by Invoice in NetSuite,A20054,Import SPS data by Invoice in NetSuite,2,CW-001,17,1243
NSOPENBALBILL353,40391,cogs,W-0521,6,2468,Indus Trade & Technology,05/21/2025,-1248.37,3,Graniti Vicentia LLC,Import SPS data by Invoice in NetSuite,A20055,Import SPS data by Invoice in NetSuite,2,CW-001,17,1244
NSOPENBALBILL418,40391,cogs,22JS010701,10,137,"Jasfer Industry Co., Limited",05/26/2022,1032.65,3,Graniti Vicentia LLC,Import SPS data by Invoice in NetSuite,A20120,Import SPS data by Invoice in NetSuite,2,CW-001,17,1245
NSOPENBALBILL419,40391,cogs,23JSF10001,10,137,"Jasfer Industry Co., Limited",11/01/2023,3464.00,3,Graniti Vicentia LLC,Import SPS data by Invoice in NetSuite,A20121,Import SPS data by Invoice in NetSuite,2,CW-001,17,1246
NSOPENBALBILL420,40391,cogs,23JSF08019,10,137,"Jasfer Industry Co., Limited",12/11/2023,400.00,3,Graniti Vicentia LLC,Import SPS data by Invoice in NetSuite,A20122,Import SPS data by Invoice in NetSuite,2,CW-001,17,1247
NSOPENBALBILL421,40391,cogs,23JSF10033,10,137,"Jasfer Industry Co., Limited",12/29/2023,2648.22,3,Graniti Vicentia LLC,Import SPS data by Invoice in NetSuite,A20123,Import SPS data by Invoice in NetSuite,2,CW-001,17,1248
NSOPENBALBILL422,40391,cogs,24JSF03048,10,137,"Jasfer Industry Co., Limited",01/01/2024,3840.09,3,Graniti Vicentia LLC,Import SPS data by Invoice in NetSuite,A20124,Import SPS data by Invoice in NetSuite,2,CW-001,17,1249
NSOPENBALBILL423,40391,cogs,34188 - PI,10,137,"Jasfer Industry Co., Limited",01/01/2024,224.28,3,Graniti Vicentia LLC,Import SPS data by Invoice in NetSuite,A20125,Import SPS data by Invoice in NetSuite,2,CW-001,17,1250
NSOPENBALBILL424,40391,cogs,35261 - PI,10,137,"Jasfer Industry Co., Limited",01/01/2024,3709.62,3,Graniti Vicentia LLC,Import SPS data by Invoice in NetSuite,A20126,Import SPS data by Invoice in NetSuite,2,CW-001,17,1251
NSOPENBALBILL425,40391,cogs,35455 - PI,10,137,"Jasfer Industry Co., Limited",01/01/2024,1350.00,3,Graniti Vicentia LLC,Import SPS data by Invoice in NetSuite,A20127,Import SPS data by Invoice in NetSuite,2,CW-001,17,1252
NSOPENBALBILL426,40391,cogs,35950 - PI,10,137,"Jasfer Industry Co., Limited",01/01/2024,300.00,3,Graniti Vicentia LLC,Import SPS data by Invoice in NetSuite,A20128,Import SPS data by Invoice in NetSuite,2,CW-001,17,1253
NSOPENBALBILL427,40391,cogs,23JSF08031,10,137,"Jasfer Industry Co., Limited",01/05/2024,2000.00,3,Graniti Vicentia LLC,Import SPS data by Invoice in NetSuite,A20129,Import SPS data by Invoice in NetSuite,2,CW-001,17,1254
NSOPENBALBILL428,40391,cogs,23JSF11029,10,137,"Jasfer Industry Co., Limited",01/08/2024,2359.04,3,Graniti Vicentia LLC,Import SPS data by Invoice in NetSuite,A20130,Import SPS data by Invoice in NetSuite,2,CW-001,17,1255
NSOPENBALBILL429,40391,cogs,36045,5,137,"Jasfer Industry Co., Limited",01/11/2024,8044.97,3,Graniti Vicentia LLC,Import SPS data by Invoice in NetSuite,A20131,Import SPS data by Invoice in NetSuite,2,CW-001,17,1256
NSOPENBALBILL430,40391,cogs,23BDL05029,10,137,"Jasfer Industry Co., Limited",01/11/2024,809.99,3,Graniti Vicentia LLC,Import SPS data by Invoice in NetSuite,A20132,Import SPS data by Invoice in NetSuite,2,CW-001,17,1257
NSOPENBALBILL431,40391,cogs,24JS011901 - PI,15,137,"Jasfer Industry Co., Limited",02/01/2024,416.12,3,Graniti Vicentia LLC,Import SPS data by Invoice in NetSuite,A20133,Import SPS data by Invoice in NetSuite,2,CW-001,17,1258
NSOPENBALBILL432,40391,cogs,23JSF04044,10,137,"Jasfer Industry Co., Limited",02/01/2024,340.00,3,Graniti Vicentia LLC,Import SPS data by Invoice in NetSuite,A20134,Import SPS data by Invoice in NetSuite,2,CW-001,17,1259
NSOPENBALBILL433,40391,cogs,23BL092801,10,137,"Jasfer Industry Co., Limited",02/03/2024,1048.65,3,Graniti Vicentia LLC,Import SPS data by Invoice in NetSuite,A20135,Import SPS data by Invoice in NetSuite,2,CW-001,17,1260
NSOPENBALBILL434,40391,cogs,PrePayment  -,13,137,"Jasfer Industry Co., Limited",03/07/2024,-8873.01,3,Graniti Vicentia LLC,Import SPS data by Invoice in NetSuite,A20136,Import SPS data by Invoice in NetSuite,2,CW-001,17,1261
NSOPENBALBILL435,40391,cogs,20240307  -PI,13,137,"Jasfer Industry Co., Limited",03/07/2024,7367.40,3,Graniti Vicentia LLC,Import SPS data by Invoice in NetSuite,A20137,Import SPS data by Invoice in NetSuite,2,CW-001,17,1262
NSOPENBALBILL436,40391,cogs,24JSF03035 - PI,15,137,"Jasfer Industry Co., Limited",03/22/2024,1516.94,3,Graniti Vicentia LLC,Import SPS data by Invoice in NetSuite,A20138,Import SPS data by Invoice in NetSuite,2,CW-001,17,1263
NSOPENBALBILL437,40391,cogs,23JS120407,10,137,"Jasfer Industry Co., Limited",04/08/2024,200.00,3,Graniti Vicentia LLC,Import SPS data by Invoice in NetSuite,A20139,Import SPS data by Invoice in NetSuite,2,CW-001,17,1264
NSOPENBALBILL438,40391,cogs,23JSF11005,10,137,"Jasfer Industry Co., Limited",04/10/2024,38.95,3,Graniti Vicentia LLC,Import SPS data by Invoice in NetSuite,A20140,Import SPS data by Invoice in NetSuite,2,CW-001,17,1265
NSOPENBALBILL439,40391,cogs,24JSF01009,10,137,"Jasfer Industry Co., Limited",04/10/2024,565.50,3,Graniti Vicentia LLC,Import SPS data by Invoice in NetSuite,A20141,Import SPS data by Invoice in NetSuite,2,CW-001,17,1266
NSOPENBALBILL440,40391,cogs,23RT120101,10,137,"Jasfer Industry Co., Limited",04/17/2024,16184.27,3,Graniti Vicentia LLC,Import SPS data by Invoice in NetSuite,A20142,Import SPS data by Invoice in NetSuite,2,CW-001,17,1267
NSOPENBALBILL441,40391,cogs,24JSF03029,10,137,"Jasfer Industry Co., Limited",04/19/2024,6330.48,3,Graniti Vicentia LLC,Import SPS data by Invoice in NetSuite,A20143,Import SPS data by Invoice in NetSuite,2,CW-001,17,1268
NSOPENBALBILL442,40391,cogs,W-0429,6,137,"Jasfer Industry Co., Limited",04/29/2024,-1089.48,3,Graniti Vicentia LLC,Import SPS data by Invoice in NetSuite,A20144,Import SPS data by Invoice in NetSuite,2,CW-001,17,1269
NSOPENBALBILL443,40391,cogs,24JSF04107 (R002),17,137,"Jasfer Industry Co., Limited",05/06/2024,1217.60,3,Graniti Vicentia LLC,Import SPS data by Invoice in NetSuite,A20145,Import SPS data by Invoice in NetSuite,2,CW-001,17,1270
NSOPENBALBILL446,40391,cogs,24JSF04108-C (R002),19,137,"Jasfer Industry Co., Limited",05/06/2024,1218.00,3,Graniti Vicentia LLC,Import SPS data by Invoice in NetSuite,A20148,Import SPS data by Invoice in NetSuite,2,CW-001,17,1271
NSOPENBALBILL447,40391,cogs,24JSF04106-A (R002),19,137,"Jasfer Industry Co., Limited",05/08/2024,13398.00,3,Graniti Vicentia LLC,Import SPS data by Invoice in NetSuite,A20149,Import SPS data by Invoice in NetSuite,2,CW-001,17,1272
NSOPENBALBILL448,40391,cogs,23JS100503,10,137,"Jasfer Industry Co., Limited",05/13/2024,222.31,3,Graniti Vicentia LLC,Import SPS data by Invoice in NetSuite,A20150,Import SPS data by Invoice in NetSuite,2,CW-001,17,1273
NSOPENBALBILL449,40391,cogs,23JSF10017,10,137,"Jasfer Industry Co., Limited",05/30/2024,233.00,3,Graniti Vicentia LLC,Import SPS data by Invoice in NetSuite,A20151,Import SPS data by Invoice in NetSuite,2,CW-001,17,1274
NSOPENBALBILL450,40391,cogs,39227-PI,8,137,"Jasfer Industry Co., Limited",06/07/2024,2252.38,3,Graniti Vicentia LLC,Import SPS data by Invoice in NetSuite,A20152,Import SPS data by Invoice in NetSuite,2,CW-001,17,1275
NSOPENBALBILL451,40391,cogs,24JSF05019,10,137,"Jasfer Industry Co., Limited",06/07/2024,2436.44,3,Graniti Vicentia LLC,Import SPS data by Invoice in NetSuite,A20153,Import SPS data by Invoice in NetSuite,2,CW-001,17,1276
NSOPENBALBILL452,40391,cogs,W-0618 105602.53,16,137,"Jasfer Industry Co., Limited",06/18/2024,-13149.33,3,Graniti Vicentia LLC,Import SPS data by Invoice in NetSuite,A20154,Import SPS data by Invoice in NetSuite,2,CW-001,17,1277
NSOPENBALBILL453,40391,cogs,35902 - PI,10,137,"Jasfer Industry Co., Limited",06/19/2024,973.74,3,Graniti Vicentia LLC,Import SPS data by Invoice in NetSuite,A20155,Import SPS data by Invoice in NetSuite,2,CW-001,17,1278
NSOPENBALBILL454,40391,cogs,24JS010303 23GBCI392,20,137,"Jasfer Industry Co., Limited",06/26/2024,-3160.00,3,Graniti Vicentia LLC,Import SPS data by Invoice in NetSuite,A20156,Import SPS data by Invoice in NetSuite,2,CW-001,17,1279
NSOPENBALBILL458,40391,cogs,24JSF06012,10,137,"Jasfer Industry Co., Limited",07/02/2024,21802.90,3,Graniti Vicentia LLC,Import SPS data by Invoice in NetSuite,A20160,Import SPS data by Invoice in NetSuite,2,CW-001,17,1280
NSOPENBALBILL459,40391,cogs,WHGV2406 -1,11,137,"Jasfer Industry Co., Limited",07/30/2024,748.17,3,Graniti Vicentia LLC,Import SPS data by Invoice in NetSuite,A20161,Import SPS data by Invoice in NetSuite,2,CW-001,17,1281
NSOPENBALBILL460,40391,cogs,20240801,8,137,"Jasfer Industry Co., Limited",08/01/2024,704.00,3,Graniti Vicentia LLC,Import SPS data by Invoice in NetSuite,A20162,Import SPS data by Invoice in NetSuite,2,CW-001,17,1282
NSOPENBALBILL461,40391,cogs,24JSF05009,10,137,"Jasfer Industry Co., Limited",08/01/2024,4000.00,3,Graniti Vicentia LLC,Import SPS data by Invoice in NetSuite,A20163,Import SPS data by Invoice in NetSuite,2,CW-001,17,1283
NSOPENBALBILL462,40391,cogs,24JSF05010,10,137,"Jasfer Industry Co., Limited",08/01/2024,1566.67,3,Graniti Vicentia LLC,Import SPS data by Invoice in NetSuite,A20164,Import SPS data by Invoice in NetSuite,2,CW-001,17,1284
NSOPENBALBILL463,40391,cogs,24JSF05040,10,137,"Jasfer Industry Co., Limited",08/01/2024,4683.83,3,Graniti Vicentia LLC,Import SPS data by Invoice in NetSuite,A20165,Import SPS data by Invoice in NetSuite,2,CW-001,17,1285
NSOPENBALBILL464,40391,cogs,24JSF07027,10,137,"Jasfer Industry Co., Limited",08/01/2024,27370.09,3,Graniti Vicentia LLC,Import SPS data by Invoice in NetSuite,A20166,Import SPS data by Invoice in NetSuite,2,CW-001,17,1286
NSOPENBALBILL465,40391,cogs,23RT122103,10,137,"Jasfer Industry Co., Limited",08/04/2024,76480.72,3,Graniti Vicentia LLC,Import SPS data by Invoice in NetSuite,A20167,Import SPS data by Invoice in NetSuite,2,CW-001,17,1287
NSOPENBALBILL466,40391,cogs,24JSF05005,10,137,"Jasfer Industry Co., Limited",08/08/2024,590.00,3,Graniti Vicentia LLC,Import SPS data by Invoice in NetSuite,A20168,Import SPS data by Invoice in NetSuite,2,CW-001,17,1288
NSOPENBALBILL467,40391,cogs,24JSF07007,10,137,"Jasfer Industry Co., Limited",08/08/2024,3776.83,3,Graniti Vicentia LLC,Import SPS data by Invoice in NetSuite,A20169,Import SPS data by Invoice in NetSuite,2,CW-001,17,1289
NSOPENBALBILL468,40391,cogs,24JSF07026,10,137,"Jasfer Industry Co., Limited",08/08/2024,2605.83,3,Graniti Vicentia LLC,Import SPS data by Invoice in NetSuite,A20170,Import SPS data by Invoice in NetSuite,2,CW-001,17,1290
NSOPENBALBILL469,40391,cogs,AG-GRVG-RZ231015,16,137,"Jasfer Industry Co., Limited",08/08/2024,1975.00,3,Graniti Vicentia LLC,Import SPS data by Invoice in NetSuite,A20171,Import SPS data by Invoice in NetSuite,2,CW-001,17,1291
NSOPENBALBILL470,40391,cogs,24JSF06042,10,137,"Jasfer Industry Co., Limited",08/23/2024,5349.68,3,Graniti Vicentia LLC,Import SPS data by Invoice in NetSuite,A20172,Import SPS data by Invoice in NetSuite,2,CW-001,17,1292
NSOPENBALBILL471,40391,cogs,24JSF07071,10,137,"Jasfer Industry Co., Limited",09/01/2024,2341.47,3,Graniti Vicentia LLC,Import SPS data by Invoice in NetSuite,A20173,Import SPS data by Invoice in NetSuite,2,CW-001,17,1293
NSOPENBALBILL472,40391,cogs,23RT110301,10,137,"Jasfer Industry Co., Limited",09/03/2024,708.00,3,Graniti Vicentia LLC,Import SPS data by Invoice in NetSuite,A20174,Import SPS data by Invoice in NetSuite,2,CW-001,17,1294
NSOPENBALBILL473,40391,cogs,24RT041801,10,137,"Jasfer Industry Co., Limited",09/15/2024,2375.12,3,Graniti Vicentia LLC,Import SPS data by Invoice in NetSuite,A20175,Import SPS data by Invoice in NetSuite,2,CW-001,17,1295
NSOPENBALBILL474,40391,cogs,24JSF05041,10,137,"Jasfer Industry Co., Limited",09/19/2024,485.00,3,Graniti Vicentia LLC,Import SPS data by Invoice in NetSuite,A20176,Import SPS data by Invoice in NetSuite,2,CW-001,17,1296
NSOPENBALBILL475,40391,cogs,24JSF08034,10,137,"Jasfer Industry Co., Limited",09/19/2024,2091.25,3,Graniti Vicentia LLC,Import SPS data by Invoice in NetSuite,A20177,Import SPS data by Invoice in NetSuite,2,CW-001,17,1297
NSOPENBALBILL476,40391,cogs,24JSF09040,10,137,"Jasfer Industry Co., Limited",09/21/2024,80.00,3,Graniti Vicentia LLC,Import SPS data by Invoice in NetSuite,A20178,Import SPS data by Invoice in NetSuite,2,CW-001,17,1298
NSOPENBALBILL477,40391,cogs,24JSF09049,10,137,"Jasfer Industry Co., Limited",09/25/2024,153.41,3,Graniti Vicentia LLC,Import SPS data by Invoice in NetSuite,A20179,Import SPS data by Invoice in NetSuite,2,CW-001,17,1299
NSOPENBALBILL478,40391,cogs,24JSF08003,10,137,"Jasfer Industry Co., Limited",09/28/2024,6886.20,3,Graniti Vicentia LLC,Import SPS data by Invoice in NetSuite,A20180,Import SPS data by Invoice in NetSuite,2,CW-001,17,1300
NSOPENBALBILL479,40391,cogs,24JSF08026A,11,137,"Jasfer Industry Co., Limited",09/28/2024,10405.00,3,Graniti Vicentia LLC,Import SPS data by Invoice in NetSuite,A20181,Import SPS data by Invoice in NetSuite,2,CW-001,17,1301
NSOPENBALBILL480,40391,cogs,24JSF08041,10,137,"Jasfer Industry Co., Limited",09/28/2024,10000.00,3,Graniti Vicentia LLC,Import SPS data by Invoice in NetSuite,A20182,Import SPS data by Invoice in NetSuite,2,CW-001,17,1302
NSOPENBALBILL481,40391,cogs,24BL060401,10,137,"Jasfer Industry Co., Limited",10/01/2024,23880.22,3,Graniti Vicentia LLC,Import SPS data by Invoice in NetSuite,A20183,Import SPS data by Invoice in NetSuite,2,CW-001,17,1303
NSOPENBALBILL482,40391,cogs,24JS082101,10,137,"Jasfer Industry Co., Limited",10/01/2024,14299.59,3,Graniti Vicentia LLC,Import SPS data by Invoice in NetSuite,A20184,Import SPS data by Invoice in NetSuite,2,CW-001,17,1304
NSOPENBALBILL483,40391,cogs,24RT052801,10,137,"Jasfer Industry Co., Limited",10/01/2024,7229.39,3,Graniti Vicentia LLC,Import SPS data by Invoice in NetSuite,A20185,Import SPS data by Invoice in NetSuite,2,CW-001,17,1305
NSOPENBALBILL484,40391,cogs,24RT082701,10,137,"Jasfer Industry Co., Limited",10/01/2024,18951.66,3,Graniti Vicentia LLC,Import SPS data by Invoice in NetSuite,A20186,Import SPS data by Invoice in NetSuite,2,CW-001,17,1306
NSOPENBALBILL485,40391,cogs,24RT082801,10,137,"Jasfer Industry Co., Limited",10/01/2024,2197.97,3,Graniti Vicentia LLC,Import SPS data by Invoice in NetSuite,A20187,Import SPS data by Invoice in NetSuite,2,CW-001,17,1307
NSOPENBALBILL486,40391,cogs,24JSF02004,10,137,"Jasfer Industry Co., Limited",10/01/2024,12724.34,3,Graniti Vicentia LLC,Import SPS data by Invoice in NetSuite,A20188,Import SPS data by Invoice in NetSuite,2,CW-001,17,1308
NSOPENBALBILL487,40391,cogs,24JSF06001,10,137,"Jasfer Industry Co., Limited",10/01/2024,8069.66,3,Graniti Vicentia LLC,Import SPS data by Invoice in NetSuite,A20189,Import SPS data by Invoice in NetSuite,2,CW-001,17,1309
NSOPENBALBILL488,40391,cogs,24JSF08032,10,137,"Jasfer Industry Co., Limited",10/01/2024,750.00,3,Graniti Vicentia LLC,Import SPS data by Invoice in NetSuite,A20190,Import SPS data by Invoice in NetSuite,2,CW-001,17,1310
NSOPENBALBILL489,40391,cogs,24JSF05006,10,137,"Jasfer Industry Co., Limited",10/02/2024,305.83,3,Graniti Vicentia LLC,Import SPS data by Invoice in NetSuite,A20191,Import SPS data by Invoice in NetSuite,2,CW-001,17,1311
NSOPENBALBILL490,40391,cogs,7.77E+11,12,137,"Jasfer Industry Co., Limited",10/02/2024,4332.32,3,Graniti Vicentia LLC,Import SPS data by Invoice in NetSuite,A20192,Import SPS data by Invoice in NetSuite,2,CW-001,17,1312
NSOPENBALBILL491,40391,cogs,W-1008,6,137,"Jasfer Industry Co., Limited",10/08/2024,-1069.62,3,Graniti Vicentia LLC,Import SPS data by Invoice in NetSuite,A20193,Import SPS data by Invoice in NetSuite,2,CW-001,17,1313
NSOPENBALBILL492,40391,cogs,24JSF06028,10,137,"Jasfer Industry Co., Limited",10/12/2024,708.66,3,Graniti Vicentia LLC,Import SPS data by Invoice in NetSuite,A20194,Import SPS data by Invoice in NetSuite,2,CW-001,17,1314
NSOPENBALBILL493,40391,cogs,24JSF07049,10,137,"Jasfer Industry Co., Limited",10/12/2024,2763.18,3,Graniti Vicentia LLC,Import SPS data by Invoice in NetSuite,A20195,Import SPS data by Invoice in NetSuite,2,CW-001,17,1315
NSOPENBALBILL494,40391,cogs,24JSF07075,10,137,"Jasfer Industry Co., Limited",10/12/2024,3599.13,3,Graniti Vicentia LLC,Import SPS data by Invoice in NetSuite,A20196,Import SPS data by Invoice in NetSuite,2,CW-001,17,1316
NSOPENBALBILL495,40391,cogs,24RT071603,10,137,"Jasfer Industry Co., Limited",10/14/2024,17021.64,3,Graniti Vicentia LLC,Import SPS data by Invoice in NetSuite,A20197,Import SPS data by Invoice in NetSuite,2,CW-001,17,1317
NSOPENBALBILL496,40391,cogs,24JSF-MT0601,12,137,"Jasfer Industry Co., Limited",10/18/2024,267.27,3,Graniti Vicentia LLC,Import SPS data by Invoice in NetSuite,A20198,Import SPS data by Invoice in NetSuite,2,CW-001,17,1318
NSOPENBALBILL497,40391,cogs,24JSF08065,10,137,"Jasfer Industry Co., Limited",10/18/2024,30648.67,3,Graniti Vicentia LLC,Import SPS data by Invoice in NetSuite,A20199,Import SPS data by Invoice in NetSuite,2,CW-001,17,1319
NSOPENBALBILL498,40391,cogs,24JSF07062,10,137,"Jasfer Industry Co., Limited",10/25/2024,135.00,3,Graniti Vicentia LLC,Import SPS data by Invoice in NetSuite,A20200,Import SPS data by Invoice in NetSuite,2,CW-001,17,1320
NSOPENBALBILL499,40391,cogs,24JSF07063,10,137,"Jasfer Industry Co., Limited",10/25/2024,225.00,3,Graniti Vicentia LLC,Import SPS data by Invoice in NetSuite,A20201,Import SPS data by Invoice in NetSuite,2,CW-001,17,1321
NSOPENBALBILL500,40391,cogs,24BL070202,10,137,"Jasfer Industry Co., Limited",10/30/2024,7073.32,3,Graniti Vicentia LLC,Import SPS data by Invoice in NetSuite,A20202,Import SPS data by Invoice in NetSuite,2,CW-001,17,1322
NSOPENBALBILL501,40391,cogs,24JSF08056,10,137,"Jasfer Industry Co., Limited",10/30/2024,215.01,3,Graniti Vicentia LLC,Import SPS data by Invoice in NetSuite,A20203,Import SPS data by Invoice in NetSuite,2,CW-001,17,1323
NSOPENBALBILL502,40391,cogs,24RT051102,10,137,"Jasfer Industry Co., Limited",10/31/2024,2214.07,3,Graniti Vicentia LLC,Import SPS data by Invoice in NetSuite,A20204,Import SPS data by Invoice in NetSuite,2,CW-001,17,1324
NSOPENBALBILL503,40391,cogs,24RT070601,10,137,"Jasfer Industry Co., Limited",11/01/2024,8021.62,3,Graniti Vicentia LLC,Import SPS data by Invoice in NetSuite,A20205,Import SPS data by Invoice in NetSuite,2,CW-001,17,1325
NSOPENBALBILL504,40391,cogs,W-1104,6,137,"Jasfer Industry Co., Limited",11/04/2024,-4361.42,3,Graniti Vicentia LLC,Import SPS data by Invoice in NetSuite,A20206,Import SPS data by Invoice in NetSuite,2,CW-001,17,1326
NSOPENBALBILL505,40391,cogs,24JSF10019,10,137,"Jasfer Industry Co., Limited",11/08/2024,2057.98,3,Graniti Vicentia LLC,Import SPS data by Invoice in NetSuite,A20207,Import SPS data by Invoice in NetSuite,2,CW-001,17,1327
NSOPENBALBILL506,40391,cogs,24JSF09018,10,137,"Jasfer Industry Co., Limited",11/15/2024,16123.92,3,Graniti Vicentia LLC,Import SPS data by Invoice in NetSuite,A20208,Import SPS data by Invoice in NetSuite,2,CW-001,17,1328
NSOPENBALBILL507,40391,cogs,24JS090201,10,137,"Jasfer Industry Co., Limited",11/18/2024,789.97,3,Graniti Vicentia LLC,Import SPS data by Invoice in NetSuite,A20209,Import SPS data by Invoice in NetSuite,2,CW-001,17,1329
NSOPENBALBILL508,40391,cogs,20241120,8,137,"Jasfer Industry Co., Limited",11/20/2024,2426.91,3,Graniti Vicentia LLC,Import SPS data by Invoice in NetSuite,A20210,Import SPS data by Invoice in NetSuite,2,CW-001,17,1330
NSOPENBALBILL509,40391,cogs,24JSF06102,10,137,"Jasfer Industry Co., Limited",11/20/2024,32314.59,3,Graniti Vicentia LLC,Import SPS data by Invoice in NetSuite,A20211,Import SPS data by Invoice in NetSuite,2,CW-001,17,1331
NSOPENBALBILL510,40391,cogs,5642,4,137,"Jasfer Industry Co., Limited",11/21/2024,-427.39,3,Graniti Vicentia LLC,Import SPS data by Invoice in NetSuite,A20212,Import SPS data by Invoice in NetSuite,2,CW-001,17,1332
NSOPENBALBILL511,40391,cogs,24JSF08069,10,137,"Jasfer Industry Co., Limited",11/22/2024,9068.65,3,Graniti Vicentia LLC,Import SPS data by Invoice in NetSuite,A20213,Import SPS data by Invoice in NetSuite,2,CW-001,17,1333
NSOPENBALBILL512,40391,cogs,24JSF11068,10,137,"Jasfer Industry Co., Limited",11/22/2024,686.94,3,Graniti Vicentia LLC,Import SPS data by Invoice in NetSuite,A20214,Import SPS data by Invoice in NetSuite,2,CW-001,17,1334
NSOPENBALBILL513,40391,cogs,24JSF08023,10,137,"Jasfer Industry Co., Limited",11/23/2024,7667.92,3,Graniti Vicentia LLC,Import SPS data by Invoice in NetSuite,A20215,Import SPS data by Invoice in NetSuite,2,CW-001,17,1335
NSOPENBALBILL514,40391,cogs,24RT101905,10,137,"Jasfer Industry Co., Limited",11/28/2024,50.00,3,Graniti Vicentia LLC,Import SPS data by Invoice in NetSuite,A20216,Import SPS data by Invoice in NetSuite,2,CW-001,17,1336
NSOPENBALBILL515,40391,cogs,24JSF07060,10,137,"Jasfer Industry Co., Limited",12/01/2024,368.34,3,Graniti Vicentia LLC,Import SPS data by Invoice in NetSuite,A20217,Import SPS data by Invoice in NetSuite,2,CW-001,17,1337
NSOPENBALBILL516,40391,cogs,24BL092301,10,137,"Jasfer Industry Co., Limited",12/02/2024,765.69,3,Graniti Vicentia LLC,Import SPS data by Invoice in NetSuite,A20218,Import SPS data by Invoice in NetSuite,2,CW-001,17,1338
NSOPENBALBILL517,40391,cogs,24JS090403,10,137,"Jasfer Industry Co., Limited",12/02/2024,3.99,3,Graniti Vicentia LLC,Import SPS data by Invoice in NetSuite,A20219,Import SPS data by Invoice in NetSuite,2,CW-001,17,1339
NSOPENBALBILL518,40391,cogs,W-1204,6,137,"Jasfer Industry Co., Limited",12/04/2024,-1466.25,3,Graniti Vicentia LLC,Import SPS data by Invoice in NetSuite,A20220,Import SPS data by Invoice in NetSuite,2,CW-001,17,1340
NSOPENBALBILL519,40391,cogs,24JS080904,10,137,"Jasfer Industry Co., Limited",12/05/2024,7500.90,3,Graniti Vicentia LLC,Import SPS data by Invoice in NetSuite,A20221,Import SPS data by Invoice in NetSuite,2,CW-001,17,1341
NSOPENBALBILL520,40391,cogs,24RT052204,10,137,"Jasfer Industry Co., Limited",12/16/2024,10420.91,3,Graniti Vicentia LLC,Import SPS data by Invoice in NetSuite,A20222,Import SPS data by Invoice in NetSuite,2,CW-001,17,1342
NSOPENBALBILL521,40391,cogs,24JS083002,10,137,"Jasfer Industry Co., Limited",12/21/2024,1571.59,3,Graniti Vicentia LLC,Import SPS data by Invoice in NetSuite,A20223,Import SPS data by Invoice in NetSuite,2,CW-001,17,1343
NSOPENBALBILL522,40391,cogs,24JSF09010,10,137,"Jasfer Industry Co., Limited",12/25/2024,4350.49,3,Graniti Vicentia LLC,Import SPS data by Invoice in NetSuite,A20224,Import SPS data by Invoice in NetSuite,2,CW-001,17,1344
NSOPENBALBILL523,40391,cogs,24JS110405,10,137,"Jasfer Industry Co., Limited",12/26/2024,83.78,3,Graniti Vicentia LLC,Import SPS data by Invoice in NetSuite,A20225,Import SPS data by Invoice in NetSuite,2,CW-001,17,1345
NSOPENBALBILL524,40391,cogs,24JSF07024,10,137,"Jasfer Industry Co., Limited",12/31/2024,80.00,3,Graniti Vicentia LLC,Import SPS data by Invoice in NetSuite,A20226,Import SPS data by Invoice in NetSuite,2,CW-001,17,1346
NSOPENBALBILL525,40391,cogs,24JSF08020,10,137,"Jasfer Industry Co., Limited",01/01/2025,2121.40,3,Graniti Vicentia LLC,Import SPS data by Invoice in NetSuite,A20227,Import SPS data by Invoice in NetSuite,2,CW-001,17,1347
NSOPENBALBILL526,40391,cogs,24JSF08029,10,137,"Jasfer Industry Co., Limited",01/01/2025,4775.33,3,Graniti Vicentia LLC,Import SPS data by Invoice in NetSuite,A20228,Import SPS data by Invoice in NetSuite,2,CW-001,17,1348
NSOPENBALBILL527,40391,cogs,24JSF09055,10,137,"Jasfer Industry Co., Limited",01/01/2025,1672.93,3,Graniti Vicentia LLC,Import SPS data by Invoice in NetSuite,A20229,Import SPS data by Invoice in NetSuite,2,CW-001,17,1349
NSOPENBALBILL528,40391,cogs,W-0103,6,137,"Jasfer Industry Co., Limited",01/03/2025,-1061.27,3,Graniti Vicentia LLC,Import SPS data by Invoice in NetSuite,A20230,Import SPS data by Invoice in NetSuite,2,CW-001,17,1350
NSOPENBALBILL529,40391,cogs,24JSF12050,10,137,"Jasfer Industry Co., Limited",01/06/2025,839.54,3,Graniti Vicentia LLC,Import SPS data by Invoice in NetSuite,A20231,Import SPS data by Invoice in NetSuite,2,CW-001,17,1351
NSOPENBALBILL530,40391,cogs,24JS110401,10,137,"Jasfer Industry Co., Limited",01/08/2025,9755.46,3,Graniti Vicentia LLC,Import SPS data by Invoice in NetSuite,A20232,Import SPS data by Invoice in NetSuite,2,CW-001,17,1352
NSOPENBALBILL531,40391,cogs,24JSF10027,10,137,"Jasfer Industry Co., Limited",01/08/2025,800.01,3,Graniti Vicentia LLC,Import SPS data by Invoice in NetSuite,A20233,Import SPS data by Invoice in NetSuite,2,CW-001,17,1353
NSOPENBALBILL532,40391,cogs,W-0109,6,137,"Jasfer Industry Co., Limited",01/09/2025,-228.07,3,Graniti Vicentia LLC,Import SPS data by Invoice in NetSuite,A20234,Import SPS data by Invoice in NetSuite,2,CW-001,17,1354
NSOPENBALBILL533,40391,cogs,24JSF08070,10,137,"Jasfer Industry Co., Limited",01/13/2025,23531.23,3,Graniti Vicentia LLC,Import SPS data by Invoice in NetSuite,A20235,Import SPS data by Invoice in NetSuite,2,CW-001,17,1355
NSOPENBALBILL534,40391,cogs,WHGV2409-1,10,137,"Jasfer Industry Co., Limited",01/14/2025,910.19,3,Graniti Vicentia LLC,Import SPS data by Invoice in NetSuite,A20236,Import SPS data by Invoice in NetSuite,2,CW-001,17,1356
NSOPENBALBILL535,40391,cogs,24JSF02010,10,137,"Jasfer Industry Co., Limited",01/16/2025,121.00,3,Graniti Vicentia LLC,Import SPS data by Invoice in NetSuite,A20237,Import SPS data by Invoice in NetSuite,2,CW-001,17,1357
NSOPENBALBILL536,40391,cogs,W-0117,6,137,"Jasfer Industry Co., Limited",01/17/2025,-8140.67,3,Graniti Vicentia LLC,Import SPS data by Invoice in NetSuite,A20238,Import SPS data by Invoice in NetSuite,2,CW-001,17,1358
NSOPENBALBILL537,40391,cogs,24BL123001,10,137,"Jasfer Industry Co., Limited",01/20/2025,590.90,3,Graniti Vicentia LLC,Import SPS data by Invoice in NetSuite,A20239,Import SPS data by Invoice in NetSuite,2,CW-001,17,1359
NSOPENBALBILL538,40391,cogs,25JSF01021,10,137,"Jasfer Industry Co., Limited",01/20/2025,330.60,3,Graniti Vicentia LLC,Import SPS data by Invoice in NetSuite,A20240,Import SPS data by Invoice in NetSuite,2,CW-001,17,1360
NSOPENBALBILL539,40391,cogs,24JSF08001,10,137,"Jasfer Industry Co., Limited",01/20/2025,1619.71,3,Graniti Vicentia LLC,Import SPS data by Invoice in NetSuite,A20241,Import SPS data by Invoice in NetSuite,2,CW-001,17,1361
NSOPENBALBILL540,40391,cogs,24JSF08051,10,137,"Jasfer Industry Co., Limited",01/20/2025,3208.66,3,Graniti Vicentia LLC,Import SPS data by Invoice in NetSuite,A20242,Import SPS data by Invoice in NetSuite,2,CW-001,17,1362
NSOPENBALBILL541,40391,cogs,24JSF12032,10,137,"Jasfer Industry Co., Limited",01/21/2025,5310.16,3,Graniti Vicentia LLC,Import SPS data by Invoice in NetSuite,A20243,Import SPS data by Invoice in NetSuite,2,CW-001,17,1363
NSOPENBALBILL542,40391,cogs,24JS111306,10,137,"Jasfer Industry Co., Limited",01/21/2025,0.58,3,Graniti Vicentia LLC,Import SPS data by Invoice in NetSuite,A20244,Import SPS data by Invoice in NetSuite,2,CW-001,17,1364
NSOPENBALBILL543,40391,cogs,24JSF04008,10,137,"Jasfer Industry Co., Limited",01/21/2025,2913.27,3,Graniti Vicentia LLC,Import SPS data by Invoice in NetSuite,A20245,Import SPS data by Invoice in NetSuite,2,CW-001,17,1365
NSOPENBALBILL544,40391,cogs,24JSF11008,10,137,"Jasfer Industry Co., Limited",01/21/2025,205.90,3,Graniti Vicentia LLC,Import SPS data by Invoice in NetSuite,A20246,Import SPS data by Invoice in NetSuite,2,CW-001,17,1366
NSOPENBALBILL545,40391,cogs,24JSF11009,10,137,"Jasfer Industry Co., Limited",01/21/2025,104.69,3,Graniti Vicentia LLC,Import SPS data by Invoice in NetSuite,A20247,Import SPS data by Invoice in NetSuite,2,CW-001,17,1367
NSOPENBALBILL546,40391,cogs,24JSF12046,10,137,"Jasfer Industry Co., Limited",01/23/2025,14370.73,3,Graniti Vicentia LLC,Import SPS data by Invoice in NetSuite,A20248,Import SPS data by Invoice in NetSuite,2,CW-001,17,1368
NSOPENBALBILL547,40391,cogs,24RT092505,10,137,"Jasfer Industry Co., Limited",01/23/2025,7.00,3,Graniti Vicentia LLC,Import SPS data by Invoice in NetSuite,A20249,Import SPS data by Invoice in NetSuite,2,CW-001,17,1369
NSOPENBALBILL548,40391,cogs,24JS112001,10,137,"Jasfer Industry Co., Limited",01/23/2025,150.99,3,Graniti Vicentia LLC,Import SPS data by Invoice in NetSuite,A20250,Import SPS data by Invoice in NetSuite,2,CW-001,17,1370
NSOPENBALBILL549,40391,cogs,24JSF10056,10,137,"Jasfer Industry Co., Limited",01/24/2025,137.10,3,Graniti Vicentia LLC,Import SPS data by Invoice in NetSuite,A20251,Import SPS data by Invoice in NetSuite,2,CW-001,17,1371
NSOPENBALBILL550,40391,cogs,24JSF11004,10,137,"Jasfer Industry Co., Limited",01/24/2025,2155.70,3,Graniti Vicentia LLC,Import SPS data by Invoice in NetSuite,A20252,Import SPS data by Invoice in NetSuite,2,CW-001,17,1372
NSOPENBALBILL551,40391,cogs,24JSF12008,10,137,"Jasfer Industry Co., Limited",01/24/2025,10.00,3,Graniti Vicentia LLC,Import SPS data by Invoice in NetSuite,A20253,Import SPS data by Invoice in NetSuite,2,CW-001,17,1373
NSOPENBALBILL552,40391,cogs,W-0124,6,137,"Jasfer Industry Co., Limited",01/24/2025,-26290.30,3,Graniti Vicentia LLC,Import SPS data by Invoice in NetSuite,A20254,Import SPS data by Invoice in NetSuite,2,CW-001,17,1374
NSOPENBALBILL553,40391,cogs,25JSF01004,10,137,"Jasfer Industry Co., Limited",02/13/2025,527.59,3,Graniti Vicentia LLC,Import SPS data by Invoice in NetSuite,A20255,Import SPS data by Invoice in NetSuite,2,CW-001,17,1375
NSOPENBALBILL554,40391,cogs,24JSF07044,10,137,"Jasfer Industry Co., Limited",02/24/2025,30977.29,3,Graniti Vicentia LLC,Import SPS data by Invoice in NetSuite,A20256,Import SPS data by Invoice in NetSuite,2,CW-001,17,1376
NSOPENBALBILL555,40391,cogs,24JSF10039,10,137,"Jasfer Industry Co., Limited",02/25/2025,3995.42,3,Graniti Vicentia LLC,Import SPS data by Invoice in NetSuite,A20257,Import SPS data by Invoice in NetSuite,2,CW-001,17,1377
NSOPENBALBILL556,40391,cogs,24BL110706,10,137,"Jasfer Industry Co., Limited",03/04/2025,1468.92,3,Graniti Vicentia LLC,Import SPS data by Invoice in NetSuite,A20258,Import SPS data by Invoice in NetSuite,2,CW-001,17,1378
NSOPENBALBILL557,40391,cogs,24JSF08073,10,137,"Jasfer Industry Co., Limited",03/13/2025,6798.95,3,Graniti Vicentia LLC,Import SPS data by Invoice in NetSuite,A20259,Import SPS data by Invoice in NetSuite,2,CW-001,17,1379
NSOPENBALBILL558,40391,cogs,24RT10051,9,137,"Jasfer Industry Co., Limited",03/13/2025,150.15,3,Graniti Vicentia LLC,Import SPS data by Invoice in NetSuite,A20260,Import SPS data by Invoice in NetSuite,2,CW-001,17,1380
NSOPENBALBILL559,40391,cogs,24BL111011,10,137,"Jasfer Industry Co., Limited",03/24/2025,6471.17,3,Graniti Vicentia LLC,Import SPS data by Invoice in NetSuite,A20261,Import SPS data by Invoice in NetSuite,2,CW-001,17,1381
NSOPENBALBILL560,40391,cogs,24BL111108,10,137,"Jasfer Industry Co., Limited",03/24/2025,314.82,3,Graniti Vicentia LLC,Import SPS data by Invoice in NetSuite,A20262,Import SPS data by Invoice in NetSuite,2,CW-001,17,1382
NSOPENBALBILL561,40391,cogs,24JS111903,10,137,"Jasfer Industry Co., Limited",03/24/2025,0.19,3,Graniti Vicentia LLC,Import SPS data by Invoice in NetSuite,A20263,Import SPS data by Invoice in NetSuite,2,CW-001,17,1383
NSOPENBALBILL562,40391,cogs,25JS02701,9,137,"Jasfer Industry Co., Limited",03/29/2025,77.05,3,Graniti Vicentia LLC,Import SPS data by Invoice in NetSuite,A20264,Import SPS data by Invoice in NetSuite,2,CW-001,17,1384
NSOPENBALBILL563,40391,cogs,25JSF02018,10,137,"Jasfer Industry Co., Limited",04/02/2025,386.28,3,Graniti Vicentia LLC,Import SPS data by Invoice in NetSuite,A20265,Import SPS data by Invoice in NetSuite,2,CW-001,17,1385
NSOPENBALBILL564,40391,cogs,W-0402,6,137,"Jasfer Industry Co., Limited",04/02/2025,-8206.78,3,Graniti Vicentia LLC,Import SPS data by Invoice in NetSuite,A20266,Import SPS data by Invoice in NetSuite,2,CW-001,17,1386
NSOPENBALBILL565,40391,cogs,W-0414,6,137,"Jasfer Industry Co., Limited",04/14/2025,-4884.00,3,Graniti Vicentia LLC,Import SPS data by Invoice in NetSuite,A20267,Import SPS data by Invoice in NetSuite,2,CW-001,17,1387
NSOPENBALBILL566,40391,cogs,25JSF03092,10,137,"Jasfer Industry Co., Limited",04/16/2025,400.00,3,Graniti Vicentia LLC,Import SPS data by Invoice in NetSuite,A20268,Import SPS data by Invoice in NetSuite,2,CW-001,17,1388
NSOPENBALBILL567,40391,cogs,W-0422,6,137,"Jasfer Industry Co., Limited",04/22/2025,-81156.24,3,Graniti Vicentia LLC,Import SPS data by Invoice in NetSuite,A20269,Import SPS data by Invoice in NetSuite,2,CW-001,17,1389
NSOPENBALBILL568,40391,cogs,25JSF03107,10,137,"Jasfer Industry Co., Limited",04/23/2025,2914.92,3,Graniti Vicentia LLC,Import SPS data by Invoice in NetSuite,A20270,Import SPS data by Invoice in NetSuite,2,CW-001,17,1390
NSOPENBALBILL569,40391,cogs,25BL031501,10,137,"Jasfer Industry Co., Limited",04/23/2025,135.17,3,Graniti Vicentia LLC,Import SPS data by Invoice in NetSuite,A20271,Import SPS data by Invoice in NetSuite,2,CW-001,17,1391
NSOPENBALBILL570,40391,cogs,24BL022901,10,137,"Jasfer Industry Co., Limited",04/26/2025,1910.45,3,Graniti Vicentia LLC,Import SPS data by Invoice in NetSuite,A20272,Import SPS data by Invoice in NetSuite,2,CW-001,17,1392
NSOPENBALBILL571,40391,cogs,W-0506,6,137,"Jasfer Industry Co., Limited",05/06/2025,-385253.20,3,Graniti Vicentia LLC,Import SPS data by Invoice in NetSuite,A20273,Import SPS data by Invoice in NetSuite,2,CW-001,17,1393
NSOPENBALBILL572,40391,cogs,W-0508,6,137,"Jasfer Industry Co., Limited",05/08/2025,-536297.22,3,Graniti Vicentia LLC,Import SPS data by Invoice in NetSuite,A20274,Import SPS data by Invoice in NetSuite,2,CW-001,17,1394
NSOPENBALBILL573,40391,cogs,24RT111401,10,137,"Jasfer Industry Co., Limited",05/11/2025,4391.59,3,Graniti Vicentia LLC,Import SPS data by Invoice in NetSuite,A20275,Import SPS data by Invoice in NetSuite,2,CW-001,17,1395
NSOPENBALBILL574,40391,cogs,24JS121102,10,137,"Jasfer Industry Co., Limited",05/11/2025,3365.87,3,Graniti Vicentia LLC,Import SPS data by Invoice in NetSuite,A20276,Import SPS data by Invoice in NetSuite,2,CW-001,17,1396
NSOPENBALBILL575,40391,cogs,24RT112802,10,137,"Jasfer Industry Co., Limited",05/11/2025,8054.28,3,Graniti Vicentia LLC,Import SPS data by Invoice in NetSuite,A20277,Import SPS data by Invoice in NetSuite,2,CW-001,17,1397
NSOPENBALBILL578,40391,cogs,PI NO.:24JS121601,17,137,"Jasfer Industry Co., Limited",05/11/2025,1322.00,3,Graniti Vicentia LLC,Import SPS data by Invoice in NetSuite,A20280,Import SPS data by Invoice in NetSuite,2,CW-001,17,1398
NSOPENBALBILL579,40391,cogs,24JS111408,10,137,"Jasfer Industry Co., Limited",05/12/2025,5627.99,3,Graniti Vicentia LLC,Import SPS data by Invoice in NetSuite,A20281,Import SPS data by Invoice in NetSuite,2,CW-001,17,1399
NSOPENBALBILL580,40391,cogs,25RT021301,10,137,"Jasfer Industry Co., Limited",05/17/2025,200.92,3,Graniti Vicentia LLC,Import SPS data by Invoice in NetSuite,A20282,Import SPS data by Invoice in NetSuite,2,CW-001,17,1400
NSOPENBALBILL581,40391,cogs,24BL123005,10,137,"Jasfer Industry Co., Limited",05/19/2025,302.88,3,Graniti Vicentia LLC,Import SPS data by Invoice in NetSuite,A20283,Import SPS data by Invoice in NetSuite,2,CW-001,17,1401
NSOPENBALBILL582,40391,cogs,25JSF01022,10,137,"Jasfer Industry Co., Limited",05/19/2025,11024.30,3,Graniti Vicentia LLC,Import SPS data by Invoice in NetSuite,A20284,Import SPS data by Invoice in NetSuite,2,CW-001,17,1402
NSOPENBALBILL583,40391,cogs,25JS040601,10,137,"Jasfer Industry Co., Limited",05/19/2025,2279.27,3,Graniti Vicentia LLC,Import SPS data by Invoice in NetSuite,A20285,Import SPS data by Invoice in NetSuite,2,CW-001,17,1403
NSOPENBALBILL584,40391,cogs,25BL040802,10,137,"Jasfer Industry Co., Limited",05/19/2025,2810.15,3,Graniti Vicentia LLC,Import SPS data by Invoice in NetSuite,A20286,Import SPS data by Invoice in NetSuite,2,CW-001,17,1404
NSOPENBALBILL585,40391,cogs,25JSF03038,10,137,"Jasfer Industry Co., Limited",05/19/2025,28739.68,3,Graniti Vicentia LLC,Import SPS data by Invoice in NetSuite,A20287,Import SPS data by Invoice in NetSuite,2,CW-001,17,1405
NSOPENBALBILL586,40391,cogs,25JSF03064,10,137,"Jasfer Industry Co., Limited",05/19/2025,1716.13,3,Graniti Vicentia LLC,Import SPS data by Invoice in NetSuite,A20288,Import SPS data by Invoice in NetSuite,2,CW-001,17,1406
NSOPENBALBILL587,40391,cogs,25JS02135,9,137,"Jasfer Industry Co., Limited",05/19/2025,1094.72,3,Graniti Vicentia LLC,Import SPS data by Invoice in NetSuite,A20289,Import SPS data by Invoice in NetSuite,2,CW-001,17,1407
NSOPENBALBILL588,40391,cogs,25BL041601,10,137,"Jasfer Industry Co., Limited",05/19/2025,955.75,3,Graniti Vicentia LLC,Import SPS data by Invoice in NetSuite,A20290,Import SPS data by Invoice in NetSuite,2,CW-001,17,1408
NSOPENBALBILL589,40391,cogs,25BL031204,10,137,"Jasfer Industry Co., Limited",05/19/2025,102.14,3,Graniti Vicentia LLC,Import SPS data by Invoice in NetSuite,A20291,Import SPS data by Invoice in NetSuite,2,CW-001,17,1409
NSOPENBALBILL590,40391,cogs,25JS011601,10,137,"Jasfer Industry Co., Limited",05/19/2025,324.50,3,Graniti Vicentia LLC,Import SPS data by Invoice in NetSuite,A20292,Import SPS data by Invoice in NetSuite,2,CW-001,17,1410
NSOPENBALBILL591,40391,cogs,25JSF03067,10,137,"Jasfer Industry Co., Limited",05/19/2025,2103.64,3,Graniti Vicentia LLC,Import SPS data by Invoice in NetSuite,A20293,Import SPS data by Invoice in NetSuite,2,CW-001,17,1411
NSOPENBALBILL592,40391,cogs,25BL040401,10,137,"Jasfer Industry Co., Limited",05/19/2025,2715.09,3,Graniti Vicentia LLC,Import SPS data by Invoice in NetSuite,A20294,Import SPS data by Invoice in NetSuite,2,CW-001,17,1412
NSOPENBALBILL593,40391,cogs,24JSF11060,10,137,"Jasfer Industry Co., Limited",05/19/2025,2016.44,3,Graniti Vicentia LLC,Import SPS data by Invoice in NetSuite,A20295,Import SPS data by Invoice in NetSuite,2,CW-001,17,1413
NSOPENBALBILL594,40391,cogs,25JSF03200,10,137,"Jasfer Industry Co., Limited",05/19/2025,922.62,3,Graniti Vicentia LLC,Import SPS data by Invoice in NetSuite,A20296,Import SPS data by Invoice in NetSuite,2,CW-001,17,1414
NSOPENBALBILL595,40391,cogs,25BL030705,10,137,"Jasfer Industry Co., Limited",05/19/2025,4619.84,3,Graniti Vicentia LLC,Import SPS data by Invoice in NetSuite,A20297,Import SPS data by Invoice in NetSuite,2,CW-001,17,1415
NSOPENBALBILL596,40391,cogs,24RT103106,10,137,"Jasfer Industry Co., Limited",05/19/2025,26701.32,3,Graniti Vicentia LLC,Import SPS data by Invoice in NetSuite,A20298,Import SPS data by Invoice in NetSuite,2,CW-001,17,1416
NSOPENBALBILL597,40391,cogs,24JS112601,10,137,"Jasfer Industry Co., Limited",05/19/2025,6828.39,3,Graniti Vicentia LLC,Import SPS data by Invoice in NetSuite,A20299,Import SPS data by Invoice in NetSuite,2,CW-001,17,1417
NSOPENBALBILL598,40391,cogs,24JS121106,10,137,"Jasfer Industry Co., Limited",05/19/2025,1118.60,3,Graniti Vicentia LLC,Import SPS data by Invoice in NetSuite,A20300,Import SPS data by Invoice in NetSuite,2,CW-001,17,1418
NSOPENBALBILL599,40391,cogs,24JSF11024,10,137,"Jasfer Industry Co., Limited",05/19/2025,6227.16,3,Graniti Vicentia LLC,Import SPS data by Invoice in NetSuite,A20301,Import SPS data by Invoice in NetSuite,2,CW-001,17,1419
NSOPENBALBILL600,40391,cogs,24JSF11028,10,137,"Jasfer Industry Co., Limited",05/19/2025,3950.91,3,Graniti Vicentia LLC,Import SPS data by Invoice in NetSuite,A20302,Import SPS data by Invoice in NetSuite,2,CW-001,17,1420
NSOPENBALBILL601,40391,cogs,25BL011605,10,137,"Jasfer Industry Co., Limited",05/19/2025,187.75,3,Graniti Vicentia LLC,Import SPS data by Invoice in NetSuite,A20303,Import SPS data by Invoice in NetSuite,2,CW-001,17,1421
NSOPENBALBILL602,40391,cogs,25BL020701,10,137,"Jasfer Industry Co., Limited",05/19/2025,4021.34,3,Graniti Vicentia LLC,Import SPS data by Invoice in NetSuite,A20304,Import SPS data by Invoice in NetSuite,2,CW-001,17,1422
NSOPENBALBILL603,40391,cogs,25BL021302,10,137,"Jasfer Industry Co., Limited",05/19/2025,6176.73,3,Graniti Vicentia LLC,Import SPS data by Invoice in NetSuite,A20305,Import SPS data by Invoice in NetSuite,2,CW-001,17,1423
NSOPENBALBILL604,40391,cogs,25BL030704,10,137,"Jasfer Industry Co., Limited",05/19/2025,793.09,3,Graniti Vicentia LLC,Import SPS data by Invoice in NetSuite,A20306,Import SPS data by Invoice in NetSuite,2,CW-001,17,1424
NSOPENBALBILL605,40391,cogs,25RT022002,10,137,"Jasfer Industry Co., Limited",05/19/2025,2202.00,3,Graniti Vicentia LLC,Import SPS data by Invoice in NetSuite,A20307,Import SPS data by Invoice in NetSuite,2,CW-001,17,1425
NSOPENBALBILL606,40391,cogs,25RT040202,10,137,"Jasfer Industry Co., Limited",05/19/2025,1590.55,3,Graniti Vicentia LLC,Import SPS data by Invoice in NetSuite,A20308,Import SPS data by Invoice in NetSuite,2,CW-001,17,1426
NSOPENBALBILL607,40391,cogs,25JSF03209,10,137,"Jasfer Industry Co., Limited",05/20/2025,2297.41,3,Graniti Vicentia LLC,Import SPS data by Invoice in NetSuite,A20309,Import SPS data by Invoice in NetSuite,2,CW-001,17,1427
NSOPENBALBILL608,40391,cogs,24JSF11039,10,137,"Jasfer Industry Co., Limited",05/21/2025,765.68,3,Graniti Vicentia LLC,Import SPS data by Invoice in NetSuite,A20310,Import SPS data by Invoice in NetSuite,2,CW-001,17,1428
NSOPENBALBILL609,40391,cogs,25JSF01051,10,137,"Jasfer Industry Co., Limited",05/22/2025,5482.20,3,Graniti Vicentia LLC,Import SPS data by Invoice in NetSuite,A20311,Import SPS data by Invoice in NetSuite,2,CW-001,17,1429
NSOPENBALBILL610,40391,cogs,W-0522,6,137,"Jasfer Industry Co., Limited",05/22/2025,-600000.00,3,Graniti Vicentia LLC,Import SPS data by Invoice in NetSuite,A20312,Import SPS data by Invoice in NetSuite,2,CW-001,17,1430
NSOPENBALBILL611,40391,cogs,25JSF050241,11,137,"Jasfer Industry Co., Limited",05/24/2025,469.20,3,Graniti Vicentia LLC,Import SPS data by Invoice in NetSuite,A20313,Import SPS data by Invoice in NetSuite,2,CW-001,17,1431
NSOPENBALBILL612,40391,cogs,24JSF11061,10,137,"Jasfer Industry Co., Limited",05/24/2025,620.58,3,Graniti Vicentia LLC,Import SPS data by Invoice in NetSuite,A20314,Import SPS data by Invoice in NetSuite,2,CW-001,17,1432
NSOPENBALBILL613,40391,cogs,24BL010601,10,137,"Jasfer Industry Co., Limited",05/29/2025,18646.90,3,Graniti Vicentia LLC,Import SPS data by Invoice in NetSuite,A20315,Import SPS data by Invoice in NetSuite,2,CW-001,17,1433
NSOPENBALBILL614,40391,cogs,24BL120402,10,137,"Jasfer Industry Co., Limited",05/29/2025,836.80,3,Graniti Vicentia LLC,Import SPS data by Invoice in NetSuite,A20316,Import SPS data by Invoice in NetSuite,2,CW-001,17,1434
NSOPENBALBILL615,40391,cogs,25JSF01055,10,137,"Jasfer Industry Co., Limited",05/29/2025,2966.73,3,Graniti Vicentia LLC,Import SPS data by Invoice in NetSuite,A20317,Import SPS data by Invoice in NetSuite,2,CW-001,17,1435
NSOPENBALBILL616,40391,cogs,25JSF04038,10,137,"Jasfer Industry Co., Limited",05/29/2025,41.25,3,Graniti Vicentia LLC,Import SPS data by Invoice in NetSuite,A20318,Import SPS data by Invoice in NetSuite,2,CW-001,17,1436
NSOPENBALBILL617,40391,cogs,25RT021202,10,137,"Jasfer Industry Co., Limited",05/29/2025,1134.46,3,Graniti Vicentia LLC,Import SPS data by Invoice in NetSuite,A20319,Import SPS data by Invoice in NetSuite,2,CW-001,17,1437
NSOPENBALBILL618,40391,cogs,25JSF02008,10,137,"Jasfer Industry Co., Limited",05/29/2025,6390.15,3,Graniti Vicentia LLC,Import SPS data by Invoice in NetSuite,A20320,Import SPS data by Invoice in NetSuite,2,CW-001,17,1438
NSOPENBALBILL619,40391,cogs,25RT010901,10,137,"Jasfer Industry Co., Limited",05/29/2025,16364.07,3,Graniti Vicentia LLC,Import SPS data by Invoice in NetSuite,A20321,Import SPS data by Invoice in NetSuite,2,CW-001,17,1439
NSOPENBALBILL620,40391,cogs,25JSF02017,10,137,"Jasfer Industry Co., Limited",05/29/2025,814.76,3,Graniti Vicentia LLC,Import SPS data by Invoice in NetSuite,A20322,Import SPS data by Invoice in NetSuite,2,CW-001,17,1440
NSOPENBALBILL621,40391,cogs,25JS020701,10,137,"Jasfer Industry Co., Limited",05/29/2025,2516.59,3,Graniti Vicentia LLC,Import SPS data by Invoice in NetSuite,A20323,Import SPS data by Invoice in NetSuite,2,CW-001,17,1441
NSOPENBALBILL622,40391,cogs,25JS011606,10,137,"Jasfer Industry Co., Limited",05/29/2025,12489.43,3,Graniti Vicentia LLC,Import SPS data by Invoice in NetSuite,A20324,Import SPS data by Invoice in NetSuite,2,CW-001,17,1442
NSOPENBALBILL623,40391,cogs,25JS012001,10,137,"Jasfer Industry Co., Limited",05/29/2025,67336.53,3,Graniti Vicentia LLC,Import SPS data by Invoice in NetSuite,A20325,Import SPS data by Invoice in NetSuite,2,CW-001,17,1443
NSOPENBALBILL624,40391,cogs,25JSF03053,10,137,"Jasfer Industry Co., Limited",05/29/2025,9624.49,3,Graniti Vicentia LLC,Import SPS data by Invoice in NetSuite,A20326,Import SPS data by Invoice in NetSuite,2,CW-001,17,1444
NSOPENBALBILL625,40391,cogs,25JSF01031,10,137,"Jasfer Industry Co., Limited",05/29/2025,56645.36,3,Graniti Vicentia LLC,Import SPS data by Invoice in NetSuite,A20327,Import SPS data by Invoice in NetSuite,2,CW-001,17,1445
NSOPENBALBILL626,40391,cogs,24JSF08043,10,137,"Jasfer Industry Co., Limited",05/29/2025,540.48,3,Graniti Vicentia LLC,Import SPS data by Invoice in NetSuite,A20328,Import SPS data by Invoice in NetSuite,2,CW-001,17,1446
NSOPENBALBILL627,40391,cogs,24JSF04042,10,137,"Jasfer Industry Co., Limited",05/29/2025,352.83,3,Graniti Vicentia LLC,Import SPS data by Invoice in NetSuite,A20329,Import SPS data by Invoice in NetSuite,2,CW-001,17,1447
NSOPENBALBILL628,40391,cogs,24JSF11059,10,137,"Jasfer Industry Co., Limited",05/29/2025,5751.69,3,Graniti Vicentia LLC,Import SPS data by Invoice in NetSuite,A20330,Import SPS data by Invoice in NetSuite,2,CW-001,17,1448
NSOPENBALBILL629,40391,cogs,25BL021201,10,137,"Jasfer Industry Co., Limited",05/29/2025,43.49,3,Graniti Vicentia LLC,Import SPS data by Invoice in NetSuite,A20331,Import SPS data by Invoice in NetSuite,2,CW-001,17,1449
NSOPENBALBILL630,40391,cogs,25BL021202,10,137,"Jasfer Industry Co., Limited",05/29/2025,2886.62,3,Graniti Vicentia LLC,Import SPS data by Invoice in NetSuite,A20332,Import SPS data by Invoice in NetSuite,2,CW-001,17,1450
NSOPENBALBILL631,40391,cogs,24AG552GRV-V,12,137,"Jasfer Industry Co., Limited",05/30/2025,9436.00,3,Graniti Vicentia LLC,Import SPS data by Invoice in NetSuite,A20333,Import SPS data by Invoice in NetSuite,2,CW-001,17,1451
NSOPENBALBILL632,40391,cogs,25JS032502,10,137,"Jasfer Industry Co., Limited",05/30/2025,68.67,3,Graniti Vicentia LLC,Import SPS data by Invoice in NetSuite,A20334,Import SPS data by Invoice in NetSuite,2,CW-001,17,1452
NSOPENBALBILL633,40391,cogs,25JSF02006,10,137,"Jasfer Industry Co., Limited",05/30/2025,342.51,3,Graniti Vicentia LLC,Import SPS data by Invoice in NetSuite,A20335,Import SPS data by Invoice in NetSuite,2,CW-001,17,1453
NSOPENBALBILL634,40391,cogs,24JSF12036,10,137,"Jasfer Industry Co., Limited",05/30/2025,6123.31,3,Graniti Vicentia LLC,Import SPS data by Invoice in NetSuite,A20336,Import SPS data by Invoice in NetSuite,2,CW-001,17,1454
NSOPENBALBILL635,40391,cogs,25JSF02016,10,137,"Jasfer Industry Co., Limited",05/30/2025,5654.82,3,Graniti Vicentia LLC,Import SPS data by Invoice in NetSuite,A20337,Import SPS data by Invoice in NetSuite,2,CW-001,17,1455
NSOPENBALBILL636,40391,cogs,25JSF01016,10,137,"Jasfer Industry Co., Limited",05/30/2025,213.51,3,Graniti Vicentia LLC,Import SPS data by Invoice in NetSuite,A20338,Import SPS data by Invoice in NetSuite,2,CW-001,17,1456
NSOPENBALBILL637,40391,cogs,25JS032703,10,137,"Jasfer Industry Co., Limited",05/30/2025,1012.70,3,Graniti Vicentia LLC,Import SPS data by Invoice in NetSuite,A20339,Import SPS data by Invoice in NetSuite,2,CW-001,17,1457
NSOPENBALBILL638,40391,cogs,24JSF12017,10,137,"Jasfer Industry Co., Limited",05/30/2025,61908.55,3,Graniti Vicentia LLC,Import SPS data by Invoice in NetSuite,A20340,Import SPS data by Invoice in NetSuite,2,CW-001,17,1458
NSOPENBALBILL639,40391,cogs,24JSF12037,10,137,"Jasfer Industry Co., Limited",05/30/2025,1085.00,3,Graniti Vicentia LLC,Import SPS data by Invoice in NetSuite,A20341,Import SPS data by Invoice in NetSuite,2,CW-001,17,1459
NSOPENBALBILL640,40391,cogs,24JS092501,10,137,"Jasfer Industry Co., Limited",05/30/2025,1125.75,3,Graniti Vicentia LLC,Import SPS data by Invoice in NetSuite,A20342,Import SPS data by Invoice in NetSuite,2,CW-001,17,1460
NSOPENBALBILL641,40391,cogs,24JS101601,10,137,"Jasfer Industry Co., Limited",05/30/2025,2522.86,3,Graniti Vicentia LLC,Import SPS data by Invoice in NetSuite,A20343,Import SPS data by Invoice in NetSuite,2,CW-001,17,1461
NSOPENBALBILL642,40391,cogs,24JS120607,10,137,"Jasfer Industry Co., Limited",05/30/2025,3493.50,3,Graniti Vicentia LLC,Import SPS data by Invoice in NetSuite,A20344,Import SPS data by Invoice in NetSuite,2,CW-001,17,1462
NSOPENBALBILL643,40391,cogs,24JSF10073,10,137,"Jasfer Industry Co., Limited",05/30/2025,7827.20,3,Graniti Vicentia LLC,Import SPS data by Invoice in NetSuite,A20345,Import SPS data by Invoice in NetSuite,2,CW-001,17,1463
NSOPENBALBILL644,40391,cogs,25JSF01010,10,137,"Jasfer Industry Co., Limited",06/01/2025,2245.46,3,Graniti Vicentia LLC,Import SPS data by Invoice in NetSuite,A20346,Import SPS data by Invoice in NetSuite,2,CW-001,17,1464
NSOPENBALBILL645,40391,cogs,25BL022701,10,137,"Jasfer Industry Co., Limited",06/06/2025,7564.47,3,Graniti Vicentia LLC,Import SPS data by Invoice in NetSuite,A20347,Import SPS data by Invoice in NetSuite,2,CW-001,17,1465
NSOPENBALBILL646,40391,cogs,24BL112004,10,137,"Jasfer Industry Co., Limited",06/08/2025,34035.94,3,Graniti Vicentia LLC,Import SPS data by Invoice in NetSuite,A20348,Import SPS data by Invoice in NetSuite,2,CW-001,17,1466
NSOPENBALBILL647,40391,cogs,25JSF02070,10,137,"Jasfer Industry Co., Limited",06/08/2025,63221.69,3,Graniti Vicentia LLC,Import SPS data by Invoice in NetSuite,A20349,Import SPS data by Invoice in NetSuite,2,CW-001,17,1467
NSOPENBALBILL648,40391,cogs,25BL030706,10,137,"Jasfer Industry Co., Limited",06/08/2025,13777.01,3,Graniti Vicentia LLC,Import SPS data by Invoice in NetSuite,A20350,Import SPS data by Invoice in NetSuite,2,CW-001,17,1468
NSOPENBALBILL649,40391,cogs,24JS112003,10,137,"Jasfer Industry Co., Limited",06/08/2025,12822.52,3,Graniti Vicentia LLC,Import SPS data by Invoice in NetSuite,A20351,Import SPS data by Invoice in NetSuite,2,CW-001,17,1469
NSOPENBALBILL650,40391,cogs,24JS121201,10,137,"Jasfer Industry Co., Limited",06/08/2025,1083.66,3,Graniti Vicentia LLC,Import SPS data by Invoice in NetSuite,A20352,Import SPS data by Invoice in NetSuite,2,CW-001,17,1470
NSOPENBALBILL651,40391,cogs,25RT032501,10,137,"Jasfer Industry Co., Limited",06/08/2025,2468.36,3,Graniti Vicentia LLC,Import SPS data by Invoice in NetSuite,A20353,Import SPS data by Invoice in NetSuite,2,CW-001,17,1471
NSOPENBALBILL652,40391,cogs,25GB0073,8,137,"Jasfer Industry Co., Limited",06/09/2025,0.01,3,Graniti Vicentia LLC,Import SPS data by Invoice in NetSuite,A20354,Import SPS data by Invoice in NetSuite,2,CW-001,17,1472
NSOPENBALBILL653,40391,cogs,24JS110705,10,137,"Jasfer Industry Co., Limited",06/10/2025,499.36,3,Graniti Vicentia LLC,Import SPS data by Invoice in NetSuite,A20355,Import SPS data by Invoice in NetSuite,2,CW-001,17,1473
NSOPENBALBILL654,40391,cogs,W-0610,6,137,"Jasfer Industry Co., Limited",06/10/2025,-19228.35,3,Graniti Vicentia LLC,Import SPS data by Invoice in NetSuite,A20356,Import SPS data by Invoice in NetSuite,2,CW-001,17,1474
NSOPENBALBILL655,40391,cogs,25JS010401,10,137,"Jasfer Industry Co., Limited",06/27/2025,10816.52,3,Graniti Vicentia LLC,Import SPS data by Invoice in NetSuite,A20357,Import SPS data by Invoice in NetSuite,2,CW-001,17,1475
NSOPENBALBILL656,40391,cogs,25JSF01041,10,137,"Jasfer Industry Co., Limited",06/28/2025,9278.55,3,Graniti Vicentia LLC,Import SPS data by Invoice in NetSuite,A20358,Import SPS data by Invoice in NetSuite,2,CW-001,17,1476
NSOPENBALBILL657,40391,cogs,25JS032705,10,137,"Jasfer Industry Co., Limited",06/28/2025,6052.22,3,Graniti Vicentia LLC,Import SPS data by Invoice in NetSuite,A20359,Import SPS data by Invoice in NetSuite,2,CW-001,17,1477
NSOPENBALBILL658,40391,cogs,25BL042101,10,137,"Jasfer Industry Co., Limited",06/28/2025,143.03,3,Graniti Vicentia LLC,Import SPS data by Invoice in NetSuite,A20360,Import SPS data by Invoice in NetSuite,2,CW-001,17,1478
NSOPENBALBILL659,40391,cogs,25JSF03217,10,137,"Jasfer Industry Co., Limited",06/28/2025,22156.83,3,Graniti Vicentia LLC,Import SPS data by Invoice in NetSuite,A20361,Import SPS data by Invoice in NetSuite,2,CW-001,17,1479
NSOPENBALBILL660,40391,cogs,25JSF04010,10,137,"Jasfer Industry Co., Limited",06/28/2025,717.83,3,Graniti Vicentia LLC,Import SPS data by Invoice in NetSuite,A20362,Import SPS data by Invoice in NetSuite,2,CW-001,17,1480
NSOPENBALBILL661,40391,cogs,25JSF04047,10,137,"Jasfer Industry Co., Limited",06/28/2025,4226.09,3,Graniti Vicentia LLC,Import SPS data by Invoice in NetSuite,A20363,Import SPS data by Invoice in NetSuite,2,CW-001,17,1481
NSOPENBALBILL662,40391,cogs,24RT090901,10,137,"Jasfer Industry Co., Limited",06/28/2025,1168.19,3,Graniti Vicentia LLC,Import SPS data by Invoice in NetSuite,A20364,Import SPS data by Invoice in NetSuite,2,CW-001,17,1482
NSOPENBALBILL663,40391,cogs,24JSF12014,10,137,"Jasfer Industry Co., Limited",06/28/2025,1340.70,3,Graniti Vicentia LLC,Import SPS data by Invoice in NetSuite,A20365,Import SPS data by Invoice in NetSuite,2,CW-001,17,1483
NSOPENBALBILL664,40391,cogs,25RT02201,9,137,"Jasfer Industry Co., Limited",06/28/2025,39.31,3,Graniti Vicentia LLC,Import SPS data by Invoice in NetSuite,A20366,Import SPS data by Invoice in NetSuite,2,CW-001,17,1484
NSOPENBALBILL665,40391,cogs,25RT030502,10,137,"Jasfer Industry Co., Limited",06/28/2025,288.50,3,Graniti Vicentia LLC,Import SPS data by Invoice in NetSuite,A20367,Import SPS data by Invoice in NetSuite,2,CW-001,17,1485
NSOPENBALBILL666,40391,cogs,25RT030706,10,137,"Jasfer Industry Co., Limited",06/28/2025,1183.35,3,Graniti Vicentia LLC,Import SPS data by Invoice in NetSuite,A20368,Import SPS data by Invoice in NetSuite,2,CW-001,17,1486
NSOPENBALBILL667,40391,cogs,25RT04010,9,137,"Jasfer Industry Co., Limited",06/28/2025,1859.93,3,Graniti Vicentia LLC,Import SPS data by Invoice in NetSuite,A20369,Import SPS data by Invoice in NetSuite,2,CW-001,17,1487
NSOPENBALBILL668,40391,cogs,25JSF01007,10,137,"Jasfer Industry Co., Limited",06/30/2025,440.00,3,Graniti Vicentia LLC,Import SPS data by Invoice in NetSuite,A20370,Import SPS data by Invoice in NetSuite,2,CW-001,17,1488
NSOPENBALBILL669,40391,cogs,25JSF05069,10,137,"Jasfer Industry Co., Limited",06/30/2025,3265.82,3,Graniti Vicentia LLC,Import SPS data by Invoice in NetSuite,A20371,Import SPS data by Invoice in NetSuite,2,CW-001,17,1489
NSOPENBALBILL670,40391,cogs,36587 - Invoice,15,137,"Jasfer Industry Co., Limited",06/30/2025,1446.55,3,Graniti Vicentia LLC,Import SPS data by Invoice in NetSuite,A20372,Import SPS data by Invoice in NetSuite,2,CW-001,17,1490
NSOPENBALBILL671,40391,cogs,40329 - Invoice,15,137,"Jasfer Industry Co., Limited",06/30/2025,6517.91,3,Graniti Vicentia LLC,Import SPS data by Invoice in NetSuite,A20373,Import SPS data by Invoice in NetSuite,2,CW-001,17,1491
NSOPENBALBILL672,40391,cogs,36505 - Invoice,15,137,"Jasfer Industry Co., Limited",06/30/2025,3276.67,3,Graniti Vicentia LLC,Import SPS data by Invoice in NetSuite,A20374,Import SPS data by Invoice in NetSuite,2,CW-001,17,1492
NSOPENBALBILL673,40391,cogs,24RT111401-1,12,137,"Jasfer Industry Co., Limited",06/30/2025,50645.94,3,Graniti Vicentia LLC,Import SPS data by Invoice in NetSuite,A20375,Import SPS data by Invoice in NetSuite,2,CW-001,17,1493
NSOPENBALBILL674,40391,cogs,37618 - Invoice,15,137,"Jasfer Industry Co., Limited",06/30/2025,13950.00,3,Graniti Vicentia LLC,Import SPS data by Invoice in NetSuite,A20376,Import SPS data by Invoice in NetSuite,2,CW-001,17,1494
NSOPENBALBILL675,40391,cogs,42446-invoice,13,137,"Jasfer Industry Co., Limited",06/30/2025,3131.91,3,Graniti Vicentia LLC,Import SPS data by Invoice in NetSuite,A20377,Import SPS data by Invoice in NetSuite,2,CW-001,17,1495
NSOPENBALBILL676,40391,cogs,7.80E+11,12,137,"Jasfer Industry Co., Limited",06/30/2025,868.82,3,Graniti Vicentia LLC,Import SPS data by Invoice in NetSuite,A20378,Import SPS data by Invoice in NetSuite,2,CW-001,17,1496
NSOPENBALBILL677,40391,cogs,W-0415,6,2395,Juniper Design Group,04/15/2025,-6489.69,3,Graniti Vicentia LLC,Import SPS data by Invoice in NetSuite,A20379,Import SPS data by Invoice in NetSuite,2,CW-001,17,1497
NSOPENBALBILL686,40391,cogs,K2808,5,1262,Kuartz Surfaces & Kitchens,06/17/2024,1824.25,3,Graniti Vicentia LLC,Import SPS data by Invoice in NetSuite,A20388,Import SPS data by Invoice in NetSuite,2,CW-001,17,1498
NSOPENBALBILL687,40391,cogs,K2926,5,1262,Kuartz Surfaces & Kitchens,08/28/2024,4080.27,3,Graniti Vicentia LLC,Import SPS data by Invoice in NetSuite,A20389,Import SPS data by Invoice in NetSuite,2,CW-001,17,1499
NSOPENBALBILL688,40391,cogs,22325,5,154,Lift Service Now,09/11/2024,4974.00,3,Graniti Vicentia LLC,Import SPS data by Invoice in NetSuite,A20390,Import SPS data by Invoice in NetSuite,2,CW-001,17,1500
NSOPENBALBILL689,40391,cogs,22326,5,154,Lift Service Now,09/11/2024,4816.11,3,Graniti Vicentia LLC,Import SPS data by Invoice in NetSuite,A20391,Import SPS data by Invoice in NetSuite,2,CW-001,17,1501
NSOPENBALBILL690,40391,cogs,3.77E+37,11,1584,Luis Hernandez,05/29/2025,3465.00,3,Graniti Vicentia LLC,Import SPS data by Invoice in NetSuite,A20392,Import SPS data by Invoice in NetSuite,2,CW-001,17,1502
NSOPENBALBILL692,40391,cogs,25760001,8,1562,Marmite Sp. z o.o - Poland,11/19/2024,285.80,3,Graniti Vicentia LLC,Import SPS data by Invoice in NetSuite,A20394,Import SPS data by Invoice in NetSuite,2,CW-001,17,1503
NSOPENBALBILL693,40391,cogs,25760438,8,1562,Marmite Sp. z o.o - Poland,05/12/2025,2349.15,3,Graniti Vicentia LLC,Import SPS data by Invoice in NetSuite,A20395,Import SPS data by Invoice in NetSuite,2,CW-001,17,1504
NSOPENBALBILL695,40391,cogs,20240217,8,1266,MASOMEX GLOBAL,02/17/2024,713.90,3,Graniti Vicentia LLC,Import SPS data by Invoice in NetSuite,A20397,Import SPS data by Invoice in NetSuite,2,CW-001,17,1505
NSOPENBALBILL696,40391,cogs,MMG/2024-25/10,14,1266,MASOMEX GLOBAL,01/01/2025,140.60,3,Graniti Vicentia LLC,Import SPS data by Invoice in NetSuite,A20398,Import SPS data by Invoice in NetSuite,2,CW-001,17,1506
NSOPENBALBILL697,40391,cogs,W-0220,6,1266,MASOMEX GLOBAL,02/20/2025,-1951.83,3,Graniti Vicentia LLC,Import SPS data by Invoice in NetSuite,A20399,Import SPS data by Invoice in NetSuite,2,CW-001,17,1507
NSOPENBALBILL698,40391,cogs,24/09,5,1266,MASOMEX GLOBAL,06/30/2025,66.35,3,Graniti Vicentia LLC,Import SPS data by Invoice in NetSuite,A20400,Import SPS data by Invoice in NetSuite,2,CW-001,17,1508
NSOPENBALBILL702,40391,cogs,W-0811,6,168,MELLOWLAND FURNISHING INC,08/11/2023,-90.03,3,Graniti Vicentia LLC,Import SPS data by Invoice in NetSuite,A20404,Import SPS data by Invoice in NetSuite,2,CW-001,17,1509
NSOPENBALBILL703,40391,cogs,W-0817,6,168,MELLOWLAND FURNISHING INC,08/17/2023,-513.70,3,Graniti Vicentia LLC,Import SPS data by Invoice in NetSuite,A20405,Import SPS data by Invoice in NetSuite,2,CW-001,17,1510
NSOPENBALBILL704,40391,cogs,W-0116,6,168,MELLOWLAND FURNISHING INC,01/16/2024,-102.74,3,Graniti Vicentia LLC,Import SPS data by Invoice in NetSuite,A20406,Import SPS data by Invoice in NetSuite,2,CW-001,17,1511
NSOPENBALBILL705,40391,cogs,32045 - Invoice,15,168,MELLOWLAND FURNISHING INC,06/30/2025,2752.50,3,Graniti Vicentia LLC,Import SPS data by Invoice in NetSuite,A20407,Import SPS data by Invoice in NetSuite,2,CW-001,17,1512
NSOPENBALBILL706,40391,cogs,32541 - Invoice,15,168,MELLOWLAND FURNISHING INC,06/30/2025,3283.03,3,Graniti Vicentia LLC,Import SPS data by Invoice in NetSuite,A20408,Import SPS data by Invoice in NetSuite,2,CW-001,17,1513
NSOPENBALBILL708,40391,cogs,680047,6,1962,"MileStone Florim USA, Inc.",01/15/2025,2064.00,3,Graniti Vicentia LLC,Import SPS data by Invoice in NetSuite,A20410,Import SPS data by Invoice in NetSuite,2,CW-001,17,1514
NSOPENBALBILL709,40391,cogs,90457176 - 60294,16,1962,"MileStone Florim USA, Inc.",06/30/2025,23819.04,3,Graniti Vicentia LLC,Import SPS data by Invoice in NetSuite,A20411,Import SPS data by Invoice in NetSuite,2,CW-001,17,1515
NSOPENBALBILL710,40391,cogs,14594728,8,1269,Milliken,12/19/2023,7569.67,3,Graniti Vicentia LLC,Import SPS data by Invoice in NetSuite,A20412,Import SPS data by Invoice in NetSuite,2,CW-001,17,1516
NSOPENBALBILL731,40391,cogs,S020359,7,1270,Modular Shower Walls,01/01/2025,3729.94,3,Graniti Vicentia LLC,Import SPS data by Invoice in NetSuite,A20433,Import SPS data by Invoice in NetSuite,2,CW-001,17,1517
NSOPENBALBILL732,40391,cogs,S020448,7,1270,Modular Shower Walls,01/01/2025,0.07,3,Graniti Vicentia LLC,Import SPS data by Invoice in NetSuite,A20434,Import SPS data by Invoice in NetSuite,2,CW-001,17,1518
NSOPENBALBILL733,40391,cogs,S020537,7,1270,Modular Shower Walls,01/15/2025,0.19,3,Graniti Vicentia LLC,Import SPS data by Invoice in NetSuite,A20435,Import SPS data by Invoice in NetSuite,2,CW-001,17,1519
NSOPENBALBILL734,40391,cogs,S020365,7,1270,Modular Shower Walls,02/01/2025,3933.93,3,Graniti Vicentia LLC,Import SPS data by Invoice in NetSuite,A20436,Import SPS data by Invoice in NetSuite,2,CW-001,17,1520
NSOPENBALBILL735,40391,cogs,S020971,7,1270,Modular Shower Walls,03/28/2025,19580.88,3,Graniti Vicentia LLC,Import SPS data by Invoice in NetSuite,A20437,Import SPS data by Invoice in NetSuite,2,CW-001,17,1521
NSOPENBALBILL736,40391,cogs,S020972,7,1270,Modular Shower Walls,03/28/2025,22480.30,3,Graniti Vicentia LLC,Import SPS data by Invoice in NetSuite,A20438,Import SPS data by Invoice in NetSuite,2,CW-001,17,1522
NSOPENBALBILL737,40391,cogs,S020973,7,1270,Modular Shower Walls,03/28/2025,14412.83,3,Graniti Vicentia LLC,Import SPS data by Invoice in NetSuite,A20439,Import SPS data by Invoice in NetSuite,2,CW-001,17,1523
NSOPENBALBILL738,40391,cogs,S020974-RPL,11,1270,Modular Shower Walls,03/28/2025,534.82,3,Graniti Vicentia LLC,Import SPS data by Invoice in NetSuite,A20440,Import SPS data by Invoice in NetSuite,2,CW-001,17,1524
NSOPENBALBILL739,40391,cogs,S020975,7,1270,Modular Shower Walls,03/28/2025,1324.81,3,Graniti Vicentia LLC,Import SPS data by Invoice in NetSuite,A20441,Import SPS data by Invoice in NetSuite,2,CW-001,17,1525
NSOPENBALBILL740,40391,cogs,S021038,7,1270,Modular Shower Walls,04/07/2025,627.03,3,Graniti Vicentia LLC,Import SPS data by Invoice in NetSuite,A20442,Import SPS data by Invoice in NetSuite,2,CW-001,17,1526
NSOPENBALBILL741,40391,cogs,S021063,7,1270,Modular Shower Walls,04/10/2025,9332.40,3,Graniti Vicentia LLC,Import SPS data by Invoice in NetSuite,A20443,Import SPS data by Invoice in NetSuite,2,CW-001,17,1527
NSOPENBALBILL742,40391,cogs,S021064,7,1270,Modular Shower Walls,04/10/2025,1054.05,3,Graniti Vicentia LLC,Import SPS data by Invoice in NetSuite,A20444,Import SPS data by Invoice in NetSuite,2,CW-001,17,1528
NSOPENBALBILL743,40391,cogs,S021076,7,1270,Modular Shower Walls,04/15/2025,6585.59,3,Graniti Vicentia LLC,Import SPS data by Invoice in NetSuite,A20445,Import SPS data by Invoice in NetSuite,2,CW-001,17,1529
NSOPENBALBILL744,40391,cogs,S021121,7,1270,Modular Shower Walls,04/25/2025,1572.59,3,Graniti Vicentia LLC,Import SPS data by Invoice in NetSuite,A20446,Import SPS data by Invoice in NetSuite,2,CW-001,17,1530
NSOPENBALBILL745,40391,cogs,S021134,7,1270,Modular Shower Walls,04/29/2025,28904.40,3,Graniti Vicentia LLC,Import SPS data by Invoice in NetSuite,A20447,Import SPS data by Invoice in NetSuite,2,CW-001,17,1531
NSOPENBALBILL746,40391,cogs,S021137,7,1270,Modular Shower Walls,04/29/2025,4390.92,3,Graniti Vicentia LLC,Import SPS data by Invoice in NetSuite,A20448,Import SPS data by Invoice in NetSuite,2,CW-001,17,1532
NSOPENBALBILL747,40391,cogs,S021152,7,1270,Modular Shower Walls,04/30/2025,3914.00,3,Graniti Vicentia LLC,Import SPS data by Invoice in NetSuite,A20449,Import SPS data by Invoice in NetSuite,2,CW-001,17,1533
NSOPENBALBILL748,40391,cogs,S021153,7,1270,Modular Shower Walls,04/30/2025,1777.60,3,Graniti Vicentia LLC,Import SPS data by Invoice in NetSuite,A20450,Import SPS data by Invoice in NetSuite,2,CW-001,17,1534
NSOPENBALBILL749,40391,cogs,S021191,7,1270,Modular Shower Walls,05/07/2025,322.01,3,Graniti Vicentia LLC,Import SPS data by Invoice in NetSuite,A20451,Import SPS data by Invoice in NetSuite,2,CW-001,17,1535
NSOPENBALBILL750,40391,cogs,S021249,7,1270,Modular Shower Walls,05/16/2025,566.02,3,Graniti Vicentia LLC,Import SPS data by Invoice in NetSuite,A20452,Import SPS data by Invoice in NetSuite,2,CW-001,17,1536
NSOPENBALBILL751,40391,cogs,S021254,7,1270,Modular Shower Walls,05/16/2025,2542.55,3,Graniti Vicentia LLC,Import SPS data by Invoice in NetSuite,A20453,Import SPS data by Invoice in NetSuite,2,CW-001,17,1537
NSOPENBALBILL752,40391,cogs,S021275,7,1270,Modular Shower Walls,05/21/2025,28.00,3,Graniti Vicentia LLC,Import SPS data by Invoice in NetSuite,A20454,Import SPS data by Invoice in NetSuite,2,CW-001,17,1538
NSOPENBALBILL753,40391,cogs,S021295,7,1270,Modular Shower Walls,05/23/2025,161.44,3,Graniti Vicentia LLC,Import SPS data by Invoice in NetSuite,A20455,Import SPS data by Invoice in NetSuite,2,CW-001,17,1539
NSOPENBALBILL754,40391,cogs,S021470,7,1270,Modular Shower Walls,06/27/2025,22737.33,3,Graniti Vicentia LLC,Import SPS data by Invoice in NetSuite,A20456,Import SPS data by Invoice in NetSuite,2,CW-001,17,1540
NSOPENBALBILL755,40391,cogs,S021471,7,1270,Modular Shower Walls,06/27/2025,15360.60,3,Graniti Vicentia LLC,Import SPS data by Invoice in NetSuite,A20457,Import SPS data by Invoice in NetSuite,2,CW-001,17,1541
NSOPENBALBILL758,40391,cogs,6282024,7,1271,Modular Vanity tops & Bases,06/28/2024,353.66,3,Graniti Vicentia LLC,Import SPS data by Invoice in NetSuite,A20460,Import SPS data by Invoice in NetSuite,2,CW-001,17,1542
NSOPENBALBILL759,40391,cogs,824013041 - PF,14,1971,Momentum Group,11/06/2024,-44.04,3,Graniti Vicentia LLC,Import SPS data by Invoice in NetSuite,A20461,Import SPS data by Invoice in NetSuite,2,CW-001,17,1543
NSOPENBALBILL760,40391,cogs,W-0403,6,1971,Momentum Group,04/03/2025,-16583.29,3,Graniti Vicentia LLC,Import SPS data by Invoice in NetSuite,A20462,Import SPS data by Invoice in NetSuite,2,CW-001,17,1544
NSOPENBALBILL762,40391,cogs,W-0513,6,1971,Momentum Group,05/13/2025,-532.70,3,Graniti Vicentia LLC,Import SPS data by Invoice in NetSuite,A20464,Import SPS data by Invoice in NetSuite,2,CW-001,17,1545
NSOPENBALBILL763,40391,cogs,W-0604,6,1971,Momentum Group,06/04/2025,-578.51,3,Graniti Vicentia LLC,Import SPS data by Invoice in NetSuite,A20465,Import SPS data by Invoice in NetSuite,2,CW-001,17,1546
NSOPENBALBILL764,40391,cogs,W-0609,6,1971,Momentum Group,06/09/2025,-533.44,3,Graniti Vicentia LLC,Import SPS data by Invoice in NetSuite,A20466,Import SPS data by Invoice in NetSuite,2,CW-001,17,1547
NSOPENBALBILL767,40391,cogs,1118352890-IN,13,2497,"MS International, Inc.",06/20/2025,689.00,3,Graniti Vicentia LLC,Import SPS data by Invoice in NetSuite,A20469,Import SPS data by Invoice in NetSuite,2,CW-001,17,1548
NSOPENBALBILL768,40391,cogs,W11262024,9,1274,Muraspec Decorative Solutions Limited/Barclays,11/26/2024,-8993.46,3,Graniti Vicentia LLC,Import SPS data by Invoice in NetSuite,A20470,Import SPS data by Invoice in NetSuite,2,CW-001,17,1549
NSOPENBALBILL771,40391,cogs,E/301,5,1276,Natucer Ceramica,05/08/2024,0.10,3,Graniti Vicentia LLC,Import SPS data by Invoice in NetSuite,A20473,Import SPS data by Invoice in NetSuite,2,CW-001,17,1550
NSOPENBALBILL772,40391,cogs,37810B,6,1276,Natucer Ceramica,11/07/2024,-0.10,3,Graniti Vicentia LLC,Import SPS data by Invoice in NetSuite,A20474,Import SPS data by Invoice in NetSuite,2,CW-001,17,1551
NSOPENBALBILL773,40391,cogs,E/201,5,1276,Natucer Ceramica,03/24/2025,2397.60,3,Graniti Vicentia LLC,Import SPS data by Invoice in NetSuite,A20475,Import SPS data by Invoice in NetSuite,2,CW-001,17,1552
NSOPENBALBILL776,40391,cogs,W-0606,6,2558,PADRON FLOORING & DESIGN CENTER,06/06/2025,-3410.00,3,Graniti Vicentia LLC,Import SPS data by Invoice in NetSuite,A20478,Import SPS data by Invoice in NetSuite,2,CW-001,17,1553
NSOPENBALBILL777,40391,cogs,4,1,1280,Pantarei,01/23/2024,2023.67,3,Graniti Vicentia LLC,Import SPS data by Invoice in NetSuite,A20479,Import SPS data by Invoice in NetSuite,2,CW-001,17,1554
NSOPENBALBILL778,40391,cogs,6,1,1280,Pantarei,02/07/2024,4339.51,3,Graniti Vicentia LLC,Import SPS data by Invoice in NetSuite,A20480,Import SPS data by Invoice in NetSuite,2,CW-001,17,1555
NSOPENBALBILL779,40391,cogs,"W-0207 234,289.27",17,1280,Pantarei,02/07/2024,-52670.48,3,Graniti Vicentia LLC,Import SPS data by Invoice in NetSuite,A20481,Import SPS data by Invoice in NetSuite,2,CW-001,17,1556
NSOPENBALBILL780,40391,cogs,"W-0215 140,370.71",17,1280,Pantarei,02/15/2024,-6000.00,3,Graniti Vicentia LLC,Import SPS data by Invoice in NetSuite,A20482,Import SPS data by Invoice in NetSuite,2,CW-001,17,1557
NSOPENBALBILL781,40391,cogs,10,2,1280,Pantarei,02/16/2024,552.85,3,Graniti Vicentia LLC,Import SPS data by Invoice in NetSuite,A20483,Import SPS data by Invoice in NetSuite,2,CW-001,17,1558
NSOPENBALBILL782,40391,cogs,19,2,1280,Pantarei,04/04/2024,996.61,3,Graniti Vicentia LLC,Import SPS data by Invoice in NetSuite,A20484,Import SPS data by Invoice in NetSuite,2,CW-001,17,1559
NSOPENBALBILL783,40391,cogs,30,2,1280,Pantarei,05/28/2024,1154.98,3,Graniti Vicentia LLC,Import SPS data by Invoice in NetSuite,A20485,Import SPS data by Invoice in NetSuite,2,CW-001,17,1560
NSOPENBALBILL784,40391,cogs,26,2,1280,Pantarei,05/30/2024,859.10,3,Graniti Vicentia LLC,Import SPS data by Invoice in NetSuite,A20486,Import SPS data by Invoice in NetSuite,2,CW-001,17,1561
NSOPENBALBILL785,40391,cogs,27,2,1280,Pantarei,05/31/2024,1139.03,3,Graniti Vicentia LLC,Import SPS data by Invoice in NetSuite,A20487,Import SPS data by Invoice in NetSuite,2,CW-001,17,1562
NSOPENBALBILL786,40391,cogs,28,2,1280,Pantarei,06/04/2024,859.10,3,Graniti Vicentia LLC,Import SPS data by Invoice in NetSuite,A20488,Import SPS data by Invoice in NetSuite,2,CW-001,17,1563
NSOPENBALBILL787,40391,cogs,W-06142024,10,1280,Pantarei,06/14/2024,-12654.21,3,Graniti Vicentia LLC,Import SPS data by Invoice in NetSuite,A20489,Import SPS data by Invoice in NetSuite,2,CW-001,17,1564
NSOPENBALBILL788,40391,cogs,63,2,1280,Pantarei,06/20/2024,3732.34,3,Graniti Vicentia LLC,Import SPS data by Invoice in NetSuite,A20490,Import SPS data by Invoice in NetSuite,2,CW-001,17,1565
NSOPENBALBILL789,40391,cogs,W-0710,6,1280,Pantarei,07/10/2024,-79567.09,3,Graniti Vicentia LLC,Import SPS data by Invoice in NetSuite,A20491,Import SPS data by Invoice in NetSuite,2,CW-001,17,1566
NSOPENBALBILL790,40391,cogs,W-0719,6,1280,Pantarei,07/19/2024,-125121.71,3,Graniti Vicentia LLC,Import SPS data by Invoice in NetSuite,A20492,Import SPS data by Invoice in NetSuite,2,CW-001,17,1567
NSOPENBALBILL792,40391,cogs,W-0920,6,1280,Pantarei,09/20/2024,-10537.96,3,Graniti Vicentia LLC,Import SPS data by Invoice in NetSuite,A20494,Import SPS data by Invoice in NetSuite,2,CW-001,17,1568
NSOPENBALBILL793,40391,cogs,48,2,1280,Pantarei,09/25/2024,3561.60,3,Graniti Vicentia LLC,Import SPS data by Invoice in NetSuite,A20495,Import SPS data by Invoice in NetSuite,2,CW-001,17,1569
NSOPENBALBILL794,40391,cogs,68,2,1280,Pantarei,11/05/2024,7500.00,3,Graniti Vicentia LLC,Import SPS data by Invoice in NetSuite,A20496,Import SPS data by Invoice in NetSuite,2,CW-001,17,1570
NSOPENBALBILL795,40391,cogs,73,2,1280,Pantarei,11/22/2024,2811.00,3,Graniti Vicentia LLC,Import SPS data by Invoice in NetSuite,A20497,Import SPS data by Invoice in NetSuite,2,CW-001,17,1571
NSOPENBALBILL796,40391,cogs,81,2,1280,Pantarei,12/19/2024,1558.38,3,Graniti Vicentia LLC,Import SPS data by Invoice in NetSuite,A20498,Import SPS data by Invoice in NetSuite,2,CW-001,17,1572
NSOPENBALBILL797,40391,cogs,7,1,1280,Pantarei,03/13/2025,3304.43,3,Graniti Vicentia LLC,Import SPS data by Invoice in NetSuite,A20499,Import SPS data by Invoice in NetSuite,2,CW-001,17,1573
NSOPENBALBILL798,40391,cogs,9,1,1280,Pantarei,03/14/2025,800.00,3,Graniti Vicentia LLC,Import SPS data by Invoice in NetSuite,A20500,Import SPS data by Invoice in NetSuite,2,CW-001,17,1574
NSOPENBALBILL799,40391,cogs,39946 - Invoice,15,1280,Pantarei,06/30/2025,554.29,3,Graniti Vicentia LLC,Import SPS data by Invoice in NetSuite,A20501,Import SPS data by Invoice in NetSuite,2,CW-001,17,1575
NSOPENBALBILL800,40391,cogs,35216 - Invoice,15,1280,Pantarei,06/30/2025,373.70,3,Graniti Vicentia LLC,Import SPS data by Invoice in NetSuite,A20502,Import SPS data by Invoice in NetSuite,2,CW-001,17,1576
NSOPENBALBILL801,40391,cogs,W-06072024,10,1333,Papatya,06/07/2024,-25.90,3,Graniti Vicentia LLC,Import SPS data by Invoice in NetSuite,A20503,Import SPS data by Invoice in NetSuite,2,CW-001,17,1577
NSOPENBALBILL802,40391,cogs,W-06122024,10,1333,Papatya,06/12/2024,-55.70,3,Graniti Vicentia LLC,Import SPS data by Invoice in NetSuite,A20504,Import SPS data by Invoice in NetSuite,2,CW-001,17,1578
NSOPENBALBILL804,40391,cogs,W-0212,6,1281,PIERMARIA NEW FORM SRL,02/12/2025,-3110.12,3,Graniti Vicentia LLC,Import SPS data by Invoice in NetSuite,A20506,Import SPS data by Invoice in NetSuite,2,CW-001,17,1579
NSOPENBALBILL805,40391,cogs,23,2,1281,PIERMARIA NEW FORM SRL,05/23/2025,-3650.96,3,Graniti Vicentia LLC,Import SPS data by Invoice in NetSuite,A20507,Import SPS data by Invoice in NetSuite,2,CW-001,17,1580
NSOPENBALBILL807,40391,cogs,664,3,1690,Quartz America,06/26/2025,-37735.63,3,Graniti Vicentia LLC,Import SPS data by Invoice in NetSuite,A20509,Import SPS data by Invoice in NetSuite,2,CW-001,17,1581
NSOPENBALBILL808,40391,cogs,210,3,1283,Ramon Garcia Mexico,05/11/2023,21041.00,3,Graniti Vicentia LLC,Import SPS data by Invoice in NetSuite,A20510,Import SPS data by Invoice in NetSuite,2,CW-001,17,1582
NSOPENBALBILL809,40391,cogs,A2023 237,9,1283,Ramon Garcia Mexico,06/07/2023,45164.00,3,Graniti Vicentia LLC,Import SPS data by Invoice in NetSuite,A20511,Import SPS data by Invoice in NetSuite,2,CW-001,17,1583
NSOPENBALBILL810,40391,cogs,A2023 2,7,1283,Ramon Garcia Mexico,01/01/2024,844.75,3,Graniti Vicentia LLC,Import SPS data by Invoice in NetSuite,A20512,Import SPS data by Invoice in NetSuite,2,CW-001,17,1584
NSOPENBALBILL811,40391,cogs,20240106,8,1283,Ramon Garcia Mexico,01/05/2024,658.35,3,Graniti Vicentia LLC,Import SPS data by Invoice in NetSuite,A20513,Import SPS data by Invoice in NetSuite,2,CW-001,17,1585
NSOPENBALBILL812,40391,cogs,W-0316,6,1284,"RAYTOP INDUSTRY CO.,LTD",03/16/2022,-1548.63,3,Graniti Vicentia LLC,Import SPS data by Invoice in NetSuite,A20514,Import SPS data by Invoice in NetSuite,2,CW-001,17,1586
NSOPENBALBILL813,40391,cogs,W-0408,6,1284,"RAYTOP INDUSTRY CO.,LTD",04/08/2022,-5992.38,3,Graniti Vicentia LLC,Import SPS data by Invoice in NetSuite,A20515,Import SPS data by Invoice in NetSuite,2,CW-001,17,1587
NSOPENBALBILL814,40391,cogs,W-0824,6,1284,"RAYTOP INDUSTRY CO.,LTD",08/24/2022,-10500.00,3,Graniti Vicentia LLC,Import SPS data by Invoice in NetSuite,A20516,Import SPS data by Invoice in NetSuite,2,CW-001,17,1588
NSOPENBALBILL815,40391,cogs,W-0229,6,1284,"RAYTOP INDUSTRY CO.,LTD",02/29/2024,-4113.66,3,Graniti Vicentia LLC,Import SPS data by Invoice in NetSuite,A20517,Import SPS data by Invoice in NetSuite,2,CW-001,17,1589
NSOPENBALBILL816,40391,cogs,SR411-6,7,1285,RICHWOOD HOSPITALITY CO LTD,05/31/2024,7685.40,3,Graniti Vicentia LLC,Import SPS data by Invoice in NetSuite,A20518,Import SPS data by Invoice in NetSuite,2,CW-001,17,1590
NSOPENBALBILL817,40391,cogs,"W-0710 121,645.48",17,1285,RICHWOOD HOSPITALITY CO LTD,07/10/2024,-6064.03,3,Graniti Vicentia LLC,Import SPS data by Invoice in NetSuite,A20519,Import SPS data by Invoice in NetSuite,2,CW-001,17,1591
NSOPENBALBILL818,40391,cogs,"SR262-04P,SR262-3",17,1285,RICHWOOD HOSPITALITY CO LTD,10/13/2024,5724.48,3,Graniti Vicentia LLC,Import SPS data by Invoice in NetSuite,A20520,Import SPS data by Invoice in NetSuite,2,CW-001,17,1592
NSOPENBALBILL820,40391,cogs,W-1030,6,1285,RICHWOOD HOSPITALITY CO LTD,10/30/2024,-6209.82,3,Graniti Vicentia LLC,Import SPS data by Invoice in NetSuite,A20522,Import SPS data by Invoice in NetSuite,2,CW-001,17,1593
NSOPENBALBILL821,40391,cogs,W-1108,6,1285,RICHWOOD HOSPITALITY CO LTD,11/08/2024,-15649.85,3,Graniti Vicentia LLC,Import SPS data by Invoice in NetSuite,A20523,Import SPS data by Invoice in NetSuite,2,CW-001,17,1594
NSOPENBALBILL822,40391,cogs,W-1118,6,1285,RICHWOOD HOSPITALITY CO LTD,11/18/2024,-13308.42,3,Graniti Vicentia LLC,Import SPS data by Invoice in NetSuite,A20524,Import SPS data by Invoice in NetSuite,2,CW-001,17,1595
NSOPENBALBILL823,40391,cogs,41403,5,1285,RICHWOOD HOSPITALITY CO LTD,12/16/2024,-10885.61,3,Graniti Vicentia LLC,Import SPS data by Invoice in NetSuite,A20525,Import SPS data by Invoice in NetSuite,2,CW-001,17,1596
NSOPENBALBILL824,40391,cogs,W-1219,6,1285,RICHWOOD HOSPITALITY CO LTD,12/19/2024,-534.00,3,Graniti Vicentia LLC,Import SPS data by Invoice in NetSuite,A20526,Import SPS data by Invoice in NetSuite,2,CW-001,17,1597
NSOPENBALBILL826,40391,cogs,W-0108,6,1285,RICHWOOD HOSPITALITY CO LTD,01/08/2025,-24479.56,3,Graniti Vicentia LLC,Import SPS data by Invoice in NetSuite,A20528,Import SPS data by Invoice in NetSuite,2,CW-001,17,1598
NSOPENBALBILL827,40391,cogs,W-0113,6,1285,RICHWOOD HOSPITALITY CO LTD,01/13/2025,-7767.49,3,Graniti Vicentia LLC,Import SPS data by Invoice in NetSuite,A20529,Import SPS data by Invoice in NetSuite,2,CW-001,17,1599
NSOPENBALBILL828,40391,cogs,SR431,5,1285,RICHWOOD HOSPITALITY CO LTD,01/19/2025,280.00,3,Graniti Vicentia LLC,Import SPS data by Invoice in NetSuite,A20530,Import SPS data by Invoice in NetSuite,2,CW-001,17,1600
NSOPENBALBILL829,40391,cogs,GV047,5,1285,RICHWOOD HOSPITALITY CO LTD,01/22/2025,77.04,3,Graniti Vicentia LLC,Import SPS data by Invoice in NetSuite,A20531,Import SPS data by Invoice in NetSuite,2,CW-001,17,1601
NSOPENBALBILL830,40391,cogs,SR151-9,7,1285,RICHWOOD HOSPITALITY CO LTD,01/22/2025,5074.37,3,Graniti Vicentia LLC,Import SPS data by Invoice in NetSuite,A20532,Import SPS data by Invoice in NetSuite,2,CW-001,17,1602
NSOPENBALBILL831,40391,cogs,W-0205,6,1285,RICHWOOD HOSPITALITY CO LTD,02/05/2025,-6334.41,3,Graniti Vicentia LLC,Import SPS data by Invoice in NetSuite,A20533,Import SPS data by Invoice in NetSuite,2,CW-001,17,1603
NSOPENBALBILL832,40391,cogs,SR382-2P1,9,1285,RICHWOOD HOSPITALITY CO LTD,02/22/2025,441.60,3,Graniti Vicentia LLC,Import SPS data by Invoice in NetSuite,A20534,Import SPS data by Invoice in NetSuite,2,CW-001,17,1604
NSOPENBALBILL833,40391,cogs,W-0307,6,1285,RICHWOOD HOSPITALITY CO LTD,03/07/2025,-202669.70,3,Graniti Vicentia LLC,Import SPS data by Invoice in NetSuite,A20535,Import SPS data by Invoice in NetSuite,2,CW-001,17,1605
NSOPENBALBILL834,40391,cogs,W-0318,6,1285,RICHWOOD HOSPITALITY CO LTD,03/18/2025,-21158.72,3,Graniti Vicentia LLC,Import SPS data by Invoice in NetSuite,A20536,Import SPS data by Invoice in NetSuite,2,CW-001,17,1606
NSOPENBALBILL835,40391,cogs,W-0320,6,1285,RICHWOOD HOSPITALITY CO LTD,03/20/2025,-56281.49,3,Graniti Vicentia LLC,Import SPS data by Invoice in NetSuite,A20537,Import SPS data by Invoice in NetSuite,2,CW-001,17,1607
NSOPENBALBILL836,40391,cogs,"SR307-2,cntr3",13,1285,RICHWOOD HOSPITALITY CO LTD,03/26/2025,730.00,3,Graniti Vicentia LLC,Import SPS data by Invoice in NetSuite,A20538,Import SPS data by Invoice in NetSuite,2,CW-001,17,1608
NSOPENBALBILL837,40391,cogs,"SR307-2,cntr4,5,6",17,1285,RICHWOOD HOSPITALITY CO LTD,03/27/2025,4000.00,3,Graniti Vicentia LLC,Import SPS data by Invoice in NetSuite,A20539,Import SPS data by Invoice in NetSuite,2,CW-001,17,1609
NSOPENBALBILL838,40391,cogs,W-0407,6,1285,RICHWOOD HOSPITALITY CO LTD,04/07/2025,-12376.54,3,Graniti Vicentia LLC,Import SPS data by Invoice in NetSuite,A20540,Import SPS data by Invoice in NetSuite,2,CW-001,17,1610
NSOPENBALBILL839,40391,cogs,"SR307-7,SR425",13,1285,RICHWOOD HOSPITALITY CO LTD,04/09/2025,689.00,3,Graniti Vicentia LLC,Import SPS data by Invoice in NetSuite,A20541,Import SPS data by Invoice in NetSuite,2,CW-001,17,1611
NSOPENBALBILL842,40391,cogs,SR307-2,7,1285,RICHWOOD HOSPITALITY CO LTD,05/12/2025,10500.00,3,Graniti Vicentia LLC,Import SPS data by Invoice in NetSuite,A20544,Import SPS data by Invoice in NetSuite,2,CW-001,17,1612
NSOPENBALBILL843,40391,cogs,W-0514,6,1285,RICHWOOD HOSPITALITY CO LTD,05/14/2025,-31608.03,3,Graniti Vicentia LLC,Import SPS data by Invoice in NetSuite,A20545,Import SPS data by Invoice in NetSuite,2,CW-001,17,1613
NSOPENBALBILL844,40391,cogs,SR173-5K,8,1285,RICHWOOD HOSPITALITY CO LTD,05/18/2025,10400.00,3,Graniti Vicentia LLC,Import SPS data by Invoice in NetSuite,A20546,Import SPS data by Invoice in NetSuite,2,CW-001,17,1614
NSOPENBALBILL845,40391,cogs,SR407-13,8,1285,RICHWOOD HOSPITALITY CO LTD,05/18/2025,3360.14,3,Graniti Vicentia LLC,Import SPS data by Invoice in NetSuite,A20547,Import SPS data by Invoice in NetSuite,2,CW-001,17,1615
NSOPENBALBILL846,40391,cogs,"GV048,cntr3",11,1285,RICHWOOD HOSPITALITY CO LTD,05/23/2025,64.08,3,Graniti Vicentia LLC,Import SPS data by Invoice in NetSuite,A20548,Import SPS data by Invoice in NetSuite,2,CW-001,17,1616
NSOPENBALBILL847,40391,cogs,SR405-3P,8,1285,RICHWOOD HOSPITALITY CO LTD,05/23/2025,924.86,3,Graniti Vicentia LLC,Import SPS data by Invoice in NetSuite,A20549,Import SPS data by Invoice in NetSuite,2,CW-001,17,1617
NSOPENBALBILL848,40391,cogs,W-0523,6,1285,RICHWOOD HOSPITALITY CO LTD,05/23/2025,-72560.62,3,Graniti Vicentia LLC,Import SPS data by Invoice in NetSuite,A20550,Import SPS data by Invoice in NetSuite,2,CW-001,17,1618
NSOPENBALBILL849,40391,cogs,SR273-52,8,1285,RICHWOOD HOSPITALITY CO LTD,05/28/2025,26507.29,3,Graniti Vicentia LLC,Import SPS data by Invoice in NetSuite,A20551,Import SPS data by Invoice in NetSuite,2,CW-001,17,1619
NSOPENBALBILL850,40391,cogs,W-0206,6,1285,RICHWOOD HOSPITALITY CO LTD,06/02/2025,-2315.00,3,Graniti Vicentia LLC,Import SPS data by Invoice in NetSuite,A20552,Import SPS data by Invoice in NetSuite,2,CW-001,17,1620
NSOPENBALBILL851,40391,cogs,W-0618,6,1285,RICHWOOD HOSPITALITY CO LTD,06/18/2025,-83018.27,3,Graniti Vicentia LLC,Import SPS data by Invoice in NetSuite,A20553,Import SPS data by Invoice in NetSuite,2,CW-001,17,1621
NSOPENBALBILL852,40391,cogs,SR273-35_2nd-1,14,1285,RICHWOOD HOSPITALITY CO LTD,06/30/2025,5386.05,3,Graniti Vicentia LLC,Import SPS data by Invoice in NetSuite,A20554,Import SPS data by Invoice in NetSuite,2,CW-001,17,1622
NSOPENBALBILL853,40391,cogs,SR405-2,7,1285,RICHWOOD HOSPITALITY CO LTD,06/30/2025,919.10,3,Graniti Vicentia LLC,Import SPS data by Invoice in NetSuite,A20555,Import SPS data by Invoice in NetSuite,2,CW-001,17,1623
NSOPENBALBILL854,40391,cogs,SR407-5,7,1285,RICHWOOD HOSPITALITY CO LTD,06/30/2025,1323.00,3,Graniti Vicentia LLC,Import SPS data by Invoice in NetSuite,A20556,Import SPS data by Invoice in NetSuite,2,CW-001,17,1624
NSOPENBALBILL855,40391,cogs,SR411-5P2,9,1285,RICHWOOD HOSPITALITY CO LTD,06/30/2025,90.00,3,Graniti Vicentia LLC,Import SPS data by Invoice in NetSuite,A20557,Import SPS data by Invoice in NetSuite,2,CW-001,17,1625
NSOPENBALBILL865,40391,cogs,W-1126,6,2291,"Shenzhen Double Building Materials Co., Ltd.",11/26/2024,-8454.00,3,Graniti Vicentia LLC,Import SPS data by Invoice in NetSuite,A20567,Import SPS data by Invoice in NetSuite,2,CW-001,17,1626
NSOPENBALBILL866,40391,cogs,SI178092,8,2693,SICIS THE ART FACTORY,05/15/2025,4783.11,3,Graniti Vicentia LLC,Import SPS data by Invoice in NetSuite,A20568,Import SPS data by Invoice in NetSuite,2,CW-001,17,1627
NSOPENBALBILL867,40391,cogs,N-1143438,9,1972,Signature Flooring,06/30/2025,2020.39,3,Graniti Vicentia LLC,Import SPS data by Invoice in NetSuite,A20569,Import SPS data by Invoice in NetSuite,2,CW-001,17,1628
NSOPENBALBILL868,40391,cogs,3024504,7,1541,Sponge Cushion Inc.,07/01/2023,502.31,3,Graniti Vicentia LLC,Import SPS data by Invoice in NetSuite,A20570,Import SPS data by Invoice in NetSuite,2,CW-001,17,1629
NSOPENBALBILL870,40391,cogs,1101363409,10,1948,STG Logistics,11/01/2024,100.00,3,Graniti Vicentia LLC,Import SPS data by Invoice in NetSuite,A20572,Import SPS data by Invoice in NetSuite,2,CW-001,17,1630
NSOPENBALBILL881,40391,cogs,Y21I1DWV-hotel,14,252,Truist Card Services,02/21/2025,1008.51,3,Graniti Vicentia LLC,Import SPS data by Invoice in NetSuite,A20583,Import SPS data by Invoice in NetSuite,2,CW-001,17,1631
NSOPENBALBILL903,40391,cogs,188009241,9,255,Uline,01/16/2025,827.38,3,Graniti Vicentia LLC,Import SPS data by Invoice in NetSuite,A20605,Import SPS data by Invoice in NetSuite,2,CW-001,17,1632
NSOPENBALBILL904,40391,cogs,188009476,9,255,Uline,01/16/2025,767.50,3,Graniti Vicentia LLC,Import SPS data by Invoice in NetSuite,A20606,Import SPS data by Invoice in NetSuite,2,CW-001,17,1633
NSOPENBALBILL905,40391,cogs,188169574,9,255,Uline,01/21/2025,620.59,3,Graniti Vicentia LLC,Import SPS data by Invoice in NetSuite,A20607,Import SPS data by Invoice in NetSuite,2,CW-001,17,1634
NSOPENBALBILL906,40391,cogs,188248104,9,255,Uline,01/22/2025,767.50,3,Graniti Vicentia LLC,Import SPS data by Invoice in NetSuite,A20608,Import SPS data by Invoice in NetSuite,2,CW-001,17,1635
NSOPENBALBILL907,40391,cogs,194719434,9,255,Uline,06/27/2025,226.80,3,Graniti Vicentia LLC,Import SPS data by Invoice in NetSuite,A20609,Import SPS data by Invoice in NetSuite,2,CW-001,17,1636
NSOPENBALBILL908,40391,cogs,1343718,7,1291,Uniik Design Solutions,03/17/2025,4309.00,3,Graniti Vicentia LLC,Import SPS data by Invoice in NetSuite,A20610,Import SPS data by Invoice in NetSuite,2,CW-001,17,1637
NSOPENBALBILL909,40391,cogs,1253518,7,1291,Uniik Design Solutions,06/19/2025,5340.00,3,Graniti Vicentia LLC,Import SPS data by Invoice in NetSuite,A20611,Import SPS data by Invoice in NetSuite,2,CW-001,17,1638
NSOPENBALBILL910,40391,cogs,33048,5,258,"Unite Oak International,Inc.",06/30/2025,3220.00,3,Graniti Vicentia LLC,Import SPS data by Invoice in NetSuite,A20612,Import SPS data by Invoice in NetSuite,2,CW-001,17,1639
NSOPENBALBILL918,40391,cogs,SR411-9_4th,11,1335,VEI MAY WOODEN APPLIANCES COMPANY LIMITED,07/29/2024,6064.00,3,Graniti Vicentia LLC,Import SPS data by Invoice in NetSuite,A20620,Import SPS data by Invoice in NetSuite,2,CW-001,17,1640
NSOPENBALBILL921,40391,cogs,41279,5,2367,"WOW USA, Inc.",03/24/2025,3171.30,3,Graniti Vicentia LLC,Import SPS data by Invoice in NetSuite,A20623,Import SPS data by Invoice in NetSuite,2,CW-001,17,1641
NSOPENBALBILL922,40391,cogs,W-0528,6,2367,"WOW USA, Inc.",05/28/2025,-846.50,3,Graniti Vicentia LLC,Import SPS data by Invoice in NetSuite,A20624,Import SPS data by Invoice in NetSuite,2,CW-001,17,1642
NSOPENBALBILL924,40391,cogs,33229323,8,276,WYNDHAM HOTELS & RESORTS INC,10/31/2024,5000.00,3,Graniti Vicentia LLC,Import SPS data by Invoice in NetSuite,A20626,Import SPS data by Invoice in NetSuite,2,CW-001,17,1643
NSOPENBALBILL925,40391,cogs,GV2024087-B,11,1295,"XIAMEN DEYUAN PANMIN TRADING CO., LTD.",12/20/2024,0.45,3,Graniti Vicentia LLC,Import SPS data by Invoice in NetSuite,A20627,Import SPS data by Invoice in NetSuite,2,CW-001,17,1644
NSOPENBALBILL926,40391,cogs,GV2024066-D,11,1295,"XIAMEN DEYUAN PANMIN TRADING CO., LTD.",04/17/2025,925.76,3,Graniti Vicentia LLC,Import SPS data by Invoice in NetSuite,A20628,Import SPS data by Invoice in NetSuite,2,CW-001,17,1645
NSOPENBALBILL927,40391,cogs,PrePayment,10,1295,"XIAMEN DEYUAN PANMIN TRADING CO., LTD.",05/02/2025,-18732.54,3,Graniti Vicentia LLC,Import SPS data by Invoice in NetSuite,A20629,Import SPS data by Invoice in NetSuite,2,CW-001,17,1646
NSOPENBALBILL929,40391,cogs,ZB202305011USA,14,1297,ZBOM Cabinets Crop.,04/01/2024,7592.08,3,Graniti Vicentia LLC,Import SPS data by Invoice in NetSuite,A20631,Import SPS data by Invoice in NetSuite,2,CW-001,17,1647
NSOPENBALBILL930,40391,cogs,ZB202304012USA,14,1297,ZBOM Cabinets Crop.,04/10/2024,4224.98,3,Graniti Vicentia LLC,Import SPS data by Invoice in NetSuite,A20632,Import SPS data by Invoice in NetSuite,2,CW-001,17,1648
NSOPENBALBILL931,40391,cogs,ZB202406008USA,14,1297,ZBOM Cabinets Crop.,08/26/2024,2255.20,3,Graniti Vicentia LLC,Import SPS data by Invoice in NetSuite,A20633,Import SPS data by Invoice in NetSuite,2,CW-001,17,1649
NSOPENBALBILL933,40391,cogs,36106,5,1297,ZBOM Cabinets Crop.,12/19/2024,-18000.00,3,Graniti Vicentia LLC,Import SPS data by Invoice in NetSuite,A20635,Import SPS data by Invoice in NetSuite,2,CW-001,17,1650
NSOPENBALBILL934,40391,cogs,ZB202405015USA,14,1297,ZBOM Cabinets Crop.,01/01/2025,8650.52,3,Graniti Vicentia LLC,Import SPS data by Invoice in NetSuite,A20636,Import SPS data by Invoice in NetSuite,2,CW-001,17,1651
NSOPENBALBILL935,40391,cogs,W-0310,6,1297,ZBOM Cabinets Crop.,03/10/2025,-6266.98,3,Graniti Vicentia LLC,Import SPS data by Invoice in NetSuite,A20637,Import SPS data by Invoice in NetSuite,2,CW-001,17,1652
NSOPENBALBILL936,40391,cogs,ZB202407028USA-1,16,1297,ZBOM Cabinets Crop.,03/14/2025,3635.00,3,Graniti Vicentia LLC,Import SPS data by Invoice in NetSuite,A20638,Import SPS data by Invoice in NetSuite,2,CW-001,17,1653
NSOPENBALBILL937,40391,cogs,Do not know,11,1297,ZBOM Cabinets Crop.,05/20/2025,-2232.30,3,Graniti Vicentia LLC,Import SPS data by Invoice in NetSuite,A20639,Import SPS data by Invoice in NetSuite,2,CW-001,17,1654
NSOPENBALBILL938,40391,cogs,ZB202503027USA,14,1297,ZBOM Cabinets Crop.,06/03/2025,6368.57,3,Graniti Vicentia LLC,Import SPS data by Invoice in NetSuite,A20640,Import SPS data by Invoice in NetSuite,2,CW-001,17,1655
NSOPENBALBILL939,40391,cogs,Laxmi-0664,10,1297,ZBOM Cabinets Crop.,06/05/2025,-3747.42,3,Graniti Vicentia LLC,Import SPS data by Invoice in NetSuite,A20641,Import SPS data by Invoice in NetSuite,2,CW-001,17,1656
NSOPENBALBILL940,40391,cogs,W-0627,6,1297,ZBOM Cabinets Crop.,06/27/2025,-53156.57,3,Graniti Vicentia LLC,Import SPS data by Invoice in NetSuite,A20642,Import SPS data by Invoice in NetSuite,2,CW-001,17,1657
NSOPENBALBILL941,40391,cogs,ZB202406008USA-5,16,1297,ZBOM Cabinets Crop.,06/30/2025,94586.14,3,Graniti Vicentia LLC,Import SPS data by Invoice in NetSuite,A20643,Import SPS data by Invoice in NetSuite,2,CW-001,17,1658
NSOPENBALBILL942,40391,cogs,ZB202410026USA,14,1297,ZBOM Cabinets Crop.,06/30/2025,25748.92,3,Graniti Vicentia LLC,Import SPS data by Invoice in NetSuite,A20644,Import SPS data by Invoice in NetSuite,2,CW-001,17,1659
