External ID,SL no,Debit,Account Internal ID,Credit ,credit,Date,Invoice,Customer/vendor,Entity ID,Description,Debit Amt,Credit Amt
AUGREVENUE-37684/3,1,A11001 - Accounts Receivable (New),950,,#VALUE!,08/01/2025,37684/3,Ascent Residence inn Montgomery,3320,Aug 25 product revenue in SPS,38753.19,
AUGREVENUE-37684/3,1.5,,972,A40001 - Sales Income (New),972,08/01/2025,37684/3,Ascent Residence inn Montgomery,3320,Aug 25 product revenue in SPS,,38753.19
AUGREVENUE-35804/4,2,A11001 - Accounts Receivable (New),950,,#VALUE!,08/04/2025,35804/4,Fairfield Townplace East Hartford,3335,Aug 25 product revenue in SPS,17770.83,
AUGREVENUE-35804/4,2.5,,972,A40001 - Sales Income (New),972,08/04/2025,35804/4,Fairfield Townplace East Hartford,3335,Aug 25 product revenue in SPS,,17770.83
AUGREVENUE-38633,3,A11001 - Accounts Receivable (New),950,,#VALUE!,08/04/2025,38633,Classic American Homes & Renovations,2708,Aug 25 product revenue in SPS,1066.07,
AUGREVENUE-38633,3.5,,972,A40001 - Sales Income (New),972,08/04/2025,38633,Classic American Homes & Renovations,2708,Aug 25 product revenue in SPS,,1066.07
AUGREVENUE-38235/6,4,A11001 - Accounts Receivable (New),950,,#VALUE!,08/05/2025,38235/6,Hampton Inn Nashville,3338,Aug 25 product revenue in SPS,11850.06,
AUGREVENUE-38235/6,4.5,,972,A40001 - Sales Income (New),972,08/05/2025,38235/6,Hampton Inn Nashville,3338,Aug 25 product revenue in SPS,,11850.06
AUGREVENUE-38299/3,5,A11001 - Accounts Receivable (New),950,,#VALUE!,08/05/2025,38299/3,"Chesterfield Hospitality, Inc.",1558,Aug 25 product revenue in SPS,13724.09,
AUGREVENUE-38299/3,5.5,,972,A40001 - Sales Income (New),972,08/05/2025,38299/3,"Chesterfield Hospitality, Inc.",1558,Aug 25 product revenue in SPS,,13724.09
AUGREVENUE-38301/4,6,A11001 - Accounts Receivable (New),950,,#VALUE!,08/05/2025,38301/4,"Chesterfield Hospitality, Inc.",1558,Aug 25 product revenue in SPS,8320.26,
AUGREVENUE-38301/4,6.5,,972,A40001 - Sales Income (New),972,08/05/2025,38301/4,"Chesterfield Hospitality, Inc.",1558,Aug 25 product revenue in SPS,,8320.26
AUGREVENUE-38304/3,7,A11001 - Accounts Receivable (New),950,,#VALUE!,08/05/2025,38304/3,"Chesterfield Hospitality, Inc.",1558,Aug 25 product revenue in SPS,1850.00,
AUGREVENUE-38304/3,7.5,,972,A40001 - Sales Income (New),972,08/05/2025,38304/3,"Chesterfield Hospitality, Inc.",1558,Aug 25 product revenue in SPS,,1850.00
AUGREVENUE-37687,8,A11001 - Accounts Receivable (New),950,,#VALUE!,08/07/2025,37687,Ascent Residence inn Montgomery,3320,Aug 25 product revenue in SPS,256.00,
AUGREVENUE-37687,8.5,,972,A40001 - Sales Income (New),972,08/07/2025,37687,Ascent Residence inn Montgomery,3320,Aug 25 product revenue in SPS,,256.00
AUGREVENUE-37697/3,9,A11001 - Accounts Receivable (New),950,,#VALUE!,08/07/2025,37697/3,Ascent Residence inn Montgomery,3320,Aug 25 product revenue in SPS,136.08,
AUGREVENUE-37697/3,9.5,,972,A40001 - Sales Income (New),972,08/07/2025,37697/3,Ascent Residence inn Montgomery,3320,Aug 25 product revenue in SPS,,136.08
AUGREVENUE-38661,10,A11001 - Accounts Receivable (New),950,,#VALUE!,08/07/2025,38661,Comfort suites NC330,2640,Aug 25 product revenue in SPS,5066.00,
AUGREVENUE-38661,10.5,,972,A40001 - Sales Income (New),972,08/07/2025,38661,Comfort suites NC330,2640,Aug 25 product revenue in SPS,,5066.00
AUGREVENUE-36248,11,A11001 - Accounts Receivable (New),950,,#VALUE!,08/08/2025,36248,Kings Bay Coastal Hotel Management LLC / Wingate Kingsland,3354,Aug 25 product revenue in SPS,36.36,
AUGREVENUE-36248,11.5,,972,A40001 - Sales Income (New),972,08/08/2025,36248,Kings Bay Coastal Hotel Management LLC / Wingate Kingsland,3354,Aug 25 product revenue in SPS,,36.36
AUGREVENUE-36250,12,A11001 - Accounts Receivable (New),950,,#VALUE!,08/08/2025,36250,Kings Bay Coastal Hotel Management LLC / Wingate Kingsland,3354,Aug 25 product revenue in SPS,11139.99,
AUGREVENUE-36250,12.5,,972,A40001 - Sales Income (New),972,08/08/2025,36250,Kings Bay Coastal Hotel Management LLC / Wingate Kingsland,3354,Aug 25 product revenue in SPS,,11139.99
AUGREVENUE-37412/2,13,A11001 - Accounts Receivable (New),950,,#VALUE!,08/08/2025,37412/2,Ascent Hospitality Element Carmel Indiana,3314,Aug 25 product revenue in SPS,0.00,
AUGREVENUE-37412/2,13.5,,972,A40001 - Sales Income (New),972,08/08/2025,37412/2,Ascent Hospitality Element Carmel Indiana,3314,Aug 25 product revenue in SPS,,0.00
AUGREVENUE-38292,14,A11001 - Accounts Receivable (New),950,,#VALUE!,08/08/2025,38292,Veranda Homes,2275,Aug 25 product revenue in SPS,11678.81,
AUGREVENUE-38292,14.5,,972,A40001 - Sales Income (New),972,08/08/2025,38292,Veranda Homes,2275,Aug 25 product revenue in SPS,,11678.81
AUGREVENUE-38292/2,15,A11001 - Accounts Receivable (New),950,,#VALUE!,08/08/2025,38292/2,Veranda Homes,2275,Aug 25 product revenue in SPS,13696.20,
AUGREVENUE-38292/2,15.5,,972,A40001 - Sales Income (New),972,08/08/2025,38292/2,Veranda Homes,2275,Aug 25 product revenue in SPS,,13696.20
AUGREVENUE-36663/2,16,A11001 - Accounts Receivable (New),950,,#VALUE!,08/11/2025,36663/2,Ascent Hospitality Tribute Carmel Indiana,2628,Aug 25 product revenue in SPS,338.10,
AUGREVENUE-36663/2,16.5,,972,A40001 - Sales Income (New),972,08/11/2025,36663/2,Ascent Hospitality Tribute Carmel Indiana,2628,Aug 25 product revenue in SPS,,338.10
AUGREVENUE-38259,17,A11001 - Accounts Receivable (New),950,,#VALUE!,08/11/2025,38259,HOME2 SOMERSET,3526,Aug 25 product revenue in SPS,326.43,
AUGREVENUE-38259,17.5,,972,A40001 - Sales Income (New),972,08/11/2025,38259,HOME2 SOMERSET,3526,Aug 25 product revenue in SPS,,326.43
AUGREVENUE-38260,18,A11001 - Accounts Receivable (New),950,,#VALUE!,08/11/2025,38260,HOME2 SOMERSET,3526,Aug 25 product revenue in SPS,5925.39,
AUGREVENUE-38260,18.5,,972,A40001 - Sales Income (New),972,08/11/2025,38260,HOME2 SOMERSET,3526,Aug 25 product revenue in SPS,,5925.39
AUGREVENUE-38579,19,A11001 - Accounts Receivable (New),950,,#VALUE!,08/11/2025,38579,Mesquite Gaming,1554,Aug 25 product revenue in SPS,1350.00,
AUGREVENUE-38579,19.5,,972,A40001 - Sales Income (New),972,08/11/2025,38579,Mesquite Gaming,1554,Aug 25 product revenue in SPS,,1350.00
AUGREVENUE-36681/10,20,A11001 - Accounts Receivable (New),950,,#VALUE!,08/12/2025,36681/10,Ascent Hospitality Tribute Carmel Indiana,2628,Aug 25 product revenue in SPS,0.00,
AUGREVENUE-36681/10,20.5,,972,A40001 - Sales Income (New),972,08/12/2025,36681/10,Ascent Hospitality Tribute Carmel Indiana,2628,Aug 25 product revenue in SPS,,0.00
AUGREVENUE-36681/9,21,A11001 - Accounts Receivable (New),950,,#VALUE!,08/12/2025,36681/9,Ascent Hospitality Tribute Carmel Indiana,2628,Aug 25 product revenue in SPS,0.00,
AUGREVENUE-36681/9,21.5,,972,A40001 - Sales Income (New),972,08/12/2025,36681/9,Ascent Hospitality Tribute Carmel Indiana,2628,Aug 25 product revenue in SPS,,0.00
AUGREVENUE-36782/2,22,A11001 - Accounts Receivable (New),950,,#VALUE!,08/12/2025,36782/2,Ascent Home2 Montgomery,2571,Aug 25 product revenue in SPS,0.00,
AUGREVENUE-36782/2,22.5,,972,A40001 - Sales Income (New),972,08/12/2025,36782/2,Ascent Home2 Montgomery,2571,Aug 25 product revenue in SPS,,0.00
AUGREVENUE-36782/4,23,A11001 - Accounts Receivable (New),950,,#VALUE!,08/12/2025,36782/4,Ascent Home2 Montgomery,2571,Aug 25 product revenue in SPS,6344.11,
AUGREVENUE-36782/4,23.5,,972,A40001 - Sales Income (New),972,08/12/2025,36782/4,Ascent Home2 Montgomery,2571,Aug 25 product revenue in SPS,,6344.11
AUGREVENUE-36786/3,24,A11001 - Accounts Receivable (New),950,,#VALUE!,08/12/2025,36786/3,Ascent Home2 Montgomery,2571,Aug 25 product revenue in SPS,0.00,
AUGREVENUE-36786/3,24.5,,972,A40001 - Sales Income (New),972,08/12/2025,36786/3,Ascent Home2 Montgomery,2571,Aug 25 product revenue in SPS,,0.00
AUGREVENUE-37676/4,25,A11001 - Accounts Receivable (New),950,,#VALUE!,08/12/2025,37676/4,Ascent Residence inn Montgomery,3320,Aug 25 product revenue in SPS,33360.00,
AUGREVENUE-37676/4,25.5,,972,A40001 - Sales Income (New),972,08/12/2025,37676/4,Ascent Residence inn Montgomery,3320,Aug 25 product revenue in SPS,,33360.00
AUGREVENUE-37677/3,26,A11001 - Accounts Receivable (New),950,,#VALUE!,08/12/2025,37677/3,Ascent Residence inn Montgomery,3320,Aug 25 product revenue in SPS,29600.64,
AUGREVENUE-37677/3,26.5,,972,A40001 - Sales Income (New),972,08/12/2025,37677/3,Ascent Residence inn Montgomery,3320,Aug 25 product revenue in SPS,,29600.64
AUGREVENUE-37678/3,27,A11001 - Accounts Receivable (New),950,,#VALUE!,08/12/2025,37678/3,Ascent Residence inn Montgomery,3320,Aug 25 product revenue in SPS,1026.00,
AUGREVENUE-37678/3,27.5,,972,A40001 - Sales Income (New),972,08/12/2025,37678/3,Ascent Residence inn Montgomery,3320,Aug 25 product revenue in SPS,,1026.00
AUGREVENUE-37678/7,28,A11001 - Accounts Receivable (New),950,,#VALUE!,08/12/2025,37678/7,Ascent Residence inn Montgomery,3320,Aug 25 product revenue in SPS,50080.54,
AUGREVENUE-37678/7,28.5,,972,A40001 - Sales Income (New),972,08/12/2025,37678/7,Ascent Residence inn Montgomery,3320,Aug 25 product revenue in SPS,,50080.54
AUGREVENUE-37683/10,29,A11001 - Accounts Receivable (New),950,,#VALUE!,08/12/2025,37683/10,Ascent Residence inn Montgomery,3320,Aug 25 product revenue in SPS,50056.76,
AUGREVENUE-37683/10,29.5,,972,A40001 - Sales Income (New),972,08/12/2025,37683/10,Ascent Residence inn Montgomery,3320,Aug 25 product revenue in SPS,,50056.76
AUGREVENUE-37683/9,30,A11001 - Accounts Receivable (New),950,,#VALUE!,08/12/2025,37683/9,Ascent Residence inn Montgomery,3320,Aug 25 product revenue in SPS,0.00,
AUGREVENUE-37683/9,30.5,,972,A40001 - Sales Income (New),972,08/12/2025,37683/9,Ascent Residence inn Montgomery,3320,Aug 25 product revenue in SPS,,0.00
AUGREVENUE-37688/3,31,A11001 - Accounts Receivable (New),950,,#VALUE!,08/12/2025,37688/3,Ascent Residence inn Montgomery,3320,Aug 25 product revenue in SPS,11383.10,
AUGREVENUE-37688/3,31.5,,972,A40001 - Sales Income (New),972,08/12/2025,37688/3,Ascent Residence inn Montgomery,3320,Aug 25 product revenue in SPS,,11383.10
AUGREVENUE-37690/2,32,A11001 - Accounts Receivable (New),950,,#VALUE!,08/12/2025,37690/2,Ascent Residence inn Montgomery,3320,Aug 25 product revenue in SPS,35342.19,
AUGREVENUE-37690/2,32.5,,972,A40001 - Sales Income (New),972,08/12/2025,37690/2,Ascent Residence inn Montgomery,3320,Aug 25 product revenue in SPS,,35342.19
AUGREVENUE-37697/4,33,A11001 - Accounts Receivable (New),950,,#VALUE!,08/12/2025,37697/4,Ascent Residence inn Montgomery,3320,Aug 25 product revenue in SPS,0.00,
AUGREVENUE-37697/4,33.5,,972,A40001 - Sales Income (New),972,08/12/2025,37697/4,Ascent Residence inn Montgomery,3320,Aug 25 product revenue in SPS,,0.00
AUGREVENUE-37698/3,34,A11001 - Accounts Receivable (New),950,,#VALUE!,08/12/2025,37698/3,Ascent Residence inn Montgomery,3320,Aug 25 product revenue in SPS,2872.00,
AUGREVENUE-37698/3,34.5,,972,A40001 - Sales Income (New),972,08/12/2025,37698/3,Ascent Residence inn Montgomery,3320,Aug 25 product revenue in SPS,,2872.00
AUGREVENUE-38251/3,35,A11001 - Accounts Receivable (New),950,,#VALUE!,08/12/2025,38251/3,HOME2 SOMERSET,3526,Aug 25 product revenue in SPS,8905.22,
AUGREVENUE-38251/3,35.5,,972,A40001 - Sales Income (New),972,08/12/2025,38251/3,HOME2 SOMERSET,3526,Aug 25 product revenue in SPS,,8905.22
AUGREVENUE-38251/5,36,A11001 - Accounts Receivable (New),950,,#VALUE!,08/12/2025,38251/5,HOME2 SOMERSET,3526,Aug 25 product revenue in SPS,177.14,
AUGREVENUE-38251/5,36.5,,972,A40001 - Sales Income (New),972,08/12/2025,38251/5,HOME2 SOMERSET,3526,Aug 25 product revenue in SPS,,177.14
AUGREVENUE-38252/2,37,A11001 - Accounts Receivable (New),950,,#VALUE!,08/12/2025,38252/2,HOME2 SOMERSET,3526,Aug 25 product revenue in SPS,5561.55,
AUGREVENUE-38252/2,37.5,,972,A40001 - Sales Income (New),972,08/12/2025,38252/2,HOME2 SOMERSET,3526,Aug 25 product revenue in SPS,,5561.55
AUGREVENUE-38253/2,38,A11001 - Accounts Receivable (New),950,,#VALUE!,08/12/2025,38253/2,HOME2 SOMERSET,3526,Aug 25 product revenue in SPS,22730.00,
AUGREVENUE-38253/2,38.5,,972,A40001 - Sales Income (New),972,08/12/2025,38253/2,HOME2 SOMERSET,3526,Aug 25 product revenue in SPS,,22730.00
AUGREVENUE-38256,39,A11001 - Accounts Receivable (New),950,,#VALUE!,08/12/2025,38256,HOME2 SOMERSET,3526,Aug 25 product revenue in SPS,8134.00,
AUGREVENUE-38256,39.5,,972,A40001 - Sales Income (New),972,08/12/2025,38256,HOME2 SOMERSET,3526,Aug 25 product revenue in SPS,,8134.00
AUGREVENUE-38257,40,A11001 - Accounts Receivable (New),950,,#VALUE!,08/12/2025,38257,HOME2 SOMERSET,3526,Aug 25 product revenue in SPS,4373.48,
AUGREVENUE-38257,40.5,,972,A40001 - Sales Income (New),972,08/12/2025,38257,HOME2 SOMERSET,3526,Aug 25 product revenue in SPS,,4373.48
AUGREVENUE-38268,41,A11001 - Accounts Receivable (New),950,,#VALUE!,08/12/2025,38268,HOME2 SOMERSET,3526,Aug 25 product revenue in SPS,460.68,
AUGREVENUE-38268,41.5,,972,A40001 - Sales Income (New),972,08/12/2025,38268,HOME2 SOMERSET,3526,Aug 25 product revenue in SPS,,460.68
AUGREVENUE-38331,42,A11001 - Accounts Receivable (New),950,,#VALUE!,08/12/2025,38331,"Residence Inn Pearland, TX",2466,Aug 25 product revenue in SPS,7573.34,
AUGREVENUE-38331,42.5,,972,A40001 - Sales Income (New),972,08/12/2025,38331,"Residence Inn Pearland, TX",2466,Aug 25 product revenue in SPS,,7573.34
AUGREVENUE-38375,43,A11001 - Accounts Receivable (New),950,,#VALUE!,08/12/2025,38375,HOME2 SOMERSET,3526,Aug 25 product revenue in SPS,1185.60,
AUGREVENUE-38375,43.5,,972,A40001 - Sales Income (New),972,08/12/2025,38375,HOME2 SOMERSET,3526,Aug 25 product revenue in SPS,,1185.60
AUGREVENUE-33948/4,44,A11001 - Accounts Receivable (New),950,,#VALUE!,08/13/2025,33948/4,LA QUINTA ORLANDO,2678,Aug 25 product revenue in SPS,966.86,
AUGREVENUE-33948/4,44.5,,972,A40001 - Sales Income (New),972,08/13/2025,33948/4,LA QUINTA ORLANDO,2678,Aug 25 product revenue in SPS,,966.86
AUGREVENUE-33951/5,45,A11001 - Accounts Receivable (New),950,,#VALUE!,08/13/2025,33951/5,LA QUINTA ORLANDO,2678,Aug 25 product revenue in SPS,0.00,
AUGREVENUE-33951/5,45.5,,972,A40001 - Sales Income (New),972,08/13/2025,33951/5,LA QUINTA ORLANDO,2678,Aug 25 product revenue in SPS,,0.00
AUGREVENUE-37685/5,46,A11001 - Accounts Receivable (New),950,,#VALUE!,08/13/2025,37685/5,Ascent Residence inn Montgomery,3320,Aug 25 product revenue in SPS,7652.82,
AUGREVENUE-37685/5,46.5,,972,A40001 - Sales Income (New),972,08/13/2025,37685/5,Ascent Residence inn Montgomery,3320,Aug 25 product revenue in SPS,,7652.82
AUGREVENUE-38204/2,47,A11001 - Accounts Receivable (New),950,,#VALUE!,08/13/2025,38204/2,LQ Hawthorne Leavenworth,3412,Aug 25 product revenue in SPS,5142.86,
AUGREVENUE-38204/2,47.5,,972,A40001 - Sales Income (New),972,08/13/2025,38204/2,LQ Hawthorne Leavenworth,3412,Aug 25 product revenue in SPS,,5142.86
AUGREVENUE-38857,48,A11001 - Accounts Receivable (New),950,,#VALUE!,08/18/2025,38857,"White River Flooring, Inc.",2553,Aug 25 product revenue in SPS,12815.60,
AUGREVENUE-38857,48.5,,972,A40001 - Sales Income (New),972,08/18/2025,38857,"White River Flooring, Inc.",2553,Aug 25 product revenue in SPS,,12815.60
AUGREVENUE-35795/2,49,A11001 - Accounts Receivable (New),950,,#VALUE!,08/21/2025,35795/2,Fairfield Townplace East Hartford,3335,Aug 25 product revenue in SPS,47953.50,
AUGREVENUE-35795/2,49.5,,972,A40001 - Sales Income (New),972,08/21/2025,35795/2,Fairfield Townplace East Hartford,3335,Aug 25 product revenue in SPS,,47953.50
AUGREVENUE-38403/5,50,A11001 - Accounts Receivable (New),950,,#VALUE!,08/23/2025,38403/5,Auburn Hospitality Group,1548,Aug 25 product revenue in SPS,40481.73,
AUGREVENUE-38403/5,50.5,,972,A40001 - Sales Income (New),972,08/23/2025,38403/5,Auburn Hospitality Group,1548,Aug 25 product revenue in SPS,,40481.73
AUGREVENUE-33565/11,51,A11001 - Accounts Receivable (New),950,,#VALUE!,08/25/2025,33565/11,LA QUINTA ORLANDO,2678,Aug 25 product revenue in SPS,7558.58,
AUGREVENUE-33565/11,51.5,,972,A40001 - Sales Income (New),972,08/25/2025,33565/11,LA QUINTA ORLANDO,2678,Aug 25 product revenue in SPS,,7558.58
AUGREVENUE-33565/12,52,A11001 - Accounts Receivable (New),950,,#VALUE!,08/25/2025,33565/12,LA QUINTA ORLANDO,2678,Aug 25 product revenue in SPS,4209.92,
AUGREVENUE-33565/12,52.5,,972,A40001 - Sales Income (New),972,08/25/2025,33565/12,LA QUINTA ORLANDO,2678,Aug 25 product revenue in SPS,,4209.92
AUGREVENUE-33566/7,53,A11001 - Accounts Receivable (New),950,,#VALUE!,08/25/2025,33566/7,LA QUINTA ORLANDO,2678,Aug 25 product revenue in SPS,123.63,
AUGREVENUE-33566/7,53.5,,972,A40001 - Sales Income (New),972,08/25/2025,33566/7,LA QUINTA ORLANDO,2678,Aug 25 product revenue in SPS,,123.63
AUGREVENUE-33566/9,54,A11001 - Accounts Receivable (New),950,,#VALUE!,08/25/2025,33566/9,LA QUINTA ORLANDO,2678,Aug 25 product revenue in SPS,1762.50,
AUGREVENUE-33566/9,54.5,,972,A40001 - Sales Income (New),972,08/25/2025,33566/9,LA QUINTA ORLANDO,2678,Aug 25 product revenue in SPS,,1762.50
AUGREVENUE-33569/4,55,A11001 - Accounts Receivable (New),950,,#VALUE!,08/25/2025,33569/4,LA QUINTA ORLANDO,2678,Aug 25 product revenue in SPS,54337.63,
AUGREVENUE-33569/4,55.5,,972,A40001 - Sales Income (New),972,08/25/2025,33569/4,LA QUINTA ORLANDO,2678,Aug 25 product revenue in SPS,,54337.63
AUGREVENUE-33569/5,56,A11001 - Accounts Receivable (New),950,,#VALUE!,08/25/2025,33569/5,LA QUINTA ORLANDO,2678,Aug 25 product revenue in SPS,996.66,
AUGREVENUE-33569/5,56.5,,972,A40001 - Sales Income (New),972,08/25/2025,33569/5,LA QUINTA ORLANDO,2678,Aug 25 product revenue in SPS,,996.66
AUGREVENUE-33571,57,A11001 - Accounts Receivable (New),950,,#VALUE!,08/25/2025,33571,LA QUINTA ORLANDO,2678,Aug 25 product revenue in SPS,1602.25,
AUGREVENUE-33571,57.5,,972,A40001 - Sales Income (New),972,08/25/2025,33571,LA QUINTA ORLANDO,2678,Aug 25 product revenue in SPS,,1602.25
AUGREVENUE-33575/6,58,A11001 - Accounts Receivable (New),950,,#VALUE!,08/25/2025,33575/6,LA QUINTA ORLANDO,2678,Aug 25 product revenue in SPS,38322.51,
AUGREVENUE-33575/6,58.5,,972,A40001 - Sales Income (New),972,08/25/2025,33575/6,LA QUINTA ORLANDO,2678,Aug 25 product revenue in SPS,,38322.51
AUGREVENUE-33945/4,59,A11001 - Accounts Receivable (New),950,,#VALUE!,08/25/2025,33945/4,LA QUINTA ORLANDO,2678,Aug 25 product revenue in SPS,661.82,
AUGREVENUE-33945/4,59.5,,972,A40001 - Sales Income (New),972,08/25/2025,33945/4,LA QUINTA ORLANDO,2678,Aug 25 product revenue in SPS,,661.82
AUGREVENUE-33946/3,60,A11001 - Accounts Receivable (New),950,,#VALUE!,08/25/2025,33946/3,LA QUINTA ORLANDO,2678,Aug 25 product revenue in SPS,19066.87,
AUGREVENUE-33946/3,60.5,,972,A40001 - Sales Income (New),972,08/25/2025,33946/3,LA QUINTA ORLANDO,2678,Aug 25 product revenue in SPS,,19066.87
AUGREVENUE-33948/5,61,A11001 - Accounts Receivable (New),950,,#VALUE!,08/25/2025,33948/5,LA QUINTA ORLANDO,2678,Aug 25 product revenue in SPS,5030.20,
AUGREVENUE-33948/5,61.5,,972,A40001 - Sales Income (New),972,08/25/2025,33948/5,LA QUINTA ORLANDO,2678,Aug 25 product revenue in SPS,,5030.20
AUGREVENUE-33950,62,A11001 - Accounts Receivable (New),950,,#VALUE!,08/25/2025,33950,LA QUINTA ORLANDO,2678,Aug 25 product revenue in SPS,0.00,
AUGREVENUE-33950,62.5,,972,A40001 - Sales Income (New),972,08/25/2025,33950,LA QUINTA ORLANDO,2678,Aug 25 product revenue in SPS,,0.00
AUGREVENUE-33950/2,63,A11001 - Accounts Receivable (New),950,,#VALUE!,08/25/2025,33950/2,LA QUINTA ORLANDO,2678,Aug 25 product revenue in SPS,145.35,
AUGREVENUE-33950/2,63.5,,972,A40001 - Sales Income (New),972,08/25/2025,33950/2,LA QUINTA ORLANDO,2678,Aug 25 product revenue in SPS,,145.35
AUGREVENUE-33950/8,64,A11001 - Accounts Receivable (New),950,,#VALUE!,08/25/2025,33950/8,LA QUINTA ORLANDO,2678,Aug 25 product revenue in SPS,560.00,
AUGREVENUE-33950/8,64.5,,972,A40001 - Sales Income (New),972,08/25/2025,33950/8,LA QUINTA ORLANDO,2678,Aug 25 product revenue in SPS,,560.00
AUGREVENUE-33951/6,65,A11001 - Accounts Receivable (New),950,,#VALUE!,08/25/2025,33951/6,LA QUINTA ORLANDO,2678,Aug 25 product revenue in SPS,1125.00,
AUGREVENUE-33951/6,65.5,,972,A40001 - Sales Income (New),972,08/25/2025,33951/6,LA QUINTA ORLANDO,2678,Aug 25 product revenue in SPS,,1125.00
AUGREVENUE-33958/4,66,A11001 - Accounts Receivable (New),950,,#VALUE!,08/25/2025,33958/4,LA QUINTA ORLANDO,2678,Aug 25 product revenue in SPS,9155.87,
AUGREVENUE-33958/4,66.5,,972,A40001 - Sales Income (New),972,08/25/2025,33958/4,LA QUINTA ORLANDO,2678,Aug 25 product revenue in SPS,,9155.87
AUGREVENUE-33959/8,67,A11001 - Accounts Receivable (New),950,,#VALUE!,08/25/2025,33959/8,LA QUINTA ORLANDO,2678,Aug 25 product revenue in SPS,27246.81,
AUGREVENUE-33959/8,67.5,,972,A40001 - Sales Income (New),972,08/25/2025,33959/8,LA QUINTA ORLANDO,2678,Aug 25 product revenue in SPS,,27246.81
AUGREVENUE-36456/6,68,A11001 - Accounts Receivable (New),950,,#VALUE!,08/25/2025,36456/6,Wingate by Wyndham / Indianapolis,3519,Aug 25 product revenue in SPS,0.00,
AUGREVENUE-36456/6,68.5,,972,A40001 - Sales Income (New),972,08/25/2025,36456/6,Wingate by Wyndham / Indianapolis,3519,Aug 25 product revenue in SPS,,0.00
AUGREVENUE-36943,69,A11001 - Accounts Receivable (New),950,,#VALUE!,08/25/2025,36943,AUTOGRAPH MAYA-PS,464,Aug 25 product revenue in SPS,20870.08,
AUGREVENUE-36943,69.5,,972,A40001 - Sales Income (New),972,08/25/2025,36943,AUTOGRAPH MAYA-PS,464,Aug 25 product revenue in SPS,,20870.08
AUGREVENUE-38391/9,70,A11001 - Accounts Receivable (New),950,,#VALUE!,08/25/2025,38391/9,Auburn Hospitality Group,1548,Aug 25 product revenue in SPS,10721.09,
AUGREVENUE-38391/9,70.5,,972,A40001 - Sales Income (New),972,08/25/2025,38391/9,Auburn Hospitality Group,1548,Aug 25 product revenue in SPS,,10721.09
AUGREVENUE-33950/13,71,A11001 - Accounts Receivable (New),950,,#VALUE!,08/26/2025,33950/13,LA QUINTA ORLANDO,2678,Aug 25 product revenue in SPS,-2567.91,
AUGREVENUE-33950/13,71.5,,972,A40001 - Sales Income (New),972,08/26/2025,33950/13,LA QUINTA ORLANDO,2678,Aug 25 product revenue in SPS,,-2567.91
AUGREVENUE-37092/3,72,A11001 - Accounts Receivable (New),950,,#VALUE!,08/26/2025,37092/3,La Quinta San Antonio 1,2618,Aug 25 product revenue in SPS,0.00,
AUGREVENUE-37092/3,72.5,,972,A40001 - Sales Income (New),972,08/26/2025,37092/3,La Quinta San Antonio 1,2618,Aug 25 product revenue in SPS,,0.00
AUGREVENUE-37412/3,73,A11001 - Accounts Receivable (New),950,,#VALUE!,08/27/2025,37412/3,Ascent Hospitality Element Carmel Indiana,3314,Aug 25 product revenue in SPS,0.00,
AUGREVENUE-37412/3,73.5,,972,A40001 - Sales Income (New),972,08/27/2025,37412/3,Ascent Hospitality Element Carmel Indiana,3314,Aug 25 product revenue in SPS,,0.00
AUGREVENUE-38643/3,74,A11001 - Accounts Receivable (New),950,,#VALUE!,08/28/2025,38643/3,Mehr Consultancy,1934,Aug 25 product revenue in SPS,6300.16,
AUGREVENUE-38643/3,74.5,,972,A40001 - Sales Income (New),972,08/28/2025,38643/3,Mehr Consultancy,1934,Aug 25 product revenue in SPS,,6300.16
AUGREVENUE-33951/7,75,A11001 - Accounts Receivable (New),950,,#VALUE!,08/29/2025,33951/7,LA QUINTA ORLANDO,2678,Aug 25 product revenue in SPS,0.00,
AUGREVENUE-33951/7,75.5,,972,A40001 - Sales Income (New),972,08/29/2025,33951/7,LA QUINTA ORLANDO,2678,Aug 25 product revenue in SPS,,0.00
AUGREVENUE-34411/3,76,A11001 - Accounts Receivable (New),950,,#VALUE!,08/29/2025,34411/3,La Quinta San Antonio 1,2618,Aug 25 product revenue in SPS,0.00,
AUGREVENUE-34411/3,76.5,,972,A40001 - Sales Income (New),972,08/29/2025,34411/3,La Quinta San Antonio 1,2618,Aug 25 product revenue in SPS,,0.00
AUGREVENUE-35309/2,77,A11001 - Accounts Receivable (New),950,,#VALUE!,08/29/2025,35309/2,Ascent Hospitality- Autograph Huntsville,3318,Aug 25 product revenue in SPS,0.00,
AUGREVENUE-35309/2,77.5,,972,A40001 - Sales Income (New),972,08/29/2025,35309/2,Ascent Hospitality- Autograph Huntsville,3318,Aug 25 product revenue in SPS,,0.00
AUGREVENUE-36801/5,78,A11001 - Accounts Receivable (New),950,,#VALUE!,08/29/2025,36801/5,"Hometown Inn & Suites, Memphis TN",3346,Aug 25 product revenue in SPS,6292.32,
AUGREVENUE-36801/5,78.5,,972,A40001 - Sales Income (New),972,08/29/2025,36801/5,"Hometown Inn & Suites, Memphis TN",3346,Aug 25 product revenue in SPS,,6292.32
AUGREVENUE-36913/5,79,A11001 - Accounts Receivable (New),950,,#VALUE!,08/29/2025,36913/5,Ascent hospitality Towneplace West Lafayette IN,2705,Aug 25 product revenue in SPS,102.20,
AUGREVENUE-36913/5,79.5,,972,A40001 - Sales Income (New),972,08/29/2025,36913/5,Ascent hospitality Towneplace West Lafayette IN,2705,Aug 25 product revenue in SPS,,102.20
AUGREVENUE-38185,80,A11001 - Accounts Receivable (New),950,,#VALUE!,08/29/2025,38185,LQ Hawthorne Leavenworth,3412,Aug 25 product revenue in SPS,55072.05,
AUGREVENUE-38185,80.5,,972,A40001 - Sales Income (New),972,08/29/2025,38185,LQ Hawthorne Leavenworth,3412,Aug 25 product revenue in SPS,,55072.05
AUGREVENUE-38199,81,A11001 - Accounts Receivable (New),950,,#VALUE!,08/29/2025,38199,LQ Hawthorne Leavenworth,3412,Aug 25 product revenue in SPS,48782.88,
AUGREVENUE-38199,81.5,,972,A40001 - Sales Income (New),972,08/29/2025,38199,LQ Hawthorne Leavenworth,3412,Aug 25 product revenue in SPS,,48782.88
AUGREVENUE-38206/2,82,A11001 - Accounts Receivable (New),950,,#VALUE!,08/29/2025,38206/2,LQ Hawthorne Leavenworth,3412,Aug 25 product revenue in SPS,40331.72,
AUGREVENUE-38206/2,82.5,,972,A40001 - Sales Income (New),972,08/29/2025,38206/2,LQ Hawthorne Leavenworth,3412,Aug 25 product revenue in SPS,,40331.72
AUGREVENUE-38724/2,83,A11001 - Accounts Receivable (New),950,,#VALUE!,08/29/2025,38724/2,Ascent hospitality Townplace Suites Fairburn IN,2713,Aug 25 product revenue in SPS,0.00,
AUGREVENUE-38724/2,83.5,,972,A40001 - Sales Income (New),972,08/29/2025,38724/2,Ascent hospitality Townplace Suites Fairburn IN,2713,Aug 25 product revenue in SPS,,0.00
AUGREVENUE-38832,84,A11001 - Accounts Receivable (New),950,,#VALUE!,08/29/2025,38832,Veranda Homes,2275,Aug 25 product revenue in SPS,3360.59,
AUGREVENUE-38832,84.5,,972,A40001 - Sales Income (New),972,08/29/2025,38832,Veranda Homes,2275,Aug 25 product revenue in SPS,,3360.59
AUGREVENUE-38851,85,A11001 - Accounts Receivable (New),950,,#VALUE!,08/29/2025,38851,CAMARATA MASONRY SYSTEMS,487,Aug 25 product revenue in SPS,126720.00,
AUGREVENUE-38851,85.5,,972,A40001 - Sales Income (New),972,08/29/2025,38851,CAMARATA MASONRY SYSTEMS,487,Aug 25 product revenue in SPS,,126720.00
AUGREVENUE-38881,86,A11001 - Accounts Receivable (New),950,,#VALUE!,08/29/2025,38881,First Capital Advisors,2485,Aug 25 product revenue in SPS,340.00,
AUGREVENUE-38881,86.5,,972,A40001 - Sales Income (New),972,08/29/2025,38881,First Capital Advisors,2485,Aug 25 product revenue in SPS,,340.00
AUGREVENUE-38893,87,A11001 - Accounts Receivable (New),950,,#VALUE!,08/29/2025,38893,First Capital Advisors,2485,Aug 25 product revenue in SPS,674.64,
AUGREVENUE-38893,87.5,,972,A40001 - Sales Income (New),972,08/29/2025,38893,First Capital Advisors,2485,Aug 25 product revenue in SPS,,674.64
AUGREVENUE-31154/2,88,A11001 - Accounts Receivable (New),950,,#VALUE!,08/30/2025,31154/2,LaQuinta Yakima WA,2619,Aug 25 product revenue in SPS,0.00,
AUGREVENUE-31154/2,88.5,,972,A40001 - Sales Income (New),972,08/30/2025,31154/2,LaQuinta Yakima WA,2619,Aug 25 product revenue in SPS,,0.00
AUGREVENUE-31461/9,89,A11001 - Accounts Receivable (New),950,,#VALUE!,08/30/2025,31461/9,Urban Atelier Group LLC,714,Aug 25 product revenue in SPS,0.00,
AUGREVENUE-31461/9,89.5,,972,A40001 - Sales Income (New),972,08/30/2025,31461/9,Urban Atelier Group LLC,714,Aug 25 product revenue in SPS,,0.00
AUGREVENUE-31464/7,90,A11001 - Accounts Receivable (New),950,,#VALUE!,08/30/2025,31464/7,Urban Atelier Group LLC,714,Aug 25 product revenue in SPS,0.00,
AUGREVENUE-31464/7,90.5,,972,A40001 - Sales Income (New),972,08/30/2025,31464/7,Urban Atelier Group LLC,714,Aug 25 product revenue in SPS,,0.00
AUGREVENUE-31651/6,91,A11001 - Accounts Receivable (New),950,,#VALUE!,08/30/2025,31651/6,CANDLEWOOD LAFAYETTE,3409,Aug 25 product revenue in SPS,0.00,
AUGREVENUE-31651/6,91.5,,972,A40001 - Sales Income (New),972,08/30/2025,31651/6,CANDLEWOOD LAFAYETTE,3409,Aug 25 product revenue in SPS,,0.00
AUGREVENUE-31762/6,92,A11001 - Accounts Receivable (New),950,,#VALUE!,08/30/2025,31762/6,Fyffe Construction CO/ LaQuinta Manchester,3527,Aug 25 product revenue in SPS,0.00,
AUGREVENUE-31762/6,92.5,,972,A40001 - Sales Income (New),972,08/30/2025,31762/6,Fyffe Construction CO/ LaQuinta Manchester,3527,Aug 25 product revenue in SPS,,0.00
AUGREVENUE-31847/4,93,A11001 - Accounts Receivable (New),950,,#VALUE!,08/30/2025,31847/4,Homewood Suites Beaumont,2348,Aug 25 product revenue in SPS,0.00,
AUGREVENUE-31847/4,93.5,,972,A40001 - Sales Income (New),972,08/30/2025,31847/4,Homewood Suites Beaumont,2348,Aug 25 product revenue in SPS,,0.00
AUGREVENUE-31877/6,94,A11001 - Accounts Receivable (New),950,,#VALUE!,08/30/2025,31877/6,Graniti Vicentia,1938,Aug 25 product revenue in SPS,0.00,
AUGREVENUE-31877/6,94.5,,972,A40001 - Sales Income (New),972,08/30/2025,31877/6,Graniti Vicentia,1938,Aug 25 product revenue in SPS,,0.00
AUGREVENUE-31877/7,95,A11001 - Accounts Receivable (New),950,,#VALUE!,08/30/2025,31877/7,Graniti Vicentia,1938,Aug 25 product revenue in SPS,0.00,
AUGREVENUE-31877/7,95.5,,972,A40001 - Sales Income (New),972,08/30/2025,31877/7,Graniti Vicentia,1938,Aug 25 product revenue in SPS,,0.00
AUGREVENUE-32086/21,96,A11001 - Accounts Receivable (New),950,,#VALUE!,08/30/2025,32086/21,Graniti Vicentia,1938,Aug 25 product revenue in SPS,0.00,
AUGREVENUE-32086/21,96.5,,972,A40001 - Sales Income (New),972,08/30/2025,32086/21,Graniti Vicentia,1938,Aug 25 product revenue in SPS,,0.00
AUGREVENUE-32302/9,97,A11001 - Accounts Receivable (New),950,,#VALUE!,08/30/2025,32302/9,Grand Sierra Resort & Casino,546,Aug 25 product revenue in SPS,3854.97,
AUGREVENUE-32302/9,97.5,,972,A40001 - Sales Income (New),972,08/30/2025,32302/9,Grand Sierra Resort & Casino,546,Aug 25 product revenue in SPS,,3854.97
AUGREVENUE-32388/4,98,A11001 - Accounts Receivable (New),950,,#VALUE!,08/30/2025,32388/4,Ascent Hospitality- Autograph Montogmery,2676,Aug 25 product revenue in SPS,0.00,
AUGREVENUE-32388/4,98.5,,972,A40001 - Sales Income (New),972,08/30/2025,32388/4,Ascent Hospitality- Autograph Montogmery,2676,Aug 25 product revenue in SPS,,0.00
AUGREVENUE-32401/5,99,A11001 - Accounts Receivable (New),950,,#VALUE!,08/30/2025,32401/5,Sunbridge Venetian LP Inc.,736,Aug 25 product revenue in SPS,0.00,
AUGREVENUE-32401/5,99.5,,972,A40001 - Sales Income (New),972,08/30/2025,32401/5,Sunbridge Venetian LP Inc.,736,Aug 25 product revenue in SPS,,0.00
AUGREVENUE-32521/4,100,A11001 - Accounts Receivable (New),950,,#VALUE!,08/30/2025,32521/4,CAPITOL HOTEL NASHVILLE/Dan,3528,Aug 25 product revenue in SPS,0.00,
AUGREVENUE-32521/4,100.5,,972,A40001 - Sales Income (New),972,08/30/2025,32521/4,CAPITOL HOTEL NASHVILLE/Dan,3528,Aug 25 product revenue in SPS,,0.00
AUGREVENUE-32691/2,101,A11001 - Accounts Receivable (New),950,,#VALUE!,08/30/2025,32691/2,"La Quinta, Huntsville AL",3362,Aug 25 product revenue in SPS,0.00,
AUGREVENUE-32691/2,101.5,,972,A40001 - Sales Income (New),972,08/30/2025,32691/2,"La Quinta, Huntsville AL",3362,Aug 25 product revenue in SPS,,0.00
AUGREVENUE-32807/12,102,A11001 - Accounts Receivable (New),950,,#VALUE!,08/30/2025,32807/12,Marriott Fairfield Harrisburg PA,3529,Aug 25 product revenue in SPS,0.00,
AUGREVENUE-32807/12,102.5,,972,A40001 - Sales Income (New),972,08/30/2025,32807/12,Marriott Fairfield Harrisburg PA,3529,Aug 25 product revenue in SPS,,0.00
AUGREVENUE-32807/13,103,A11001 - Accounts Receivable (New),950,,#VALUE!,08/30/2025,32807/13,Marriott Fairfield Harrisburg PA,3529,Aug 25 product revenue in SPS,0.00,
AUGREVENUE-32807/13,103.5,,972,A40001 - Sales Income (New),972,08/30/2025,32807/13,Marriott Fairfield Harrisburg PA,3529,Aug 25 product revenue in SPS,,0.00
AUGREVENUE-32847/2,104,A11001 - Accounts Receivable (New),950,,#VALUE!,08/30/2025,32847/2,Urban Atelier Group LLC,714,Aug 25 product revenue in SPS,0.00,
AUGREVENUE-32847/2,104.5,,972,A40001 - Sales Income (New),972,08/30/2025,32847/2,Urban Atelier Group LLC,714,Aug 25 product revenue in SPS,,0.00
AUGREVENUE-32888,105,A11001 - Accounts Receivable (New),950,,#VALUE!,08/30/2025,32888,"LA QUINTA MODEL ROOM / GV HEADQUARTERS, HOUSTON",3530,Aug 25 product revenue in SPS,0.00,
AUGREVENUE-32888,105.5,,972,A40001 - Sales Income (New),972,08/30/2025,32888,"LA QUINTA MODEL ROOM / GV HEADQUARTERS, HOUSTON",3530,Aug 25 product revenue in SPS,,0.00
AUGREVENUE-32888/4,106,A11001 - Accounts Receivable (New),950,,#VALUE!,08/30/2025,32888/4,"LA QUINTA MODEL ROOM / GV HEADQUARTERS, HOUSTON",3530,Aug 25 product revenue in SPS,0.00,
AUGREVENUE-32888/4,106.5,,972,A40001 - Sales Income (New),972,08/30/2025,32888/4,"LA QUINTA MODEL ROOM / GV HEADQUARTERS, HOUSTON",3530,Aug 25 product revenue in SPS,,0.00
AUGREVENUE-32981/4,107,A11001 - Accounts Receivable (New),950,,#VALUE!,08/30/2025,32981/4,LAQUINTA YUMA AZ,3531,Aug 25 product revenue in SPS,0.00,
AUGREVENUE-32981/4,107.5,,972,A40001 - Sales Income (New),972,08/30/2025,32981/4,LAQUINTA YUMA AZ,3531,Aug 25 product revenue in SPS,,0.00
AUGREVENUE-32983/14,108,A11001 - Accounts Receivable (New),950,,#VALUE!,08/30/2025,32983/14,LAQUINTA YUMA AZ,3531,Aug 25 product revenue in SPS,0.00,
AUGREVENUE-32983/14,108.5,,972,A40001 - Sales Income (New),972,08/30/2025,32983/14,LAQUINTA YUMA AZ,3531,Aug 25 product revenue in SPS,,0.00
AUGREVENUE-33025/7,109,A11001 - Accounts Receivable (New),950,,#VALUE!,08/30/2025,33025/7,"Courtyard Navy Yard, Philadelphia",3532,Aug 25 product revenue in SPS,0.00,
AUGREVENUE-33025/7,109.5,,972,A40001 - Sales Income (New),972,08/30/2025,33025/7,"Courtyard Navy Yard, Philadelphia",3532,Aug 25 product revenue in SPS,,0.00
AUGREVENUE-33025/8,110,A11001 - Accounts Receivable (New),950,,#VALUE!,08/30/2025,33025/8,"Courtyard Navy Yard, Philadelphia",3532,Aug 25 product revenue in SPS,0.00,
AUGREVENUE-33025/8,110.5,,972,A40001 - Sales Income (New),972,08/30/2025,33025/8,"Courtyard Navy Yard, Philadelphia",3532,Aug 25 product revenue in SPS,,0.00
AUGREVENUE-33257/20,111,A11001 - Accounts Receivable (New),950,,#VALUE!,08/30/2025,33257/20,LaQuinta Yakima WA,2619,Aug 25 product revenue in SPS,0.00,
AUGREVENUE-33257/20,111.5,,972,A40001 - Sales Income (New),972,08/30/2025,33257/20,LaQuinta Yakima WA,2619,Aug 25 product revenue in SPS,,0.00
AUGREVENUE-33309/14,112,A11001 - Accounts Receivable (New),950,,#VALUE!,08/30/2025,33309/14,CAMBRIA NASHVILLE,3322,Aug 25 product revenue in SPS,0.00,
AUGREVENUE-33309/14,112.5,,972,A40001 - Sales Income (New),972,08/30/2025,33309/14,CAMBRIA NASHVILLE,3322,Aug 25 product revenue in SPS,,0.00
AUGREVENUE-33309/15,113,A11001 - Accounts Receivable (New),950,,#VALUE!,08/30/2025,33309/15,CAMBRIA NASHVILLE,3322,Aug 25 product revenue in SPS,0.00,
AUGREVENUE-33309/15,113.5,,972,A40001 - Sales Income (New),972,08/30/2025,33309/15,CAMBRIA NASHVILLE,3322,Aug 25 product revenue in SPS,,0.00
AUGREVENUE-33314/24,114,A11001 - Accounts Receivable (New),950,,#VALUE!,08/30/2025,33314/24,CAMBRIA NASHVILLE,3322,Aug 25 product revenue in SPS,0.00,
AUGREVENUE-33314/24,114.5,,972,A40001 - Sales Income (New),972,08/30/2025,33314/24,CAMBRIA NASHVILLE,3322,Aug 25 product revenue in SPS,,0.00
AUGREVENUE-33314/25,115,A11001 - Accounts Receivable (New),950,,#VALUE!,08/30/2025,33314/25,CAMBRIA NASHVILLE,3322,Aug 25 product revenue in SPS,0.00,
AUGREVENUE-33314/25,115.5,,972,A40001 - Sales Income (New),972,08/30/2025,33314/25,CAMBRIA NASHVILLE,3322,Aug 25 product revenue in SPS,,0.00
AUGREVENUE-33315/10,116,A11001 - Accounts Receivable (New),950,,#VALUE!,08/30/2025,33315/10,CAMBRIA NASHVILLE,3322,Aug 25 product revenue in SPS,0.00,
AUGREVENUE-33315/10,116.5,,972,A40001 - Sales Income (New),972,08/30/2025,33315/10,CAMBRIA NASHVILLE,3322,Aug 25 product revenue in SPS,,0.00
AUGREVENUE-33343/9,117,A11001 - Accounts Receivable (New),950,,#VALUE!,08/30/2025,33343/9,Laquinta Memphis,3002,Aug 25 product revenue in SPS,0.00,
AUGREVENUE-33343/9,117.5,,972,A40001 - Sales Income (New),972,08/30/2025,33343/9,Laquinta Memphis,3002,Aug 25 product revenue in SPS,,0.00
AUGREVENUE-33374/14,118,A11001 - Accounts Receivable (New),950,,#VALUE!,08/30/2025,33374/14,"Las Vegas Resort Holdings, LLC",3368,Aug 25 product revenue in SPS,0.00,
AUGREVENUE-33374/14,118.5,,972,A40001 - Sales Income (New),972,08/30/2025,33374/14,"Las Vegas Resort Holdings, LLC",3368,Aug 25 product revenue in SPS,,0.00
AUGREVENUE-33374/15,119,A11001 - Accounts Receivable (New),950,,#VALUE!,08/30/2025,33374/15,"Las Vegas Resort Holdings, LLC",3368,Aug 25 product revenue in SPS,0.00,
AUGREVENUE-33374/15,119.5,,972,A40001 - Sales Income (New),972,08/30/2025,33374/15,"Las Vegas Resort Holdings, LLC",3368,Aug 25 product revenue in SPS,,0.00
AUGREVENUE-33385/8,120,A11001 - Accounts Receivable (New),950,,#VALUE!,08/30/2025,33385/8,LQ Kingston,2358,Aug 25 product revenue in SPS,0.00,
AUGREVENUE-33385/8,120.5,,972,A40001 - Sales Income (New),972,08/30/2025,33385/8,LQ Kingston,2358,Aug 25 product revenue in SPS,,0.00
AUGREVENUE-33385/9,121,A11001 - Accounts Receivable (New),950,,#VALUE!,08/30/2025,33385/9,LQ Kingston,2358,Aug 25 product revenue in SPS,0.00,
AUGREVENUE-33385/9,121.5,,972,A40001 - Sales Income (New),972,08/30/2025,33385/9,LQ Kingston,2358,Aug 25 product revenue in SPS,,0.00
AUGREVENUE-33390/3,122,A11001 - Accounts Receivable (New),950,,#VALUE!,08/30/2025,33390/3,CORNER STONE FLOORING COMPANIES,3533,Aug 25 product revenue in SPS,0.00,
AUGREVENUE-33390/3,122.5,,972,A40001 - Sales Income (New),972,08/30/2025,33390/3,CORNER STONE FLOORING COMPANIES,3533,Aug 25 product revenue in SPS,,0.00
AUGREVENUE-33472/12,123,A11001 - Accounts Receivable (New),950,,#VALUE!,08/30/2025,33472/12,La Quinta -Madison WI -Savan Patel,3534,Aug 25 product revenue in SPS,0.00,
AUGREVENUE-33472/12,123.5,,972,A40001 - Sales Income (New),972,08/30/2025,33472/12,La Quinta -Madison WI -Savan Patel,3534,Aug 25 product revenue in SPS,,0.00
AUGREVENUE-33478/9,124,A11001 - Accounts Receivable (New),950,,#VALUE!,08/30/2025,33478/9,La Quinta -Madison WI -Savan Patel,3534,Aug 25 product revenue in SPS,0.00,
AUGREVENUE-33478/9,124.5,,972,A40001 - Sales Income (New),972,08/30/2025,33478/9,La Quinta -Madison WI -Savan Patel,3534,Aug 25 product revenue in SPS,,0.00
AUGREVENUE-33495/8,125,A11001 - Accounts Receivable (New),950,,#VALUE!,08/30/2025,33495/8,Magnolia LXR Dallas TX -,3370,Aug 25 product revenue in SPS,12589.50,
AUGREVENUE-33495/8,125.5,,972,A40001 - Sales Income (New),972,08/30/2025,33495/8,Magnolia LXR Dallas TX -,3370,Aug 25 product revenue in SPS,,12589.50
AUGREVENUE-33539/10,126,A11001 - Accounts Receivable (New),950,,#VALUE!,08/30/2025,33539/10,La Quinta Inn & Suites - Seatac Airport - Seattle WA,2328,Aug 25 product revenue in SPS,0.00,
AUGREVENUE-33539/10,126.5,,972,A40001 - Sales Income (New),972,08/30/2025,33539/10,La Quinta Inn & Suites - Seatac Airport - Seattle WA,2328,Aug 25 product revenue in SPS,,0.00
AUGREVENUE-33558/11,127,A11001 - Accounts Receivable (New),950,,#VALUE!,08/30/2025,33558/11,La Quinta Inn & Suites - Seatac Airport - Seattle WA,2328,Aug 25 product revenue in SPS,0.00,
AUGREVENUE-33558/11,127.5,,972,A40001 - Sales Income (New),972,08/30/2025,33558/11,La Quinta Inn & Suites - Seatac Airport - Seattle WA,2328,Aug 25 product revenue in SPS,,0.00
AUGREVENUE-33560/4,128,A11001 - Accounts Receivable (New),950,,#VALUE!,08/30/2025,33560/4,La Quinta Inn & Suites - Seatac Airport - Seattle WA,2328,Aug 25 product revenue in SPS,0.00,
AUGREVENUE-33560/4,128.5,,972,A40001 - Sales Income (New),972,08/30/2025,33560/4,La Quinta Inn & Suites - Seatac Airport - Seattle WA,2328,Aug 25 product revenue in SPS,,0.00
AUGREVENUE-33562/5,129,A11001 - Accounts Receivable (New),950,,#VALUE!,08/30/2025,33562/5,La Quinta Inn & Suites - Seatac Airport - Seattle WA,2328,Aug 25 product revenue in SPS,0.00,
AUGREVENUE-33562/5,129.5,,972,A40001 - Sales Income (New),972,08/30/2025,33562/5,La Quinta Inn & Suites - Seatac Airport - Seattle WA,2328,Aug 25 product revenue in SPS,,0.00
AUGREVENUE-33570/6,130,A11001 - Accounts Receivable (New),950,,#VALUE!,08/30/2025,33570/6,LA QUINTA ORLANDO,2678,Aug 25 product revenue in SPS,0.00,
AUGREVENUE-33570/6,130.5,,972,A40001 - Sales Income (New),972,08/30/2025,33570/6,LA QUINTA ORLANDO,2678,Aug 25 product revenue in SPS,,0.00
AUGREVENUE-33644/4,131,A11001 - Accounts Receivable (New),950,,#VALUE!,08/30/2025,33644/4,CAMBRIA NASHVILLE,3322,Aug 25 product revenue in SPS,0.00,
AUGREVENUE-33644/4,131.5,,972,A40001 - Sales Income (New),972,08/30/2025,33644/4,CAMBRIA NASHVILLE,3322,Aug 25 product revenue in SPS,,0.00
AUGREVENUE-33725/11,132,A11001 - Accounts Receivable (New),950,,#VALUE!,08/30/2025,33725/11,LaQuinta/Hawthone - Knoxville TN - AMit,3367,Aug 25 product revenue in SPS,0.00,
AUGREVENUE-33725/11,132.5,,972,A40001 - Sales Income (New),972,08/30/2025,33725/11,LaQuinta/Hawthone - Knoxville TN - AMit,3367,Aug 25 product revenue in SPS,,0.00
AUGREVENUE-33760/3,133,A11001 - Accounts Receivable (New),950,,#VALUE!,08/30/2025,33760/3,"Angles Contractor, INC./Carlton Apartments",3311,Aug 25 product revenue in SPS,0.00,
AUGREVENUE-33760/3,133.5,,972,A40001 - Sales Income (New),972,08/30/2025,33760/3,"Angles Contractor, INC./Carlton Apartments",3311,Aug 25 product revenue in SPS,,0.00
AUGREVENUE-33853/3,134,A11001 - Accounts Receivable (New),950,,#VALUE!,08/30/2025,33853/3,Nandas Holding Ltd.c/o Sunray Group,3535,Aug 25 product revenue in SPS,0.00,
AUGREVENUE-33853/3,134.5,,972,A40001 - Sales Income (New),972,08/30/2025,33853/3,Nandas Holding Ltd.c/o Sunray Group,3535,Aug 25 product revenue in SPS,,0.00
AUGREVENUE-33856/7,135,A11001 - Accounts Receivable (New),950,,#VALUE!,08/30/2025,33856/7,CANDLEWOOD LAFAYETTE,3409,Aug 25 product revenue in SPS,0.00,
AUGREVENUE-33856/7,135.5,,972,A40001 - Sales Income (New),972,08/30/2025,33856/7,CANDLEWOOD LAFAYETTE,3409,Aug 25 product revenue in SPS,,0.00
AUGREVENUE-33884/4,136,A11001 - Accounts Receivable (New),950,,#VALUE!,08/30/2025,33884/4,Graniti Vicentia,1938,Aug 25 product revenue in SPS,0.00,
AUGREVENUE-33884/4,136.5,,972,A40001 - Sales Income (New),972,08/30/2025,33884/4,Graniti Vicentia,1938,Aug 25 product revenue in SPS,,0.00
AUGREVENUE-33948/7,137,A11001 - Accounts Receivable (New),950,,#VALUE!,08/30/2025,33948/7,LA QUINTA ORLANDO,2678,Aug 25 product revenue in SPS,0.00,
AUGREVENUE-33948/7,137.5,,972,A40001 - Sales Income (New),972,08/30/2025,33948/7,LA QUINTA ORLANDO,2678,Aug 25 product revenue in SPS,,0.00
AUGREVENUE-33950/14,138,A11001 - Accounts Receivable (New),950,,#VALUE!,08/30/2025,33950/14,LA QUINTA ORLANDO,2678,Aug 25 product revenue in SPS,0.00,
AUGREVENUE-33950/14,138.5,,972,A40001 - Sales Income (New),972,08/30/2025,33950/14,LA QUINTA ORLANDO,2678,Aug 25 product revenue in SPS,,0.00
AUGREVENUE-33950/15,139,A11001 - Accounts Receivable (New),950,,#VALUE!,08/30/2025,33950/15,LA QUINTA ORLANDO,2678,Aug 25 product revenue in SPS,0.00,
AUGREVENUE-33950/15,139.5,,972,A40001 - Sales Income (New),972,08/30/2025,33950/15,LA QUINTA ORLANDO,2678,Aug 25 product revenue in SPS,,0.00
AUGREVENUE-33951/8,140,A11001 - Accounts Receivable (New),950,,#VALUE!,08/30/2025,33951/8,LA QUINTA ORLANDO,2678,Aug 25 product revenue in SPS,0.00,
AUGREVENUE-33951/8,140.5,,972,A40001 - Sales Income (New),972,08/30/2025,33951/8,LA QUINTA ORLANDO,2678,Aug 25 product revenue in SPS,,0.00
AUGREVENUE-33953/5,141,A11001 - Accounts Receivable (New),950,,#VALUE!,08/30/2025,33953/5,LA QUINTA ORLANDO,2678,Aug 25 product revenue in SPS,0.00,
AUGREVENUE-33953/5,141.5,,972,A40001 - Sales Income (New),972,08/30/2025,33953/5,LA QUINTA ORLANDO,2678,Aug 25 product revenue in SPS,,0.00
AUGREVENUE-33959/9,142,A11001 - Accounts Receivable (New),950,,#VALUE!,08/30/2025,33959/9,LA QUINTA ORLANDO,2678,Aug 25 product revenue in SPS,0.00,
AUGREVENUE-33959/9,142.5,,972,A40001 - Sales Income (New),972,08/30/2025,33959/9,LA QUINTA ORLANDO,2678,Aug 25 product revenue in SPS,,0.00
AUGREVENUE-33967/2,143,A11001 - Accounts Receivable (New),950,,#VALUE!,08/30/2025,33967/2,Graniti Vicentia,1938,Aug 25 product revenue in SPS,0.00,
AUGREVENUE-33967/2,143.5,,972,A40001 - Sales Income (New),972,08/30/2025,33967/2,Graniti Vicentia,1938,Aug 25 product revenue in SPS,,0.00
AUGREVENUE-33974/7,144,A11001 - Accounts Receivable (New),950,,#VALUE!,08/30/2025,33974/7,The Stroud Group,704,Aug 25 product revenue in SPS,0.00,
AUGREVENUE-33974/7,144.5,,972,A40001 - Sales Income (New),972,08/30/2025,33974/7,The Stroud Group,704,Aug 25 product revenue in SPS,,0.00
AUGREVENUE-34012/3,145,A11001 - Accounts Receivable (New),950,,#VALUE!,08/30/2025,34012/3,"La Quinta, Anaheim CA",3361,Aug 25 product revenue in SPS,0.00,
AUGREVENUE-34012/3,145.5,,972,A40001 - Sales Income (New),972,08/30/2025,34012/3,"La Quinta, Anaheim CA",3361,Aug 25 product revenue in SPS,,0.00
AUGREVENUE-34012/4,146,A11001 - Accounts Receivable (New),950,,#VALUE!,08/30/2025,34012/4,"La Quinta, Anaheim CA",3361,Aug 25 product revenue in SPS,0.00,
AUGREVENUE-34012/4,146.5,,972,A40001 - Sales Income (New),972,08/30/2025,34012/4,"La Quinta, Anaheim CA",3361,Aug 25 product revenue in SPS,,0.00
AUGREVENUE-34013/9,147,A11001 - Accounts Receivable (New),950,,#VALUE!,08/30/2025,34013/9,"La Quinta, Anaheim CA",3361,Aug 25 product revenue in SPS,0.00,
AUGREVENUE-34013/9,147.5,,972,A40001 - Sales Income (New),972,08/30/2025,34013/9,"La Quinta, Anaheim CA",3361,Aug 25 product revenue in SPS,,0.00
AUGREVENUE-34036/5,148,A11001 - Accounts Receivable (New),950,,#VALUE!,08/30/2025,34036/5,Hampton Inn Rosenberg,2520,Aug 25 product revenue in SPS,0.00,
AUGREVENUE-34036/5,148.5,,972,A40001 - Sales Income (New),972,08/30/2025,34036/5,Hampton Inn Rosenberg,2520,Aug 25 product revenue in SPS,,0.00
AUGREVENUE-34063/5,149,A11001 - Accounts Receivable (New),950,,#VALUE!,08/30/2025,34063/5,Laquinta Homewood Alabama,3364,Aug 25 product revenue in SPS,0.00,
AUGREVENUE-34063/5,149.5,,972,A40001 - Sales Income (New),972,08/30/2025,34063/5,Laquinta Homewood Alabama,3364,Aug 25 product revenue in SPS,,0.00
AUGREVENUE-34067/3,150,A11001 - Accounts Receivable (New),950,,#VALUE!,08/30/2025,34067/3,Ascent Hospitality- Autograph Montogmery,2676,Aug 25 product revenue in SPS,0.00,
AUGREVENUE-34067/3,150.5,,972,A40001 - Sales Income (New),972,08/30/2025,34067/3,Ascent Hospitality- Autograph Montogmery,2676,Aug 25 product revenue in SPS,,0.00
AUGREVENUE-34113/3,151,A11001 - Accounts Receivable (New),950,,#VALUE!,08/30/2025,34113/3,"La Quinta, Anaheim CA",3361,Aug 25 product revenue in SPS,9548.99,
AUGREVENUE-34113/3,151.5,,972,A40001 - Sales Income (New),972,08/30/2025,34113/3,"La Quinta, Anaheim CA",3361,Aug 25 product revenue in SPS,,9548.99
AUGREVENUE-34170/5,152,A11001 - Accounts Receivable (New),950,,#VALUE!,08/30/2025,34170/5,"Las Vegas Resort Holdings, LLC",3368,Aug 25 product revenue in SPS,0.00,
AUGREVENUE-34170/5,152.5,,972,A40001 - Sales Income (New),972,08/30/2025,34170/5,"Las Vegas Resort Holdings, LLC",3368,Aug 25 product revenue in SPS,,0.00
AUGREVENUE-34170/6,153,A11001 - Accounts Receivable (New),950,,#VALUE!,08/30/2025,34170/6,"Las Vegas Resort Holdings, LLC",3368,Aug 25 product revenue in SPS,0.00,
AUGREVENUE-34170/6,153.5,,972,A40001 - Sales Income (New),972,08/30/2025,34170/6,"Las Vegas Resort Holdings, LLC",3368,Aug 25 product revenue in SPS,,0.00
AUGREVENUE-34171/5,154,A11001 - Accounts Receivable (New),950,,#VALUE!,08/30/2025,34171/5,"Las Vegas Resort Holdings, LLC",3368,Aug 25 product revenue in SPS,0.00,
AUGREVENUE-34171/5,154.5,,972,A40001 - Sales Income (New),972,08/30/2025,34171/5,"Las Vegas Resort Holdings, LLC",3368,Aug 25 product revenue in SPS,,0.00
AUGREVENUE-34173/3,155,A11001 - Accounts Receivable (New),950,,#VALUE!,08/30/2025,34173/3,"Las Vegas Resort Holdings, LLC",3368,Aug 25 product revenue in SPS,0.00,
AUGREVENUE-34173/3,155.5,,972,A40001 - Sales Income (New),972,08/30/2025,34173/3,"Las Vegas Resort Holdings, LLC",3368,Aug 25 product revenue in SPS,,0.00
AUGREVENUE-34173/4,156,A11001 - Accounts Receivable (New),950,,#VALUE!,08/30/2025,34173/4,"Las Vegas Resort Holdings, LLC",3368,Aug 25 product revenue in SPS,0.00,
AUGREVENUE-34173/4,156.5,,972,A40001 - Sales Income (New),972,08/30/2025,34173/4,"Las Vegas Resort Holdings, LLC",3368,Aug 25 product revenue in SPS,,0.00
AUGREVENUE-34294/12,157,A11001 - Accounts Receivable (New),950,,#VALUE!,08/30/2025,34294/12,LaQuinta Yakima WA,2619,Aug 25 product revenue in SPS,0.00,
AUGREVENUE-34294/12,157.5,,972,A40001 - Sales Income (New),972,08/30/2025,34294/12,LaQuinta Yakima WA,2619,Aug 25 product revenue in SPS,,0.00
AUGREVENUE-34363/10,158,A11001 - Accounts Receivable (New),950,,#VALUE!,08/30/2025,34363/10,"Hampton inn & Suites Enterprise, Al (5335)",2804,Aug 25 product revenue in SPS,0.00,
AUGREVENUE-34363/10,158.5,,972,A40001 - Sales Income (New),972,08/30/2025,34363/10,"Hampton inn & Suites Enterprise, Al (5335)",2804,Aug 25 product revenue in SPS,,0.00
AUGREVENUE-34363/9,159,A11001 - Accounts Receivable (New),950,,#VALUE!,08/30/2025,34363/9,"Hampton inn & Suites Enterprise, Al (5335)",2804,Aug 25 product revenue in SPS,1120.00,
AUGREVENUE-34363/9,159.5,,972,A40001 - Sales Income (New),972,08/30/2025,34363/9,"Hampton inn & Suites Enterprise, Al (5335)",2804,Aug 25 product revenue in SPS,,1120.00
AUGREVENUE-34402/9,160,A11001 - Accounts Receivable (New),950,,#VALUE!,08/30/2025,34402/9,La Quinta San Antonio 1,2618,Aug 25 product revenue in SPS,0.00,
AUGREVENUE-34402/9,160.5,,972,A40001 - Sales Income (New),972,08/30/2025,34402/9,La Quinta San Antonio 1,2618,Aug 25 product revenue in SPS,,0.00
AUGREVENUE-34405/2,161,A11001 - Accounts Receivable (New),950,,#VALUE!,08/30/2025,34405/2,La Quinta San Antonio 1,2618,Aug 25 product revenue in SPS,0.00,
AUGREVENUE-34405/2,161.5,,972,A40001 - Sales Income (New),972,08/30/2025,34405/2,La Quinta San Antonio 1,2618,Aug 25 product revenue in SPS,,0.00
AUGREVENUE-34443/9,162,A11001 - Accounts Receivable (New),950,,#VALUE!,08/30/2025,34443/9,Stay Bridge - Manteca - CA - Aman Dhillon,3389,Aug 25 product revenue in SPS,0.00,
AUGREVENUE-34443/9,162.5,,972,A40001 - Sales Income (New),972,08/30/2025,34443/9,Stay Bridge - Manteca - CA - Aman Dhillon,3389,Aug 25 product revenue in SPS,,0.00
AUGREVENUE-34445/2,163,A11001 - Accounts Receivable (New),950,,#VALUE!,08/30/2025,34445/2,Stay Bridge - Manteca - CA - Aman Dhillon,3389,Aug 25 product revenue in SPS,0.00,
AUGREVENUE-34445/2,163.5,,972,A40001 - Sales Income (New),972,08/30/2025,34445/2,Stay Bridge - Manteca - CA - Aman Dhillon,3389,Aug 25 product revenue in SPS,,0.00
AUGREVENUE-34445/3,164,A11001 - Accounts Receivable (New),950,,#VALUE!,08/30/2025,34445/3,Stay Bridge - Manteca - CA - Aman Dhillon,3389,Aug 25 product revenue in SPS,0.00,
AUGREVENUE-34445/3,164.5,,972,A40001 - Sales Income (New),972,08/30/2025,34445/3,Stay Bridge - Manteca - CA - Aman Dhillon,3389,Aug 25 product revenue in SPS,,0.00
AUGREVENUE-34449/2,165,A11001 - Accounts Receivable (New),950,,#VALUE!,08/30/2025,34449/2,Stay Bridge - Manteca - CA - Aman Dhillon,3389,Aug 25 product revenue in SPS,0.00,
AUGREVENUE-34449/2,165.5,,972,A40001 - Sales Income (New),972,08/30/2025,34449/2,Stay Bridge - Manteca - CA - Aman Dhillon,3389,Aug 25 product revenue in SPS,,0.00
AUGREVENUE-34452/4,166,A11001 - Accounts Receivable (New),950,,#VALUE!,08/30/2025,34452/4,Stay Bridge - Manteca - CA - Aman Dhillon,3389,Aug 25 product revenue in SPS,0.00,
AUGREVENUE-34452/4,166.5,,972,A40001 - Sales Income (New),972,08/30/2025,34452/4,Stay Bridge - Manteca - CA - Aman Dhillon,3389,Aug 25 product revenue in SPS,,0.00
AUGREVENUE-34479/4,167,A11001 - Accounts Receivable (New),950,,#VALUE!,08/30/2025,34479/4,Jaimin Patel,571,Aug 25 product revenue in SPS,0.00,
AUGREVENUE-34479/4,167.5,,972,A40001 - Sales Income (New),972,08/30/2025,34479/4,Jaimin Patel,571,Aug 25 product revenue in SPS,,0.00
AUGREVENUE-34482/2,168,A11001 - Accounts Receivable (New),950,,#VALUE!,08/30/2025,34482/2,Jaimin Patel,571,Aug 25 product revenue in SPS,0.00,
AUGREVENUE-34482/2,168.5,,972,A40001 - Sales Income (New),972,08/30/2025,34482/2,Jaimin Patel,571,Aug 25 product revenue in SPS,,0.00
AUGREVENUE-34502/8,169,A11001 - Accounts Receivable (New),950,,#VALUE!,08/30/2025,34502/8,The Eden,3395,Aug 25 product revenue in SPS,0.00,
AUGREVENUE-34502/8,169.5,,972,A40001 - Sales Income (New),972,08/30/2025,34502/8,The Eden,3395,Aug 25 product revenue in SPS,,0.00
AUGREVENUE-34502/9,170,A11001 - Accounts Receivable (New),950,,#VALUE!,08/30/2025,34502/9,The Eden,3395,Aug 25 product revenue in SPS,0.00,
AUGREVENUE-34502/9,170.5,,972,A40001 - Sales Income (New),972,08/30/2025,34502/9,The Eden,3395,Aug 25 product revenue in SPS,,0.00
AUGREVENUE-34514/4,171,A11001 - Accounts Receivable (New),950,,#VALUE!,08/30/2025,34514/4,Kanti kusum Inc,576,Aug 25 product revenue in SPS,0.00,
AUGREVENUE-34514/4,171.5,,972,A40001 - Sales Income (New),972,08/30/2025,34514/4,Kanti kusum Inc,576,Aug 25 product revenue in SPS,,0.00
AUGREVENUE-34521/6,172,A11001 - Accounts Receivable (New),950,,#VALUE!,08/30/2025,34521/6,Kanti kusum Inc,576,Aug 25 product revenue in SPS,0.00,
AUGREVENUE-34521/6,172.5,,972,A40001 - Sales Income (New),972,08/30/2025,34521/6,Kanti kusum Inc,576,Aug 25 product revenue in SPS,,0.00
AUGREVENUE-34559/10,173,A11001 - Accounts Receivable (New),950,,#VALUE!,08/30/2025,34559/10,HAMPTON INN PEARLAND,3339,Aug 25 product revenue in SPS,0.00,
AUGREVENUE-34559/10,173.5,,972,A40001 - Sales Income (New),972,08/30/2025,34559/10,HAMPTON INN PEARLAND,3339,Aug 25 product revenue in SPS,,0.00
AUGREVENUE-34559/11,174,A11001 - Accounts Receivable (New),950,,#VALUE!,08/30/2025,34559/11,HAMPTON INN PEARLAND,3339,Aug 25 product revenue in SPS,343.59,
AUGREVENUE-34559/11,174.5,,972,A40001 - Sales Income (New),972,08/30/2025,34559/11,HAMPTON INN PEARLAND,3339,Aug 25 product revenue in SPS,,343.59
AUGREVENUE-34559/8,175,A11001 - Accounts Receivable (New),950,,#VALUE!,08/30/2025,34559/8,HAMPTON INN PEARLAND,3339,Aug 25 product revenue in SPS,0.00,
AUGREVENUE-34559/8,175.5,,972,A40001 - Sales Income (New),972,08/30/2025,34559/8,HAMPTON INN PEARLAND,3339,Aug 25 product revenue in SPS,,0.00
AUGREVENUE-34559/9,176,A11001 - Accounts Receivable (New),950,,#VALUE!,08/30/2025,34559/9,HAMPTON INN PEARLAND,3339,Aug 25 product revenue in SPS,0.00,
AUGREVENUE-34559/9,176.5,,972,A40001 - Sales Income (New),972,08/30/2025,34559/9,HAMPTON INN PEARLAND,3339,Aug 25 product revenue in SPS,,0.00
AUGREVENUE-34560/2,177,A11001 - Accounts Receivable (New),950,,#VALUE!,08/30/2025,34560/2,HAMPTON INN PEARLAND,3339,Aug 25 product revenue in SPS,0.00,
AUGREVENUE-34560/2,177.5,,972,A40001 - Sales Income (New),972,08/30/2025,34560/2,HAMPTON INN PEARLAND,3339,Aug 25 product revenue in SPS,,0.00
AUGREVENUE-34601/2,178,A11001 - Accounts Receivable (New),950,,#VALUE!,08/30/2025,34601/2,CANDLEWOOD EASTRIDGE TN,3323,Aug 25 product revenue in SPS,0.00,
AUGREVENUE-34601/2,178.5,,972,A40001 - Sales Income (New),972,08/30/2025,34601/2,CANDLEWOOD EASTRIDGE TN,3323,Aug 25 product revenue in SPS,,0.00
AUGREVENUE-34602/10,179,A11001 - Accounts Receivable (New),950,,#VALUE!,08/30/2025,34602/10,CANDLEWOOD EASTRIDGE TN,3323,Aug 25 product revenue in SPS,0.00,
AUGREVENUE-34602/10,179.5,,972,A40001 - Sales Income (New),972,08/30/2025,34602/10,CANDLEWOOD EASTRIDGE TN,3323,Aug 25 product revenue in SPS,,0.00
AUGREVENUE-34602/11,180,A11001 - Accounts Receivable (New),950,,#VALUE!,08/30/2025,34602/11,CANDLEWOOD EASTRIDGE TN,3323,Aug 25 product revenue in SPS,0.00,
AUGREVENUE-34602/11,180.5,,972,A40001 - Sales Income (New),972,08/30/2025,34602/11,CANDLEWOOD EASTRIDGE TN,3323,Aug 25 product revenue in SPS,,0.00
AUGREVENUE-34611/3,181,A11001 - Accounts Receivable (New),950,,#VALUE!,08/30/2025,34611/3,Acoya South Bay,3536,Aug 25 product revenue in SPS,0.00,
AUGREVENUE-34611/3,181.5,,972,A40001 - Sales Income (New),972,08/30/2025,34611/3,Acoya South Bay,3536,Aug 25 product revenue in SPS,,0.00
AUGREVENUE-34640/2,182,A11001 - Accounts Receivable (New),950,,#VALUE!,08/30/2025,34640/2,EXPOSED DESIGN GROUP,3537,Aug 25 product revenue in SPS,0.00,
AUGREVENUE-34640/2,182.5,,972,A40001 - Sales Income (New),972,08/30/2025,34640/2,EXPOSED DESIGN GROUP,3537,Aug 25 product revenue in SPS,,0.00
AUGREVENUE-34649/3,183,A11001 - Accounts Receivable (New),950,,#VALUE!,08/30/2025,34649/3,Stay Bridge - Manteca - CA - Aman Dhillon,3389,Aug 25 product revenue in SPS,0.00,
AUGREVENUE-34649/3,183.5,,972,A40001 - Sales Income (New),972,08/30/2025,34649/3,Stay Bridge - Manteca - CA - Aman Dhillon,3389,Aug 25 product revenue in SPS,,0.00
AUGREVENUE-34657/6,184,A11001 - Accounts Receivable (New),950,,#VALUE!,08/30/2025,34657/6,Stay Bridge - Manteca - CA - Aman Dhillon,3389,Aug 25 product revenue in SPS,0.00,
AUGREVENUE-34657/6,184.5,,972,A40001 - Sales Income (New),972,08/30/2025,34657/6,Stay Bridge - Manteca - CA - Aman Dhillon,3389,Aug 25 product revenue in SPS,,0.00
AUGREVENUE-34658/3,185,A11001 - Accounts Receivable (New),950,,#VALUE!,08/30/2025,34658/3,Stay Bridge - Manteca - CA - Aman Dhillon,3389,Aug 25 product revenue in SPS,0.00,
AUGREVENUE-34658/3,185.5,,972,A40001 - Sales Income (New),972,08/30/2025,34658/3,Stay Bridge - Manteca - CA - Aman Dhillon,3389,Aug 25 product revenue in SPS,,0.00
AUGREVENUE-34660/11,186,A11001 - Accounts Receivable (New),950,,#VALUE!,08/30/2025,34660/11,Stay Bridge - Manteca - CA - Aman Dhillon,3389,Aug 25 product revenue in SPS,0.00,
AUGREVENUE-34660/11,186.5,,972,A40001 - Sales Income (New),972,08/30/2025,34660/11,Stay Bridge - Manteca - CA - Aman Dhillon,3389,Aug 25 product revenue in SPS,,0.00
AUGREVENUE-34660/12,187,A11001 - Accounts Receivable (New),950,,#VALUE!,08/30/2025,34660/12,Stay Bridge - Manteca - CA - Aman Dhillon,3389,Aug 25 product revenue in SPS,0.00,
AUGREVENUE-34660/12,187.5,,972,A40001 - Sales Income (New),972,08/30/2025,34660/12,Stay Bridge - Manteca - CA - Aman Dhillon,3389,Aug 25 product revenue in SPS,,0.00
AUGREVENUE-34660/13,188,A11001 - Accounts Receivable (New),950,,#VALUE!,08/30/2025,34660/13,Stay Bridge - Manteca - CA - Aman Dhillon,3389,Aug 25 product revenue in SPS,0.00,
AUGREVENUE-34660/13,188.5,,972,A40001 - Sales Income (New),972,08/30/2025,34660/13,Stay Bridge - Manteca - CA - Aman Dhillon,3389,Aug 25 product revenue in SPS,,0.00
AUGREVENUE-34675,189,A11001 - Accounts Receivable (New),950,,#VALUE!,08/30/2025,34675,BMK Construction LLC,474,Aug 25 product revenue in SPS,0.00,
AUGREVENUE-34675,189.5,,972,A40001 - Sales Income (New),972,08/30/2025,34675,BMK Construction LLC,474,Aug 25 product revenue in SPS,,0.00
AUGREVENUE-34697/19,190,A11001 - Accounts Receivable (New),950,,#VALUE!,08/30/2025,34697/19,Ascent Hospitality Tribute Carmel Indiana,2628,Aug 25 product revenue in SPS,0.00,
AUGREVENUE-34697/19,190.5,,972,A40001 - Sales Income (New),972,08/30/2025,34697/19,Ascent Hospitality Tribute Carmel Indiana,2628,Aug 25 product revenue in SPS,,0.00
AUGREVENUE-34697/20,191,A11001 - Accounts Receivable (New),950,,#VALUE!,08/30/2025,34697/20,Ascent Hospitality Tribute Carmel Indiana,2628,Aug 25 product revenue in SPS,0.00,
AUGREVENUE-34697/20,191.5,,972,A40001 - Sales Income (New),972,08/30/2025,34697/20,Ascent Hospitality Tribute Carmel Indiana,2628,Aug 25 product revenue in SPS,,0.00
AUGREVENUE-34697/21,192,A11001 - Accounts Receivable (New),950,,#VALUE!,08/30/2025,34697/21,Ascent Hospitality Tribute Carmel Indiana,2628,Aug 25 product revenue in SPS,0.00,
AUGREVENUE-34697/21,192.5,,972,A40001 - Sales Income (New),972,08/30/2025,34697/21,Ascent Hospitality Tribute Carmel Indiana,2628,Aug 25 product revenue in SPS,,0.00
AUGREVENUE-34697/22,193,A11001 - Accounts Receivable (New),950,,#VALUE!,08/30/2025,34697/22,Ascent Hospitality Tribute Carmel Indiana,2628,Aug 25 product revenue in SPS,0.00,
AUGREVENUE-34697/22,193.5,,972,A40001 - Sales Income (New),972,08/30/2025,34697/22,Ascent Hospitality Tribute Carmel Indiana,2628,Aug 25 product revenue in SPS,,0.00
AUGREVENUE-34697/23,194,A11001 - Accounts Receivable (New),950,,#VALUE!,08/30/2025,34697/23,Ascent Hospitality Tribute Carmel Indiana,2628,Aug 25 product revenue in SPS,0.00,
AUGREVENUE-34697/23,194.5,,972,A40001 - Sales Income (New),972,08/30/2025,34697/23,Ascent Hospitality Tribute Carmel Indiana,2628,Aug 25 product revenue in SPS,,0.00
AUGREVENUE-34697/24,195,A11001 - Accounts Receivable (New),950,,#VALUE!,08/30/2025,34697/24,Ascent Hospitality Tribute Carmel Indiana,2628,Aug 25 product revenue in SPS,0.00,
AUGREVENUE-34697/24,195.5,,972,A40001 - Sales Income (New),972,08/30/2025,34697/24,Ascent Hospitality Tribute Carmel Indiana,2628,Aug 25 product revenue in SPS,,0.00
AUGREVENUE-34697/25,196,A11001 - Accounts Receivable (New),950,,#VALUE!,08/30/2025,34697/25,Ascent Hospitality Tribute Carmel Indiana,2628,Aug 25 product revenue in SPS,0.00,
AUGREVENUE-34697/25,196.5,,972,A40001 - Sales Income (New),972,08/30/2025,34697/25,Ascent Hospitality Tribute Carmel Indiana,2628,Aug 25 product revenue in SPS,,0.00
AUGREVENUE-34697/26,197,A11001 - Accounts Receivable (New),950,,#VALUE!,08/30/2025,34697/26,Ascent Hospitality Tribute Carmel Indiana,2628,Aug 25 product revenue in SPS,0.00,
AUGREVENUE-34697/26,197.5,,972,A40001 - Sales Income (New),972,08/30/2025,34697/26,Ascent Hospitality Tribute Carmel Indiana,2628,Aug 25 product revenue in SPS,,0.00
AUGREVENUE-34697/27,198,A11001 - Accounts Receivable (New),950,,#VALUE!,08/30/2025,34697/27,Ascent Hospitality Tribute Carmel Indiana,2628,Aug 25 product revenue in SPS,0.00,
AUGREVENUE-34697/27,198.5,,972,A40001 - Sales Income (New),972,08/30/2025,34697/27,Ascent Hospitality Tribute Carmel Indiana,2628,Aug 25 product revenue in SPS,,0.00
AUGREVENUE-34699/2,199,A11001 - Accounts Receivable (New),950,,#VALUE!,08/30/2025,34699/2,CCMH Metro Center LLC,3538,Aug 25 product revenue in SPS,0.00,
AUGREVENUE-34699/2,199.5,,972,A40001 - Sales Income (New),972,08/30/2025,34699/2,CCMH Metro Center LLC,3538,Aug 25 product revenue in SPS,,0.00
AUGREVENUE-34731/3,200,A11001 - Accounts Receivable (New),950,,#VALUE!,08/30/2025,34731/3,WYNDHAM D&C CONFERENCE BOOTH / WYNDHAM BRAND,3402,Aug 25 product revenue in SPS,0.00,
AUGREVENUE-34731/3,200.5,,972,A40001 - Sales Income (New),972,08/30/2025,34731/3,WYNDHAM D&C CONFERENCE BOOTH / WYNDHAM BRAND,3402,Aug 25 product revenue in SPS,,0.00
AUGREVENUE-34758/7,201,A11001 - Accounts Receivable (New),950,,#VALUE!,08/30/2025,34758/7,Graniti Vicentia,1938,Aug 25 product revenue in SPS,0.00,
AUGREVENUE-34758/7,201.5,,972,A40001 - Sales Income (New),972,08/30/2025,34758/7,Graniti Vicentia,1938,Aug 25 product revenue in SPS,,0.00
AUGREVENUE-34758/8,202,A11001 - Accounts Receivable (New),950,,#VALUE!,08/30/2025,34758/8,Graniti Vicentia,1938,Aug 25 product revenue in SPS,0.00,
AUGREVENUE-34758/8,202.5,,972,A40001 - Sales Income (New),972,08/30/2025,34758/8,Graniti Vicentia,1938,Aug 25 product revenue in SPS,,0.00
AUGREVENUE-34807/10,203,A11001 - Accounts Receivable (New),950,,#VALUE!,08/30/2025,34807/10,La Quinta by Wyndham Dallas DFW Airport N,3357,Aug 25 product revenue in SPS,0.00,
AUGREVENUE-34807/10,203.5,,972,A40001 - Sales Income (New),972,08/30/2025,34807/10,La Quinta by Wyndham Dallas DFW Airport N,3357,Aug 25 product revenue in SPS,,0.00
AUGREVENUE-34807/11,204,A11001 - Accounts Receivable (New),950,,#VALUE!,08/30/2025,34807/11,La Quinta by Wyndham Dallas DFW Airport N,3357,Aug 25 product revenue in SPS,0.00,
AUGREVENUE-34807/11,204.5,,972,A40001 - Sales Income (New),972,08/30/2025,34807/11,La Quinta by Wyndham Dallas DFW Airport N,3357,Aug 25 product revenue in SPS,,0.00
AUGREVENUE-34809/16,205,A11001 - Accounts Receivable (New),950,,#VALUE!,08/30/2025,34809/16,La Quinta by Wyndham Dallas DFW Airport N,3357,Aug 25 product revenue in SPS,0.00,
AUGREVENUE-34809/16,205.5,,972,A40001 - Sales Income (New),972,08/30/2025,34809/16,La Quinta by Wyndham Dallas DFW Airport N,3357,Aug 25 product revenue in SPS,,0.00
AUGREVENUE-34843/6,206,A11001 - Accounts Receivable (New),950,,#VALUE!,08/30/2025,34843/6,Sunray Group / Holiday Inn Burlington Hotel & Conference Centre CANADA,3392,Aug 25 product revenue in SPS,0.00,
AUGREVENUE-34843/6,206.5,,972,A40001 - Sales Income (New),972,08/30/2025,34843/6,Sunray Group / Holiday Inn Burlington Hotel & Conference Centre CANADA,3392,Aug 25 product revenue in SPS,,0.00
AUGREVENUE-34853/5,207,A11001 - Accounts Receivable (New),950,,#VALUE!,08/30/2025,34853/5,Kanti kusum Inc,576,Aug 25 product revenue in SPS,0.00,
AUGREVENUE-34853/5,207.5,,972,A40001 - Sales Income (New),972,08/30/2025,34853/5,Kanti kusum Inc,576,Aug 25 product revenue in SPS,,0.00
AUGREVENUE-34853/6,208,A11001 - Accounts Receivable (New),950,,#VALUE!,08/30/2025,34853/6,Kanti kusum Inc,576,Aug 25 product revenue in SPS,0.00,
AUGREVENUE-34853/6,208.5,,972,A40001 - Sales Income (New),972,08/30/2025,34853/6,Kanti kusum Inc,576,Aug 25 product revenue in SPS,,0.00
AUGREVENUE-34913/2,209,A11001 - Accounts Receivable (New),950,,#VALUE!,08/30/2025,34913/2,Wingate/ Hawthorne Kingman,3401,Aug 25 product revenue in SPS,0.00,
AUGREVENUE-34913/2,209.5,,972,A40001 - Sales Income (New),972,08/30/2025,34913/2,Wingate/ Hawthorne Kingman,3401,Aug 25 product revenue in SPS,,0.00
AUGREVENUE-34916/3,210,A11001 - Accounts Receivable (New),950,,#VALUE!,08/30/2025,34916/3,Wingate/ Hawthorne Kingman,3401,Aug 25 product revenue in SPS,0.00,
AUGREVENUE-34916/3,210.5,,972,A40001 - Sales Income (New),972,08/30/2025,34916/3,Wingate/ Hawthorne Kingman,3401,Aug 25 product revenue in SPS,,0.00
AUGREVENUE-34959,211,A11001 - Accounts Receivable (New),950,,#VALUE!,08/30/2025,34959,CAMBRIA NASHVILLE,3322,Aug 25 product revenue in SPS,0.00,
AUGREVENUE-34959,211.5,,972,A40001 - Sales Income (New),972,08/30/2025,34959,CAMBRIA NASHVILLE,3322,Aug 25 product revenue in SPS,,0.00
AUGREVENUE-34970/3,212,A11001 - Accounts Receivable (New),950,,#VALUE!,08/30/2025,34970/3,LaQuinta Inn & Suites Oxford AL,2752,Aug 25 product revenue in SPS,0.00,
AUGREVENUE-34970/3,212.5,,972,A40001 - Sales Income (New),972,08/30/2025,34970/3,LaQuinta Inn & Suites Oxford AL,2752,Aug 25 product revenue in SPS,,0.00
AUGREVENUE-35012/12,213,A11001 - Accounts Receivable (New),950,,#VALUE!,08/30/2025,35012/12,Jaimin Patel,571,Aug 25 product revenue in SPS,0.00,
AUGREVENUE-35012/12,213.5,,972,A40001 - Sales Income (New),972,08/30/2025,35012/12,Jaimin Patel,571,Aug 25 product revenue in SPS,,0.00
AUGREVENUE-35057/6,214,A11001 - Accounts Receivable (New),950,,#VALUE!,08/30/2025,35057/6,Devkrupa Hospitality Inc.,516,Aug 25 product revenue in SPS,0.00,
AUGREVENUE-35057/6,214.5,,972,A40001 - Sales Income (New),972,08/30/2025,35057/6,Devkrupa Hospitality Inc.,516,Aug 25 product revenue in SPS,,0.00
AUGREVENUE-35065/7,215,A11001 - Accounts Receivable (New),950,,#VALUE!,08/30/2025,35065/7,Jaimin Patel,571,Aug 25 product revenue in SPS,0.00,
AUGREVENUE-35065/7,215.5,,972,A40001 - Sales Income (New),972,08/30/2025,35065/7,Jaimin Patel,571,Aug 25 product revenue in SPS,,0.00
AUGREVENUE-35066/2,216,A11001 - Accounts Receivable (New),950,,#VALUE!,08/30/2025,35066/2,Jaimin Patel,571,Aug 25 product revenue in SPS,0.00,
AUGREVENUE-35066/2,216.5,,972,A40001 - Sales Income (New),972,08/30/2025,35066/2,Jaimin Patel,571,Aug 25 product revenue in SPS,,0.00
AUGREVENUE-35082/6,217,A11001 - Accounts Receivable (New),950,,#VALUE!,08/30/2025,35082/6,Hampton Inn Rosenberg,2520,Aug 25 product revenue in SPS,0.00,
AUGREVENUE-35082/6,217.5,,972,A40001 - Sales Income (New),972,08/30/2025,35082/6,Hampton Inn Rosenberg,2520,Aug 25 product revenue in SPS,,0.00
AUGREVENUE-35101/10,218,A11001 - Accounts Receivable (New),950,,#VALUE!,08/30/2025,35101/10,Sonder,690,Aug 25 product revenue in SPS,0.00,
AUGREVENUE-35101/10,218.5,,972,A40001 - Sales Income (New),972,08/30/2025,35101/10,Sonder,690,Aug 25 product revenue in SPS,,0.00
AUGREVENUE-35101/9,219,A11001 - Accounts Receivable (New),950,,#VALUE!,08/30/2025,35101/9,Sonder,690,Aug 25 product revenue in SPS,0.00,
AUGREVENUE-35101/9,219.5,,972,A40001 - Sales Income (New),972,08/30/2025,35101/9,Sonder,690,Aug 25 product revenue in SPS,,0.00
AUGREVENUE-35103/7,220,A11001 - Accounts Receivable (New),950,,#VALUE!,08/30/2025,35103/7,THE TD GROUP,3539,Aug 25 product revenue in SPS,0.00,
AUGREVENUE-35103/7,220.5,,972,A40001 - Sales Income (New),972,08/30/2025,35103/7,THE TD GROUP,3539,Aug 25 product revenue in SPS,,0.00
AUGREVENUE-35113/2,221,A11001 - Accounts Receivable (New),950,,#VALUE!,08/30/2025,35113/2,Layered Dimensions Interior Design,3540,Aug 25 product revenue in SPS,267.47,
AUGREVENUE-35113/2,221.5,,972,A40001 - Sales Income (New),972,08/30/2025,35113/2,Layered Dimensions Interior Design,3540,Aug 25 product revenue in SPS,,267.47
AUGREVENUE-35121/3,222,A11001 - Accounts Receivable (New),950,,#VALUE!,08/30/2025,35121/3,LAQUINTA TRINIDAD CO,2707,Aug 25 product revenue in SPS,0.00,
AUGREVENUE-35121/3,222.5,,972,A40001 - Sales Income (New),972,08/30/2025,35121/3,LAQUINTA TRINIDAD CO,2707,Aug 25 product revenue in SPS,,0.00
AUGREVENUE-35139/2,223,A11001 - Accounts Receivable (New),950,,#VALUE!,08/30/2025,35139/2,La Quinta Brookshire TX,3541,Aug 25 product revenue in SPS,0.00,
AUGREVENUE-35139/2,223.5,,972,A40001 - Sales Income (New),972,08/30/2025,35139/2,La Quinta Brookshire TX,3541,Aug 25 product revenue in SPS,,0.00
AUGREVENUE-35162/3,224,A11001 - Accounts Receivable (New),950,,#VALUE!,08/30/2025,35162/3,La Quinta Inn - Sarasota FL - Raj Mukkirla,2607,Aug 25 product revenue in SPS,0.00,
AUGREVENUE-35162/3,224.5,,972,A40001 - Sales Income (New),972,08/30/2025,35162/3,La Quinta Inn - Sarasota FL - Raj Mukkirla,2607,Aug 25 product revenue in SPS,,0.00
AUGREVENUE-35170/6,225,A11001 - Accounts Receivable (New),950,,#VALUE!,08/30/2025,35170/6,"ECHO SUITES /MCP Development, Inc",3329,Aug 25 product revenue in SPS,0.00,
AUGREVENUE-35170/6,225.5,,972,A40001 - Sales Income (New),972,08/30/2025,35170/6,"ECHO SUITES /MCP Development, Inc",3329,Aug 25 product revenue in SPS,,0.00
AUGREVENUE-35224/2,226,A11001 - Accounts Receivable (New),950,,#VALUE!,08/30/2025,35224/2,"La Quinta - Chelsea,AL",3355,Aug 25 product revenue in SPS,0.00,
AUGREVENUE-35224/2,226.5,,972,A40001 - Sales Income (New),972,08/30/2025,35224/2,"La Quinta - Chelsea,AL",3355,Aug 25 product revenue in SPS,,0.00
AUGREVENUE-35234/3,227,A11001 - Accounts Receivable (New),950,,#VALUE!,08/30/2025,35234/3,"La Quinta - Chelsea,AL",3355,Aug 25 product revenue in SPS,0.00,
AUGREVENUE-35234/3,227.5,,972,A40001 - Sales Income (New),972,08/30/2025,35234/3,"La Quinta - Chelsea,AL",3355,Aug 25 product revenue in SPS,,0.00
AUGREVENUE-35235/5,228,A11001 - Accounts Receivable (New),950,,#VALUE!,08/30/2025,35235/5,"La Quinta - Chelsea,AL",3355,Aug 25 product revenue in SPS,10.48,
AUGREVENUE-35235/5,228.5,,972,A40001 - Sales Income (New),972,08/30/2025,35235/5,"La Quinta - Chelsea,AL",3355,Aug 25 product revenue in SPS,,10.48
AUGREVENUE-35235/6,229,A11001 - Accounts Receivable (New),950,,#VALUE!,08/30/2025,35235/6,"La Quinta - Chelsea,AL",3355,Aug 25 product revenue in SPS,0.00,
AUGREVENUE-35235/6,229.5,,972,A40001 - Sales Income (New),972,08/30/2025,35235/6,"La Quinta - Chelsea,AL",3355,Aug 25 product revenue in SPS,,0.00
AUGREVENUE-35235/7,230,A11001 - Accounts Receivable (New),950,,#VALUE!,08/30/2025,35235/7,"La Quinta - Chelsea,AL",3355,Aug 25 product revenue in SPS,0.00,
AUGREVENUE-35235/7,230.5,,972,A40001 - Sales Income (New),972,08/30/2025,35235/7,"La Quinta - Chelsea,AL",3355,Aug 25 product revenue in SPS,,0.00
AUGREVENUE-35235/8,231,A11001 - Accounts Receivable (New),950,,#VALUE!,08/30/2025,35235/8,"La Quinta - Chelsea,AL",3355,Aug 25 product revenue in SPS,0.00,
AUGREVENUE-35235/8,231.5,,972,A40001 - Sales Income (New),972,08/30/2025,35235/8,"La Quinta - Chelsea,AL",3355,Aug 25 product revenue in SPS,,0.00
AUGREVENUE-35266/14,232,A11001 - Accounts Receivable (New),950,,#VALUE!,08/30/2025,35266/14,Graniti Vicentia,1938,Aug 25 product revenue in SPS,0.00,
AUGREVENUE-35266/14,232.5,,972,A40001 - Sales Income (New),972,08/30/2025,35266/14,Graniti Vicentia,1938,Aug 25 product revenue in SPS,,0.00
AUGREVENUE-35266/15,233,A11001 - Accounts Receivable (New),950,,#VALUE!,08/30/2025,35266/15,Graniti Vicentia,1938,Aug 25 product revenue in SPS,0.00,
AUGREVENUE-35266/15,233.5,,972,A40001 - Sales Income (New),972,08/30/2025,35266/15,Graniti Vicentia,1938,Aug 25 product revenue in SPS,,0.00
AUGREVENUE-35289/5,234,A11001 - Accounts Receivable (New),950,,#VALUE!,08/30/2025,35289/5,Kanti kusum Inc,576,Aug 25 product revenue in SPS,2201.64,
AUGREVENUE-35289/5,234.5,,972,A40001 - Sales Income (New),972,08/30/2025,35289/5,Kanti kusum Inc,576,Aug 25 product revenue in SPS,,2201.64
AUGREVENUE-35309/3,235,A11001 - Accounts Receivable (New),950,,#VALUE!,08/30/2025,35309/3,Ascent Hospitality- Autograph Huntsville,3318,Aug 25 product revenue in SPS,0.00,
AUGREVENUE-35309/3,235.5,,972,A40001 - Sales Income (New),972,08/30/2025,35309/3,Ascent Hospitality- Autograph Huntsville,3318,Aug 25 product revenue in SPS,,0.00
AUGREVENUE-35322/10,236,A11001 - Accounts Receivable (New),950,,#VALUE!,08/30/2025,35322/10,Ascent Hospitality Element Carmel Indiana,3314,Aug 25 product revenue in SPS,0.00,
AUGREVENUE-35322/10,236.5,,972,A40001 - Sales Income (New),972,08/30/2025,35322/10,Ascent Hospitality Element Carmel Indiana,3314,Aug 25 product revenue in SPS,,0.00
AUGREVENUE-35322/11,237,A11001 - Accounts Receivable (New),950,,#VALUE!,08/30/2025,35322/11,Ascent Hospitality Element Carmel Indiana,3314,Aug 25 product revenue in SPS,0.00,
AUGREVENUE-35322/11,237.5,,972,A40001 - Sales Income (New),972,08/30/2025,35322/11,Ascent Hospitality Element Carmel Indiana,3314,Aug 25 product revenue in SPS,,0.00
AUGREVENUE-35327/5,238,A11001 - Accounts Receivable (New),950,,#VALUE!,08/30/2025,35327/5,"Candlewood Suites -Columbus,Oh-Kautilya group",3324,Aug 25 product revenue in SPS,0.00,
AUGREVENUE-35327/5,238.5,,972,A40001 - Sales Income (New),972,08/30/2025,35327/5,"Candlewood Suites -Columbus,Oh-Kautilya group",3324,Aug 25 product revenue in SPS,,0.00
AUGREVENUE-35333/7,239,A11001 - Accounts Receivable (New),950,,#VALUE!,08/30/2025,35333/7,"Candlewood Suites -Columbus,Oh-Kautilya group",3324,Aug 25 product revenue in SPS,0.00,
AUGREVENUE-35333/7,239.5,,972,A40001 - Sales Income (New),972,08/30/2025,35333/7,"Candlewood Suites -Columbus,Oh-Kautilya group",3324,Aug 25 product revenue in SPS,,0.00
AUGREVENUE-35336/4,240,A11001 - Accounts Receivable (New),950,,#VALUE!,08/30/2025,35336/4,"Candlewood Suites -Columbus,Oh-Kautilya group",3324,Aug 25 product revenue in SPS,0.00,
AUGREVENUE-35336/4,240.5,,972,A40001 - Sales Income (New),972,08/30/2025,35336/4,"Candlewood Suites -Columbus,Oh-Kautilya group",3324,Aug 25 product revenue in SPS,,0.00
AUGREVENUE-35349/14,241,A11001 - Accounts Receivable (New),950,,#VALUE!,08/30/2025,35349/14,Ascent Hospitality- Autograph Huntsville,3318,Aug 25 product revenue in SPS,0.00,
AUGREVENUE-35349/14,241.5,,972,A40001 - Sales Income (New),972,08/30/2025,35349/14,Ascent Hospitality- Autograph Huntsville,3318,Aug 25 product revenue in SPS,,0.00
AUGREVENUE-35349/2,242,A11001 - Accounts Receivable (New),950,,#VALUE!,08/30/2025,35349/2,Ascent Hospitality- Autograph Huntsville,3318,Aug 25 product revenue in SPS,0.00,
AUGREVENUE-35349/2,242.5,,972,A40001 - Sales Income (New),972,08/30/2025,35349/2,Ascent Hospitality- Autograph Huntsville,3318,Aug 25 product revenue in SPS,,0.00
AUGREVENUE-35392/5,243,A11001 - Accounts Receivable (New),950,,#VALUE!,08/30/2025,35392/5,"HOME 2 SUITES - Lake Jackson, TX",2677,Aug 25 product revenue in SPS,0.00,
AUGREVENUE-35392/5,243.5,,972,A40001 - Sales Income (New),972,08/30/2025,35392/5,"HOME 2 SUITES - Lake Jackson, TX",2677,Aug 25 product revenue in SPS,,0.00
AUGREVENUE-35399/10,244,A11001 - Accounts Receivable (New),950,,#VALUE!,08/30/2025,35399/10,"HOME 2 SUITES - Lake Jackson, TX",2677,Aug 25 product revenue in SPS,0.00,
AUGREVENUE-35399/10,244.5,,972,A40001 - Sales Income (New),972,08/30/2025,35399/10,"HOME 2 SUITES - Lake Jackson, TX",2677,Aug 25 product revenue in SPS,,0.00
AUGREVENUE-35431/8,245,A11001 - Accounts Receivable (New),950,,#VALUE!,08/30/2025,35431/8,"Jay Sun Hospitality LLC / La Quinta La Habra,CA",3351,Aug 25 product revenue in SPS,0.00,
AUGREVENUE-35431/8,245.5,,972,A40001 - Sales Income (New),972,08/30/2025,35431/8,"Jay Sun Hospitality LLC / La Quinta La Habra,CA",3351,Aug 25 product revenue in SPS,,0.00
AUGREVENUE-35438/5,246,A11001 - Accounts Receivable (New),950,,#VALUE!,08/30/2025,35438/5,"Jay Sun Hospitality LLC / La Quinta La Habra,CA",3351,Aug 25 product revenue in SPS,0.00,
AUGREVENUE-35438/5,246.5,,972,A40001 - Sales Income (New),972,08/30/2025,35438/5,"Jay Sun Hospitality LLC / La Quinta La Habra,CA",3351,Aug 25 product revenue in SPS,,0.00
AUGREVENUE-35438/6,247,A11001 - Accounts Receivable (New),950,,#VALUE!,08/30/2025,35438/6,"Jay Sun Hospitality LLC / La Quinta La Habra,CA",3351,Aug 25 product revenue in SPS,0.00,
AUGREVENUE-35438/6,247.5,,972,A40001 - Sales Income (New),972,08/30/2025,35438/6,"Jay Sun Hospitality LLC / La Quinta La Habra,CA",3351,Aug 25 product revenue in SPS,,0.00
AUGREVENUE-35440/8,248,A11001 - Accounts Receivable (New),950,,#VALUE!,08/30/2025,35440/8,"Jay Sun Hospitality LLC / La Quinta La Habra,CA",3351,Aug 25 product revenue in SPS,0.00,
AUGREVENUE-35440/8,248.5,,972,A40001 - Sales Income (New),972,08/30/2025,35440/8,"Jay Sun Hospitality LLC / La Quinta La Habra,CA",3351,Aug 25 product revenue in SPS,,0.00
AUGREVENUE-35441/9,249,A11001 - Accounts Receivable (New),950,,#VALUE!,08/30/2025,35441/9,"Jay Sun Hospitality LLC / La Quinta La Habra,CA",3351,Aug 25 product revenue in SPS,0.00,
AUGREVENUE-35441/9,249.5,,972,A40001 - Sales Income (New),972,08/30/2025,35441/9,"Jay Sun Hospitality LLC / La Quinta La Habra,CA",3351,Aug 25 product revenue in SPS,,0.00
AUGREVENUE-35446/5,250,A11001 - Accounts Receivable (New),950,,#VALUE!,08/30/2025,35446/5,"Jay Sun Hospitality LLC / La Quinta La Habra,CA",3351,Aug 25 product revenue in SPS,0.00,
AUGREVENUE-35446/5,250.5,,972,A40001 - Sales Income (New),972,08/30/2025,35446/5,"Jay Sun Hospitality LLC / La Quinta La Habra,CA",3351,Aug 25 product revenue in SPS,,0.00
AUGREVENUE-35485/5,251,A11001 - Accounts Receivable (New),950,,#VALUE!,08/30/2025,35485/5,Interstate Construction Corp,569,Aug 25 product revenue in SPS,0.00,
AUGREVENUE-35485/5,251.5,,972,A40001 - Sales Income (New),972,08/30/2025,35485/5,Interstate Construction Corp,569,Aug 25 product revenue in SPS,,0.00
AUGREVENUE-35492/5,252,A11001 - Accounts Receivable (New),950,,#VALUE!,08/30/2025,35492/5,"Krushiker Hospitality Group, Inc/ Homewood Suites- Fayetteville, AR",3542,Aug 25 product revenue in SPS,0.00,
AUGREVENUE-35492/5,252.5,,972,A40001 - Sales Income (New),972,08/30/2025,35492/5,"Krushiker Hospitality Group, Inc/ Homewood Suites- Fayetteville, AR",3542,Aug 25 product revenue in SPS,,0.00
AUGREVENUE-35497/4,253,A11001 - Accounts Receivable (New),950,,#VALUE!,08/30/2025,35497/4,"Krushiker Hospitality Group, Inc/ Homewood Suites- Fayetteville, AR",3542,Aug 25 product revenue in SPS,0.00,
AUGREVENUE-35497/4,253.5,,972,A40001 - Sales Income (New),972,08/30/2025,35497/4,"Krushiker Hospitality Group, Inc/ Homewood Suites- Fayetteville, AR",3542,Aug 25 product revenue in SPS,,0.00
AUGREVENUE-35501/12,254,A11001 - Accounts Receivable (New),950,,#VALUE!,08/30/2025,35501/12,Marriott Fairfield Harrisburg PA,3529,Aug 25 product revenue in SPS,0.00,
AUGREVENUE-35501/12,254.5,,972,A40001 - Sales Income (New),972,08/30/2025,35501/12,Marriott Fairfield Harrisburg PA,3529,Aug 25 product revenue in SPS,,0.00
AUGREVENUE-35545/3,255,A11001 - Accounts Receivable (New),950,,#VALUE!,08/30/2025,35545/3,Wingate Owensboro_KY,3400,Aug 25 product revenue in SPS,0.00,
AUGREVENUE-35545/3,255.5,,972,A40001 - Sales Income (New),972,08/30/2025,35545/3,Wingate Owensboro_KY,3400,Aug 25 product revenue in SPS,,0.00
AUGREVENUE-35595/7,256,A11001 - Accounts Receivable (New),950,,#VALUE!,08/30/2025,35595/7,Ascent Hospitality Element Carmel Indiana,3314,Aug 25 product revenue in SPS,0.00,
AUGREVENUE-35595/7,256.5,,972,A40001 - Sales Income (New),972,08/30/2025,35595/7,Ascent Hospitality Element Carmel Indiana,3314,Aug 25 product revenue in SPS,,0.00
AUGREVENUE-35597/4,257,A11001 - Accounts Receivable (New),950,,#VALUE!,08/30/2025,35597/4,Ascent Hospitality Element Carmel Indiana,3314,Aug 25 product revenue in SPS,0.00,
AUGREVENUE-35597/4,257.5,,972,A40001 - Sales Income (New),972,08/30/2025,35597/4,Ascent Hospitality Element Carmel Indiana,3314,Aug 25 product revenue in SPS,,0.00
AUGREVENUE-35599/9,258,A11001 - Accounts Receivable (New),950,,#VALUE!,08/30/2025,35599/9,Ascent Hospitality Element Carmel Indiana,3314,Aug 25 product revenue in SPS,0.00,
AUGREVENUE-35599/9,258.5,,972,A40001 - Sales Income (New),972,08/30/2025,35599/9,Ascent Hospitality Element Carmel Indiana,3314,Aug 25 product revenue in SPS,,0.00
AUGREVENUE-35602/8,259,A11001 - Accounts Receivable (New),950,,#VALUE!,08/30/2025,35602/8,Ascent Hospitality Element Carmel Indiana,3314,Aug 25 product revenue in SPS,7.63,
AUGREVENUE-35602/8,259.5,,972,A40001 - Sales Income (New),972,08/30/2025,35602/8,Ascent Hospitality Element Carmel Indiana,3314,Aug 25 product revenue in SPS,,7.63
AUGREVENUE-35606/2,260,A11001 - Accounts Receivable (New),950,,#VALUE!,08/30/2025,35606/2,Ascent Hospitality Element Carmel Indiana,3314,Aug 25 product revenue in SPS,0.00,
AUGREVENUE-35606/2,260.5,,972,A40001 - Sales Income (New),972,08/30/2025,35606/2,Ascent Hospitality Element Carmel Indiana,3314,Aug 25 product revenue in SPS,,0.00
AUGREVENUE-35606/4,261,A11001 - Accounts Receivable (New),950,,#VALUE!,08/30/2025,35606/4,Ascent Hospitality Element Carmel Indiana,3314,Aug 25 product revenue in SPS,0.00,
AUGREVENUE-35606/4,261.5,,972,A40001 - Sales Income (New),972,08/30/2025,35606/4,Ascent Hospitality Element Carmel Indiana,3314,Aug 25 product revenue in SPS,,0.00
AUGREVENUE-35611/13,262,A11001 - Accounts Receivable (New),950,,#VALUE!,08/30/2025,35611/13,Ascent Hospitality Element Carmel Indiana,3314,Aug 25 product revenue in SPS,0.00,
AUGREVENUE-35611/13,262.5,,972,A40001 - Sales Income (New),972,08/30/2025,35611/13,Ascent Hospitality Element Carmel Indiana,3314,Aug 25 product revenue in SPS,,0.00
AUGREVENUE-35611/14,263,A11001 - Accounts Receivable (New),950,,#VALUE!,08/30/2025,35611/14,Ascent Hospitality Element Carmel Indiana,3314,Aug 25 product revenue in SPS,0.00,
AUGREVENUE-35611/14,263.5,,972,A40001 - Sales Income (New),972,08/30/2025,35611/14,Ascent Hospitality Element Carmel Indiana,3314,Aug 25 product revenue in SPS,,0.00
AUGREVENUE-35611/15,264,A11001 - Accounts Receivable (New),950,,#VALUE!,08/30/2025,35611/15,Ascent Hospitality Element Carmel Indiana,3314,Aug 25 product revenue in SPS,0.00,
AUGREVENUE-35611/15,264.5,,972,A40001 - Sales Income (New),972,08/30/2025,35611/15,Ascent Hospitality Element Carmel Indiana,3314,Aug 25 product revenue in SPS,,0.00
AUGREVENUE-35614/10,265,A11001 - Accounts Receivable (New),950,,#VALUE!,08/30/2025,35614/10,Wyndham Garden Newark,3543,Aug 25 product revenue in SPS,0.00,
AUGREVENUE-35614/10,265.5,,972,A40001 - Sales Income (New),972,08/30/2025,35614/10,Wyndham Garden Newark,3543,Aug 25 product revenue in SPS,,0.00
AUGREVENUE-35620/10,266,A11001 - Accounts Receivable (New),950,,#VALUE!,08/30/2025,35620/10,"Las Vegas Resort Holdings, LLC",3368,Aug 25 product revenue in SPS,0.00,
AUGREVENUE-35620/10,266.5,,972,A40001 - Sales Income (New),972,08/30/2025,35620/10,"Las Vegas Resort Holdings, LLC",3368,Aug 25 product revenue in SPS,,0.00
AUGREVENUE-35620/6,267,A11001 - Accounts Receivable (New),950,,#VALUE!,08/30/2025,35620/6,"Las Vegas Resort Holdings, LLC",3368,Aug 25 product revenue in SPS,0.00,
AUGREVENUE-35620/6,267.5,,972,A40001 - Sales Income (New),972,08/30/2025,35620/6,"Las Vegas Resort Holdings, LLC",3368,Aug 25 product revenue in SPS,,0.00
AUGREVENUE-35620/7,268,A11001 - Accounts Receivable (New),950,,#VALUE!,08/30/2025,35620/7,"Las Vegas Resort Holdings, LLC",3368,Aug 25 product revenue in SPS,0.00,
AUGREVENUE-35620/7,268.5,,972,A40001 - Sales Income (New),972,08/30/2025,35620/7,"Las Vegas Resort Holdings, LLC",3368,Aug 25 product revenue in SPS,,0.00
AUGREVENUE-35620/8,269,A11001 - Accounts Receivable (New),950,,#VALUE!,08/30/2025,35620/8,"Las Vegas Resort Holdings, LLC",3368,Aug 25 product revenue in SPS,0.00,
AUGREVENUE-35620/8,269.5,,972,A40001 - Sales Income (New),972,08/30/2025,35620/8,"Las Vegas Resort Holdings, LLC",3368,Aug 25 product revenue in SPS,,0.00
AUGREVENUE-35620/9,270,A11001 - Accounts Receivable (New),950,,#VALUE!,08/30/2025,35620/9,"Las Vegas Resort Holdings, LLC",3368,Aug 25 product revenue in SPS,0.00,
AUGREVENUE-35620/9,270.5,,972,A40001 - Sales Income (New),972,08/30/2025,35620/9,"Las Vegas Resort Holdings, LLC",3368,Aug 25 product revenue in SPS,,0.00
AUGREVENUE-35654/5,271,A11001 - Accounts Receivable (New),950,,#VALUE!,08/30/2025,35654/5,Wyndham Trademark Fredericksburg,3404,Aug 25 product revenue in SPS,0.00,
AUGREVENUE-35654/5,271.5,,972,A40001 - Sales Income (New),972,08/30/2025,35654/5,Wyndham Trademark Fredericksburg,3404,Aug 25 product revenue in SPS,,0.00
AUGREVENUE-35654/6,272,A11001 - Accounts Receivable (New),950,,#VALUE!,08/30/2025,35654/6,Wyndham Trademark Fredericksburg,3404,Aug 25 product revenue in SPS,0.00,
AUGREVENUE-35654/6,272.5,,972,A40001 - Sales Income (New),972,08/30/2025,35654/6,Wyndham Trademark Fredericksburg,3404,Aug 25 product revenue in SPS,,0.00
AUGREVENUE-35654/7,273,A11001 - Accounts Receivable (New),950,,#VALUE!,08/30/2025,35654/7,Wyndham Trademark Fredericksburg,3404,Aug 25 product revenue in SPS,0.00,
AUGREVENUE-35654/7,273.5,,972,A40001 - Sales Income (New),972,08/30/2025,35654/7,Wyndham Trademark Fredericksburg,3404,Aug 25 product revenue in SPS,,0.00
AUGREVENUE-35698/3,274,A11001 - Accounts Receivable (New),950,,#VALUE!,08/30/2025,35698/3,Ascent hospitality Home2 West Lafayette IN,3317,Aug 25 product revenue in SPS,0.00,
AUGREVENUE-35698/3,274.5,,972,A40001 - Sales Income (New),972,08/30/2025,35698/3,Ascent hospitality Home2 West Lafayette IN,3317,Aug 25 product revenue in SPS,,0.00
AUGREVENUE-35711/5,275,A11001 - Accounts Receivable (New),950,,#VALUE!,08/30/2025,35711/5,Ascent hospitality Home2 Suites Fairburn GA,3316,Aug 25 product revenue in SPS,0.00,
AUGREVENUE-35711/5,275.5,,972,A40001 - Sales Income (New),972,08/30/2025,35711/5,Ascent hospitality Home2 Suites Fairburn GA,3316,Aug 25 product revenue in SPS,,0.00
AUGREVENUE-35727/2,276,A11001 - Accounts Receivable (New),950,,#VALUE!,08/30/2025,35727/2,"Las Vegas Resort Holdings, LLC",3368,Aug 25 product revenue in SPS,0.00,
AUGREVENUE-35727/2,276.5,,972,A40001 - Sales Income (New),972,08/30/2025,35727/2,"Las Vegas Resort Holdings, LLC",3368,Aug 25 product revenue in SPS,,0.00
AUGREVENUE-35728/11,277,A11001 - Accounts Receivable (New),950,,#VALUE!,08/30/2025,35728/11,Ascent hospitality Home2 Suites Fairburn GA,3316,Aug 25 product revenue in SPS,0.00,
AUGREVENUE-35728/11,277.5,,972,A40001 - Sales Income (New),972,08/30/2025,35728/11,Ascent hospitality Home2 Suites Fairburn GA,3316,Aug 25 product revenue in SPS,,0.00
AUGREVENUE-35756/4,278,A11001 - Accounts Receivable (New),950,,#VALUE!,08/30/2025,35756/4,"La Quinta Hawthorn - Miamisburg, OH",3358,Aug 25 product revenue in SPS,0.00,
AUGREVENUE-35756/4,278.5,,972,A40001 - Sales Income (New),972,08/30/2025,35756/4,"La Quinta Hawthorn - Miamisburg, OH",3358,Aug 25 product revenue in SPS,,0.00
AUGREVENUE-35763/5,279,A11001 - Accounts Receivable (New),950,,#VALUE!,08/30/2025,35763/5,"La Quinta Hawthorn - Miamisburg, OH",3358,Aug 25 product revenue in SPS,0.00,
AUGREVENUE-35763/5,279.5,,972,A40001 - Sales Income (New),972,08/30/2025,35763/5,"La Quinta Hawthorn - Miamisburg, OH",3358,Aug 25 product revenue in SPS,,0.00
AUGREVENUE-35772/5,280,A11001 - Accounts Receivable (New),950,,#VALUE!,08/30/2025,35772/5,"La Quinta Hawthorn - Miamisburg, OH",3358,Aug 25 product revenue in SPS,0.00,
AUGREVENUE-35772/5,280.5,,972,A40001 - Sales Income (New),972,08/30/2025,35772/5,"La Quinta Hawthorn - Miamisburg, OH",3358,Aug 25 product revenue in SPS,,0.00
AUGREVENUE-35784/4,281,A11001 - Accounts Receivable (New),950,,#VALUE!,08/30/2025,35784/4,Stay Bridge - Manteca - CA - Aman Dhillon,3389,Aug 25 product revenue in SPS,107465.38,
AUGREVENUE-35784/4,281.5,,972,A40001 - Sales Income (New),972,08/30/2025,35784/4,Stay Bridge - Manteca - CA - Aman Dhillon,3389,Aug 25 product revenue in SPS,,107465.38
AUGREVENUE-35785/3,282,A11001 - Accounts Receivable (New),950,,#VALUE!,08/30/2025,35785/3,"Ritzway Group, LLC / Crowne Plaza Galleria Area",3381,Aug 25 product revenue in SPS,0.00,
AUGREVENUE-35785/3,282.5,,972,A40001 - Sales Income (New),972,08/30/2025,35785/3,"Ritzway Group, LLC / Crowne Plaza Galleria Area",3381,Aug 25 product revenue in SPS,,0.00
AUGREVENUE-35796/4,283,A11001 - Accounts Receivable (New),950,,#VALUE!,08/30/2025,35796/4,Fairfield Townplace East Hartford,3335,Aug 25 product revenue in SPS,571.46,
AUGREVENUE-35796/4,283.5,,972,A40001 - Sales Income (New),972,08/30/2025,35796/4,Fairfield Townplace East Hartford,3335,Aug 25 product revenue in SPS,,571.46
AUGREVENUE-35796/5,284,A11001 - Accounts Receivable (New),950,,#VALUE!,08/30/2025,35796/5,Fairfield Townplace East Hartford,3335,Aug 25 product revenue in SPS,0.00,
AUGREVENUE-35796/5,284.5,,972,A40001 - Sales Income (New),972,08/30/2025,35796/5,Fairfield Townplace East Hartford,3335,Aug 25 product revenue in SPS,,0.00
AUGREVENUE-35797/3,285,A11001 - Accounts Receivable (New),950,,#VALUE!,08/30/2025,35797/3,Fairfield Townplace East Hartford,3335,Aug 25 product revenue in SPS,1700.81,
AUGREVENUE-35797/3,285.5,,972,A40001 - Sales Income (New),972,08/30/2025,35797/3,Fairfield Townplace East Hartford,3335,Aug 25 product revenue in SPS,,1700.81
AUGREVENUE-35797/4,286,A11001 - Accounts Receivable (New),950,,#VALUE!,08/30/2025,35797/4,Fairfield Townplace East Hartford,3335,Aug 25 product revenue in SPS,0.00,
AUGREVENUE-35797/4,286.5,,972,A40001 - Sales Income (New),972,08/30/2025,35797/4,Fairfield Townplace East Hartford,3335,Aug 25 product revenue in SPS,,0.00
AUGREVENUE-35799/5,287,A11001 - Accounts Receivable (New),950,,#VALUE!,08/30/2025,35799/5,Fairfield Townplace East Hartford,3335,Aug 25 product revenue in SPS,5696.98,
AUGREVENUE-35799/5,287.5,,972,A40001 - Sales Income (New),972,08/30/2025,35799/5,Fairfield Townplace East Hartford,3335,Aug 25 product revenue in SPS,,5696.98
AUGREVENUE-35799/6,288,A11001 - Accounts Receivable (New),950,,#VALUE!,08/30/2025,35799/6,Fairfield Townplace East Hartford,3335,Aug 25 product revenue in SPS,0.00,
AUGREVENUE-35799/6,288.5,,972,A40001 - Sales Income (New),972,08/30/2025,35799/6,Fairfield Townplace East Hartford,3335,Aug 25 product revenue in SPS,,0.00
AUGREVENUE-35800/4,289,A11001 - Accounts Receivable (New),950,,#VALUE!,08/30/2025,35800/4,Fairfield Townplace East Hartford,3335,Aug 25 product revenue in SPS,0.00,
AUGREVENUE-35800/4,289.5,,972,A40001 - Sales Income (New),972,08/30/2025,35800/4,Fairfield Townplace East Hartford,3335,Aug 25 product revenue in SPS,,0.00
AUGREVENUE-35804/5,290,A11001 - Accounts Receivable (New),950,,#VALUE!,08/30/2025,35804/5,Fairfield Townplace East Hartford,3335,Aug 25 product revenue in SPS,13261.26,
AUGREVENUE-35804/5,290.5,,972,A40001 - Sales Income (New),972,08/30/2025,35804/5,Fairfield Townplace East Hartford,3335,Aug 25 product revenue in SPS,,13261.26
AUGREVENUE-35807/3,291,A11001 - Accounts Receivable (New),950,,#VALUE!,08/30/2025,35807/3,Fairfield Townplace East Hartford,3335,Aug 25 product revenue in SPS,11728.64,
AUGREVENUE-35807/3,291.5,,972,A40001 - Sales Income (New),972,08/30/2025,35807/3,Fairfield Townplace East Hartford,3335,Aug 25 product revenue in SPS,,11728.64
AUGREVENUE-35807/4,292,A11001 - Accounts Receivable (New),950,,#VALUE!,08/30/2025,35807/4,Fairfield Townplace East Hartford,3335,Aug 25 product revenue in SPS,0.00,
AUGREVENUE-35807/4,292.5,,972,A40001 - Sales Income (New),972,08/30/2025,35807/4,Fairfield Townplace East Hartford,3335,Aug 25 product revenue in SPS,,0.00
AUGREVENUE-35808/3,293,A11001 - Accounts Receivable (New),950,,#VALUE!,08/30/2025,35808/3,Fairfield Townplace East Hartford,3335,Aug 25 product revenue in SPS,1480.01,
AUGREVENUE-35808/3,293.5,,972,A40001 - Sales Income (New),972,08/30/2025,35808/3,Fairfield Townplace East Hartford,3335,Aug 25 product revenue in SPS,,1480.01
AUGREVENUE-35808/4,294,A11001 - Accounts Receivable (New),950,,#VALUE!,08/30/2025,35808/4,Fairfield Townplace East Hartford,3335,Aug 25 product revenue in SPS,0.00,
AUGREVENUE-35808/4,294.5,,972,A40001 - Sales Income (New),972,08/30/2025,35808/4,Fairfield Townplace East Hartford,3335,Aug 25 product revenue in SPS,,0.00
AUGREVENUE-35809/3,295,A11001 - Accounts Receivable (New),950,,#VALUE!,08/30/2025,35809/3,Fairfield Townplace East Hartford,3335,Aug 25 product revenue in SPS,29501.14,
AUGREVENUE-35809/3,295.5,,972,A40001 - Sales Income (New),972,08/30/2025,35809/3,Fairfield Townplace East Hartford,3335,Aug 25 product revenue in SPS,,29501.14
AUGREVENUE-35809/4,296,A11001 - Accounts Receivable (New),950,,#VALUE!,08/30/2025,35809/4,Fairfield Townplace East Hartford,3335,Aug 25 product revenue in SPS,0.00,
AUGREVENUE-35809/4,296.5,,972,A40001 - Sales Income (New),972,08/30/2025,35809/4,Fairfield Townplace East Hartford,3335,Aug 25 product revenue in SPS,,0.00
AUGREVENUE-35811/2,297,A11001 - Accounts Receivable (New),950,,#VALUE!,08/30/2025,35811/2,Fairfield Townplace East Hartford,3335,Aug 25 product revenue in SPS,16583.00,
AUGREVENUE-35811/2,297.5,,972,A40001 - Sales Income (New),972,08/30/2025,35811/2,Fairfield Townplace East Hartford,3335,Aug 25 product revenue in SPS,,16583.00
AUGREVENUE-35812/3,298,A11001 - Accounts Receivable (New),950,,#VALUE!,08/30/2025,35812/3,Fairfield Townplace East Hartford,3335,Aug 25 product revenue in SPS,14094.32,
AUGREVENUE-35812/3,298.5,,972,A40001 - Sales Income (New),972,08/30/2025,35812/3,Fairfield Townplace East Hartford,3335,Aug 25 product revenue in SPS,,14094.32
AUGREVENUE-35812/4,299,A11001 - Accounts Receivable (New),950,,#VALUE!,08/30/2025,35812/4,Fairfield Townplace East Hartford,3335,Aug 25 product revenue in SPS,0.00,
AUGREVENUE-35812/4,299.5,,972,A40001 - Sales Income (New),972,08/30/2025,35812/4,Fairfield Townplace East Hartford,3335,Aug 25 product revenue in SPS,,0.00
AUGREVENUE-35812/5,300,A11001 - Accounts Receivable (New),950,,#VALUE!,08/30/2025,35812/5,Fairfield Townplace East Hartford,3335,Aug 25 product revenue in SPS,0.00,
AUGREVENUE-35812/5,300.5,,972,A40001 - Sales Income (New),972,08/30/2025,35812/5,Fairfield Townplace East Hartford,3335,Aug 25 product revenue in SPS,,0.00
AUGREVENUE-35813/2,301,A11001 - Accounts Receivable (New),950,,#VALUE!,08/30/2025,35813/2,Fairfield Townplace East Hartford,3335,Aug 25 product revenue in SPS,1597.89,
AUGREVENUE-35813/2,301.5,,972,A40001 - Sales Income (New),972,08/30/2025,35813/2,Fairfield Townplace East Hartford,3335,Aug 25 product revenue in SPS,,1597.89
AUGREVENUE-35813/3,302,A11001 - Accounts Receivable (New),950,,#VALUE!,08/30/2025,35813/3,Fairfield Townplace East Hartford,3335,Aug 25 product revenue in SPS,0.00,
AUGREVENUE-35813/3,302.5,,972,A40001 - Sales Income (New),972,08/30/2025,35813/3,Fairfield Townplace East Hartford,3335,Aug 25 product revenue in SPS,,0.00
AUGREVENUE-35818,303,A11001 - Accounts Receivable (New),950,,#VALUE!,08/30/2025,35818,BMK Construction LLC,474,Aug 25 product revenue in SPS,0.00,
AUGREVENUE-35818,303.5,,972,A40001 - Sales Income (New),972,08/30/2025,35818,BMK Construction LLC,474,Aug 25 product revenue in SPS,,0.00
AUGREVENUE-35912/6,304,A11001 - Accounts Receivable (New),950,,#VALUE!,08/30/2025,35912/6,BMK Construction LLC,474,Aug 25 product revenue in SPS,0.00,
AUGREVENUE-35912/6,304.5,,972,A40001 - Sales Income (New),972,08/30/2025,35912/6,BMK Construction LLC,474,Aug 25 product revenue in SPS,,0.00
AUGREVENUE-35940/4,305,A11001 - Accounts Receivable (New),950,,#VALUE!,08/30/2025,35940/4,"La Quinta Hawthorn - DeSoto,TX",3119,Aug 25 product revenue in SPS,0.00,
AUGREVENUE-35940/4,305.5,,972,A40001 - Sales Income (New),972,08/30/2025,35940/4,"La Quinta Hawthorn - DeSoto,TX",3119,Aug 25 product revenue in SPS,,0.00
AUGREVENUE-35942/8,306,A11001 - Accounts Receivable (New),950,,#VALUE!,08/30/2025,35942/8,"La Quinta Hawthorn - DeSoto,TX",3119,Aug 25 product revenue in SPS,0.00,
AUGREVENUE-35942/8,306.5,,972,A40001 - Sales Income (New),972,08/30/2025,35942/8,"La Quinta Hawthorn - DeSoto,TX",3119,Aug 25 product revenue in SPS,,0.00
AUGREVENUE-35949/5,307,A11001 - Accounts Receivable (New),950,,#VALUE!,08/30/2025,35949/5,"La Quinta Hawthorn - DeSoto,TX",3119,Aug 25 product revenue in SPS,0.00,
AUGREVENUE-35949/5,307.5,,972,A40001 - Sales Income (New),972,08/30/2025,35949/5,"La Quinta Hawthorn - DeSoto,TX",3119,Aug 25 product revenue in SPS,,0.00
AUGREVENUE-35957/8,308,A11001 - Accounts Receivable (New),950,,#VALUE!,08/30/2025,35957/8,"La Quinta Hawthorn - DeSoto,TX",3119,Aug 25 product revenue in SPS,0.00,
AUGREVENUE-35957/8,308.5,,972,A40001 - Sales Income (New),972,08/30/2025,35957/8,"La Quinta Hawthorn - DeSoto,TX",3119,Aug 25 product revenue in SPS,,0.00
AUGREVENUE-35959/10,309,A11001 - Accounts Receivable (New),950,,#VALUE!,08/30/2025,35959/10,"La Quinta Hawthorn - DeSoto,TX",3119,Aug 25 product revenue in SPS,0.00,
AUGREVENUE-35959/10,309.5,,972,A40001 - Sales Income (New),972,08/30/2025,35959/10,"La Quinta Hawthorn - DeSoto,TX",3119,Aug 25 product revenue in SPS,,0.00
AUGREVENUE-35959/11,310,A11001 - Accounts Receivable (New),950,,#VALUE!,08/30/2025,35959/11,"La Quinta Hawthorn - DeSoto,TX",3119,Aug 25 product revenue in SPS,0.00,
AUGREVENUE-35959/11,310.5,,972,A40001 - Sales Income (New),972,08/30/2025,35959/11,"La Quinta Hawthorn - DeSoto,TX",3119,Aug 25 product revenue in SPS,,0.00
AUGREVENUE-36008/8,311,A11001 - Accounts Receivable (New),950,,#VALUE!,08/30/2025,36008/8,LaQuinta Inn Pharr TX,3365,Aug 25 product revenue in SPS,0.00,
AUGREVENUE-36008/8,311.5,,972,A40001 - Sales Income (New),972,08/30/2025,36008/8,LaQuinta Inn Pharr TX,3365,Aug 25 product revenue in SPS,,0.00
AUGREVENUE-36008/9,312,A11001 - Accounts Receivable (New),950,,#VALUE!,08/30/2025,36008/9,LaQuinta Inn Pharr TX,3365,Aug 25 product revenue in SPS,0.00,
AUGREVENUE-36008/9,312.5,,972,A40001 - Sales Income (New),972,08/30/2025,36008/9,LaQuinta Inn Pharr TX,3365,Aug 25 product revenue in SPS,,0.00
AUGREVENUE-36016/3,313,A11001 - Accounts Receivable (New),950,,#VALUE!,08/30/2025,36016/3,Sunray Group / Holiday Inn Burlington Hotel & Conference Centre CANADA,3392,Aug 25 product revenue in SPS,0.00,
AUGREVENUE-36016/3,313.5,,972,A40001 - Sales Income (New),972,08/30/2025,36016/3,Sunray Group / Holiday Inn Burlington Hotel & Conference Centre CANADA,3392,Aug 25 product revenue in SPS,,0.00
AUGREVENUE-36016/4,314,A11001 - Accounts Receivable (New),950,,#VALUE!,08/30/2025,36016/4,Sunray Group / Holiday Inn Burlington Hotel & Conference Centre CANADA,3392,Aug 25 product revenue in SPS,0.00,
AUGREVENUE-36016/4,314.5,,972,A40001 - Sales Income (New),972,08/30/2025,36016/4,Sunray Group / Holiday Inn Burlington Hotel & Conference Centre CANADA,3392,Aug 25 product revenue in SPS,,0.00
AUGREVENUE-36016/5,315,A11001 - Accounts Receivable (New),950,,#VALUE!,08/30/2025,36016/5,Sunray Group / Holiday Inn Burlington Hotel & Conference Centre CANADA,3392,Aug 25 product revenue in SPS,0.00,
AUGREVENUE-36016/5,315.5,,972,A40001 - Sales Income (New),972,08/30/2025,36016/5,Sunray Group / Holiday Inn Burlington Hotel & Conference Centre CANADA,3392,Aug 25 product revenue in SPS,,0.00
AUGREVENUE-36016/6,316,A11001 - Accounts Receivable (New),950,,#VALUE!,08/30/2025,36016/6,Sunray Group / Holiday Inn Burlington Hotel & Conference Centre CANADA,3392,Aug 25 product revenue in SPS,0.00,
AUGREVENUE-36016/6,316.5,,972,A40001 - Sales Income (New),972,08/30/2025,36016/6,Sunray Group / Holiday Inn Burlington Hotel & Conference Centre CANADA,3392,Aug 25 product revenue in SPS,,0.00
AUGREVENUE-36016/7,317,A11001 - Accounts Receivable (New),950,,#VALUE!,08/30/2025,36016/7,Sunray Group / Holiday Inn Burlington Hotel & Conference Centre CANADA,3392,Aug 25 product revenue in SPS,0.00,
AUGREVENUE-36016/7,317.5,,972,A40001 - Sales Income (New),972,08/30/2025,36016/7,Sunray Group / Holiday Inn Burlington Hotel & Conference Centre CANADA,3392,Aug 25 product revenue in SPS,,0.00
AUGREVENUE-36016/8,318,A11001 - Accounts Receivable (New),950,,#VALUE!,08/30/2025,36016/8,Sunray Group / Holiday Inn Burlington Hotel & Conference Centre CANADA,3392,Aug 25 product revenue in SPS,0.00,
AUGREVENUE-36016/8,318.5,,972,A40001 - Sales Income (New),972,08/30/2025,36016/8,Sunray Group / Holiday Inn Burlington Hotel & Conference Centre CANADA,3392,Aug 25 product revenue in SPS,,0.00
AUGREVENUE-36016/9,319,A11001 - Accounts Receivable (New),950,,#VALUE!,08/30/2025,36016/9,Sunray Group / Holiday Inn Burlington Hotel & Conference Centre CANADA,3392,Aug 25 product revenue in SPS,0.00,
AUGREVENUE-36016/9,319.5,,972,A40001 - Sales Income (New),972,08/30/2025,36016/9,Sunray Group / Holiday Inn Burlington Hotel & Conference Centre CANADA,3392,Aug 25 product revenue in SPS,,0.00
AUGREVENUE-36048/4,320,A11001 - Accounts Receivable (New),950,,#VALUE!,08/30/2025,36048/4,LaQuinta - Stafford - TX,3544,Aug 25 product revenue in SPS,0.00,
AUGREVENUE-36048/4,320.5,,972,A40001 - Sales Income (New),972,08/30/2025,36048/4,LaQuinta - Stafford - TX,3544,Aug 25 product revenue in SPS,,0.00
AUGREVENUE-36072/7,321,A11001 - Accounts Receivable (New),950,,#VALUE!,08/30/2025,36072/7,Urban Atelier Group LLC,714,Aug 25 product revenue in SPS,0.00,
AUGREVENUE-36072/7,321.5,,972,A40001 - Sales Income (New),972,08/30/2025,36072/7,Urban Atelier Group LLC,714,Aug 25 product revenue in SPS,,0.00
AUGREVENUE-36072/8,322,A11001 - Accounts Receivable (New),950,,#VALUE!,08/30/2025,36072/8,Urban Atelier Group LLC,714,Aug 25 product revenue in SPS,0.00,
AUGREVENUE-36072/8,322.5,,972,A40001 - Sales Income (New),972,08/30/2025,36072/8,Urban Atelier Group LLC,714,Aug 25 product revenue in SPS,,0.00
AUGREVENUE-36073/10,323,A11001 - Accounts Receivable (New),950,,#VALUE!,08/30/2025,36073/10,"Yale Tile & Stone, LLC",727,Aug 25 product revenue in SPS,0.00,
AUGREVENUE-36073/10,323.5,,972,A40001 - Sales Income (New),972,08/30/2025,36073/10,"Yale Tile & Stone, LLC",727,Aug 25 product revenue in SPS,,0.00
AUGREVENUE-36073/11,324,A11001 - Accounts Receivable (New),950,,#VALUE!,08/30/2025,36073/11,"Yale Tile & Stone, LLC",727,Aug 25 product revenue in SPS,0.00,
AUGREVENUE-36073/11,324.5,,972,A40001 - Sales Income (New),972,08/30/2025,36073/11,"Yale Tile & Stone, LLC",727,Aug 25 product revenue in SPS,,0.00
AUGREVENUE-36073/12,325,A11001 - Accounts Receivable (New),950,,#VALUE!,08/30/2025,36073/12,"Yale Tile & Stone, LLC",727,Aug 25 product revenue in SPS,0.00,
AUGREVENUE-36073/12,325.5,,972,A40001 - Sales Income (New),972,08/30/2025,36073/12,"Yale Tile & Stone, LLC",727,Aug 25 product revenue in SPS,,0.00
AUGREVENUE-36081/2,326,A11001 - Accounts Receivable (New),950,,#VALUE!,08/30/2025,36081/2,LAQUINTA TRINIDAD CO,2707,Aug 25 product revenue in SPS,0.00,
AUGREVENUE-36081/2,326.5,,972,A40001 - Sales Income (New),972,08/30/2025,36081/2,LAQUINTA TRINIDAD CO,2707,Aug 25 product revenue in SPS,,0.00
AUGREVENUE-36081/3,327,A11001 - Accounts Receivable (New),950,,#VALUE!,08/30/2025,36081/3,LAQUINTA TRINIDAD CO,2707,Aug 25 product revenue in SPS,0.00,
AUGREVENUE-36081/3,327.5,,972,A40001 - Sales Income (New),972,08/30/2025,36081/3,LAQUINTA TRINIDAD CO,2707,Aug 25 product revenue in SPS,,0.00
AUGREVENUE-36095/2,328,A11001 - Accounts Receivable (New),950,,#VALUE!,08/30/2025,36095/2,Urban Atelier Group LLC,714,Aug 25 product revenue in SPS,0.00,
AUGREVENUE-36095/2,328.5,,972,A40001 - Sales Income (New),972,08/30/2025,36095/2,Urban Atelier Group LLC,714,Aug 25 product revenue in SPS,,0.00
AUGREVENUE-36096/5,329,A11001 - Accounts Receivable (New),950,,#VALUE!,08/30/2025,36096/5,335 8th Avenue,3545,Aug 25 product revenue in SPS,0.00,
AUGREVENUE-36096/5,329.5,,972,A40001 - Sales Income (New),972,08/30/2025,36096/5,335 8th Avenue,3545,Aug 25 product revenue in SPS,,0.00
AUGREVENUE-36096/7,330,A11001 - Accounts Receivable (New),950,,#VALUE!,08/30/2025,36096/7,335 8th Avenue,3545,Aug 25 product revenue in SPS,0.00,
AUGREVENUE-36096/7,330.5,,972,A40001 - Sales Income (New),972,08/30/2025,36096/7,335 8th Avenue,3545,Aug 25 product revenue in SPS,,0.00
AUGREVENUE-36096/8,331,A11001 - Accounts Receivable (New),950,,#VALUE!,08/30/2025,36096/8,335 8th Avenue,3545,Aug 25 product revenue in SPS,0.00,
AUGREVENUE-36096/8,331.5,,972,A40001 - Sales Income (New),972,08/30/2025,36096/8,335 8th Avenue,3545,Aug 25 product revenue in SPS,,0.00
AUGREVENUE-36096/9,332,A11001 - Accounts Receivable (New),950,,#VALUE!,08/30/2025,36096/9,335 8th Avenue,3545,Aug 25 product revenue in SPS,0.00,
AUGREVENUE-36096/9,332.5,,972,A40001 - Sales Income (New),972,08/30/2025,36096/9,335 8th Avenue,3545,Aug 25 product revenue in SPS,,0.00
AUGREVENUE-36133/8,333,A11001 - Accounts Receivable (New),950,,#VALUE!,08/30/2025,36133/8,"Wingate by Wyndham-Farmington, NM.",3268,Aug 25 product revenue in SPS,0.00,
AUGREVENUE-36133/8,333.5,,972,A40001 - Sales Income (New),972,08/30/2025,36133/8,"Wingate by Wyndham-Farmington, NM.",3268,Aug 25 product revenue in SPS,,0.00
AUGREVENUE-36155/3,334,A11001 - Accounts Receivable (New),950,,#VALUE!,08/30/2025,36155/3,Graniti Vicentia,1938,Aug 25 product revenue in SPS,0.00,
AUGREVENUE-36155/3,334.5,,972,A40001 - Sales Income (New),972,08/30/2025,36155/3,Graniti Vicentia,1938,Aug 25 product revenue in SPS,,0.00
AUGREVENUE-36155/4,335,A11001 - Accounts Receivable (New),950,,#VALUE!,08/30/2025,36155/4,Graniti Vicentia,1938,Aug 25 product revenue in SPS,0.00,
AUGREVENUE-36155/4,335.5,,972,A40001 - Sales Income (New),972,08/30/2025,36155/4,Graniti Vicentia,1938,Aug 25 product revenue in SPS,,0.00
AUGREVENUE-36158/3,336,A11001 - Accounts Receivable (New),950,,#VALUE!,08/30/2025,36158/3,Graniti Vicentia,1938,Aug 25 product revenue in SPS,0.00,
AUGREVENUE-36158/3,336.5,,972,A40001 - Sales Income (New),972,08/30/2025,36158/3,Graniti Vicentia,1938,Aug 25 product revenue in SPS,,0.00
AUGREVENUE-36158/4,337,A11001 - Accounts Receivable (New),950,,#VALUE!,08/30/2025,36158/4,Graniti Vicentia,1938,Aug 25 product revenue in SPS,0.00,
AUGREVENUE-36158/4,337.5,,972,A40001 - Sales Income (New),972,08/30/2025,36158/4,Graniti Vicentia,1938,Aug 25 product revenue in SPS,,0.00
AUGREVENUE-36162/5,338,A11001 - Accounts Receivable (New),950,,#VALUE!,08/30/2025,36162/5,CANDLEWOOD - PERRYSBERG,3546,Aug 25 product revenue in SPS,0.00,
AUGREVENUE-36162/5,338.5,,972,A40001 - Sales Income (New),972,08/30/2025,36162/5,CANDLEWOOD - PERRYSBERG,3546,Aug 25 product revenue in SPS,,0.00
AUGREVENUE-36199/11,339,A11001 - Accounts Receivable (New),950,,#VALUE!,08/30/2025,36199/11,Pinnacle Hospitality Partners / Hilton Garden inn Nashville,3547,Aug 25 product revenue in SPS,5.48,
AUGREVENUE-36199/11,339.5,,972,A40001 - Sales Income (New),972,08/30/2025,36199/11,Pinnacle Hospitality Partners / Hilton Garden inn Nashville,3547,Aug 25 product revenue in SPS,,5.48
AUGREVENUE-36234/2,340,A11001 - Accounts Receivable (New),950,,#VALUE!,08/30/2025,36234/2,"Jay Sun Hospitality LLC / La Quinta La Habra,CA",3351,Aug 25 product revenue in SPS,0.00,
AUGREVENUE-36234/2,340.5,,972,A40001 - Sales Income (New),972,08/30/2025,36234/2,"Jay Sun Hospitality LLC / La Quinta La Habra,CA",3351,Aug 25 product revenue in SPS,,0.00
AUGREVENUE-36237/2,341,A11001 - Accounts Receivable (New),950,,#VALUE!,08/30/2025,36237/2,"Jay Sun Hospitality LLC / La Quinta La Habra,CA",3351,Aug 25 product revenue in SPS,0.00,
AUGREVENUE-36237/2,341.5,,972,A40001 - Sales Income (New),972,08/30/2025,36237/2,"Jay Sun Hospitality LLC / La Quinta La Habra,CA",3351,Aug 25 product revenue in SPS,,0.00
AUGREVENUE-36240/5,342,A11001 - Accounts Receivable (New),950,,#VALUE!,08/30/2025,36240/5,Kings Bay Coastal Hotel Management LLC / Wingate Kingsland,3354,Aug 25 product revenue in SPS,0.00,
AUGREVENUE-36240/5,342.5,,972,A40001 - Sales Income (New),972,08/30/2025,36240/5,Kings Bay Coastal Hotel Management LLC / Wingate Kingsland,3354,Aug 25 product revenue in SPS,,0.00
AUGREVENUE-36240/6,343,A11001 - Accounts Receivable (New),950,,#VALUE!,08/30/2025,36240/6,Kings Bay Coastal Hotel Management LLC / Wingate Kingsland,3354,Aug 25 product revenue in SPS,0.00,
AUGREVENUE-36240/6,343.5,,972,A40001 - Sales Income (New),972,08/30/2025,36240/6,Kings Bay Coastal Hotel Management LLC / Wingate Kingsland,3354,Aug 25 product revenue in SPS,,0.00
AUGREVENUE-36240/7,344,A11001 - Accounts Receivable (New),950,,#VALUE!,08/30/2025,36240/7,Kings Bay Coastal Hotel Management LLC / Wingate Kingsland,3354,Aug 25 product revenue in SPS,0.00,
AUGREVENUE-36240/7,344.5,,972,A40001 - Sales Income (New),972,08/30/2025,36240/7,Kings Bay Coastal Hotel Management LLC / Wingate Kingsland,3354,Aug 25 product revenue in SPS,,0.00
AUGREVENUE-36247/2,345,A11001 - Accounts Receivable (New),950,,#VALUE!,08/30/2025,36247/2,Kings Bay Coastal Hotel Management LLC / Wingate Kingsland,3354,Aug 25 product revenue in SPS,0.00,
AUGREVENUE-36247/2,345.5,,972,A40001 - Sales Income (New),972,08/30/2025,36247/2,Kings Bay Coastal Hotel Management LLC / Wingate Kingsland,3354,Aug 25 product revenue in SPS,,0.00
AUGREVENUE-36247/3,346,A11001 - Accounts Receivable (New),950,,#VALUE!,08/30/2025,36247/3,Kings Bay Coastal Hotel Management LLC / Wingate Kingsland,3354,Aug 25 product revenue in SPS,0.00,
AUGREVENUE-36247/3,346.5,,972,A40001 - Sales Income (New),972,08/30/2025,36247/3,Kings Bay Coastal Hotel Management LLC / Wingate Kingsland,3354,Aug 25 product revenue in SPS,,0.00
AUGREVENUE-36247/4,347,A11001 - Accounts Receivable (New),950,,#VALUE!,08/30/2025,36247/4,Kings Bay Coastal Hotel Management LLC / Wingate Kingsland,3354,Aug 25 product revenue in SPS,0.00,
AUGREVENUE-36247/4,347.5,,972,A40001 - Sales Income (New),972,08/30/2025,36247/4,Kings Bay Coastal Hotel Management LLC / Wingate Kingsland,3354,Aug 25 product revenue in SPS,,0.00
AUGREVENUE-36316/5,348,A11001 - Accounts Receivable (New),950,,#VALUE!,08/30/2025,36316/5,LA QUINTA SHONTO AZ,3360,Aug 25 product revenue in SPS,0.00,
AUGREVENUE-36316/5,348.5,,972,A40001 - Sales Income (New),972,08/30/2025,36316/5,LA QUINTA SHONTO AZ,3360,Aug 25 product revenue in SPS,,0.00
AUGREVENUE-36317/2,349,A11001 - Accounts Receivable (New),950,,#VALUE!,08/30/2025,36317/2,LA QUINTA SHONTO AZ,3360,Aug 25 product revenue in SPS,0.00,
AUGREVENUE-36317/2,349.5,,972,A40001 - Sales Income (New),972,08/30/2025,36317/2,LA QUINTA SHONTO AZ,3360,Aug 25 product revenue in SPS,,0.00
AUGREVENUE-36327/8,350,A11001 - Accounts Receivable (New),950,,#VALUE!,08/30/2025,36327/8,LA QUINTA SHONTO AZ,3360,Aug 25 product revenue in SPS,0.00,
AUGREVENUE-36327/8,350.5,,972,A40001 - Sales Income (New),972,08/30/2025,36327/8,LA QUINTA SHONTO AZ,3360,Aug 25 product revenue in SPS,,0.00
AUGREVENUE-36327/9,351,A11001 - Accounts Receivable (New),950,,#VALUE!,08/30/2025,36327/9,LA QUINTA SHONTO AZ,3360,Aug 25 product revenue in SPS,0.00,
AUGREVENUE-36327/9,351.5,,972,A40001 - Sales Income (New),972,08/30/2025,36327/9,LA QUINTA SHONTO AZ,3360,Aug 25 product revenue in SPS,,0.00
AUGREVENUE-36329/4,352,A11001 - Accounts Receivable (New),950,,#VALUE!,08/30/2025,36329/4,LA QUINTA SHONTO AZ,3360,Aug 25 product revenue in SPS,0.00,
AUGREVENUE-36329/4,352.5,,972,A40001 - Sales Income (New),972,08/30/2025,36329/4,LA QUINTA SHONTO AZ,3360,Aug 25 product revenue in SPS,,0.00
AUGREVENUE-36333/5,353,A11001 - Accounts Receivable (New),950,,#VALUE!,08/30/2025,36333/5,LA QUINTA SHONTO AZ,3360,Aug 25 product revenue in SPS,0.00,
AUGREVENUE-36333/5,353.5,,972,A40001 - Sales Income (New),972,08/30/2025,36333/5,LA QUINTA SHONTO AZ,3360,Aug 25 product revenue in SPS,,0.00
AUGREVENUE-36363/2,354,A11001 - Accounts Receivable (New),950,,#VALUE!,08/30/2025,36363/2,Hampton Inn Katy TX,3337,Aug 25 product revenue in SPS,0.00,
AUGREVENUE-36363/2,354.5,,972,A40001 - Sales Income (New),972,08/30/2025,36363/2,Hampton Inn Katy TX,3337,Aug 25 product revenue in SPS,,0.00
AUGREVENUE-36365/4,355,A11001 - Accounts Receivable (New),950,,#VALUE!,08/30/2025,36365/4,Hampton Inn Katy TX,3337,Aug 25 product revenue in SPS,0.00,
AUGREVENUE-36365/4,355.5,,972,A40001 - Sales Income (New),972,08/30/2025,36365/4,Hampton Inn Katy TX,3337,Aug 25 product revenue in SPS,,0.00
AUGREVENUE-36373/8,356,A11001 - Accounts Receivable (New),950,,#VALUE!,08/30/2025,36373/8,Hampton Inn Katy TX,3337,Aug 25 product revenue in SPS,0.00,
AUGREVENUE-36373/8,356.5,,972,A40001 - Sales Income (New),972,08/30/2025,36373/8,Hampton Inn Katy TX,3337,Aug 25 product revenue in SPS,,0.00
AUGREVENUE-36417/11,357,A11001 - Accounts Receivable (New),950,,#VALUE!,08/30/2025,36417/11,CPNA Management & Services Inc.,502,Aug 25 product revenue in SPS,0.00,
AUGREVENUE-36417/11,357.5,,972,A40001 - Sales Income (New),972,08/30/2025,36417/11,CPNA Management & Services Inc.,502,Aug 25 product revenue in SPS,,0.00
AUGREVENUE-36432/8,358,A11001 - Accounts Receivable (New),950,,#VALUE!,08/30/2025,36432/8,CPNA Management & Services Inc.,502,Aug 25 product revenue in SPS,0.00,
AUGREVENUE-36432/8,358.5,,972,A40001 - Sales Income (New),972,08/30/2025,36432/8,CPNA Management & Services Inc.,502,Aug 25 product revenue in SPS,,0.00
AUGREVENUE-36456/8,359,A11001 - Accounts Receivable (New),950,,#VALUE!,08/30/2025,36456/8,Wingate by Wyndham / Indianapolis,3519,Aug 25 product revenue in SPS,0.00,
AUGREVENUE-36456/8,359.5,,972,A40001 - Sales Income (New),972,08/30/2025,36456/8,Wingate by Wyndham / Indianapolis,3519,Aug 25 product revenue in SPS,,0.00
AUGREVENUE-36465/3,360,A11001 - Accounts Receivable (New),950,,#VALUE!,08/30/2025,36465/3,Guru Krishna Corporation,549,Aug 25 product revenue in SPS,0.00,
AUGREVENUE-36465/3,360.5,,972,A40001 - Sales Income (New),972,08/30/2025,36465/3,Guru Krishna Corporation,549,Aug 25 product revenue in SPS,,0.00
AUGREVENUE-36465/4,361,A11001 - Accounts Receivable (New),950,,#VALUE!,08/30/2025,36465/4,Guru Krishna Corporation,549,Aug 25 product revenue in SPS,0.00,
AUGREVENUE-36465/4,361.5,,972,A40001 - Sales Income (New),972,08/30/2025,36465/4,Guru Krishna Corporation,549,Aug 25 product revenue in SPS,,0.00
AUGREVENUE-36465/5,362,A11001 - Accounts Receivable (New),950,,#VALUE!,08/30/2025,36465/5,Guru Krishna Corporation,549,Aug 25 product revenue in SPS,0.00,
AUGREVENUE-36465/5,362.5,,972,A40001 - Sales Income (New),972,08/30/2025,36465/5,Guru Krishna Corporation,549,Aug 25 product revenue in SPS,,0.00
AUGREVENUE-36469/3,363,A11001 - Accounts Receivable (New),950,,#VALUE!,08/30/2025,36469/3,LaQuinta Inn & Suites Oxford AL,2752,Aug 25 product revenue in SPS,0.00,
AUGREVENUE-36469/3,363.5,,972,A40001 - Sales Income (New),972,08/30/2025,36469/3,LaQuinta Inn & Suites Oxford AL,2752,Aug 25 product revenue in SPS,,0.00
AUGREVENUE-36469/4,364,A11001 - Accounts Receivable (New),950,,#VALUE!,08/30/2025,36469/4,LaQuinta Inn & Suites Oxford AL,2752,Aug 25 product revenue in SPS,0.00,
AUGREVENUE-36469/4,364.5,,972,A40001 - Sales Income (New),972,08/30/2025,36469/4,LaQuinta Inn & Suites Oxford AL,2752,Aug 25 product revenue in SPS,,0.00
AUGREVENUE-36473/6,365,A11001 - Accounts Receivable (New),950,,#VALUE!,08/30/2025,36473/6,LA QUINTA SHONTO AZ,3360,Aug 25 product revenue in SPS,0.00,
AUGREVENUE-36473/6,365.5,,972,A40001 - Sales Income (New),972,08/30/2025,36473/6,LA QUINTA SHONTO AZ,3360,Aug 25 product revenue in SPS,,0.00
AUGREVENUE-36488/7,366,A11001 - Accounts Receivable (New),950,,#VALUE!,08/30/2025,36488/7,Hilton Garden Inn Nashville,2884,Aug 25 product revenue in SPS,0.00,
AUGREVENUE-36488/7,366.5,,972,A40001 - Sales Income (New),972,08/30/2025,36488/7,Hilton Garden Inn Nashville,2884,Aug 25 product revenue in SPS,,0.00
AUGREVENUE-36489/2,367,A11001 - Accounts Receivable (New),950,,#VALUE!,08/30/2025,36489/2,Hilton Garden Inn Nashville,2884,Aug 25 product revenue in SPS,0.00,
AUGREVENUE-36489/2,367.5,,972,A40001 - Sales Income (New),972,08/30/2025,36489/2,Hilton Garden Inn Nashville,2884,Aug 25 product revenue in SPS,,0.00
AUGREVENUE-36501/3,368,A11001 - Accounts Receivable (New),950,,#VALUE!,08/30/2025,36501/3,Hilton Garden Inn Nashville,2884,Aug 25 product revenue in SPS,0.00,
AUGREVENUE-36501/3,368.5,,972,A40001 - Sales Income (New),972,08/30/2025,36501/3,Hilton Garden Inn Nashville,2884,Aug 25 product revenue in SPS,,0.00
AUGREVENUE-36504/4,369,A11001 - Accounts Receivable (New),950,,#VALUE!,08/30/2025,36504/4,Hilton Garden Inn Nashville,2884,Aug 25 product revenue in SPS,0.00,
AUGREVENUE-36504/4,369.5,,972,A40001 - Sales Income (New),972,08/30/2025,36504/4,Hilton Garden Inn Nashville,2884,Aug 25 product revenue in SPS,,0.00
AUGREVENUE-36505/6,370,A11001 - Accounts Receivable (New),950,,#VALUE!,08/30/2025,36505/6,Hilton Garden Inn Nashville,2884,Aug 25 product revenue in SPS,0.00,
AUGREVENUE-36505/6,370.5,,972,A40001 - Sales Income (New),972,08/30/2025,36505/6,Hilton Garden Inn Nashville,2884,Aug 25 product revenue in SPS,,0.00
AUGREVENUE-36512,371,A11001 - Accounts Receivable (New),950,,#VALUE!,08/30/2025,36512,Nancy Paolino,2702,Aug 25 product revenue in SPS,11839.48,
AUGREVENUE-36512,371.5,,972,A40001 - Sales Income (New),972,08/30/2025,36512,Nancy Paolino,2702,Aug 25 product revenue in SPS,,11839.48
AUGREVENUE-36520/3,372,A11001 - Accounts Receivable (New),950,,#VALUE!,08/30/2025,36520/3,"Wingate by Wyndham-Farmington, NM.",3268,Aug 25 product revenue in SPS,0.00,
AUGREVENUE-36520/3,372.5,,972,A40001 - Sales Income (New),972,08/30/2025,36520/3,"Wingate by Wyndham-Farmington, NM.",3268,Aug 25 product revenue in SPS,,0.00
AUGREVENUE-36569/6,373,A11001 - Accounts Receivable (New),950,,#VALUE!,08/30/2025,36569/6,Prince Preferred Hotels,649,Aug 25 product revenue in SPS,0.00,
AUGREVENUE-36569/6,373.5,,972,A40001 - Sales Income (New),972,08/30/2025,36569/6,Prince Preferred Hotels,649,Aug 25 product revenue in SPS,,0.00
AUGREVENUE-36571/5,374,A11001 - Accounts Receivable (New),950,,#VALUE!,08/30/2025,36571/5,Prince Preferred Hotels,649,Aug 25 product revenue in SPS,0.00,
AUGREVENUE-36571/5,374.5,,972,A40001 - Sales Income (New),972,08/30/2025,36571/5,Prince Preferred Hotels,649,Aug 25 product revenue in SPS,,0.00
AUGREVENUE-36574/2,375,A11001 - Accounts Receivable (New),950,,#VALUE!,08/30/2025,36574/2,Prince Preferred Hotels,649,Aug 25 product revenue in SPS,0.00,
AUGREVENUE-36574/2,375.5,,972,A40001 - Sales Income (New),972,08/30/2025,36574/2,Prince Preferred Hotels,649,Aug 25 product revenue in SPS,,0.00
AUGREVENUE-36575/5,376,A11001 - Accounts Receivable (New),950,,#VALUE!,08/30/2025,36575/5,Prince Preferred Hotels,649,Aug 25 product revenue in SPS,0.00,
AUGREVENUE-36575/5,376.5,,972,A40001 - Sales Income (New),972,08/30/2025,36575/5,Prince Preferred Hotels,649,Aug 25 product revenue in SPS,,0.00
AUGREVENUE-36582/7,377,A11001 - Accounts Receivable (New),950,,#VALUE!,08/30/2025,36582/7,Prince Preferred Hotels,649,Aug 25 product revenue in SPS,0.00,
AUGREVENUE-36582/7,377.5,,972,A40001 - Sales Income (New),972,08/30/2025,36582/7,Prince Preferred Hotels,649,Aug 25 product revenue in SPS,,0.00
AUGREVENUE-36582/8,378,A11001 - Accounts Receivable (New),950,,#VALUE!,08/30/2025,36582/8,Prince Preferred Hotels,649,Aug 25 product revenue in SPS,0.00,
AUGREVENUE-36582/8,378.5,,972,A40001 - Sales Income (New),972,08/30/2025,36582/8,Prince Preferred Hotels,649,Aug 25 product revenue in SPS,,0.00
AUGREVENUE-36583/7,379,A11001 - Accounts Receivable (New),950,,#VALUE!,08/30/2025,36583/7,Prince Preferred Hotels,649,Aug 25 product revenue in SPS,0.00,
AUGREVENUE-36583/7,379.5,,972,A40001 - Sales Income (New),972,08/30/2025,36583/7,Prince Preferred Hotels,649,Aug 25 product revenue in SPS,,0.00
AUGREVENUE-36585/5,380,A11001 - Accounts Receivable (New),950,,#VALUE!,08/30/2025,36585/5,Prince Preferred Hotels,649,Aug 25 product revenue in SPS,0.00,
AUGREVENUE-36585/5,380.5,,972,A40001 - Sales Income (New),972,08/30/2025,36585/5,Prince Preferred Hotels,649,Aug 25 product revenue in SPS,,0.00
AUGREVENUE-36647/3,381,A11001 - Accounts Receivable (New),950,,#VALUE!,08/30/2025,36647/3,SUPREME BRIGHT ATLANTIC CITY LLC (TRIBUTE SEAHAUS),3393,Aug 25 product revenue in SPS,0.00,
AUGREVENUE-36647/3,381.5,,972,A40001 - Sales Income (New),972,08/30/2025,36647/3,SUPREME BRIGHT ATLANTIC CITY LLC (TRIBUTE SEAHAUS),3393,Aug 25 product revenue in SPS,,0.00
AUGREVENUE-36649/3,382,A11001 - Accounts Receivable (New),950,,#VALUE!,08/30/2025,36649/3,SUPREME BRIGHT ATLANTIC CITY LLC (TRIBUTE SEAHAUS),3393,Aug 25 product revenue in SPS,0.00,
AUGREVENUE-36649/3,382.5,,972,A40001 - Sales Income (New),972,08/30/2025,36649/3,SUPREME BRIGHT ATLANTIC CITY LLC (TRIBUTE SEAHAUS),3393,Aug 25 product revenue in SPS,,0.00
AUGREVENUE-36654/2,383,A11001 - Accounts Receivable (New),950,,#VALUE!,08/30/2025,36654/2,SUPREME BRIGHT ATLANTIC CITY LLC (TRIBUTE SEAHAUS),3393,Aug 25 product revenue in SPS,0.00,
AUGREVENUE-36654/2,383.5,,972,A40001 - Sales Income (New),972,08/30/2025,36654/2,SUPREME BRIGHT ATLANTIC CITY LLC (TRIBUTE SEAHAUS),3393,Aug 25 product revenue in SPS,,0.00
AUGREVENUE-36660/4,384,A11001 - Accounts Receivable (New),950,,#VALUE!,08/30/2025,36660/4,Ascent Hospitality Tribute Carmel Indiana,2628,Aug 25 product revenue in SPS,0.00,
AUGREVENUE-36660/4,384.5,,972,A40001 - Sales Income (New),972,08/30/2025,36660/4,Ascent Hospitality Tribute Carmel Indiana,2628,Aug 25 product revenue in SPS,,0.00
AUGREVENUE-36674/4,385,A11001 - Accounts Receivable (New),950,,#VALUE!,08/30/2025,36674/4,Ascent Hospitality Tribute Carmel Indiana,2628,Aug 25 product revenue in SPS,0.00,
AUGREVENUE-36674/4,385.5,,972,A40001 - Sales Income (New),972,08/30/2025,36674/4,Ascent Hospitality Tribute Carmel Indiana,2628,Aug 25 product revenue in SPS,,0.00
AUGREVENUE-36677/4,386,A11001 - Accounts Receivable (New),950,,#VALUE!,08/30/2025,36677/4,Ascent Hospitality Tribute Carmel Indiana,2628,Aug 25 product revenue in SPS,0.00,
AUGREVENUE-36677/4,386.5,,972,A40001 - Sales Income (New),972,08/30/2025,36677/4,Ascent Hospitality Tribute Carmel Indiana,2628,Aug 25 product revenue in SPS,,0.00
AUGREVENUE-36681/11,387,A11001 - Accounts Receivable (New),950,,#VALUE!,08/30/2025,36681/11,Ascent Hospitality Tribute Carmel Indiana,2628,Aug 25 product revenue in SPS,0.00,
AUGREVENUE-36681/11,387.5,,972,A40001 - Sales Income (New),972,08/30/2025,36681/11,Ascent Hospitality Tribute Carmel Indiana,2628,Aug 25 product revenue in SPS,,0.00
AUGREVENUE-36703/2,388,A11001 - Accounts Receivable (New),950,,#VALUE!,08/30/2025,36703/2,COURY HOSPITALITY (TRIBUTE SEAHAUS),3326,Aug 25 product revenue in SPS,0.00,
AUGREVENUE-36703/2,388.5,,972,A40001 - Sales Income (New),972,08/30/2025,36703/2,COURY HOSPITALITY (TRIBUTE SEAHAUS),3326,Aug 25 product revenue in SPS,,0.00
AUGREVENUE-36705/2,389,A11001 - Accounts Receivable (New),950,,#VALUE!,08/30/2025,36705/2,COURY HOSPITALITY (TRIBUTE SEAHAUS),3326,Aug 25 product revenue in SPS,0.00,
AUGREVENUE-36705/2,389.5,,972,A40001 - Sales Income (New),972,08/30/2025,36705/2,COURY HOSPITALITY (TRIBUTE SEAHAUS),3326,Aug 25 product revenue in SPS,,0.00
AUGREVENUE-36716/4,390,A11001 - Accounts Receivable (New),950,,#VALUE!,08/30/2025,36716/4,"ELEMENT FORTSMITH, ARKANSAS",3330,Aug 25 product revenue in SPS,0.00,
AUGREVENUE-36716/4,390.5,,972,A40001 - Sales Income (New),972,08/30/2025,36716/4,"ELEMENT FORTSMITH, ARKANSAS",3330,Aug 25 product revenue in SPS,,0.00
AUGREVENUE-36719/3,391,A11001 - Accounts Receivable (New),950,,#VALUE!,08/30/2025,36719/3,"ELEMENT FORTSMITH, ARKANSAS",3330,Aug 25 product revenue in SPS,0.00,
AUGREVENUE-36719/3,391.5,,972,A40001 - Sales Income (New),972,08/30/2025,36719/3,"ELEMENT FORTSMITH, ARKANSAS",3330,Aug 25 product revenue in SPS,,0.00
AUGREVENUE-36720/5,392,A11001 - Accounts Receivable (New),950,,#VALUE!,08/30/2025,36720/5,"ELEMENT FORTSMITH, ARKANSAS",3330,Aug 25 product revenue in SPS,0.00,
AUGREVENUE-36720/5,392.5,,972,A40001 - Sales Income (New),972,08/30/2025,36720/5,"ELEMENT FORTSMITH, ARKANSAS",3330,Aug 25 product revenue in SPS,,0.00
AUGREVENUE-36721/3,393,A11001 - Accounts Receivable (New),950,,#VALUE!,08/30/2025,36721/3,"ELEMENT FORTSMITH, ARKANSAS",3330,Aug 25 product revenue in SPS,0.00,
AUGREVENUE-36721/3,393.5,,972,A40001 - Sales Income (New),972,08/30/2025,36721/3,"ELEMENT FORTSMITH, ARKANSAS",3330,Aug 25 product revenue in SPS,,0.00
AUGREVENUE-36724/2,394,A11001 - Accounts Receivable (New),950,,#VALUE!,08/30/2025,36724/2,"ELEMENT FORTSMITH, ARKANSAS",3330,Aug 25 product revenue in SPS,0.00,
AUGREVENUE-36724/2,394.5,,972,A40001 - Sales Income (New),972,08/30/2025,36724/2,"ELEMENT FORTSMITH, ARKANSAS",3330,Aug 25 product revenue in SPS,,0.00
AUGREVENUE-36727/10,395,A11001 - Accounts Receivable (New),950,,#VALUE!,08/30/2025,36727/10,"ELEMENT FORTSMITH, ARKANSAS",3330,Aug 25 product revenue in SPS,0.00,
AUGREVENUE-36727/10,395.5,,972,A40001 - Sales Income (New),972,08/30/2025,36727/10,"ELEMENT FORTSMITH, ARKANSAS",3330,Aug 25 product revenue in SPS,,0.00
AUGREVENUE-36727/9,396,A11001 - Accounts Receivable (New),950,,#VALUE!,08/30/2025,36727/9,"ELEMENT FORTSMITH, ARKANSAS",3330,Aug 25 product revenue in SPS,0.00,
AUGREVENUE-36727/9,396.5,,972,A40001 - Sales Income (New),972,08/30/2025,36727/9,"ELEMENT FORTSMITH, ARKANSAS",3330,Aug 25 product revenue in SPS,,0.00
AUGREVENUE-36729/2,397,A11001 - Accounts Receivable (New),950,,#VALUE!,08/30/2025,36729/2,"ELEMENT FORTSMITH, ARKANSAS",3330,Aug 25 product revenue in SPS,0.00,
AUGREVENUE-36729/2,397.5,,972,A40001 - Sales Income (New),972,08/30/2025,36729/2,"ELEMENT FORTSMITH, ARKANSAS",3330,Aug 25 product revenue in SPS,,0.00
AUGREVENUE-36734/2,398,A11001 - Accounts Receivable (New),950,,#VALUE!,08/30/2025,36734/2,"ELEMENT FORTSMITH, ARKANSAS",3330,Aug 25 product revenue in SPS,0.00,
AUGREVENUE-36734/2,398.5,,972,A40001 - Sales Income (New),972,08/30/2025,36734/2,"ELEMENT FORTSMITH, ARKANSAS",3330,Aug 25 product revenue in SPS,,0.00
AUGREVENUE-36737/5,399,A11001 - Accounts Receivable (New),950,,#VALUE!,08/30/2025,36737/5,"ELEMENT FORTSMITH, ARKANSAS",3330,Aug 25 product revenue in SPS,0.00,
AUGREVENUE-36737/5,399.5,,972,A40001 - Sales Income (New),972,08/30/2025,36737/5,"ELEMENT FORTSMITH, ARKANSAS",3330,Aug 25 product revenue in SPS,,0.00
AUGREVENUE-36740/10,400,A11001 - Accounts Receivable (New),950,,#VALUE!,08/30/2025,36740/10,"ELEMENT FORTSMITH, ARKANSAS",3330,Aug 25 product revenue in SPS,0.00,
AUGREVENUE-36740/10,400.5,,972,A40001 - Sales Income (New),972,08/30/2025,36740/10,"ELEMENT FORTSMITH, ARKANSAS",3330,Aug 25 product revenue in SPS,,0.00
AUGREVENUE-36740/11,401,A11001 - Accounts Receivable (New),950,,#VALUE!,08/30/2025,36740/11,"ELEMENT FORTSMITH, ARKANSAS",3330,Aug 25 product revenue in SPS,0.56,
AUGREVENUE-36740/11,401.5,,972,A40001 - Sales Income (New),972,08/30/2025,36740/11,"ELEMENT FORTSMITH, ARKANSAS",3330,Aug 25 product revenue in SPS,,0.56
AUGREVENUE-36740/12,402,A11001 - Accounts Receivable (New),950,,#VALUE!,08/30/2025,36740/12,"ELEMENT FORTSMITH, ARKANSAS",3330,Aug 25 product revenue in SPS,0.00,
AUGREVENUE-36740/12,402.5,,972,A40001 - Sales Income (New),972,08/30/2025,36740/12,"ELEMENT FORTSMITH, ARKANSAS",3330,Aug 25 product revenue in SPS,,0.00
AUGREVENUE-36755/10,403,A11001 - Accounts Receivable (New),950,,#VALUE!,08/30/2025,36755/10,La Quinta Athens Alabama,2442,Aug 25 product revenue in SPS,0.00,
AUGREVENUE-36755/10,403.5,,972,A40001 - Sales Income (New),972,08/30/2025,36755/10,La Quinta Athens Alabama,2442,Aug 25 product revenue in SPS,,0.00
AUGREVENUE-36762/11,404,A11001 - Accounts Receivable (New),950,,#VALUE!,08/30/2025,36762/11,La Quinta Athens Alabama,2442,Aug 25 product revenue in SPS,0.00,
AUGREVENUE-36762/11,404.5,,972,A40001 - Sales Income (New),972,08/30/2025,36762/11,La Quinta Athens Alabama,2442,Aug 25 product revenue in SPS,,0.00
AUGREVENUE-36763/6,405,A11001 - Accounts Receivable (New),950,,#VALUE!,08/30/2025,36763/6,La Quinta Athens Alabama,2442,Aug 25 product revenue in SPS,0.00,
AUGREVENUE-36763/6,405.5,,972,A40001 - Sales Income (New),972,08/30/2025,36763/6,La Quinta Athens Alabama,2442,Aug 25 product revenue in SPS,,0.00
AUGREVENUE-36765/4,406,A11001 - Accounts Receivable (New),950,,#VALUE!,08/30/2025,36765/4,La Quinta Athens Alabama,2442,Aug 25 product revenue in SPS,0.00,
AUGREVENUE-36765/4,406.5,,972,A40001 - Sales Income (New),972,08/30/2025,36765/4,La Quinta Athens Alabama,2442,Aug 25 product revenue in SPS,,0.00
AUGREVENUE-36766/4,407,A11001 - Accounts Receivable (New),950,,#VALUE!,08/30/2025,36766/4,La Quinta Athens Alabama,2442,Aug 25 product revenue in SPS,0.00,
AUGREVENUE-36766/4,407.5,,972,A40001 - Sales Income (New),972,08/30/2025,36766/4,La Quinta Athens Alabama,2442,Aug 25 product revenue in SPS,,0.00
AUGREVENUE-36771/2,408,A11001 - Accounts Receivable (New),950,,#VALUE!,08/30/2025,36771/2,Swift DBM LLC,695,Aug 25 product revenue in SPS,48.79,
AUGREVENUE-36771/2,408.5,,972,A40001 - Sales Income (New),972,08/30/2025,36771/2,Swift DBM LLC,695,Aug 25 product revenue in SPS,,48.79
AUGREVENUE-36771/3,409,A11001 - Accounts Receivable (New),950,,#VALUE!,08/30/2025,36771/3,Swift DBM LLC,695,Aug 25 product revenue in SPS,8.92,
AUGREVENUE-36771/3,409.5,,972,A40001 - Sales Income (New),972,08/30/2025,36771/3,Swift DBM LLC,695,Aug 25 product revenue in SPS,,8.92
AUGREVENUE-36782/5,410,A11001 - Accounts Receivable (New),950,,#VALUE!,08/30/2025,36782/5,Ascent Home2 Montgomery,2571,Aug 25 product revenue in SPS,0.00,
AUGREVENUE-36782/5,410.5,,972,A40001 - Sales Income (New),972,08/30/2025,36782/5,Ascent Home2 Montgomery,2571,Aug 25 product revenue in SPS,,0.00
AUGREVENUE-36793/10,411,A11001 - Accounts Receivable (New),950,,#VALUE!,08/30/2025,36793/10,Ascent Home2 Montgomery,2571,Aug 25 product revenue in SPS,0.00,
AUGREVENUE-36793/10,411.5,,972,A40001 - Sales Income (New),972,08/30/2025,36793/10,Ascent Home2 Montgomery,2571,Aug 25 product revenue in SPS,,0.00
AUGREVENUE-36793/11,412,A11001 - Accounts Receivable (New),950,,#VALUE!,08/30/2025,36793/11,Ascent Home2 Montgomery,2571,Aug 25 product revenue in SPS,0.00,
AUGREVENUE-36793/11,412.5,,972,A40001 - Sales Income (New),972,08/30/2025,36793/11,Ascent Home2 Montgomery,2571,Aug 25 product revenue in SPS,,0.00
AUGREVENUE-36799/7,413,A11001 - Accounts Receivable (New),950,,#VALUE!,08/30/2025,36799/7,"Hometown Inn & Suites, Memphis TN",3346,Aug 25 product revenue in SPS,0.00,
AUGREVENUE-36799/7,413.5,,972,A40001 - Sales Income (New),972,08/30/2025,36799/7,"Hometown Inn & Suites, Memphis TN",3346,Aug 25 product revenue in SPS,,0.00
AUGREVENUE-36803/10,414,A11001 - Accounts Receivable (New),950,,#VALUE!,08/30/2025,36803/10,"Hometown Inn & Suites, Memphis TN",3346,Aug 25 product revenue in SPS,0.00,
AUGREVENUE-36803/10,414.5,,972,A40001 - Sales Income (New),972,08/30/2025,36803/10,"Hometown Inn & Suites, Memphis TN",3346,Aug 25 product revenue in SPS,,0.00
AUGREVENUE-36803/9,415,A11001 - Accounts Receivable (New),950,,#VALUE!,08/30/2025,36803/9,"Hometown Inn & Suites, Memphis TN",3346,Aug 25 product revenue in SPS,0.00,
AUGREVENUE-36803/9,415.5,,972,A40001 - Sales Income (New),972,08/30/2025,36803/9,"Hometown Inn & Suites, Memphis TN",3346,Aug 25 product revenue in SPS,,0.00
AUGREVENUE-36870/13,416,A11001 - Accounts Receivable (New),950,,#VALUE!,08/30/2025,36870/13,"Comfort Inn, Rebrand, Princeton IL",3325,Aug 25 product revenue in SPS,0.00,
AUGREVENUE-36870/13,416.5,,972,A40001 - Sales Income (New),972,08/30/2025,36870/13,"Comfort Inn, Rebrand, Princeton IL",3325,Aug 25 product revenue in SPS,,0.00
AUGREVENUE-36870/14,417,A11001 - Accounts Receivable (New),950,,#VALUE!,08/30/2025,36870/14,"Comfort Inn, Rebrand, Princeton IL",3325,Aug 25 product revenue in SPS,0.00,
AUGREVENUE-36870/14,417.5,,972,A40001 - Sales Income (New),972,08/30/2025,36870/14,"Comfort Inn, Rebrand, Princeton IL",3325,Aug 25 product revenue in SPS,,0.00
AUGREVENUE-36871/5,418,A11001 - Accounts Receivable (New),950,,#VALUE!,08/30/2025,36871/5,"Comfort Inn, Rebrand, Princeton IL",3325,Aug 25 product revenue in SPS,0.00,
AUGREVENUE-36871/5,418.5,,972,A40001 - Sales Income (New),972,08/30/2025,36871/5,"Comfort Inn, Rebrand, Princeton IL",3325,Aug 25 product revenue in SPS,,0.00
AUGREVENUE-36883/2,419,A11001 - Accounts Receivable (New),950,,#VALUE!,08/30/2025,36883/2,"Comfort Inn, Rebrand, Princeton IL",3325,Aug 25 product revenue in SPS,0.00,
AUGREVENUE-36883/2,419.5,,972,A40001 - Sales Income (New),972,08/30/2025,36883/2,"Comfort Inn, Rebrand, Princeton IL",3325,Aug 25 product revenue in SPS,,0.00
AUGREVENUE-36903/8,420,A11001 - Accounts Receivable (New),950,,#VALUE!,08/30/2025,36903/8,Ascent hospitality Towneplace West Lafayette IN,2705,Aug 25 product revenue in SPS,600.00,
AUGREVENUE-36903/8,420.5,,972,A40001 - Sales Income (New),972,08/30/2025,36903/8,Ascent hospitality Towneplace West Lafayette IN,2705,Aug 25 product revenue in SPS,,600.00
AUGREVENUE-36904/7,421,A11001 - Accounts Receivable (New),950,,#VALUE!,08/30/2025,36904/7,Ascent hospitality Towneplace West Lafayette IN,2705,Aug 25 product revenue in SPS,0.00,
AUGREVENUE-36904/7,421.5,,972,A40001 - Sales Income (New),972,08/30/2025,36904/7,Ascent hospitality Towneplace West Lafayette IN,2705,Aug 25 product revenue in SPS,,0.00
AUGREVENUE-36904/8,422,A11001 - Accounts Receivable (New),950,,#VALUE!,08/30/2025,36904/8,Ascent hospitality Towneplace West Lafayette IN,2705,Aug 25 product revenue in SPS,0.00,
AUGREVENUE-36904/8,422.5,,972,A40001 - Sales Income (New),972,08/30/2025,36904/8,Ascent hospitality Towneplace West Lafayette IN,2705,Aug 25 product revenue in SPS,,0.00
AUGREVENUE-36910/3,423,A11001 - Accounts Receivable (New),950,,#VALUE!,08/30/2025,36910/3,Ascent hospitality Towneplace West Lafayette IN,2705,Aug 25 product revenue in SPS,0.00,
AUGREVENUE-36910/3,423.5,,972,A40001 - Sales Income (New),972,08/30/2025,36910/3,Ascent hospitality Towneplace West Lafayette IN,2705,Aug 25 product revenue in SPS,,0.00
AUGREVENUE-36910/4,424,A11001 - Accounts Receivable (New),950,,#VALUE!,08/30/2025,36910/4,Ascent hospitality Towneplace West Lafayette IN,2705,Aug 25 product revenue in SPS,0.00,
AUGREVENUE-36910/4,424.5,,972,A40001 - Sales Income (New),972,08/30/2025,36910/4,Ascent hospitality Towneplace West Lafayette IN,2705,Aug 25 product revenue in SPS,,0.00
AUGREVENUE-36915/3,425,A11001 - Accounts Receivable (New),950,,#VALUE!,08/30/2025,36915/3,Ascent hospitality Towneplace West Lafayette IN,2705,Aug 25 product revenue in SPS,0.00,
AUGREVENUE-36915/3,425.5,,972,A40001 - Sales Income (New),972,08/30/2025,36915/3,Ascent hospitality Towneplace West Lafayette IN,2705,Aug 25 product revenue in SPS,,0.00
AUGREVENUE-36919/14,426,A11001 - Accounts Receivable (New),950,,#VALUE!,08/30/2025,36919/14,Ascent hospitality Towneplace West Lafayette IN,2705,Aug 25 product revenue in SPS,0.00,
AUGREVENUE-36919/14,426.5,,972,A40001 - Sales Income (New),972,08/30/2025,36919/14,Ascent hospitality Towneplace West Lafayette IN,2705,Aug 25 product revenue in SPS,,0.00
AUGREVENUE-36919/15,427,A11001 - Accounts Receivable (New),950,,#VALUE!,08/30/2025,36919/15,Ascent hospitality Towneplace West Lafayette IN,2705,Aug 25 product revenue in SPS,0.00,
AUGREVENUE-36919/15,427.5,,972,A40001 - Sales Income (New),972,08/30/2025,36919/15,Ascent hospitality Towneplace West Lafayette IN,2705,Aug 25 product revenue in SPS,,0.00
AUGREVENUE-36919/16,428,A11001 - Accounts Receivable (New),950,,#VALUE!,08/30/2025,36919/16,Ascent hospitality Towneplace West Lafayette IN,2705,Aug 25 product revenue in SPS,0.00,
AUGREVENUE-36919/16,428.5,,972,A40001 - Sales Income (New),972,08/30/2025,36919/16,Ascent hospitality Towneplace West Lafayette IN,2705,Aug 25 product revenue in SPS,,0.00
AUGREVENUE-36919/17,429,A11001 - Accounts Receivable (New),950,,#VALUE!,08/30/2025,36919/17,Ascent hospitality Towneplace West Lafayette IN,2705,Aug 25 product revenue in SPS,0.00,
AUGREVENUE-36919/17,429.5,,972,A40001 - Sales Income (New),972,08/30/2025,36919/17,Ascent hospitality Towneplace West Lafayette IN,2705,Aug 25 product revenue in SPS,,0.00
AUGREVENUE-36920/5,430,A11001 - Accounts Receivable (New),950,,#VALUE!,08/30/2025,36920/5,AUTOGRAPH MAYA-PS,464,Aug 25 product revenue in SPS,0.00,
AUGREVENUE-36920/5,430.5,,972,A40001 - Sales Income (New),972,08/30/2025,36920/5,AUTOGRAPH MAYA-PS,464,Aug 25 product revenue in SPS,,0.00
AUGREVENUE-36931/3,431,A11001 - Accounts Receivable (New),950,,#VALUE!,08/30/2025,36931/3,New Rock Tile,603,Aug 25 product revenue in SPS,0.00,
AUGREVENUE-36931/3,431.5,,972,A40001 - Sales Income (New),972,08/30/2025,36931/3,New Rock Tile,603,Aug 25 product revenue in SPS,,0.00
AUGREVENUE-36942/15,432,A11001 - Accounts Receivable (New),950,,#VALUE!,08/30/2025,36942/15,"ELEMENT FORTSMITH, ARKANSAS",3330,Aug 25 product revenue in SPS,0.00,
AUGREVENUE-36942/15,432.5,,972,A40001 - Sales Income (New),972,08/30/2025,36942/15,"ELEMENT FORTSMITH, ARKANSAS",3330,Aug 25 product revenue in SPS,,0.00
AUGREVENUE-36943/2,433,A11001 - Accounts Receivable (New),950,,#VALUE!,08/30/2025,36943/2,AUTOGRAPH MAYA-PS,464,Aug 25 product revenue in SPS,0.00,
AUGREVENUE-36943/2,433.5,,972,A40001 - Sales Income (New),972,08/30/2025,36943/2,AUTOGRAPH MAYA-PS,464,Aug 25 product revenue in SPS,,0.00
AUGREVENUE-36952/3,434,A11001 - Accounts Receivable (New),950,,#VALUE!,08/30/2025,36952/3,"Wingate - Erlanger, KY",2712,Aug 25 product revenue in SPS,0.00,
AUGREVENUE-36952/3,434.5,,972,A40001 - Sales Income (New),972,08/30/2025,36952/3,"Wingate - Erlanger, KY",2712,Aug 25 product revenue in SPS,,0.00
AUGREVENUE-36965/8,435,A11001 - Accounts Receivable (New),950,,#VALUE!,08/30/2025,36965/8,Wyndham Garden Newark,3543,Aug 25 product revenue in SPS,0.00,
AUGREVENUE-36965/8,435.5,,972,A40001 - Sales Income (New),972,08/30/2025,36965/8,Wyndham Garden Newark,3543,Aug 25 product revenue in SPS,,0.00
AUGREVENUE-36990/11,436,A11001 - Accounts Receivable (New),950,,#VALUE!,08/30/2025,36990/11,Ascent hospitality Townplace Suites Fairburn IN,2713,Aug 25 product revenue in SPS,0.00,
AUGREVENUE-36990/11,436.5,,972,A40001 - Sales Income (New),972,08/30/2025,36990/11,Ascent hospitality Townplace Suites Fairburn IN,2713,Aug 25 product revenue in SPS,,0.00
AUGREVENUE-37006/15,437,A11001 - Accounts Receivable (New),950,,#VALUE!,08/30/2025,37006/15,Ascent hospitality Townplace Suites Fairburn IN,2713,Aug 25 product revenue in SPS,0.00,
AUGREVENUE-37006/15,437.5,,972,A40001 - Sales Income (New),972,08/30/2025,37006/15,Ascent hospitality Townplace Suites Fairburn IN,2713,Aug 25 product revenue in SPS,,0.00
AUGREVENUE-37006/16,438,A11001 - Accounts Receivable (New),950,,#VALUE!,08/30/2025,37006/16,Ascent hospitality Townplace Suites Fairburn IN,2713,Aug 25 product revenue in SPS,0.00,
AUGREVENUE-37006/16,438.5,,972,A40001 - Sales Income (New),972,08/30/2025,37006/16,Ascent hospitality Townplace Suites Fairburn IN,2713,Aug 25 product revenue in SPS,,0.00
AUGREVENUE-37006/17,439,A11001 - Accounts Receivable (New),950,,#VALUE!,08/30/2025,37006/17,Ascent hospitality Townplace Suites Fairburn IN,2713,Aug 25 product revenue in SPS,0.00,
AUGREVENUE-37006/17,439.5,,972,A40001 - Sales Income (New),972,08/30/2025,37006/17,Ascent hospitality Townplace Suites Fairburn IN,2713,Aug 25 product revenue in SPS,,0.00
AUGREVENUE-37006/18,440,A11001 - Accounts Receivable (New),950,,#VALUE!,08/30/2025,37006/18,Ascent hospitality Townplace Suites Fairburn IN,2713,Aug 25 product revenue in SPS,0.00,
AUGREVENUE-37006/18,440.5,,972,A40001 - Sales Income (New),972,08/30/2025,37006/18,Ascent hospitality Townplace Suites Fairburn IN,2713,Aug 25 product revenue in SPS,,0.00
AUGREVENUE-37006/19,441,A11001 - Accounts Receivable (New),950,,#VALUE!,08/30/2025,37006/19,Ascent hospitality Townplace Suites Fairburn IN,2713,Aug 25 product revenue in SPS,0.00,
AUGREVENUE-37006/19,441.5,,972,A40001 - Sales Income (New),972,08/30/2025,37006/19,Ascent hospitality Townplace Suites Fairburn IN,2713,Aug 25 product revenue in SPS,,0.00
AUGREVENUE-37054/4,442,A11001 - Accounts Receivable (New),950,,#VALUE!,08/30/2025,37054/4,DFW Joseph Investments LLC,1708,Aug 25 product revenue in SPS,0.00,
AUGREVENUE-37054/4,442.5,,972,A40001 - Sales Income (New),972,08/30/2025,37054/4,DFW Joseph Investments LLC,1708,Aug 25 product revenue in SPS,,0.00
AUGREVENUE-37060/10,443,A11001 - Accounts Receivable (New),950,,#VALUE!,08/30/2025,37060/10,DFW Joseph Investments LLC,1708,Aug 25 product revenue in SPS,0.00,
AUGREVENUE-37060/10,443.5,,972,A40001 - Sales Income (New),972,08/30/2025,37060/10,DFW Joseph Investments LLC,1708,Aug 25 product revenue in SPS,,0.00
AUGREVENUE-37060/11,444,A11001 - Accounts Receivable (New),950,,#VALUE!,08/30/2025,37060/11,DFW Joseph Investments LLC,1708,Aug 25 product revenue in SPS,0.00,
AUGREVENUE-37060/11,444.5,,972,A40001 - Sales Income (New),972,08/30/2025,37060/11,DFW Joseph Investments LLC,1708,Aug 25 product revenue in SPS,,0.00
AUGREVENUE-37060/12,445,A11001 - Accounts Receivable (New),950,,#VALUE!,08/30/2025,37060/12,DFW Joseph Investments LLC,1708,Aug 25 product revenue in SPS,0.00,
AUGREVENUE-37060/12,445.5,,972,A40001 - Sales Income (New),972,08/30/2025,37060/12,DFW Joseph Investments LLC,1708,Aug 25 product revenue in SPS,,0.00
AUGREVENUE-37060/8,446,A11001 - Accounts Receivable (New),950,,#VALUE!,08/30/2025,37060/8,DFW Joseph Investments LLC,1708,Aug 25 product revenue in SPS,0.00,
AUGREVENUE-37060/8,446.5,,972,A40001 - Sales Income (New),972,08/30/2025,37060/8,DFW Joseph Investments LLC,1708,Aug 25 product revenue in SPS,,0.00
AUGREVENUE-37060/9,447,A11001 - Accounts Receivable (New),950,,#VALUE!,08/30/2025,37060/9,DFW Joseph Investments LLC,1708,Aug 25 product revenue in SPS,0.00,
AUGREVENUE-37060/9,447.5,,972,A40001 - Sales Income (New),972,08/30/2025,37060/9,DFW Joseph Investments LLC,1708,Aug 25 product revenue in SPS,,0.00
AUGREVENUE-37071/2,448,A11001 - Accounts Receivable (New),950,,#VALUE!,08/30/2025,37071/2,Milender-White,3372,Aug 25 product revenue in SPS,0.00,
AUGREVENUE-37071/2,448.5,,972,A40001 - Sales Income (New),972,08/30/2025,37071/2,Milender-White,3372,Aug 25 product revenue in SPS,,0.00
AUGREVENUE-37073/13,449,A11001 - Accounts Receivable (New),950,,#VALUE!,08/30/2025,37073/13,Wyndham Garden Romulus Detroit Metro Airport,2615,Aug 25 product revenue in SPS,0.00,
AUGREVENUE-37073/13,449.5,,972,A40001 - Sales Income (New),972,08/30/2025,37073/13,Wyndham Garden Romulus Detroit Metro Airport,2615,Aug 25 product revenue in SPS,,0.00
AUGREVENUE-37086/3,450,A11001 - Accounts Receivable (New),950,,#VALUE!,08/30/2025,37086/3,"Yale Tile & Stone, LLC",727,Aug 25 product revenue in SPS,0.00,
AUGREVENUE-37086/3,450.5,,972,A40001 - Sales Income (New),972,08/30/2025,37086/3,"Yale Tile & Stone, LLC",727,Aug 25 product revenue in SPS,,0.00
AUGREVENUE-37092/4,451,A11001 - Accounts Receivable (New),950,,#VALUE!,08/30/2025,37092/4,La Quinta San Antonio 1,2618,Aug 25 product revenue in SPS,0.00,
AUGREVENUE-37092/4,451.5,,972,A40001 - Sales Income (New),972,08/30/2025,37092/4,La Quinta San Antonio 1,2618,Aug 25 product revenue in SPS,,0.00
AUGREVENUE-37108/8,452,A11001 - Accounts Receivable (New),950,,#VALUE!,08/30/2025,37108/8,"Comfort Inn, Rebrand, Princeton IL",3325,Aug 25 product revenue in SPS,0.00,
AUGREVENUE-37108/8,452.5,,972,A40001 - Sales Income (New),972,08/30/2025,37108/8,"Comfort Inn, Rebrand, Princeton IL",3325,Aug 25 product revenue in SPS,,0.00
AUGREVENUE-37149/6,453,A11001 - Accounts Receivable (New),950,,#VALUE!,08/30/2025,37149/6,Sea Glass Beach Place LLC,2629,Aug 25 product revenue in SPS,0.00,
AUGREVENUE-37149/6,453.5,,972,A40001 - Sales Income (New),972,08/30/2025,37149/6,Sea Glass Beach Place LLC,2629,Aug 25 product revenue in SPS,,0.00
AUGREVENUE-37153/4,454,A11001 - Accounts Receivable (New),950,,#VALUE!,08/30/2025,37153/4,Sea Glass Beach Place LLC,2629,Aug 25 product revenue in SPS,0.00,
AUGREVENUE-37153/4,454.5,,972,A40001 - Sales Income (New),972,08/30/2025,37153/4,Sea Glass Beach Place LLC,2629,Aug 25 product revenue in SPS,,0.00
AUGREVENUE-37156/4,455,A11001 - Accounts Receivable (New),950,,#VALUE!,08/30/2025,37156/4,Sea Glass Beach Place LLC,2629,Aug 25 product revenue in SPS,0.00,
AUGREVENUE-37156/4,455.5,,972,A40001 - Sales Income (New),972,08/30/2025,37156/4,Sea Glass Beach Place LLC,2629,Aug 25 product revenue in SPS,,0.00
AUGREVENUE-37213/5,456,A11001 - Accounts Receivable (New),950,,#VALUE!,08/30/2025,37213/5,Wingate/ Hawthorne Kingman,3401,Aug 25 product revenue in SPS,0.00,
AUGREVENUE-37213/5,456.5,,972,A40001 - Sales Income (New),972,08/30/2025,37213/5,Wingate/ Hawthorne Kingman,3401,Aug 25 product revenue in SPS,,0.00
AUGREVENUE-37228/6,457,A11001 - Accounts Receivable (New),950,,#VALUE!,08/30/2025,37228/6,TOWNEPLACE SUITES - OKC,3273,Aug 25 product revenue in SPS,0.00,
AUGREVENUE-37228/6,457.5,,972,A40001 - Sales Income (New),972,08/30/2025,37228/6,TOWNEPLACE SUITES - OKC,3273,Aug 25 product revenue in SPS,,0.00
AUGREVENUE-37229/16,458,A11001 - Accounts Receivable (New),950,,#VALUE!,08/30/2025,37229/16,Hilton Garden Inn Nashville,2884,Aug 25 product revenue in SPS,0.00,
AUGREVENUE-37229/16,458.5,,972,A40001 - Sales Income (New),972,08/30/2025,37229/16,Hilton Garden Inn Nashville,2884,Aug 25 product revenue in SPS,,0.00
AUGREVENUE-37229/17,459,A11001 - Accounts Receivable (New),950,,#VALUE!,08/30/2025,37229/17,Hilton Garden Inn Nashville,2884,Aug 25 product revenue in SPS,0.00,
AUGREVENUE-37229/17,459.5,,972,A40001 - Sales Income (New),972,08/30/2025,37229/17,Hilton Garden Inn Nashville,2884,Aug 25 product revenue in SPS,,0.00
AUGREVENUE-37229/18,460,A11001 - Accounts Receivable (New),950,,#VALUE!,08/30/2025,37229/18,Hilton Garden Inn Nashville,2884,Aug 25 product revenue in SPS,0.00,
AUGREVENUE-37229/18,460.5,,972,A40001 - Sales Income (New),972,08/30/2025,37229/18,Hilton Garden Inn Nashville,2884,Aug 25 product revenue in SPS,,0.00
AUGREVENUE-37239/2,461,A11001 - Accounts Receivable (New),950,,#VALUE!,08/30/2025,37239/2,Fairfield Townplace East Hartford,3335,Aug 25 product revenue in SPS,0.00,
AUGREVENUE-37239/2,461.5,,972,A40001 - Sales Income (New),972,08/30/2025,37239/2,Fairfield Townplace East Hartford,3335,Aug 25 product revenue in SPS,,0.00
AUGREVENUE-37260/22,462,A11001 - Accounts Receivable (New),950,,#VALUE!,08/30/2025,37260/22,"La Quinta Hawthorn - Miamisburg, OH",3358,Aug 25 product revenue in SPS,0.00,
AUGREVENUE-37260/22,462.5,,972,A40001 - Sales Income (New),972,08/30/2025,37260/22,"La Quinta Hawthorn - Miamisburg, OH",3358,Aug 25 product revenue in SPS,,0.00
AUGREVENUE-37260/23,463,A11001 - Accounts Receivable (New),950,,#VALUE!,08/30/2025,37260/23,"La Quinta Hawthorn - Miamisburg, OH",3358,Aug 25 product revenue in SPS,0.00,
AUGREVENUE-37260/23,463.5,,972,A40001 - Sales Income (New),972,08/30/2025,37260/23,"La Quinta Hawthorn - Miamisburg, OH",3358,Aug 25 product revenue in SPS,,0.00
AUGREVENUE-37260/24,464,A11001 - Accounts Receivable (New),950,,#VALUE!,08/30/2025,37260/24,"La Quinta Hawthorn - Miamisburg, OH",3358,Aug 25 product revenue in SPS,0.00,
AUGREVENUE-37260/24,464.5,,972,A40001 - Sales Income (New),972,08/30/2025,37260/24,"La Quinta Hawthorn - Miamisburg, OH",3358,Aug 25 product revenue in SPS,,0.00
AUGREVENUE-37260/25,465,A11001 - Accounts Receivable (New),950,,#VALUE!,08/30/2025,37260/25,"La Quinta Hawthorn - Miamisburg, OH",3358,Aug 25 product revenue in SPS,0.00,
AUGREVENUE-37260/25,465.5,,972,A40001 - Sales Income (New),972,08/30/2025,37260/25,"La Quinta Hawthorn - Miamisburg, OH",3358,Aug 25 product revenue in SPS,,0.00
AUGREVENUE-37260/26,466,A11001 - Accounts Receivable (New),950,,#VALUE!,08/30/2025,37260/26,"La Quinta Hawthorn - Miamisburg, OH",3358,Aug 25 product revenue in SPS,0.00,
AUGREVENUE-37260/26,466.5,,972,A40001 - Sales Income (New),972,08/30/2025,37260/26,"La Quinta Hawthorn - Miamisburg, OH",3358,Aug 25 product revenue in SPS,,0.00
AUGREVENUE-37271/15,467,A11001 - Accounts Receivable (New),950,,#VALUE!,08/30/2025,37271/15,Northlake Innkeepers I Ltd.,3375,Aug 25 product revenue in SPS,0.00,
AUGREVENUE-37271/15,467.5,,972,A40001 - Sales Income (New),972,08/30/2025,37271/15,Northlake Innkeepers I Ltd.,3375,Aug 25 product revenue in SPS,,0.00
AUGREVENUE-37279/4,468,A11001 - Accounts Receivable (New),950,,#VALUE!,08/30/2025,37279/4,Northlake Innkeepers I Ltd.,3375,Aug 25 product revenue in SPS,0.00,
AUGREVENUE-37279/4,468.5,,972,A40001 - Sales Income (New),972,08/30/2025,37279/4,Northlake Innkeepers I Ltd.,3375,Aug 25 product revenue in SPS,,0.00
AUGREVENUE-37280/11,469,A11001 - Accounts Receivable (New),950,,#VALUE!,08/30/2025,37280/11,Northlake Innkeepers I Ltd.,3375,Aug 25 product revenue in SPS,0.00,
AUGREVENUE-37280/11,469.5,,972,A40001 - Sales Income (New),972,08/30/2025,37280/11,Northlake Innkeepers I Ltd.,3375,Aug 25 product revenue in SPS,,0.00
AUGREVENUE-37281/3,470,A11001 - Accounts Receivable (New),950,,#VALUE!,08/30/2025,37281/3,HOME2 SOMERSET,3526,Aug 25 product revenue in SPS,0.00,
AUGREVENUE-37281/3,470.5,,972,A40001 - Sales Income (New),972,08/30/2025,37281/3,HOME2 SOMERSET,3526,Aug 25 product revenue in SPS,,0.00
AUGREVENUE-37289/11,471,A11001 - Accounts Receivable (New),950,,#VALUE!,08/30/2025,37289/11,Northlake Innkeepers I Ltd.,3375,Aug 25 product revenue in SPS,1750.43,
AUGREVENUE-37289/11,471.5,,972,A40001 - Sales Income (New),972,08/30/2025,37289/11,Northlake Innkeepers I Ltd.,3375,Aug 25 product revenue in SPS,,1750.43
AUGREVENUE-37289/12,472,A11001 - Accounts Receivable (New),950,,#VALUE!,08/30/2025,37289/12,Northlake Innkeepers I Ltd.,3375,Aug 25 product revenue in SPS,0.00,
AUGREVENUE-37289/12,472.5,,972,A40001 - Sales Income (New),972,08/30/2025,37289/12,Northlake Innkeepers I Ltd.,3375,Aug 25 product revenue in SPS,,0.00
AUGREVENUE-37290/3,473,A11001 - Accounts Receivable (New),950,,#VALUE!,08/30/2025,37290/3,Northlake Innkeepers I Ltd.,3375,Aug 25 product revenue in SPS,0.00,
AUGREVENUE-37290/3,473.5,,972,A40001 - Sales Income (New),972,08/30/2025,37290/3,Northlake Innkeepers I Ltd.,3375,Aug 25 product revenue in SPS,,0.00
AUGREVENUE-37296/5,474,A11001 - Accounts Receivable (New),950,,#VALUE!,08/30/2025,37296/5,"Candlewood Suites -Columbus,Oh-Kautilya group",3324,Aug 25 product revenue in SPS,0.00,
AUGREVENUE-37296/5,474.5,,972,A40001 - Sales Income (New),972,08/30/2025,37296/5,"Candlewood Suites -Columbus,Oh-Kautilya group",3324,Aug 25 product revenue in SPS,,0.00
AUGREVENUE-37304/3,475,A11001 - Accounts Receivable (New),950,,#VALUE!,08/30/2025,37304/3,Wingate by Wyndham Pueblo CO.,2491,Aug 25 product revenue in SPS,0.00,
AUGREVENUE-37304/3,475.5,,972,A40001 - Sales Income (New),972,08/30/2025,37304/3,Wingate by Wyndham Pueblo CO.,2491,Aug 25 product revenue in SPS,,0.00
AUGREVENUE-37304/4,476,A11001 - Accounts Receivable (New),950,,#VALUE!,08/30/2025,37304/4,Wingate by Wyndham Pueblo CO.,2491,Aug 25 product revenue in SPS,0.00,
AUGREVENUE-37304/4,476.5,,972,A40001 - Sales Income (New),972,08/30/2025,37304/4,Wingate by Wyndham Pueblo CO.,2491,Aug 25 product revenue in SPS,,0.00
AUGREVENUE-37311/5,477,A11001 - Accounts Receivable (New),950,,#VALUE!,08/30/2025,37311/5,Wingate by Wyndham Pueblo CO.,2491,Aug 25 product revenue in SPS,0.00,
AUGREVENUE-37311/5,477.5,,972,A40001 - Sales Income (New),972,08/30/2025,37311/5,Wingate by Wyndham Pueblo CO.,2491,Aug 25 product revenue in SPS,,0.00
AUGREVENUE-37356/4,478,A11001 - Accounts Receivable (New),950,,#VALUE!,08/30/2025,37356/4,Ascent hospitality Home2 West Lafayette IN,3317,Aug 25 product revenue in SPS,0.00,
AUGREVENUE-37356/4,478.5,,972,A40001 - Sales Income (New),972,08/30/2025,37356/4,Ascent hospitality Home2 West Lafayette IN,3317,Aug 25 product revenue in SPS,,0.00
AUGREVENUE-37365/3,479,A11001 - Accounts Receivable (New),950,,#VALUE!,08/30/2025,37365/3,Stay Bridge - Manteca - CA - Aman Dhillon,3389,Aug 25 product revenue in SPS,0.00,
AUGREVENUE-37365/3,479.5,,972,A40001 - Sales Income (New),972,08/30/2025,37365/3,Stay Bridge - Manteca - CA - Aman Dhillon,3389,Aug 25 product revenue in SPS,,0.00
AUGREVENUE-37373/2,480,A11001 - Accounts Receivable (New),950,,#VALUE!,08/30/2025,37373/2,AFP 103 Corp,440,Aug 25 product revenue in SPS,3097.55,
AUGREVENUE-37373/2,480.5,,972,A40001 - Sales Income (New),972,08/30/2025,37373/2,AFP 103 Corp,440,Aug 25 product revenue in SPS,,3097.55
AUGREVENUE-37467/10,481,A11001 - Accounts Receivable (New),950,,#VALUE!,08/30/2025,37467/10,SUPREME BRIGHT ATLANTIC CITY LLC (TRIBUTE SEAHAUS),3393,Aug 25 product revenue in SPS,0.00,
AUGREVENUE-37467/10,481.5,,972,A40001 - Sales Income (New),972,08/30/2025,37467/10,SUPREME BRIGHT ATLANTIC CITY LLC (TRIBUTE SEAHAUS),3393,Aug 25 product revenue in SPS,,0.00
AUGREVENUE-37468/2,482,A11001 - Accounts Receivable (New),950,,#VALUE!,08/30/2025,37468/2,SUPREME BRIGHT ATLANTIC CITY LLC (TRIBUTE SEAHAUS),3393,Aug 25 product revenue in SPS,0.00,
AUGREVENUE-37468/2,482.5,,972,A40001 - Sales Income (New),972,08/30/2025,37468/2,SUPREME BRIGHT ATLANTIC CITY LLC (TRIBUTE SEAHAUS),3393,Aug 25 product revenue in SPS,,0.00
AUGREVENUE-37470/5,483,A11001 - Accounts Receivable (New),950,,#VALUE!,08/30/2025,37470/5,SUPREME BRIGHT ATLANTIC CITY LLC (TRIBUTE SEAHAUS),3393,Aug 25 product revenue in SPS,0.00,
AUGREVENUE-37470/5,483.5,,972,A40001 - Sales Income (New),972,08/30/2025,37470/5,SUPREME BRIGHT ATLANTIC CITY LLC (TRIBUTE SEAHAUS),3393,Aug 25 product revenue in SPS,,0.00
AUGREVENUE-37472/5,484,A11001 - Accounts Receivable (New),950,,#VALUE!,08/30/2025,37472/5,SUPREME BRIGHT ATLANTIC CITY LLC (TRIBUTE SEAHAUS),3393,Aug 25 product revenue in SPS,0.00,
AUGREVENUE-37472/5,484.5,,972,A40001 - Sales Income (New),972,08/30/2025,37472/5,SUPREME BRIGHT ATLANTIC CITY LLC (TRIBUTE SEAHAUS),3393,Aug 25 product revenue in SPS,,0.00
AUGREVENUE-37478/4,485,A11001 - Accounts Receivable (New),950,,#VALUE!,08/30/2025,37478/4,Best Western Premiere / Colorado Hospitality,3548,Aug 25 product revenue in SPS,0.00,
AUGREVENUE-37478/4,485.5,,972,A40001 - Sales Income (New),972,08/30/2025,37478/4,Best Western Premiere / Colorado Hospitality,3548,Aug 25 product revenue in SPS,,0.00
AUGREVENUE-37598/7,486,A11001 - Accounts Receivable (New),950,,#VALUE!,08/30/2025,37598/7,Fairfield Inn - Indianapolis,3549,Aug 25 product revenue in SPS,0.00,
AUGREVENUE-37598/7,486.5,,972,A40001 - Sales Income (New),972,08/30/2025,37598/7,Fairfield Inn - Indianapolis,3549,Aug 25 product revenue in SPS,,0.00
AUGREVENUE-37599/5,487,A11001 - Accounts Receivable (New),950,,#VALUE!,08/30/2025,37599/5,Fairfield Inn - Indianapolis,3549,Aug 25 product revenue in SPS,0.00,
AUGREVENUE-37599/5,487.5,,972,A40001 - Sales Income (New),972,08/30/2025,37599/5,Fairfield Inn - Indianapolis,3549,Aug 25 product revenue in SPS,,0.00
AUGREVENUE-37606/14,488,A11001 - Accounts Receivable (New),950,,#VALUE!,08/30/2025,37606/14,Fairfield Inn - Indianapolis,3549,Aug 25 product revenue in SPS,0.00,
AUGREVENUE-37606/14,488.5,,972,A40001 - Sales Income (New),972,08/30/2025,37606/14,Fairfield Inn - Indianapolis,3549,Aug 25 product revenue in SPS,,0.00
AUGREVENUE-37608/3,489,A11001 - Accounts Receivable (New),950,,#VALUE!,08/30/2025,37608/3,Fairfield Inn - Indianapolis,3549,Aug 25 product revenue in SPS,0.00,
AUGREVENUE-37608/3,489.5,,972,A40001 - Sales Income (New),972,08/30/2025,37608/3,Fairfield Inn - Indianapolis,3549,Aug 25 product revenue in SPS,,0.00
AUGREVENUE-37611/5,490,A11001 - Accounts Receivable (New),950,,#VALUE!,08/30/2025,37611/5,Wingate by Wyndham Pueblo CO.,2491,Aug 25 product revenue in SPS,0.00,
AUGREVENUE-37611/5,490.5,,972,A40001 - Sales Income (New),972,08/30/2025,37611/5,Wingate by Wyndham Pueblo CO.,2491,Aug 25 product revenue in SPS,,0.00
AUGREVENUE-37611/6,491,A11001 - Accounts Receivable (New),950,,#VALUE!,08/30/2025,37611/6,Wingate by Wyndham Pueblo CO.,2491,Aug 25 product revenue in SPS,0.00,
AUGREVENUE-37611/6,491.5,,972,A40001 - Sales Income (New),972,08/30/2025,37611/6,Wingate by Wyndham Pueblo CO.,2491,Aug 25 product revenue in SPS,,0.00
AUGREVENUE-37614/5,492,A11001 - Accounts Receivable (New),950,,#VALUE!,08/30/2025,37614/5,The DOI Residence/ DEAZLY INC.,2346,Aug 25 product revenue in SPS,622.25,
AUGREVENUE-37614/5,492.5,,972,A40001 - Sales Income (New),972,08/30/2025,37614/5,The DOI Residence/ DEAZLY INC.,2346,Aug 25 product revenue in SPS,,622.25
AUGREVENUE-37614/6,493,A11001 - Accounts Receivable (New),950,,#VALUE!,08/30/2025,37614/6,The DOI Residence/ DEAZLY INC.,2346,Aug 25 product revenue in SPS,0.00,
AUGREVENUE-37614/6,493.5,,972,A40001 - Sales Income (New),972,08/30/2025,37614/6,The DOI Residence/ DEAZLY INC.,2346,Aug 25 product revenue in SPS,,0.00
AUGREVENUE-37627/4,494,A11001 - Accounts Receivable (New),950,,#VALUE!,08/30/2025,37627/4,"Brighter Vision Group, LP",3321,Aug 25 product revenue in SPS,0.00,
AUGREVENUE-37627/4,494.5,,972,A40001 - Sales Income (New),972,08/30/2025,37627/4,"Brighter Vision Group, LP",3321,Aug 25 product revenue in SPS,,0.00
AUGREVENUE-37656/2,495,A11001 - Accounts Receivable (New),950,,#VALUE!,08/30/2025,37656/2,Staybridge Suites c/o Ravi Designs,2606,Aug 25 product revenue in SPS,0.00,
AUGREVENUE-37656/2,495.5,,972,A40001 - Sales Income (New),972,08/30/2025,37656/2,Staybridge Suites c/o Ravi Designs,2606,Aug 25 product revenue in SPS,,0.00
AUGREVENUE-37676/6,496,A11001 - Accounts Receivable (New),950,,#VALUE!,08/30/2025,37676/6,Ascent Residence inn Montgomery,3320,Aug 25 product revenue in SPS,0.00,
AUGREVENUE-37676/6,496.5,,972,A40001 - Sales Income (New),972,08/30/2025,37676/6,Ascent Residence inn Montgomery,3320,Aug 25 product revenue in SPS,,0.00
AUGREVENUE-37679/2,497,A11001 - Accounts Receivable (New),950,,#VALUE!,08/30/2025,37679/2,Ascent Residence inn Montgomery,3320,Aug 25 product revenue in SPS,0.00,
AUGREVENUE-37679/2,497.5,,972,A40001 - Sales Income (New),972,08/30/2025,37679/2,Ascent Residence inn Montgomery,3320,Aug 25 product revenue in SPS,,0.00
AUGREVENUE-37680/11,498,A11001 - Accounts Receivable (New),950,,#VALUE!,08/30/2025,37680/11,Ascent Residence inn Montgomery,3320,Aug 25 product revenue in SPS,0.00,
AUGREVENUE-37680/11,498.5,,972,A40001 - Sales Income (New),972,08/30/2025,37680/11,Ascent Residence inn Montgomery,3320,Aug 25 product revenue in SPS,,0.00
AUGREVENUE-37680/12,499,A11001 - Accounts Receivable (New),950,,#VALUE!,08/30/2025,37680/12,Ascent Residence inn Montgomery,3320,Aug 25 product revenue in SPS,0.00,
AUGREVENUE-37680/12,499.5,,972,A40001 - Sales Income (New),972,08/30/2025,37680/12,Ascent Residence inn Montgomery,3320,Aug 25 product revenue in SPS,,0.00
AUGREVENUE-37692/7,500,A11001 - Accounts Receivable (New),950,,#VALUE!,08/30/2025,37692/7,Ascent Residence inn Montgomery,3320,Aug 25 product revenue in SPS,0.00,
AUGREVENUE-37692/7,500.5,,972,A40001 - Sales Income (New),972,08/30/2025,37692/7,Ascent Residence inn Montgomery,3320,Aug 25 product revenue in SPS,,0.00
AUGREVENUE-37692/8,501,A11001 - Accounts Receivable (New),950,,#VALUE!,08/30/2025,37692/8,Ascent Residence inn Montgomery,3320,Aug 25 product revenue in SPS,0.00,
AUGREVENUE-37692/8,501.5,,972,A40001 - Sales Income (New),972,08/30/2025,37692/8,Ascent Residence inn Montgomery,3320,Aug 25 product revenue in SPS,,0.00
AUGREVENUE-37692/9,502,A11001 - Accounts Receivable (New),950,,#VALUE!,08/30/2025,37692/9,Ascent Residence inn Montgomery,3320,Aug 25 product revenue in SPS,0.00,
AUGREVENUE-37692/9,502.5,,972,A40001 - Sales Income (New),972,08/30/2025,37692/9,Ascent Residence inn Montgomery,3320,Aug 25 product revenue in SPS,,0.00
AUGREVENUE-37696/3,503,A11001 - Accounts Receivable (New),950,,#VALUE!,08/30/2025,37696/3,Ascent Residence inn Montgomery,3320,Aug 25 product revenue in SPS,0.00,
AUGREVENUE-37696/3,503.5,,972,A40001 - Sales Income (New),972,08/30/2025,37696/3,Ascent Residence inn Montgomery,3320,Aug 25 product revenue in SPS,,0.00
AUGREVENUE-37726/2,504,A11001 - Accounts Receivable (New),950,,#VALUE!,08/30/2025,37726/2,Hawthorn Suites.,3341,Aug 25 product revenue in SPS,0.00,
AUGREVENUE-37726/2,504.5,,972,A40001 - Sales Income (New),972,08/30/2025,37726/2,Hawthorn Suites.,3341,Aug 25 product revenue in SPS,,0.00
AUGREVENUE-37746/4,505,A11001 - Accounts Receivable (New),950,,#VALUE!,08/30/2025,37746/4,"Lynden Hospitality 2, LLC",3550,Aug 25 product revenue in SPS,0.00,
AUGREVENUE-37746/4,505.5,,972,A40001 - Sales Income (New),972,08/30/2025,37746/4,"Lynden Hospitality 2, LLC",3550,Aug 25 product revenue in SPS,,0.00
AUGREVENUE-37767/6,506,A11001 - Accounts Receivable (New),950,,#VALUE!,08/30/2025,37767/6,"Residence Inn Indianapolis,IN",2609,Aug 25 product revenue in SPS,0.00,
AUGREVENUE-37767/6,506.5,,972,A40001 - Sales Income (New),972,08/30/2025,37767/6,"Residence Inn Indianapolis,IN",2609,Aug 25 product revenue in SPS,,0.00
AUGREVENUE-37769/8,507,A11001 - Accounts Receivable (New),950,,#VALUE!,08/30/2025,37769/8,"Residence Inn Indianapolis,IN",2609,Aug 25 product revenue in SPS,0.00,
AUGREVENUE-37769/8,507.5,,972,A40001 - Sales Income (New),972,08/30/2025,37769/8,"Residence Inn Indianapolis,IN",2609,Aug 25 product revenue in SPS,,0.00
AUGREVENUE-37769/9,508,A11001 - Accounts Receivable (New),950,,#VALUE!,08/30/2025,37769/9,"Residence Inn Indianapolis,IN",2609,Aug 25 product revenue in SPS,0.00,
AUGREVENUE-37769/9,508.5,,972,A40001 - Sales Income (New),972,08/30/2025,37769/9,"Residence Inn Indianapolis,IN",2609,Aug 25 product revenue in SPS,,0.00
AUGREVENUE-37772/6,509,A11001 - Accounts Receivable (New),950,,#VALUE!,08/30/2025,37772/6,"Residence Inn Indianapolis,IN",2609,Aug 25 product revenue in SPS,0.00,
AUGREVENUE-37772/6,509.5,,972,A40001 - Sales Income (New),972,08/30/2025,37772/6,"Residence Inn Indianapolis,IN",2609,Aug 25 product revenue in SPS,,0.00
AUGREVENUE-37779/3,510,A11001 - Accounts Receivable (New),950,,#VALUE!,08/30/2025,37779/3,"Residence Inn Indianapolis,IN",2609,Aug 25 product revenue in SPS,0.00,
AUGREVENUE-37779/3,510.5,,972,A40001 - Sales Income (New),972,08/30/2025,37779/3,"Residence Inn Indianapolis,IN",2609,Aug 25 product revenue in SPS,,0.00
AUGREVENUE-37781/11,511,A11001 - Accounts Receivable (New),950,,#VALUE!,08/30/2025,37781/11,"Residence Inn Indianapolis,IN",2609,Aug 25 product revenue in SPS,0.00,
AUGREVENUE-37781/11,511.5,,972,A40001 - Sales Income (New),972,08/30/2025,37781/11,"Residence Inn Indianapolis,IN",2609,Aug 25 product revenue in SPS,,0.00
AUGREVENUE-37781/12,512,A11001 - Accounts Receivable (New),950,,#VALUE!,08/30/2025,37781/12,"Residence Inn Indianapolis,IN",2609,Aug 25 product revenue in SPS,0.00,
AUGREVENUE-37781/12,512.5,,972,A40001 - Sales Income (New),972,08/30/2025,37781/12,"Residence Inn Indianapolis,IN",2609,Aug 25 product revenue in SPS,,0.00
AUGREVENUE-37783/4,513,A11001 - Accounts Receivable (New),950,,#VALUE!,08/30/2025,37783/4,"Residence Inn Indianapolis,IN",2609,Aug 25 product revenue in SPS,0.00,
AUGREVENUE-37783/4,513.5,,972,A40001 - Sales Income (New),972,08/30/2025,37783/4,"Residence Inn Indianapolis,IN",2609,Aug 25 product revenue in SPS,,0.00
AUGREVENUE-37789,514,A11001 - Accounts Receivable (New),950,,#VALUE!,08/30/2025,37789,Graniti Vicentia,1938,Aug 25 product revenue in SPS,0.00,
AUGREVENUE-37789,514.5,,972,A40001 - Sales Income (New),972,08/30/2025,37789,Graniti Vicentia,1938,Aug 25 product revenue in SPS,,0.00
AUGREVENUE-37832/2,515,A11001 - Accounts Receivable (New),950,,#VALUE!,08/30/2025,37832/2,TOWNEPLACE SUITES - OKC,3273,Aug 25 product revenue in SPS,0.00,
AUGREVENUE-37832/2,515.5,,972,A40001 - Sales Income (New),972,08/30/2025,37832/2,TOWNEPLACE SUITES - OKC,3273,Aug 25 product revenue in SPS,,0.00
AUGREVENUE-37855/10,516,A11001 - Accounts Receivable (New),950,,#VALUE!,08/30/2025,37855/10,APD Construction - The Place,3312,Aug 25 product revenue in SPS,0.00,
AUGREVENUE-37855/10,516.5,,972,A40001 - Sales Income (New),972,08/30/2025,37855/10,APD Construction - The Place,3312,Aug 25 product revenue in SPS,,0.00
AUGREVENUE-37855/11,517,A11001 - Accounts Receivable (New),950,,#VALUE!,08/30/2025,37855/11,APD Construction - The Place,3312,Aug 25 product revenue in SPS,0.00,
AUGREVENUE-37855/11,517.5,,972,A40001 - Sales Income (New),972,08/30/2025,37855/11,APD Construction - The Place,3312,Aug 25 product revenue in SPS,,0.00
AUGREVENUE-37865/8,518,A11001 - Accounts Receivable (New),950,,#VALUE!,08/30/2025,37865/8,The Place Port Aransas TX,3396,Aug 25 product revenue in SPS,0.00,
AUGREVENUE-37865/8,518.5,,972,A40001 - Sales Income (New),972,08/30/2025,37865/8,The Place Port Aransas TX,3396,Aug 25 product revenue in SPS,,0.00
AUGREVENUE-37865/9,519,A11001 - Accounts Receivable (New),950,,#VALUE!,08/30/2025,37865/9,The Place Port Aransas TX,3396,Aug 25 product revenue in SPS,0.00,
AUGREVENUE-37865/9,519.5,,972,A40001 - Sales Income (New),972,08/30/2025,37865/9,The Place Port Aransas TX,3396,Aug 25 product revenue in SPS,,0.00
AUGREVENUE-37876/4,520,A11001 - Accounts Receivable (New),950,,#VALUE!,08/30/2025,37876/4,La Quinta Inn Richmond,3150,Aug 25 product revenue in SPS,0.00,
AUGREVENUE-37876/4,520.5,,972,A40001 - Sales Income (New),972,08/30/2025,37876/4,La Quinta Inn Richmond,3150,Aug 25 product revenue in SPS,,0.00
AUGREVENUE-37880/3,521,A11001 - Accounts Receivable (New),950,,#VALUE!,08/30/2025,37880/3,La Quinta Inn Richmond,3150,Aug 25 product revenue in SPS,0.00,
AUGREVENUE-37880/3,521.5,,972,A40001 - Sales Income (New),972,08/30/2025,37880/3,La Quinta Inn Richmond,3150,Aug 25 product revenue in SPS,,0.00
AUGREVENUE-37880/4,522,A11001 - Accounts Receivable (New),950,,#VALUE!,08/30/2025,37880/4,La Quinta Inn Richmond,3150,Aug 25 product revenue in SPS,0.00,
AUGREVENUE-37880/4,522.5,,972,A40001 - Sales Income (New),972,08/30/2025,37880/4,La Quinta Inn Richmond,3150,Aug 25 product revenue in SPS,,0.00
AUGREVENUE-37881/4,523,A11001 - Accounts Receivable (New),950,,#VALUE!,08/30/2025,37881/4,La Quinta Inn Richmond,3150,Aug 25 product revenue in SPS,0.00,
AUGREVENUE-37881/4,523.5,,972,A40001 - Sales Income (New),972,08/30/2025,37881/4,La Quinta Inn Richmond,3150,Aug 25 product revenue in SPS,,0.00
AUGREVENUE-37881/5,524,A11001 - Accounts Receivable (New),950,,#VALUE!,08/30/2025,37881/5,La Quinta Inn Richmond,3150,Aug 25 product revenue in SPS,0.00,
AUGREVENUE-37881/5,524.5,,972,A40001 - Sales Income (New),972,08/30/2025,37881/5,La Quinta Inn Richmond,3150,Aug 25 product revenue in SPS,,0.00
AUGREVENUE-37904/5,525,A11001 - Accounts Receivable (New),950,,#VALUE!,08/30/2025,37904/5,"Las Vegas Resort Holdings, LLC",3368,Aug 25 product revenue in SPS,0.00,
AUGREVENUE-37904/5,525.5,,972,A40001 - Sales Income (New),972,08/30/2025,37904/5,"Las Vegas Resort Holdings, LLC",3368,Aug 25 product revenue in SPS,,0.00
AUGREVENUE-37906/11,526,A11001 - Accounts Receivable (New),950,,#VALUE!,08/30/2025,37906/11,Mesquite Gaming,1554,Aug 25 product revenue in SPS,0.00,
AUGREVENUE-37906/11,526.5,,972,A40001 - Sales Income (New),972,08/30/2025,37906/11,Mesquite Gaming,1554,Aug 25 product revenue in SPS,,0.00
AUGREVENUE-37906/12,527,A11001 - Accounts Receivable (New),950,,#VALUE!,08/30/2025,37906/12,Mesquite Gaming,1554,Aug 25 product revenue in SPS,0.00,
AUGREVENUE-37906/12,527.5,,972,A40001 - Sales Income (New),972,08/30/2025,37906/12,Mesquite Gaming,1554,Aug 25 product revenue in SPS,,0.00
AUGREVENUE-37906/13,528,A11001 - Accounts Receivable (New),950,,#VALUE!,08/30/2025,37906/13,Mesquite Gaming,1554,Aug 25 product revenue in SPS,0.00,
AUGREVENUE-37906/13,528.5,,972,A40001 - Sales Income (New),972,08/30/2025,37906/13,Mesquite Gaming,1554,Aug 25 product revenue in SPS,,0.00
AUGREVENUE-37913/4,529,A11001 - Accounts Receivable (New),950,,#VALUE!,08/30/2025,37913/4,"Someshwar Motel LLC - Comfort Inn Ogallala, NE",3388,Aug 25 product revenue in SPS,0.00,
AUGREVENUE-37913/4,529.5,,972,A40001 - Sales Income (New),972,08/30/2025,37913/4,"Someshwar Motel LLC - Comfort Inn Ogallala, NE",3388,Aug 25 product revenue in SPS,,0.00
AUGREVENUE-37914/7,530,A11001 - Accounts Receivable (New),950,,#VALUE!,08/30/2025,37914/7,"Someshwar Motel LLC - Comfort Inn Ogallala, NE",3388,Aug 25 product revenue in SPS,0.00,
AUGREVENUE-37914/7,530.5,,972,A40001 - Sales Income (New),972,08/30/2025,37914/7,"Someshwar Motel LLC - Comfort Inn Ogallala, NE",3388,Aug 25 product revenue in SPS,,0.00
AUGREVENUE-37914/8,531,A11001 - Accounts Receivable (New),950,,#VALUE!,08/30/2025,37914/8,"Someshwar Motel LLC - Comfort Inn Ogallala, NE",3388,Aug 25 product revenue in SPS,0.00,
AUGREVENUE-37914/8,531.5,,972,A40001 - Sales Income (New),972,08/30/2025,37914/8,"Someshwar Motel LLC - Comfort Inn Ogallala, NE",3388,Aug 25 product revenue in SPS,,0.00
AUGREVENUE-37915/7,532,A11001 - Accounts Receivable (New),950,,#VALUE!,08/30/2025,37915/7,"Someshwar Motel LLC - Comfort Inn Ogallala, NE",3388,Aug 25 product revenue in SPS,0.00,
AUGREVENUE-37915/7,532.5,,972,A40001 - Sales Income (New),972,08/30/2025,37915/7,"Someshwar Motel LLC - Comfort Inn Ogallala, NE",3388,Aug 25 product revenue in SPS,,0.00
AUGREVENUE-37920/3,533,A11001 - Accounts Receivable (New),950,,#VALUE!,08/30/2025,37920/3,"Someshwar Motel LLC - Comfort Inn Ogallala, NE",3388,Aug 25 product revenue in SPS,0.00,
AUGREVENUE-37920/3,533.5,,972,A40001 - Sales Income (New),972,08/30/2025,37920/3,"Someshwar Motel LLC - Comfort Inn Ogallala, NE",3388,Aug 25 product revenue in SPS,,0.00
AUGREVENUE-37923/5,534,A11001 - Accounts Receivable (New),950,,#VALUE!,08/30/2025,37923/5,"Someshwar Motel LLC - Comfort Inn Ogallala, NE",3388,Aug 25 product revenue in SPS,0.00,
AUGREVENUE-37923/5,534.5,,972,A40001 - Sales Income (New),972,08/30/2025,37923/5,"Someshwar Motel LLC - Comfort Inn Ogallala, NE",3388,Aug 25 product revenue in SPS,,0.00
AUGREVENUE-37924/3,535,A11001 - Accounts Receivable (New),950,,#VALUE!,08/30/2025,37924/3,"Someshwar Motel LLC - Comfort Inn Ogallala, NE",3388,Aug 25 product revenue in SPS,0.00,
AUGREVENUE-37924/3,535.5,,972,A40001 - Sales Income (New),972,08/30/2025,37924/3,"Someshwar Motel LLC - Comfort Inn Ogallala, NE",3388,Aug 25 product revenue in SPS,,0.00
AUGREVENUE-37947/10,536,A11001 - Accounts Receivable (New),950,,#VALUE!,08/30/2025,37947/10,Supreme Bright Westlake I LLC,3394,Aug 25 product revenue in SPS,0.00,
AUGREVENUE-37947/10,536.5,,972,A40001 - Sales Income (New),972,08/30/2025,37947/10,Supreme Bright Westlake I LLC,3394,Aug 25 product revenue in SPS,,0.00
AUGREVENUE-37962/5,537,A11001 - Accounts Receivable (New),950,,#VALUE!,08/30/2025,37962/5,"Ritzway Group, LLC / Sheraton Columbus",3551,Aug 25 product revenue in SPS,351.49,
AUGREVENUE-37962/5,537.5,,972,A40001 - Sales Income (New),972,08/30/2025,37962/5,"Ritzway Group, LLC / Sheraton Columbus",3551,Aug 25 product revenue in SPS,,351.49
AUGREVENUE-37967/8,538,A11001 - Accounts Receivable (New),950,,#VALUE!,08/30/2025,37967/8,AUTOGRAPH TRILOGY HUNTSVILLE AL,3552,Aug 25 product revenue in SPS,0.00,
AUGREVENUE-37967/8,538.5,,972,A40001 - Sales Income (New),972,08/30/2025,37967/8,AUTOGRAPH TRILOGY HUNTSVILLE AL,3552,Aug 25 product revenue in SPS,,0.00
AUGREVENUE-37970/11,539,A11001 - Accounts Receivable (New),950,,#VALUE!,08/30/2025,37970/11,Supreme Bright Westlake I LLC,3394,Aug 25 product revenue in SPS,0.00,
AUGREVENUE-37970/11,539.5,,972,A40001 - Sales Income (New),972,08/30/2025,37970/11,Supreme Bright Westlake I LLC,3394,Aug 25 product revenue in SPS,,0.00
AUGREVENUE-37970/12,540,A11001 - Accounts Receivable (New),950,,#VALUE!,08/30/2025,37970/12,Supreme Bright Westlake I LLC,3394,Aug 25 product revenue in SPS,0.00,
AUGREVENUE-37970/12,540.5,,972,A40001 - Sales Income (New),972,08/30/2025,37970/12,Supreme Bright Westlake I LLC,3394,Aug 25 product revenue in SPS,,0.00
AUGREVENUE-37970/13,541,A11001 - Accounts Receivable (New),950,,#VALUE!,08/30/2025,37970/13,Supreme Bright Westlake I LLC,3394,Aug 25 product revenue in SPS,0.00,
AUGREVENUE-37970/13,541.5,,972,A40001 - Sales Income (New),972,08/30/2025,37970/13,Supreme Bright Westlake I LLC,3394,Aug 25 product revenue in SPS,,0.00
AUGREVENUE-37976/12,542,A11001 - Accounts Receivable (New),950,,#VALUE!,08/30/2025,37976/12,Hampton Inn Rosenberg,2520,Aug 25 product revenue in SPS,0.00,
AUGREVENUE-37976/12,542.5,,972,A40001 - Sales Income (New),972,08/30/2025,37976/12,Hampton Inn Rosenberg,2520,Aug 25 product revenue in SPS,,0.00
AUGREVENUE-37976/13,543,A11001 - Accounts Receivable (New),950,,#VALUE!,08/30/2025,37976/13,Hampton Inn Rosenberg,2520,Aug 25 product revenue in SPS,0.00,
AUGREVENUE-37976/13,543.5,,972,A40001 - Sales Income (New),972,08/30/2025,37976/13,Hampton Inn Rosenberg,2520,Aug 25 product revenue in SPS,,0.00
AUGREVENUE-37976/14,544,A11001 - Accounts Receivable (New),950,,#VALUE!,08/30/2025,37976/14,Hampton Inn Rosenberg,2520,Aug 25 product revenue in SPS,0.00,
AUGREVENUE-37976/14,544.5,,972,A40001 - Sales Income (New),972,08/30/2025,37976/14,Hampton Inn Rosenberg,2520,Aug 25 product revenue in SPS,,0.00
AUGREVENUE-37991/6,545,A11001 - Accounts Receivable (New),950,,#VALUE!,08/30/2025,37991/6,AJA Investments LLC/ Wyndham Lake Charles,3553,Aug 25 product revenue in SPS,0.00,
AUGREVENUE-37991/6,545.5,,972,A40001 - Sales Income (New),972,08/30/2025,37991/6,AJA Investments LLC/ Wyndham Lake Charles,3553,Aug 25 product revenue in SPS,,0.00
AUGREVENUE-37994/5,546,A11001 - Accounts Receivable (New),950,,#VALUE!,08/30/2025,37994/5,AJA Investments LLC/ Wyndham Lake Charles,3553,Aug 25 product revenue in SPS,0.00,
AUGREVENUE-37994/5,546.5,,972,A40001 - Sales Income (New),972,08/30/2025,37994/5,AJA Investments LLC/ Wyndham Lake Charles,3553,Aug 25 product revenue in SPS,,0.00
AUGREVENUE-38002/8,547,A11001 - Accounts Receivable (New),950,,#VALUE!,08/30/2025,38002/8,AJA Investments LLC/ Wyndham Lake Charles,3553,Aug 25 product revenue in SPS,0.00,
AUGREVENUE-38002/8,547.5,,972,A40001 - Sales Income (New),972,08/30/2025,38002/8,AJA Investments LLC/ Wyndham Lake Charles,3553,Aug 25 product revenue in SPS,,0.00
AUGREVENUE-38024/2,548,A11001 - Accounts Receivable (New),950,,#VALUE!,08/30/2025,38024/2,UPNEXT HOSPITALITY - STAYBRIDGE,3554,Aug 25 product revenue in SPS,0.00,
AUGREVENUE-38024/2,548.5,,972,A40001 - Sales Income (New),972,08/30/2025,38024/2,UPNEXT HOSPITALITY - STAYBRIDGE,3554,Aug 25 product revenue in SPS,,0.00
AUGREVENUE-38034,549,A11001 - Accounts Receivable (New),950,,#VALUE!,08/30/2025,38034,SUBLIME CUSTOM STONE,3555,Aug 25 product revenue in SPS,2645.00,
AUGREVENUE-38034,549.5,,972,A40001 - Sales Income (New),972,08/30/2025,38034,SUBLIME CUSTOM STONE,3555,Aug 25 product revenue in SPS,,2645.00
AUGREVENUE-38036/13,550,A11001 - Accounts Receivable (New),950,,#VALUE!,08/30/2025,38036/13,"Ritzway Group, LLC / Sheraton Columbus",3551,Aug 25 product revenue in SPS,0.00,
AUGREVENUE-38036/13,550.5,,972,A40001 - Sales Income (New),972,08/30/2025,38036/13,"Ritzway Group, LLC / Sheraton Columbus",3551,Aug 25 product revenue in SPS,,0.00
AUGREVENUE-38044/4,551,A11001 - Accounts Receivable (New),950,,#VALUE!,08/30/2025,38044/4,"Residence Inn Pearland, TX",2466,Aug 25 product revenue in SPS,0.00,
AUGREVENUE-38044/4,551.5,,972,A40001 - Sales Income (New),972,08/30/2025,38044/4,"Residence Inn Pearland, TX",2466,Aug 25 product revenue in SPS,,0.00
AUGREVENUE-38045/4,552,A11001 - Accounts Receivable (New),950,,#VALUE!,08/30/2025,38045/4,"Residence Inn Pearland, TX",2466,Aug 25 product revenue in SPS,0.00,
AUGREVENUE-38045/4,552.5,,972,A40001 - Sales Income (New),972,08/30/2025,38045/4,"Residence Inn Pearland, TX",2466,Aug 25 product revenue in SPS,,0.00
AUGREVENUE-38047/20,553,A11001 - Accounts Receivable (New),950,,#VALUE!,08/30/2025,38047/20,SUPREME BRIGHT ATLANTIC CITY LLC (TRIBUTE SEAHAUS),3393,Aug 25 product revenue in SPS,0.00,
AUGREVENUE-38047/20,553.5,,972,A40001 - Sales Income (New),972,08/30/2025,38047/20,SUPREME BRIGHT ATLANTIC CITY LLC (TRIBUTE SEAHAUS),3393,Aug 25 product revenue in SPS,,0.00
AUGREVENUE-38047/21,554,A11001 - Accounts Receivable (New),950,,#VALUE!,08/30/2025,38047/21,SUPREME BRIGHT ATLANTIC CITY LLC (TRIBUTE SEAHAUS),3393,Aug 25 product revenue in SPS,0.00,
AUGREVENUE-38047/21,554.5,,972,A40001 - Sales Income (New),972,08/30/2025,38047/21,SUPREME BRIGHT ATLANTIC CITY LLC (TRIBUTE SEAHAUS),3393,Aug 25 product revenue in SPS,,0.00
AUGREVENUE-38051,555,A11001 - Accounts Receivable (New),950,,#VALUE!,08/30/2025,38051,TOWNEPLACE SUITES - OKC,3273,Aug 25 product revenue in SPS,54331.65,
AUGREVENUE-38051,555.5,,972,A40001 - Sales Income (New),972,08/30/2025,38051,TOWNEPLACE SUITES - OKC,3273,Aug 25 product revenue in SPS,,54331.65
AUGREVENUE-38064/4,556,A11001 - Accounts Receivable (New),950,,#VALUE!,08/30/2025,38064/4,Hotel Beacon NYC,3348,Aug 25 product revenue in SPS,0.00,
AUGREVENUE-38064/4,556.5,,972,A40001 - Sales Income (New),972,08/30/2025,38064/4,Hotel Beacon NYC,3348,Aug 25 product revenue in SPS,,0.00
AUGREVENUE-38064/5,557,A11001 - Accounts Receivable (New),950,,#VALUE!,08/30/2025,38064/5,Hotel Beacon NYC,3348,Aug 25 product revenue in SPS,0.00,
AUGREVENUE-38064/5,557.5,,972,A40001 - Sales Income (New),972,08/30/2025,38064/5,Hotel Beacon NYC,3348,Aug 25 product revenue in SPS,,0.00
AUGREVENUE-38064/6,558,A11001 - Accounts Receivable (New),950,,#VALUE!,08/30/2025,38064/6,Hotel Beacon NYC,3348,Aug 25 product revenue in SPS,0.00,
AUGREVENUE-38064/6,558.5,,972,A40001 - Sales Income (New),972,08/30/2025,38064/6,Hotel Beacon NYC,3348,Aug 25 product revenue in SPS,,0.00
AUGREVENUE-38073/3,559,A11001 - Accounts Receivable (New),950,,#VALUE!,08/30/2025,38073/3,Hotel Beacon NYC,3348,Aug 25 product revenue in SPS,0.00,
AUGREVENUE-38073/3,559.5,,972,A40001 - Sales Income (New),972,08/30/2025,38073/3,Hotel Beacon NYC,3348,Aug 25 product revenue in SPS,,0.00
AUGREVENUE-38082/5,560,A11001 - Accounts Receivable (New),950,,#VALUE!,08/30/2025,38082/5,HIGHLAND STORES LLC-CIC,2654,Aug 25 product revenue in SPS,0.00,
AUGREVENUE-38082/5,560.5,,972,A40001 - Sales Income (New),972,08/30/2025,38082/5,HIGHLAND STORES LLC-CIC,2654,Aug 25 product revenue in SPS,,0.00
AUGREVENUE-38083/2,561,A11001 - Accounts Receivable (New),950,,#VALUE!,08/30/2025,38083/2,HIGHLAND STORES LLC-CIC,2654,Aug 25 product revenue in SPS,0.00,
AUGREVENUE-38083/2,561.5,,972,A40001 - Sales Income (New),972,08/30/2025,38083/2,HIGHLAND STORES LLC-CIC,2654,Aug 25 product revenue in SPS,,0.00
AUGREVENUE-38097/6,562,A11001 - Accounts Receivable (New),950,,#VALUE!,08/30/2025,38097/6,Ramada Plaza Resort & Suites Orlando/ MIC Hotel Corp,3556,Aug 25 product revenue in SPS,0.00,
AUGREVENUE-38097/6,562.5,,972,A40001 - Sales Income (New),972,08/30/2025,38097/6,Ramada Plaza Resort & Suites Orlando/ MIC Hotel Corp,3556,Aug 25 product revenue in SPS,,0.00
AUGREVENUE-38099/2,563,A11001 - Accounts Receivable (New),950,,#VALUE!,08/30/2025,38099/2,Milender-White,3372,Aug 25 product revenue in SPS,0.00,
AUGREVENUE-38099/2,563.5,,972,A40001 - Sales Income (New),972,08/30/2025,38099/2,Milender-White,3372,Aug 25 product revenue in SPS,,0.00
AUGREVENUE-38141/12,564,A11001 - Accounts Receivable (New),950,,#VALUE!,08/30/2025,38141/12,A-1 Clackamas LLC,1721,Aug 25 product revenue in SPS,0.00,
AUGREVENUE-38141/12,564.5,,972,A40001 - Sales Income (New),972,08/30/2025,38141/12,A-1 Clackamas LLC,1721,Aug 25 product revenue in SPS,,0.00
AUGREVENUE-38141/13,565,A11001 - Accounts Receivable (New),950,,#VALUE!,08/30/2025,38141/13,A-1 Clackamas LLC,1721,Aug 25 product revenue in SPS,0.00,
AUGREVENUE-38141/13,565.5,,972,A40001 - Sales Income (New),972,08/30/2025,38141/13,A-1 Clackamas LLC,1721,Aug 25 product revenue in SPS,,0.00
AUGREVENUE-38141/14,566,A11001 - Accounts Receivable (New),950,,#VALUE!,08/30/2025,38141/14,A-1 Clackamas LLC,1721,Aug 25 product revenue in SPS,0.00,
AUGREVENUE-38141/14,566.5,,972,A40001 - Sales Income (New),972,08/30/2025,38141/14,A-1 Clackamas LLC,1721,Aug 25 product revenue in SPS,,0.00
AUGREVENUE-38141/15,567,A11001 - Accounts Receivable (New),950,,#VALUE!,08/30/2025,38141/15,A-1 Clackamas LLC,1721,Aug 25 product revenue in SPS,0.00,
AUGREVENUE-38141/15,567.5,,972,A40001 - Sales Income (New),972,08/30/2025,38141/15,A-1 Clackamas LLC,1721,Aug 25 product revenue in SPS,,0.00
AUGREVENUE-38141/16,568,A11001 - Accounts Receivable (New),950,,#VALUE!,08/30/2025,38141/16,A-1 Clackamas LLC,1721,Aug 25 product revenue in SPS,0.00,
AUGREVENUE-38141/16,568.5,,972,A40001 - Sales Income (New),972,08/30/2025,38141/16,A-1 Clackamas LLC,1721,Aug 25 product revenue in SPS,,0.00
AUGREVENUE-38142/3,569,A11001 - Accounts Receivable (New),950,,#VALUE!,08/30/2025,38142/3,A-1 Clackamas LLC,1721,Aug 25 product revenue in SPS,0.00,
AUGREVENUE-38142/3,569.5,,972,A40001 - Sales Income (New),972,08/30/2025,38142/3,A-1 Clackamas LLC,1721,Aug 25 product revenue in SPS,,0.00
AUGREVENUE-38145/3,570,A11001 - Accounts Receivable (New),950,,#VALUE!,08/30/2025,38145/3,A-1 Clackamas LLC,1721,Aug 25 product revenue in SPS,0.00,
AUGREVENUE-38145/3,570.5,,972,A40001 - Sales Income (New),972,08/30/2025,38145/3,A-1 Clackamas LLC,1721,Aug 25 product revenue in SPS,,0.00
AUGREVENUE-38145/4,571,A11001 - Accounts Receivable (New),950,,#VALUE!,08/30/2025,38145/4,A-1 Clackamas LLC,1721,Aug 25 product revenue in SPS,0.00,
AUGREVENUE-38145/4,571.5,,972,A40001 - Sales Income (New),972,08/30/2025,38145/4,A-1 Clackamas LLC,1721,Aug 25 product revenue in SPS,,0.00
AUGREVENUE-38146/2,572,A11001 - Accounts Receivable (New),950,,#VALUE!,08/30/2025,38146/2,A-1 Clackamas LLC,1721,Aug 25 product revenue in SPS,0.00,
AUGREVENUE-38146/2,572.5,,972,A40001 - Sales Income (New),972,08/30/2025,38146/2,A-1 Clackamas LLC,1721,Aug 25 product revenue in SPS,,0.00
AUGREVENUE-38154/2,573,A11001 - Accounts Receivable (New),950,,#VALUE!,08/30/2025,38154/2,LA QUINTA SHONTO AZ,3360,Aug 25 product revenue in SPS,0.00,
AUGREVENUE-38154/2,573.5,,972,A40001 - Sales Income (New),972,08/30/2025,38154/2,LA QUINTA SHONTO AZ,3360,Aug 25 product revenue in SPS,,0.00
AUGREVENUE-38168/2,574,A11001 - Accounts Receivable (New),950,,#VALUE!,08/30/2025,38168/2,La Quinta San Antonio 1,2618,Aug 25 product revenue in SPS,0.00,
AUGREVENUE-38168/2,574.5,,972,A40001 - Sales Income (New),972,08/30/2025,38168/2,La Quinta San Antonio 1,2618,Aug 25 product revenue in SPS,,0.00
AUGREVENUE-38173/5,575,A11001 - Accounts Receivable (New),950,,#VALUE!,08/30/2025,38173/5,"ECHO SUITES /MCP Development, Inc",3329,Aug 25 product revenue in SPS,0.00,
AUGREVENUE-38173/5,575.5,,972,A40001 - Sales Income (New),972,08/30/2025,38173/5,"ECHO SUITES /MCP Development, Inc",3329,Aug 25 product revenue in SPS,,0.00
AUGREVENUE-38181/4,576,A11001 - Accounts Receivable (New),950,,#VALUE!,08/30/2025,38181/4,SWINERTON,696,Aug 25 product revenue in SPS,0.00,
AUGREVENUE-38181/4,576.5,,972,A40001 - Sales Income (New),972,08/30/2025,38181/4,SWINERTON,696,Aug 25 product revenue in SPS,,0.00
AUGREVENUE-38181/5,577,A11001 - Accounts Receivable (New),950,,#VALUE!,08/30/2025,38181/5,SWINERTON,696,Aug 25 product revenue in SPS,0.00,
AUGREVENUE-38181/5,577.5,,972,A40001 - Sales Income (New),972,08/30/2025,38181/5,SWINERTON,696,Aug 25 product revenue in SPS,,0.00
AUGREVENUE-38193/7,578,A11001 - Accounts Receivable (New),950,,#VALUE!,08/30/2025,38193/7,LQ Hawthorne Leavenworth,3412,Aug 25 product revenue in SPS,37.35,
AUGREVENUE-38193/7,578.5,,972,A40001 - Sales Income (New),972,08/30/2025,38193/7,LQ Hawthorne Leavenworth,3412,Aug 25 product revenue in SPS,,37.35
AUGREVENUE-38202/4,579,A11001 - Accounts Receivable (New),950,,#VALUE!,08/30/2025,38202/4,LQ Hawthorne Leavenworth,3412,Aug 25 product revenue in SPS,1200.00,
AUGREVENUE-38202/4,579.5,,972,A40001 - Sales Income (New),972,08/30/2025,38202/4,LQ Hawthorne Leavenworth,3412,Aug 25 product revenue in SPS,,1200.00
AUGREVENUE-38202/5,580,A11001 - Accounts Receivable (New),950,,#VALUE!,08/30/2025,38202/5,LQ Hawthorne Leavenworth,3412,Aug 25 product revenue in SPS,0.00,
AUGREVENUE-38202/5,580.5,,972,A40001 - Sales Income (New),972,08/30/2025,38202/5,LQ Hawthorne Leavenworth,3412,Aug 25 product revenue in SPS,,0.00
AUGREVENUE-38203/8,581,A11001 - Accounts Receivable (New),950,,#VALUE!,08/30/2025,38203/8,LQ Hawthorne Leavenworth,3412,Aug 25 product revenue in SPS,0.00,
AUGREVENUE-38203/8,581.5,,972,A40001 - Sales Income (New),972,08/30/2025,38203/8,LQ Hawthorne Leavenworth,3412,Aug 25 product revenue in SPS,,0.00
AUGREVENUE-38212/9,582,A11001 - Accounts Receivable (New),950,,#VALUE!,08/30/2025,38212/9,LQ Hawthorne Leavenworth,3412,Aug 25 product revenue in SPS,0.00,
AUGREVENUE-38212/9,582.5,,972,A40001 - Sales Income (New),972,08/30/2025,38212/9,LQ Hawthorne Leavenworth,3412,Aug 25 product revenue in SPS,,0.00
AUGREVENUE-38219/5,583,A11001 - Accounts Receivable (New),950,,#VALUE!,08/30/2025,38219/5,"Someshwar Motel LLC - Comfort Inn Ogallala, NE",3388,Aug 25 product revenue in SPS,0.00,
AUGREVENUE-38219/5,583.5,,972,A40001 - Sales Income (New),972,08/30/2025,38219/5,"Someshwar Motel LLC - Comfort Inn Ogallala, NE",3388,Aug 25 product revenue in SPS,,0.00
AUGREVENUE-38229,584,A11001 - Accounts Receivable (New),950,,#VALUE!,08/30/2025,38229,"ELEMENT FORTSMITH, ARKANSAS",3330,Aug 25 product revenue in SPS,0.00,
AUGREVENUE-38229,584.5,,972,A40001 - Sales Income (New),972,08/30/2025,38229,"ELEMENT FORTSMITH, ARKANSAS",3330,Aug 25 product revenue in SPS,,0.00
AUGREVENUE-38230,585,A11001 - Accounts Receivable (New),950,,#VALUE!,08/30/2025,38230,Super 8 motel - TN.,2631,Aug 25 product revenue in SPS,24119.00,
AUGREVENUE-38230,585.5,,972,A40001 - Sales Income (New),972,08/30/2025,38230,Super 8 motel - TN.,2631,Aug 25 product revenue in SPS,,24119.00
AUGREVENUE-38238/5,586,A11001 - Accounts Receivable (New),950,,#VALUE!,08/30/2025,38238/5,Hampton Inn Nashville,3338,Aug 25 product revenue in SPS,0.00,
AUGREVENUE-38238/5,586.5,,972,A40001 - Sales Income (New),972,08/30/2025,38238/5,Hampton Inn Nashville,3338,Aug 25 product revenue in SPS,,0.00
AUGREVENUE-38239/6,587,A11001 - Accounts Receivable (New),950,,#VALUE!,08/30/2025,38239/6,Hampton Inn Nashville,3338,Aug 25 product revenue in SPS,0.00,
AUGREVENUE-38239/6,587.5,,972,A40001 - Sales Income (New),972,08/30/2025,38239/6,Hampton Inn Nashville,3338,Aug 25 product revenue in SPS,,0.00
AUGREVENUE-38239/7,588,A11001 - Accounts Receivable (New),950,,#VALUE!,08/30/2025,38239/7,Hampton Inn Nashville,3338,Aug 25 product revenue in SPS,0.00,
AUGREVENUE-38239/7,588.5,,972,A40001 - Sales Income (New),972,08/30/2025,38239/7,Hampton Inn Nashville,3338,Aug 25 product revenue in SPS,,0.00
AUGREVENUE-38243/2,589,A11001 - Accounts Receivable (New),950,,#VALUE!,08/30/2025,38243/2,Body Harmony (Anthony Buck),3557,Aug 25 product revenue in SPS,0.00,
AUGREVENUE-38243/2,589.5,,972,A40001 - Sales Income (New),972,08/30/2025,38243/2,Body Harmony (Anthony Buck),3557,Aug 25 product revenue in SPS,,0.00
AUGREVENUE-38251/6,590,A11001 - Accounts Receivable (New),950,,#VALUE!,08/30/2025,38251/6,HOME2 SOMERSET,3526,Aug 25 product revenue in SPS,2494.57,
AUGREVENUE-38251/6,590.5,,972,A40001 - Sales Income (New),972,08/30/2025,38251/6,HOME2 SOMERSET,3526,Aug 25 product revenue in SPS,,2494.57
AUGREVENUE-38253/3,591,A11001 - Accounts Receivable (New),950,,#VALUE!,08/30/2025,38253/3,HOME2 SOMERSET,3526,Aug 25 product revenue in SPS,4394.05,
AUGREVENUE-38253/3,591.5,,972,A40001 - Sales Income (New),972,08/30/2025,38253/3,HOME2 SOMERSET,3526,Aug 25 product revenue in SPS,,4394.05
AUGREVENUE-38254,592,A11001 - Accounts Receivable (New),950,,#VALUE!,08/30/2025,38254,HOME2 SOMERSET,3526,Aug 25 product revenue in SPS,70206.00,
AUGREVENUE-38254,592.5,,972,A40001 - Sales Income (New),972,08/30/2025,38254,HOME2 SOMERSET,3526,Aug 25 product revenue in SPS,,70206.00
AUGREVENUE-38256/2,593,A11001 - Accounts Receivable (New),950,,#VALUE!,08/30/2025,38256/2,HOME2 SOMERSET,3526,Aug 25 product revenue in SPS,268894.41,
AUGREVENUE-38256/2,593.5,,972,A40001 - Sales Income (New),972,08/30/2025,38256/2,HOME2 SOMERSET,3526,Aug 25 product revenue in SPS,,268894.41
AUGREVENUE-38257/2,594,A11001 - Accounts Receivable (New),950,,#VALUE!,08/30/2025,38257/2,HOME2 SOMERSET,3526,Aug 25 product revenue in SPS,32981.75,
AUGREVENUE-38257/2,594.5,,972,A40001 - Sales Income (New),972,08/30/2025,38257/2,HOME2 SOMERSET,3526,Aug 25 product revenue in SPS,,32981.75
AUGREVENUE-38258/3,595,A11001 - Accounts Receivable (New),950,,#VALUE!,08/30/2025,38258/3,HOME2 SOMERSET,3526,Aug 25 product revenue in SPS,72633.99,
AUGREVENUE-38258/3,595.5,,972,A40001 - Sales Income (New),972,08/30/2025,38258/3,HOME2 SOMERSET,3526,Aug 25 product revenue in SPS,,72633.99
AUGREVENUE-38258/4,596,A11001 - Accounts Receivable (New),950,,#VALUE!,08/30/2025,38258/4,HOME2 SOMERSET,3526,Aug 25 product revenue in SPS,0.00,
AUGREVENUE-38258/4,596.5,,972,A40001 - Sales Income (New),972,08/30/2025,38258/4,HOME2 SOMERSET,3526,Aug 25 product revenue in SPS,,0.00
AUGREVENUE-38259/3,597,A11001 - Accounts Receivable (New),950,,#VALUE!,08/30/2025,38259/3,HOME2 SOMERSET,3526,Aug 25 product revenue in SPS,2754.29,
AUGREVENUE-38259/3,597.5,,972,A40001 - Sales Income (New),972,08/30/2025,38259/3,HOME2 SOMERSET,3526,Aug 25 product revenue in SPS,,2754.29
AUGREVENUE-38259/4,598,A11001 - Accounts Receivable (New),950,,#VALUE!,08/30/2025,38259/4,HOME2 SOMERSET,3526,Aug 25 product revenue in SPS,0.00,
AUGREVENUE-38259/4,598.5,,972,A40001 - Sales Income (New),972,08/30/2025,38259/4,HOME2 SOMERSET,3526,Aug 25 product revenue in SPS,,0.00
AUGREVENUE-38263,599,A11001 - Accounts Receivable (New),950,,#VALUE!,08/30/2025,38263,HOME2 SOMERSET,3526,Aug 25 product revenue in SPS,1203.22,
AUGREVENUE-38263,599.5,,972,A40001 - Sales Income (New),972,08/30/2025,38263,HOME2 SOMERSET,3526,Aug 25 product revenue in SPS,,1203.22
AUGREVENUE-38263/2,600,A11001 - Accounts Receivable (New),950,,#VALUE!,08/30/2025,38263/2,HOME2 SOMERSET,3526,Aug 25 product revenue in SPS,0.00,
AUGREVENUE-38263/2,600.5,,972,A40001 - Sales Income (New),972,08/30/2025,38263/2,HOME2 SOMERSET,3526,Aug 25 product revenue in SPS,,0.00
AUGREVENUE-38264/4,601,A11001 - Accounts Receivable (New),950,,#VALUE!,08/30/2025,38264/4,HOME2 SOMERSET,3526,Aug 25 product revenue in SPS,0.00,
AUGREVENUE-38264/4,601.5,,972,A40001 - Sales Income (New),972,08/30/2025,38264/4,HOME2 SOMERSET,3526,Aug 25 product revenue in SPS,,0.00
AUGREVENUE-38265,602,A11001 - Accounts Receivable (New),950,,#VALUE!,08/30/2025,38265,HOME2 SOMERSET,3526,Aug 25 product revenue in SPS,21741.00,
AUGREVENUE-38265,602.5,,972,A40001 - Sales Income (New),972,08/30/2025,38265,HOME2 SOMERSET,3526,Aug 25 product revenue in SPS,,21741.00
AUGREVENUE-38266,603,A11001 - Accounts Receivable (New),950,,#VALUE!,08/30/2025,38266,HOME2 SOMERSET,3526,Aug 25 product revenue in SPS,21848.11,
AUGREVENUE-38266,603.5,,972,A40001 - Sales Income (New),972,08/30/2025,38266,HOME2 SOMERSET,3526,Aug 25 product revenue in SPS,,21848.11
AUGREVENUE-38273/16,604,A11001 - Accounts Receivable (New),950,,#VALUE!,08/30/2025,38273/16,"Las Vegas Resort Holdings, LLC",3368,Aug 25 product revenue in SPS,0.00,
AUGREVENUE-38273/16,604.5,,972,A40001 - Sales Income (New),972,08/30/2025,38273/16,"Las Vegas Resort Holdings, LLC",3368,Aug 25 product revenue in SPS,,0.00
AUGREVENUE-38273/17,605,A11001 - Accounts Receivable (New),950,,#VALUE!,08/30/2025,38273/17,"Las Vegas Resort Holdings, LLC",3368,Aug 25 product revenue in SPS,0.00,
AUGREVENUE-38273/17,605.5,,972,A40001 - Sales Income (New),972,08/30/2025,38273/17,"Las Vegas Resort Holdings, LLC",3368,Aug 25 product revenue in SPS,,0.00
AUGREVENUE-38278/5,606,A11001 - Accounts Receivable (New),950,,#VALUE!,08/30/2025,38278/5,Innovation Hospitality Purveyors,2587,Aug 25 product revenue in SPS,0.00,
AUGREVENUE-38278/5,606.5,,972,A40001 - Sales Income (New),972,08/30/2025,38278/5,Innovation Hospitality Purveyors,2587,Aug 25 product revenue in SPS,,0.00
AUGREVENUE-38282/11,607,A11001 - Accounts Receivable (New),950,,#VALUE!,08/30/2025,38282/11,Fairfield Inn Gadsden AL,3333,Aug 25 product revenue in SPS,0.00,
AUGREVENUE-38282/11,607.5,,972,A40001 - Sales Income (New),972,08/30/2025,38282/11,Fairfield Inn Gadsden AL,3333,Aug 25 product revenue in SPS,,0.00
AUGREVENUE-38296/5,608,A11001 - Accounts Receivable (New),950,,#VALUE!,08/30/2025,38296/5,"Residence Inn Indianapolis,IN",2609,Aug 25 product revenue in SPS,0.00,
AUGREVENUE-38296/5,608.5,,972,A40001 - Sales Income (New),972,08/30/2025,38296/5,"Residence Inn Indianapolis,IN",2609,Aug 25 product revenue in SPS,,0.00
AUGREVENUE-38296/6,609,A11001 - Accounts Receivable (New),950,,#VALUE!,08/30/2025,38296/6,"Residence Inn Indianapolis,IN",2609,Aug 25 product revenue in SPS,0.00,
AUGREVENUE-38296/6,609.5,,972,A40001 - Sales Income (New),972,08/30/2025,38296/6,"Residence Inn Indianapolis,IN",2609,Aug 25 product revenue in SPS,,0.00
AUGREVENUE-38297/3,610,A11001 - Accounts Receivable (New),950,,#VALUE!,08/30/2025,38297/3,"Chesterfield Hospitality, Inc.",1558,Aug 25 product revenue in SPS,0.00,
AUGREVENUE-38297/3,610.5,,972,A40001 - Sales Income (New),972,08/30/2025,38297/3,"Chesterfield Hospitality, Inc.",1558,Aug 25 product revenue in SPS,,0.00
AUGREVENUE-38299/5,611,A11001 - Accounts Receivable (New),950,,#VALUE!,08/30/2025,38299/5,"Chesterfield Hospitality, Inc.",1558,Aug 25 product revenue in SPS,0.00,
AUGREVENUE-38299/5,611.5,,972,A40001 - Sales Income (New),972,08/30/2025,38299/5,"Chesterfield Hospitality, Inc.",1558,Aug 25 product revenue in SPS,,0.00
AUGREVENUE-38305/8,612,A11001 - Accounts Receivable (New),950,,#VALUE!,08/30/2025,38305/8,"Chesterfield Hospitality, Inc.",1558,Aug 25 product revenue in SPS,0.00,
AUGREVENUE-38305/8,612.5,,972,A40001 - Sales Income (New),972,08/30/2025,38305/8,"Chesterfield Hospitality, Inc.",1558,Aug 25 product revenue in SPS,,0.00
AUGREVENUE-38305/9,613,A11001 - Accounts Receivable (New),950,,#VALUE!,08/30/2025,38305/9,"Chesterfield Hospitality, Inc.",1558,Aug 25 product revenue in SPS,0.00,
AUGREVENUE-38305/9,613.5,,972,A40001 - Sales Income (New),972,08/30/2025,38305/9,"Chesterfield Hospitality, Inc.",1558,Aug 25 product revenue in SPS,,0.00
AUGREVENUE-38318/2,614,A11001 - Accounts Receivable (New),950,,#VALUE!,08/30/2025,38318/2,CPNA Management & Services Inc.,502,Aug 25 product revenue in SPS,0.00,
AUGREVENUE-38318/2,614.5,,972,A40001 - Sales Income (New),972,08/30/2025,38318/2,CPNA Management & Services Inc.,502,Aug 25 product revenue in SPS,,0.00
AUGREVENUE-38327/10,615,A11001 - Accounts Receivable (New),950,,#VALUE!,08/30/2025,38327/10,"Residence Inn Pearland, TX",2466,Aug 25 product revenue in SPS,0.00,
AUGREVENUE-38327/10,615.5,,972,A40001 - Sales Income (New),972,08/30/2025,38327/10,"Residence Inn Pearland, TX",2466,Aug 25 product revenue in SPS,,0.00
AUGREVENUE-38329/3,616,A11001 - Accounts Receivable (New),950,,#VALUE!,08/30/2025,38329/3,"Residence Inn Pearland, TX",2466,Aug 25 product revenue in SPS,0.00,
AUGREVENUE-38329/3,616.5,,972,A40001 - Sales Income (New),972,08/30/2025,38329/3,"Residence Inn Pearland, TX",2466,Aug 25 product revenue in SPS,,0.00
AUGREVENUE-38331/3,617,A11001 - Accounts Receivable (New),950,,#VALUE!,08/30/2025,38331/3,"Residence Inn Pearland, TX",2466,Aug 25 product revenue in SPS,0.00,
AUGREVENUE-38331/3,617.5,,972,A40001 - Sales Income (New),972,08/30/2025,38331/3,"Residence Inn Pearland, TX",2466,Aug 25 product revenue in SPS,,0.00
AUGREVENUE-38359/3,618,A11001 - Accounts Receivable (New),950,,#VALUE!,08/30/2025,38359/3,Ascent Hospitality- Autograph Huntsville,3318,Aug 25 product revenue in SPS,32435.98,
AUGREVENUE-38359/3,618.5,,972,A40001 - Sales Income (New),972,08/30/2025,38359/3,Ascent Hospitality- Autograph Huntsville,3318,Aug 25 product revenue in SPS,,32435.98
AUGREVENUE-38360/2,619,A11001 - Accounts Receivable (New),950,,#VALUE!,08/30/2025,38360/2,Ascent Hospitality- Autograph Huntsville,3318,Aug 25 product revenue in SPS,0.00,
AUGREVENUE-38360/2,619.5,,972,A40001 - Sales Income (New),972,08/30/2025,38360/2,Ascent Hospitality- Autograph Huntsville,3318,Aug 25 product revenue in SPS,,0.00
AUGREVENUE-38363/3,620,A11001 - Accounts Receivable (New),950,,#VALUE!,08/30/2025,38363/3,Ascent Hospitality- Autograph Huntsville,3318,Aug 25 product revenue in SPS,0.00,
AUGREVENUE-38363/3,620.5,,972,A40001 - Sales Income (New),972,08/30/2025,38363/3,Ascent Hospitality- Autograph Huntsville,3318,Aug 25 product revenue in SPS,,0.00
AUGREVENUE-38366/5,621,A11001 - Accounts Receivable (New),950,,#VALUE!,08/30/2025,38366/5,Ascent Hospitality- Autograph Huntsville,3318,Aug 25 product revenue in SPS,0.00,
AUGREVENUE-38366/5,621.5,,972,A40001 - Sales Income (New),972,08/30/2025,38366/5,Ascent Hospitality- Autograph Huntsville,3318,Aug 25 product revenue in SPS,,0.00
AUGREVENUE-38373/11,622,A11001 - Accounts Receivable (New),950,,#VALUE!,08/30/2025,38373/11,Ascent hospitality Home2 Suites Fairburn GA,3316,Aug 25 product revenue in SPS,0.00,
AUGREVENUE-38373/11,622.5,,972,A40001 - Sales Income (New),972,08/30/2025,38373/11,Ascent hospitality Home2 Suites Fairburn GA,3316,Aug 25 product revenue in SPS,,0.00
AUGREVENUE-38376/2,623,A11001 - Accounts Receivable (New),950,,#VALUE!,08/30/2025,38376/2,"La Quinta Hawthorn - Miamisburg, OH",3358,Aug 25 product revenue in SPS,0.00,
AUGREVENUE-38376/2,623.5,,972,A40001 - Sales Income (New),972,08/30/2025,38376/2,"La Quinta Hawthorn - Miamisburg, OH",3358,Aug 25 product revenue in SPS,,0.00
AUGREVENUE-38396/2,624,A11001 - Accounts Receivable (New),950,,#VALUE!,08/30/2025,38396/2,Auburn Hospitality Group,1548,Aug 25 product revenue in SPS,0.00,
AUGREVENUE-38396/2,624.5,,972,A40001 - Sales Income (New),972,08/30/2025,38396/2,Auburn Hospitality Group,1548,Aug 25 product revenue in SPS,,0.00
AUGREVENUE-38403/7,625,A11001 - Accounts Receivable (New),950,,#VALUE!,08/30/2025,38403/7,Auburn Hospitality Group,1548,Aug 25 product revenue in SPS,0.00,
AUGREVENUE-38403/7,625.5,,972,A40001 - Sales Income (New),972,08/30/2025,38403/7,Auburn Hospitality Group,1548,Aug 25 product revenue in SPS,,0.00
AUGREVENUE-38411/3,626,A11001 - Accounts Receivable (New),950,,#VALUE!,08/30/2025,38411/3,Fairfield Denver,3331,Aug 25 product revenue in SPS,0.00,
AUGREVENUE-38411/3,626.5,,972,A40001 - Sales Income (New),972,08/30/2025,38411/3,Fairfield Denver,3331,Aug 25 product revenue in SPS,,0.00
AUGREVENUE-38412/6,627,A11001 - Accounts Receivable (New),950,,#VALUE!,08/30/2025,38412/6,Fairfield Denver,3331,Aug 25 product revenue in SPS,0.00,
AUGREVENUE-38412/6,627.5,,972,A40001 - Sales Income (New),972,08/30/2025,38412/6,Fairfield Denver,3331,Aug 25 product revenue in SPS,,0.00
AUGREVENUE-38419/10,628,A11001 - Accounts Receivable (New),950,,#VALUE!,08/30/2025,38419/10,Fairfield Denver,3331,Aug 25 product revenue in SPS,0.00,
AUGREVENUE-38419/10,628.5,,972,A40001 - Sales Income (New),972,08/30/2025,38419/10,Fairfield Denver,3331,Aug 25 product revenue in SPS,,0.00
AUGREVENUE-38419/11,629,A11001 - Accounts Receivable (New),950,,#VALUE!,08/30/2025,38419/11,Fairfield Denver,3331,Aug 25 product revenue in SPS,0.00,
AUGREVENUE-38419/11,629.5,,972,A40001 - Sales Income (New),972,08/30/2025,38419/11,Fairfield Denver,3331,Aug 25 product revenue in SPS,,0.00
AUGREVENUE-38422/3,630,A11001 - Accounts Receivable (New),950,,#VALUE!,08/30/2025,38422/3,Fairfield Denver,3331,Aug 25 product revenue in SPS,0.00,
AUGREVENUE-38422/3,630.5,,972,A40001 - Sales Income (New),972,08/30/2025,38422/3,Fairfield Denver,3331,Aug 25 product revenue in SPS,,0.00
AUGREVENUE-38422/4,631,A11001 - Accounts Receivable (New),950,,#VALUE!,08/30/2025,38422/4,Fairfield Denver,3331,Aug 25 product revenue in SPS,0.00,
AUGREVENUE-38422/4,631.5,,972,A40001 - Sales Income (New),972,08/30/2025,38422/4,Fairfield Denver,3331,Aug 25 product revenue in SPS,,0.00
AUGREVENUE-38443/2,632,A11001 - Accounts Receivable (New),950,,#VALUE!,08/30/2025,38443/2,Quality Inn Del Valle,2626,Aug 25 product revenue in SPS,0.00,
AUGREVENUE-38443/2,632.5,,972,A40001 - Sales Income (New),972,08/30/2025,38443/2,Quality Inn Del Valle,2626,Aug 25 product revenue in SPS,,0.00
AUGREVENUE-38445/2,633,A11001 - Accounts Receivable (New),950,,#VALUE!,08/30/2025,38445/2,Hampton Inn Rosenberg,2520,Aug 25 product revenue in SPS,0.00,
AUGREVENUE-38445/2,633.5,,972,A40001 - Sales Income (New),972,08/30/2025,38445/2,Hampton Inn Rosenberg,2520,Aug 25 product revenue in SPS,,0.00
AUGREVENUE-38478/5,634,A11001 - Accounts Receivable (New),950,,#VALUE!,08/30/2025,38478/5,Ascent Hospitality- Autograph Huntsville,3318,Aug 25 product revenue in SPS,0.00,
AUGREVENUE-38478/5,634.5,,972,A40001 - Sales Income (New),972,08/30/2025,38478/5,Ascent Hospitality- Autograph Huntsville,3318,Aug 25 product revenue in SPS,,0.00
AUGREVENUE-38521/5,635,A11001 - Accounts Receivable (New),950,,#VALUE!,08/30/2025,38521/5,Mitch Cox Construction,2399,Aug 25 product revenue in SPS,0.00,
AUGREVENUE-38521/5,635.5,,972,A40001 - Sales Income (New),972,08/30/2025,38521/5,Mitch Cox Construction,2399,Aug 25 product revenue in SPS,,0.00
AUGREVENUE-38543/5,636,A11001 - Accounts Receivable (New),950,,#VALUE!,08/30/2025,38543/5,Ramada Plaza Resort & Suites Orlando/ MIC Hotel Corp,3556,Aug 25 product revenue in SPS,0.00,
AUGREVENUE-38543/5,636.5,,972,A40001 - Sales Income (New),972,08/30/2025,38543/5,Ramada Plaza Resort & Suites Orlando/ MIC Hotel Corp,3556,Aug 25 product revenue in SPS,,0.00
AUGREVENUE-38546,637,A11001 - Accounts Receivable (New),950,,#VALUE!,08/30/2025,38546,Northlake Innkeepers I Ltd.,3375,Aug 25 product revenue in SPS,42122.14,
AUGREVENUE-38546,637.5,,972,A40001 - Sales Income (New),972,08/30/2025,38546,Northlake Innkeepers I Ltd.,3375,Aug 25 product revenue in SPS,,42122.14
AUGREVENUE-38555/10,638,A11001 - Accounts Receivable (New),950,,#VALUE!,08/30/2025,38555/10,Springhill Greensboro NC,2450,Aug 25 product revenue in SPS,0.00,
AUGREVENUE-38555/10,638.5,,972,A40001 - Sales Income (New),972,08/30/2025,38555/10,Springhill Greensboro NC,2450,Aug 25 product revenue in SPS,,0.00
AUGREVENUE-38565/9,639,A11001 - Accounts Receivable (New),950,,#VALUE!,08/30/2025,38565/9,Mesquite Gaming,1554,Aug 25 product revenue in SPS,0.00,
AUGREVENUE-38565/9,639.5,,972,A40001 - Sales Income (New),972,08/30/2025,38565/9,Mesquite Gaming,1554,Aug 25 product revenue in SPS,,0.00
AUGREVENUE-38567/2,640,A11001 - Accounts Receivable (New),950,,#VALUE!,08/30/2025,38567/2,Mesquite Gaming,1554,Aug 25 product revenue in SPS,0.00,
AUGREVENUE-38567/2,640.5,,972,A40001 - Sales Income (New),972,08/30/2025,38567/2,Mesquite Gaming,1554,Aug 25 product revenue in SPS,,0.00
AUGREVENUE-38576/2,641,A11001 - Accounts Receivable (New),950,,#VALUE!,08/30/2025,38576/2,Mesquite Gaming,1554,Aug 25 product revenue in SPS,0.00,
AUGREVENUE-38576/2,641.5,,972,A40001 - Sales Income (New),972,08/30/2025,38576/2,Mesquite Gaming,1554,Aug 25 product revenue in SPS,,0.00
AUGREVENUE-38577/5,642,A11001 - Accounts Receivable (New),950,,#VALUE!,08/30/2025,38577/5,Mesquite Gaming,1554,Aug 25 product revenue in SPS,0.00,
AUGREVENUE-38577/5,642.5,,972,A40001 - Sales Income (New),972,08/30/2025,38577/5,Mesquite Gaming,1554,Aug 25 product revenue in SPS,,0.00
AUGREVENUE-38580/2,643,A11001 - Accounts Receivable (New),950,,#VALUE!,08/30/2025,38580/2,Mesquite Gaming,1554,Aug 25 product revenue in SPS,0.00,
AUGREVENUE-38580/2,643.5,,972,A40001 - Sales Income (New),972,08/30/2025,38580/2,Mesquite Gaming,1554,Aug 25 product revenue in SPS,,0.00
AUGREVENUE-38587/4,644,A11001 - Accounts Receivable (New),950,,#VALUE!,08/30/2025,38587/4,Wingate by Wyndham Pueblo CO.,2491,Aug 25 product revenue in SPS,0.00,
AUGREVENUE-38587/4,644.5,,972,A40001 - Sales Income (New),972,08/30/2025,38587/4,Wingate by Wyndham Pueblo CO.,2491,Aug 25 product revenue in SPS,,0.00
AUGREVENUE-38587/5,645,A11001 - Accounts Receivable (New),950,,#VALUE!,08/30/2025,38587/5,Wingate by Wyndham Pueblo CO.,2491,Aug 25 product revenue in SPS,0.00,
AUGREVENUE-38587/5,645.5,,972,A40001 - Sales Income (New),972,08/30/2025,38587/5,Wingate by Wyndham Pueblo CO.,2491,Aug 25 product revenue in SPS,,0.00
AUGREVENUE-38612/2,646,A11001 - Accounts Receivable (New),950,,#VALUE!,08/30/2025,38612/2,LAQUINTA TRINIDAD CO,2707,Aug 25 product revenue in SPS,0.00,
AUGREVENUE-38612/2,646.5,,972,A40001 - Sales Income (New),972,08/30/2025,38612/2,LAQUINTA TRINIDAD CO,2707,Aug 25 product revenue in SPS,,0.00
AUGREVENUE-38628/10,647,A11001 - Accounts Receivable (New),950,,#VALUE!,08/30/2025,38628/10,La Quinta Auburn AL,2171,Aug 25 product revenue in SPS,0.00,
AUGREVENUE-38628/10,647.5,,972,A40001 - Sales Income (New),972,08/30/2025,38628/10,La Quinta Auburn AL,2171,Aug 25 product revenue in SPS,,0.00
AUGREVENUE-38628/9,648,A11001 - Accounts Receivable (New),950,,#VALUE!,08/30/2025,38628/9,La Quinta Auburn AL,2171,Aug 25 product revenue in SPS,0.00,
AUGREVENUE-38628/9,648.5,,972,A40001 - Sales Income (New),972,08/30/2025,38628/9,La Quinta Auburn AL,2171,Aug 25 product revenue in SPS,,0.00
AUGREVENUE-38630/23,649,A11001 - Accounts Receivable (New),950,,#VALUE!,08/30/2025,38630/23,Ascent Hospitality- Autograph Huntsville,3318,Aug 25 product revenue in SPS,0.00,
AUGREVENUE-38630/23,649.5,,972,A40001 - Sales Income (New),972,08/30/2025,38630/23,Ascent Hospitality- Autograph Huntsville,3318,Aug 25 product revenue in SPS,,0.00
AUGREVENUE-38630/24,650,A11001 - Accounts Receivable (New),950,,#VALUE!,08/30/2025,38630/24,Ascent Hospitality- Autograph Huntsville,3318,Aug 25 product revenue in SPS,0.00,
AUGREVENUE-38630/24,650.5,,972,A40001 - Sales Income (New),972,08/30/2025,38630/24,Ascent Hospitality- Autograph Huntsville,3318,Aug 25 product revenue in SPS,,0.00
AUGREVENUE-38630/25,651,A11001 - Accounts Receivable (New),950,,#VALUE!,08/30/2025,38630/25,Ascent Hospitality- Autograph Huntsville,3318,Aug 25 product revenue in SPS,0.00,
AUGREVENUE-38630/25,651.5,,972,A40001 - Sales Income (New),972,08/30/2025,38630/25,Ascent Hospitality- Autograph Huntsville,3318,Aug 25 product revenue in SPS,,0.00
AUGREVENUE-38630/26,652,A11001 - Accounts Receivable (New),950,,#VALUE!,08/30/2025,38630/26,Ascent Hospitality- Autograph Huntsville,3318,Aug 25 product revenue in SPS,0.00,
AUGREVENUE-38630/26,652.5,,972,A40001 - Sales Income (New),972,08/30/2025,38630/26,Ascent Hospitality- Autograph Huntsville,3318,Aug 25 product revenue in SPS,,0.00
AUGREVENUE-38636/2,653,A11001 - Accounts Receivable (New),950,,#VALUE!,08/30/2025,38636/2,"HFD HAWTHORN/LA QUINTA, MEBANE, NC",2623,Aug 25 product revenue in SPS,0.00,
AUGREVENUE-38636/2,653.5,,972,A40001 - Sales Income (New),972,08/30/2025,38636/2,"HFD HAWTHORN/LA QUINTA, MEBANE, NC",2623,Aug 25 product revenue in SPS,,0.00
AUGREVENUE-38637/3,654,A11001 - Accounts Receivable (New),950,,#VALUE!,08/30/2025,38637/3,Hampton Inn Nashville,3338,Aug 25 product revenue in SPS,185760.69,
AUGREVENUE-38637/3,654.5,,972,A40001 - Sales Income (New),972,08/30/2025,38637/3,Hampton Inn Nashville,3338,Aug 25 product revenue in SPS,,185760.69
AUGREVENUE-38651,655,A11001 - Accounts Receivable (New),950,,#VALUE!,08/30/2025,38651,Nancy Paolino,2702,Aug 25 product revenue in SPS,6400.00,
AUGREVENUE-38651,655.5,,972,A40001 - Sales Income (New),972,08/30/2025,38651,Nancy Paolino,2702,Aug 25 product revenue in SPS,,6400.00
AUGREVENUE-38654/2,656,A11001 - Accounts Receivable (New),950,,#VALUE!,08/30/2025,38654/2,Finecraft Contractors,1711,Aug 25 product revenue in SPS,0.00,
AUGREVENUE-38654/2,656.5,,972,A40001 - Sales Income (New),972,08/30/2025,38654/2,Finecraft Contractors,1711,Aug 25 product revenue in SPS,,0.00
AUGREVENUE-38671/6,657,A11001 - Accounts Receivable (New),950,,#VALUE!,08/30/2025,38671/6,Monsoon Flower LLC,1720,Aug 25 product revenue in SPS,55417.46,
AUGREVENUE-38671/6,657.5,,972,A40001 - Sales Income (New),972,08/30/2025,38671/6,Monsoon Flower LLC,1720,Aug 25 product revenue in SPS,,55417.46
AUGREVENUE-38671/7,658,A11001 - Accounts Receivable (New),950,,#VALUE!,08/30/2025,38671/7,Monsoon Flower LLC,1720,Aug 25 product revenue in SPS,0.00,
AUGREVENUE-38671/7,658.5,,972,A40001 - Sales Income (New),972,08/30/2025,38671/7,Monsoon Flower LLC,1720,Aug 25 product revenue in SPS,,0.00
AUGREVENUE-38672/2,659,A11001 - Accounts Receivable (New),950,,#VALUE!,08/30/2025,38672/2,"Someshwar Motel LLC - Comfort Inn Ogallala, NE",3388,Aug 25 product revenue in SPS,0.00,
AUGREVENUE-38672/2,659.5,,972,A40001 - Sales Income (New),972,08/30/2025,38672/2,"Someshwar Motel LLC - Comfort Inn Ogallala, NE",3388,Aug 25 product revenue in SPS,,0.00
AUGREVENUE-38672/3,660,A11001 - Accounts Receivable (New),950,,#VALUE!,08/30/2025,38672/3,"Someshwar Motel LLC - Comfort Inn Ogallala, NE",3388,Aug 25 product revenue in SPS,0.00,
AUGREVENUE-38672/3,660.5,,972,A40001 - Sales Income (New),972,08/30/2025,38672/3,"Someshwar Motel LLC - Comfort Inn Ogallala, NE",3388,Aug 25 product revenue in SPS,,0.00
AUGREVENUE-38738/2,661,A11001 - Accounts Receivable (New),950,,#VALUE!,08/30/2025,38738/2,Auburn Hospitality Group,1548,Aug 25 product revenue in SPS,0.00,
AUGREVENUE-38738/2,661.5,,972,A40001 - Sales Income (New),972,08/30/2025,38738/2,Auburn Hospitality Group,1548,Aug 25 product revenue in SPS,,0.00
AUGREVENUE-38740/2,662,A11001 - Accounts Receivable (New),950,,#VALUE!,08/30/2025,38740/2,"Residence Inn Pearland, TX",2466,Aug 25 product revenue in SPS,0.00,
AUGREVENUE-38740/2,662.5,,972,A40001 - Sales Income (New),972,08/30/2025,38740/2,"Residence Inn Pearland, TX",2466,Aug 25 product revenue in SPS,,0.00
AUGREVENUE-38747/14,663,A11001 - Accounts Receivable (New),950,,#VALUE!,08/30/2025,38747/14,Ascent Hospitality- Autograph Huntsville,3318,Aug 25 product revenue in SPS,0.00,
AUGREVENUE-38747/14,663.5,,972,A40001 - Sales Income (New),972,08/30/2025,38747/14,Ascent Hospitality- Autograph Huntsville,3318,Aug 25 product revenue in SPS,,0.00
AUGREVENUE-38754/3,664,A11001 - Accounts Receivable (New),950,,#VALUE!,08/30/2025,38754/3,Hawthorne Suites- Alpine WY,2710,Aug 25 product revenue in SPS,0.00,
AUGREVENUE-38754/3,664.5,,972,A40001 - Sales Income (New),972,08/30/2025,38754/3,Hawthorne Suites- Alpine WY,2710,Aug 25 product revenue in SPS,,0.00
AUGREVENUE-38755/4,665,A11001 - Accounts Receivable (New),950,,#VALUE!,08/30/2025,38755/4,Springhill Greensboro NC,2450,Aug 25 product revenue in SPS,0.00,
AUGREVENUE-38755/4,665.5,,972,A40001 - Sales Income (New),972,08/30/2025,38755/4,Springhill Greensboro NC,2450,Aug 25 product revenue in SPS,,0.00
AUGREVENUE-38791,666,A11001 - Accounts Receivable (New),950,,#VALUE!,08/30/2025,38791,Floor Source,2307,Aug 25 product revenue in SPS,3128.97,
AUGREVENUE-38791,666.5,,972,A40001 - Sales Income (New),972,08/30/2025,38791,Floor Source,2307,Aug 25 product revenue in SPS,,3128.97
AUGREVENUE-38806,667,A11001 - Accounts Receivable (New),950,,#VALUE!,08/30/2025,38806,MCP Group,596,Aug 25 product revenue in SPS,90040.00,
AUGREVENUE-38806,667.5,,972,A40001 - Sales Income (New),972,08/30/2025,38806,MCP Group,596,Aug 25 product revenue in SPS,,90040.00
AUGREVENUE-38817,668,A11001 - Accounts Receivable (New),950,,#VALUE!,08/30/2025,38817,E&S Flooring LLC,524,Aug 25 product revenue in SPS,3338.15,
AUGREVENUE-38817,668.5,,972,A40001 - Sales Income (New),972,08/30/2025,38817,E&S Flooring LLC,524,Aug 25 product revenue in SPS,,3338.15
AUGREVENUE-38834,669,A11001 - Accounts Receivable (New),950,,#VALUE!,08/30/2025,38834,"Supreme Bright Albuquerque I, LLC",2537,Aug 25 product revenue in SPS,29900.00,
AUGREVENUE-38834,669.5,,972,A40001 - Sales Income (New),972,08/30/2025,38834,"Supreme Bright Albuquerque I, LLC",2537,Aug 25 product revenue in SPS,,29900.00
AUGREVENUE-38839,670,A11001 - Accounts Receivable (New),950,,#VALUE!,08/30/2025,38839,Intertech Flooring,2191,Aug 25 product revenue in SPS,1498.38,
AUGREVENUE-38839,670.5,,972,A40001 - Sales Income (New),972,08/30/2025,38839,Intertech Flooring,2191,Aug 25 product revenue in SPS,,1498.38
AUGREVENUE-38846,671,A11001 - Accounts Receivable (New),950,,#VALUE!,08/30/2025,38846,Contractors Tiles Plus,498,Aug 25 product revenue in SPS,5544.58,
AUGREVENUE-38846,671.5,,972,A40001 - Sales Income (New),972,08/30/2025,38846,Contractors Tiles Plus,498,Aug 25 product revenue in SPS,,5544.58
AUGREVENUE-38850,672,A11001 - Accounts Receivable (New),950,,#VALUE!,08/30/2025,38850,CAMARATA MASONRY SYSTEMS,487,Aug 25 product revenue in SPS,30081.78,
AUGREVENUE-38850,672.5,,972,A40001 - Sales Income (New),972,08/30/2025,38850,CAMARATA MASONRY SYSTEMS,487,Aug 25 product revenue in SPS,,30081.78
AUGREVENUE-38874,673,A11001 - Accounts Receivable (New),950,,#VALUE!,08/30/2025,38874,AQUATERRA OUTDOORS,454,Aug 25 product revenue in SPS,705.25,
AUGREVENUE-38874,673.5,,972,A40001 - Sales Income (New),972,08/30/2025,38874,AQUATERRA OUTDOORS,454,Aug 25 product revenue in SPS,,705.25
AUGREVENUE-38889,674,A11001 - Accounts Receivable (New),950,,#VALUE!,08/30/2025,38889,"Residence Inn Pearland, TX",2466,Aug 25 product revenue in SPS,2080.03,
AUGREVENUE-38889,674.5,,972,A40001 - Sales Income (New),972,08/30/2025,38889,"Residence Inn Pearland, TX",2466,Aug 25 product revenue in SPS,,2080.03
AUGREVENUE-38953,675,A11001 - Accounts Receivable (New),950,,#VALUE!,08/30/2025,38953,Floor Source,2307,Aug 25 product revenue in SPS,2254.28,
AUGREVENUE-38953,675.5,,972,A40001 - Sales Income (New),972,08/30/2025,38953,Floor Source,2307,Aug 25 product revenue in SPS,,2254.28
AUGREVENUE-38954,676,A11001 - Accounts Receivable (New),950,,#VALUE!,08/30/2025,38954,SET Floors,933,Aug 25 product revenue in SPS,10400.00,
AUGREVENUE-38954,676.5,,972,A40001 - Sales Income (New),972,08/30/2025,38954,SET Floors,933,Aug 25 product revenue in SPS,,10400.00
AUGREVENUE-38970,677,A11001 - Accounts Receivable (New),950,,#VALUE!,08/30/2025,38970,Landrys,2499,Aug 25 product revenue in SPS,127.68,
AUGREVENUE-38970,677.5,,972,A40001 - Sales Income (New),972,08/30/2025,38970,Landrys,2499,Aug 25 product revenue in SPS,,127.68
AUGREVENUE-38981,678,A11001 - Accounts Receivable (New),950,,#VALUE!,08/30/2025,38981,Floor Source,2307,Aug 25 product revenue in SPS,793.26,
AUGREVENUE-38981,678.5,,972,A40001 - Sales Income (New),972,08/30/2025,38981,Floor Source,2307,Aug 25 product revenue in SPS,,793.26
AUGREVENUE-38983,679,A11001 - Accounts Receivable (New),950,,#VALUE!,08/30/2025,38983,Graniti Vicentia,1938,Aug 25 product revenue in SPS,23686.73,
AUGREVENUE-38983,679.5,,972,A40001 - Sales Income (New),972,08/30/2025,38983,Graniti Vicentia,1938,Aug 25 product revenue in SPS,,23686.73
AUGREVENUE-38993,680,A11001 - Accounts Receivable (New),950,,#VALUE!,08/30/2025,38993,Fairfield Townplace East Hartford,3335,Aug 25 product revenue in SPS,32760.00,
AUGREVENUE-38993,680.5,,972,A40001 - Sales Income (New),972,08/30/2025,38993,Fairfield Townplace East Hartford,3335,Aug 25 product revenue in SPS,,32760.00
AUGREVENUE-38996,681,A11001 - Accounts Receivable (New),950,,#VALUE!,08/30/2025,38996,La Quinta Athens Alabama,2442,Aug 25 product revenue in SPS,1777.50,
AUGREVENUE-38996,681.5,,972,A40001 - Sales Income (New),972,08/30/2025,38996,La Quinta Athens Alabama,2442,Aug 25 product revenue in SPS,,1777.50
AUGREVENUE-39002,682,A11001 - Accounts Receivable (New),950,,#VALUE!,08/30/2025,39002,ZENITH ROOFING SERVICES,733,Aug 25 product revenue in SPS,30800.00,
AUGREVENUE-39002,682.5,,972,A40001 - Sales Income (New),972,08/30/2025,39002,ZENITH ROOFING SERVICES,733,Aug 25 product revenue in SPS,,30800.00
AUGREVENUE-39010,683,A11001 - Accounts Receivable (New),950,,#VALUE!,08/30/2025,39010,Atmosphere Commercial Interiors,1576,Aug 25 product revenue in SPS,709.87,
AUGREVENUE-39010,683.5,,972,A40001 - Sales Income (New),972,08/30/2025,39010,Atmosphere Commercial Interiors,1576,Aug 25 product revenue in SPS,,709.87
AUGREVENUE-39040/2,684,A11001 - Accounts Receivable (New),950,,#VALUE!,08/30/2025,39040/2,Trilogy Autograph Huntsville,2453,Aug 25 product revenue in SPS,0.00,
AUGREVENUE-39040/2,684.5,,972,A40001 - Sales Income (New),972,08/30/2025,39040/2,Trilogy Autograph Huntsville,2453,Aug 25 product revenue in SPS,,0.00
AUGREVENUE-39081/2,685,A11001 - Accounts Receivable (New),950,,#VALUE!,08/30/2025,39081/2,Ascent Hospitality- Autograph Huntsville,3318,Aug 25 product revenue in SPS,0.00,
AUGREVENUE-39081/2,685.5,,972,A40001 - Sales Income (New),972,08/30/2025,39081/2,Ascent Hospitality- Autograph Huntsville,3318,Aug 25 product revenue in SPS,,0.00
AUGREVENUE-39090,686,A11001 - Accounts Receivable (New),950,,#VALUE!,08/30/2025,39090,ISLAMIC EDUCATION CENTER,3559,Aug 25 product revenue in SPS,0.00,
AUGREVENUE-39090,686.5,,972,A40001 - Sales Income (New),972,08/30/2025,39090,ISLAMIC EDUCATION CENTER,3559,Aug 25 product revenue in SPS,,0.00
AUGREVENUE-39123,687,A11001 - Accounts Receivable (New),950,,#VALUE!,08/30/2025,39123,Darien Heights Residences,506,Aug 25 product revenue in SPS,0.00,
AUGREVENUE-39123,687.5,,972,A40001 - Sales Income (New),972,08/30/2025,39123,Darien Heights Residences,506,Aug 25 product revenue in SPS,,0.00
AUGREVENUE-28481/5,688,A11001 - Accounts Receivable (New),950,,#VALUE!,08/31/2025,28481/5,Continental Inns of America La Quinta Inn,3153,Aug 25 product revenue in SPS,0.00,
AUGREVENUE-28481/5,688.5,,972,A40001 - Sales Income (New),972,08/31/2025,28481/5,Continental Inns of America La Quinta Inn,3153,Aug 25 product revenue in SPS,,0.00
AUGREVENUE-30816/8,689,A11001 - Accounts Receivable (New),950,,#VALUE!,08/31/2025,30816/8,"Weaver Cooke Construction, LLC>",3399,Aug 25 product revenue in SPS,0.00,
AUGREVENUE-30816/8,689.5,,972,A40001 - Sales Income (New),972,08/31/2025,30816/8,"Weaver Cooke Construction, LLC>",3399,Aug 25 product revenue in SPS,,0.00
AUGREVENUE-31759/3,690,A11001 - Accounts Receivable (New),950,,#VALUE!,08/31/2025,31759/3,Fyffe Construction CO/ LaQuinta Manchester,3527,Aug 25 product revenue in SPS,1421.79,
AUGREVENUE-31759/3,690.5,,972,A40001 - Sales Income (New),972,08/31/2025,31759/3,Fyffe Construction CO/ LaQuinta Manchester,3527,Aug 25 product revenue in SPS,,1421.79
AUGREVENUE-32174/4,691,A11001 - Accounts Receivable (New),950,,#VALUE!,08/31/2025,32174/4,Grand Sierra Resort & Casino,546,Aug 25 product revenue in SPS,92649.31,
AUGREVENUE-32174/4,691.5,,972,A40001 - Sales Income (New),972,08/31/2025,32174/4,Grand Sierra Resort & Casino,546,Aug 25 product revenue in SPS,,92649.31
AUGREVENUE-32178/6,692,A11001 - Accounts Receivable (New),950,,#VALUE!,08/31/2025,32178/6,Grand Sierra Resort & Casino,546,Aug 25 product revenue in SPS,77496.30,
AUGREVENUE-32178/6,692.5,,972,A40001 - Sales Income (New),972,08/31/2025,32178/6,Grand Sierra Resort & Casino,546,Aug 25 product revenue in SPS,,77496.30
AUGREVENUE-32179/4,693,A11001 - Accounts Receivable (New),950,,#VALUE!,08/31/2025,32179/4,Grand Sierra Resort & Casino,546,Aug 25 product revenue in SPS,158263.40,
AUGREVENUE-32179/4,693.5,,972,A40001 - Sales Income (New),972,08/31/2025,32179/4,Grand Sierra Resort & Casino,546,Aug 25 product revenue in SPS,,158263.40
AUGREVENUE-32181/3,694,A11001 - Accounts Receivable (New),950,,#VALUE!,08/31/2025,32181/3,Grand Sierra Resort & Casino,546,Aug 25 product revenue in SPS,24326.89,
AUGREVENUE-32181/3,694.5,,972,A40001 - Sales Income (New),972,08/31/2025,32181/3,Grand Sierra Resort & Casino,546,Aug 25 product revenue in SPS,,24326.89
AUGREVENUE-32210/3,695,A11001 - Accounts Receivable (New),950,,#VALUE!,08/31/2025,32210/3,Graniti Vicentia,1938,Aug 25 product revenue in SPS,0.00,
AUGREVENUE-32210/3,695.5,,972,A40001 - Sales Income (New),972,08/31/2025,32210/3,Graniti Vicentia,1938,Aug 25 product revenue in SPS,,0.00
AUGREVENUE-32212,696,A11001 - Accounts Receivable (New),950,,#VALUE!,08/31/2025,32212,Grand Sierra Resort & Casino,546,Aug 25 product revenue in SPS,0.00,
AUGREVENUE-32212,696.5,,972,A40001 - Sales Income (New),972,08/31/2025,32212,Grand Sierra Resort & Casino,546,Aug 25 product revenue in SPS,,0.00
AUGREVENUE-32215/2,697,A11001 - Accounts Receivable (New),950,,#VALUE!,08/31/2025,32215/2,Grand Sierra Resort & Casino,546,Aug 25 product revenue in SPS,2127.51,
AUGREVENUE-32215/2,697.5,,972,A40001 - Sales Income (New),972,08/31/2025,32215/2,Grand Sierra Resort & Casino,546,Aug 25 product revenue in SPS,,2127.51
AUGREVENUE-32217/6,698,A11001 - Accounts Receivable (New),950,,#VALUE!,08/31/2025,32217/6,Grand Sierra Resort & Casino,546,Aug 25 product revenue in SPS,32809.47,
AUGREVENUE-32217/6,698.5,,972,A40001 - Sales Income (New),972,08/31/2025,32217/6,Grand Sierra Resort & Casino,546,Aug 25 product revenue in SPS,,32809.47
AUGREVENUE-32554/2,699,A11001 - Accounts Receivable (New),950,,#VALUE!,08/31/2025,32554/2,Graniti Vicentia,1938,Aug 25 product revenue in SPS,0.00,
AUGREVENUE-32554/2,699.5,,972,A40001 - Sales Income (New),972,08/31/2025,32554/2,Graniti Vicentia,1938,Aug 25 product revenue in SPS,,0.00
AUGREVENUE-32650/2,700,A11001 - Accounts Receivable (New),950,,#VALUE!,08/31/2025,32650/2,Graniti Vicentia,1938,Aug 25 product revenue in SPS,0.00,
AUGREVENUE-32650/2,700.5,,972,A40001 - Sales Income (New),972,08/31/2025,32650/2,Graniti Vicentia,1938,Aug 25 product revenue in SPS,,0.00
AUGREVENUE-32791/4,701,A11001 - Accounts Receivable (New),950,,#VALUE!,08/31/2025,32791/4,Marriott Fairfield Harrisburg PA,3529,Aug 25 product revenue in SPS,0.00,
AUGREVENUE-32791/4,701.5,,972,A40001 - Sales Income (New),972,08/31/2025,32791/4,Marriott Fairfield Harrisburg PA,3529,Aug 25 product revenue in SPS,,0.00
AUGREVENUE-32813/3,702,A11001 - Accounts Receivable (New),950,,#VALUE!,08/31/2025,32813/3,Graniti Vicentia,1938,Aug 25 product revenue in SPS,0.00,
AUGREVENUE-32813/3,702.5,,972,A40001 - Sales Income (New),972,08/31/2025,32813/3,Graniti Vicentia,1938,Aug 25 product revenue in SPS,,0.00
AUGREVENUE-33553/5,703,A11001 - Accounts Receivable (New),950,,#VALUE!,08/31/2025,33553/5,La Quinta Inn & Suites- Seatac Airport- Seattle WA,2328,Aug 25 product revenue in SPS,3259.34,
AUGREVENUE-33553/5,703.5,,972,A40001 - Sales Income (New),972,08/31/2025,33553/5,La Quinta Inn & Suites- Seatac Airport- Seattle WA,2328,Aug 25 product revenue in SPS,,3259.34
AUGREVENUE-33554/4,704,A11001 - Accounts Receivable (New),950,,#VALUE!,08/31/2025,33554/4,La Quinta Inn & Suites- Seatac Airport- Seattle WA,2328,Aug 25 product revenue in SPS,2593.40,
AUGREVENUE-33554/4,704.5,,972,A40001 - Sales Income (New),972,08/31/2025,33554/4,La Quinta Inn & Suites- Seatac Airport- Seattle WA,2328,Aug 25 product revenue in SPS,,2593.40
AUGREVENUE-33555/2,705,A11001 - Accounts Receivable (New),950,,#VALUE!,08/31/2025,33555/2,La Quinta Inn & Suites- Seatac Airport- Seattle WA,2328,Aug 25 product revenue in SPS,9081.10,
AUGREVENUE-33555/2,705.5,,972,A40001 - Sales Income (New),972,08/31/2025,33555/2,La Quinta Inn & Suites- Seatac Airport- Seattle WA,2328,Aug 25 product revenue in SPS,,9081.10
AUGREVENUE-33556/8,706,A11001 - Accounts Receivable (New),950,,#VALUE!,08/31/2025,33556/8,La Quinta Inn & Suites- Seatac Airport- Seattle WA,2328,Aug 25 product revenue in SPS,5745.56,
AUGREVENUE-33556/8,706.5,,972,A40001 - Sales Income (New),972,08/31/2025,33556/8,La Quinta Inn & Suites- Seatac Airport- Seattle WA,2328,Aug 25 product revenue in SPS,,5745.56
AUGREVENUE-33557/2,707,A11001 - Accounts Receivable (New),950,,#VALUE!,08/31/2025,33557/2,La Quinta Inn & Suites- Seatac Airport- Seattle WA,2328,Aug 25 product revenue in SPS,0.00,
AUGREVENUE-33557/2,707.5,,972,A40001 - Sales Income (New),972,08/31/2025,33557/2,La Quinta Inn & Suites- Seatac Airport- Seattle WA,2328,Aug 25 product revenue in SPS,,0.00
AUGREVENUE-33559/5,708,A11001 - Accounts Receivable (New),950,,#VALUE!,08/31/2025,33559/5,La Quinta Inn & Suites- Seatac Airport- Seattle WA,2328,Aug 25 product revenue in SPS,2083.18,
AUGREVENUE-33559/5,708.5,,972,A40001 - Sales Income (New),972,08/31/2025,33559/5,La Quinta Inn & Suites- Seatac Airport- Seattle WA,2328,Aug 25 product revenue in SPS,,2083.18
AUGREVENUE-33560/3,709,A11001 - Accounts Receivable (New),950,,#VALUE!,08/31/2025,33560/3,La Quinta Inn & Suites- Seatac Airport- Seattle WA,2328,Aug 25 product revenue in SPS,2578.21,
AUGREVENUE-33560/3,709.5,,972,A40001 - Sales Income (New),972,08/31/2025,33560/3,La Quinta Inn & Suites- Seatac Airport- Seattle WA,2328,Aug 25 product revenue in SPS,,2578.21
AUGREVENUE-33561/3,710,A11001 - Accounts Receivable (New),950,,#VALUE!,08/31/2025,33561/3,La Quinta Inn & Suites- Seatac Airport- Seattle WA,2328,Aug 25 product revenue in SPS,3036.25,
AUGREVENUE-33561/3,710.5,,972,A40001 - Sales Income (New),972,08/31/2025,33561/3,La Quinta Inn & Suites- Seatac Airport- Seattle WA,2328,Aug 25 product revenue in SPS,,3036.25
AUGREVENUE-33587/2,711,A11001 - Accounts Receivable (New),950,,#VALUE!,08/31/2025,33587/2,Graniti Vicentia,1938,Aug 25 product revenue in SPS,0.00,
AUGREVENUE-33587/2,711.5,,972,A40001 - Sales Income (New),972,08/31/2025,33587/2,Graniti Vicentia,1938,Aug 25 product revenue in SPS,,0.00
AUGREVENUE-33652/3,712,A11001 - Accounts Receivable (New),950,,#VALUE!,08/31/2025,33652/3,Graniti Vicentia,1938,Aug 25 product revenue in SPS,0.00,
AUGREVENUE-33652/3,712.5,,972,A40001 - Sales Income (New),972,08/31/2025,33652/3,Graniti Vicentia,1938,Aug 25 product revenue in SPS,,0.00
AUGREVENUE-33729/4,713,A11001 - Accounts Receivable (New),950,,#VALUE!,08/31/2025,33729/4,LaQuinta/Hawthone - Knoxville TN - AMit,3367,Aug 25 product revenue in SPS,1863.21,
AUGREVENUE-33729/4,713.5,,972,A40001 - Sales Income (New),972,08/31/2025,33729/4,LaQuinta/Hawthone - Knoxville TN - AMit,3367,Aug 25 product revenue in SPS,,1863.21
AUGREVENUE-33826,714,A11001 - Accounts Receivable (New),950,,#VALUE!,08/31/2025,33826,Graniti Vicentia,1938,Aug 25 product revenue in SPS,0.00,
AUGREVENUE-33826,714.5,,972,A40001 - Sales Income (New),972,08/31/2025,33826,Graniti Vicentia,1938,Aug 25 product revenue in SPS,,0.00
AUGREVENUE-33860/2,715,A11001 - Accounts Receivable (New),950,,#VALUE!,08/31/2025,33860/2,Graniti Vicentia,1938,Aug 25 product revenue in SPS,0.00,
AUGREVENUE-33860/2,715.5,,972,A40001 - Sales Income (New),972,08/31/2025,33860/2,Graniti Vicentia,1938,Aug 25 product revenue in SPS,,0.00
AUGREVENUE-33876/2,716,A11001 - Accounts Receivable (New),950,,#VALUE!,08/31/2025,33876/2,Graniti Vicentia,1938,Aug 25 product revenue in SPS,0.00,
AUGREVENUE-33876/2,716.5,,972,A40001 - Sales Income (New),972,08/31/2025,33876/2,Graniti Vicentia,1938,Aug 25 product revenue in SPS,,0.00
AUGREVENUE-33884/3,717,A11001 - Accounts Receivable (New),950,,#VALUE!,08/31/2025,33884/3,Graniti Vicentia,1938,Aug 25 product revenue in SPS,0.00,
AUGREVENUE-33884/3,717.5,,972,A40001 - Sales Income (New),972,08/31/2025,33884/3,Graniti Vicentia,1938,Aug 25 product revenue in SPS,,0.00
AUGREVENUE-33921/4,718,A11001 - Accounts Receivable (New),950,,#VALUE!,08/31/2025,33921/4,Graniti Vicentia,1938,Aug 25 product revenue in SPS,0.00,
AUGREVENUE-33921/4,718.5,,972,A40001 - Sales Income (New),972,08/31/2025,33921/4,Graniti Vicentia,1938,Aug 25 product revenue in SPS,,0.00
AUGREVENUE-33926/2,719,A11001 - Accounts Receivable (New),950,,#VALUE!,08/31/2025,33926/2,Graniti Vicentia,1938,Aug 25 product revenue in SPS,0.00,
AUGREVENUE-33926/2,719.5,,972,A40001 - Sales Income (New),972,08/31/2025,33926/2,Graniti Vicentia,1938,Aug 25 product revenue in SPS,,0.00
AUGREVENUE-33967,720,A11001 - Accounts Receivable (New),950,,#VALUE!,08/31/2025,33967,Graniti Vicentia,1938,Aug 25 product revenue in SPS,0.00,
AUGREVENUE-33967,720.5,,972,A40001 - Sales Income (New),972,08/31/2025,33967,Graniti Vicentia,1938,Aug 25 product revenue in SPS,,0.00
AUGREVENUE-33968,721,A11001 - Accounts Receivable (New),950,,#VALUE!,08/31/2025,33968,Graniti Vicentia,1938,Aug 25 product revenue in SPS,0.00,
AUGREVENUE-33968,721.5,,972,A40001 - Sales Income (New),972,08/31/2025,33968,Graniti Vicentia,1938,Aug 25 product revenue in SPS,,0.00
AUGREVENUE-33983/5,722,A11001 - Accounts Receivable (New),950,,#VALUE!,08/31/2025,33983/5,"La Quinta, Anaheim CA",3361,Aug 25 product revenue in SPS,9207.60,
AUGREVENUE-33983/5,722.5,,972,A40001 - Sales Income (New),972,08/31/2025,33983/5,"La Quinta, Anaheim CA",3361,Aug 25 product revenue in SPS,,9207.60
AUGREVENUE-33983/6,723,A11001 - Accounts Receivable (New),950,,#VALUE!,08/31/2025,33983/6,"La Quinta, Anaheim CA",3361,Aug 25 product revenue in SPS,2790.00,
AUGREVENUE-33983/6,723.5,,972,A40001 - Sales Income (New),972,08/31/2025,33983/6,"La Quinta, Anaheim CA",3361,Aug 25 product revenue in SPS,,2790.00
AUGREVENUE-33983/7,724,A11001 - Accounts Receivable (New),950,,#VALUE!,08/31/2025,33983/7,"La Quinta, Anaheim CA",3361,Aug 25 product revenue in SPS,18662.90,
AUGREVENUE-33983/7,724.5,,972,A40001 - Sales Income (New),972,08/31/2025,33983/7,"La Quinta, Anaheim CA",3361,Aug 25 product revenue in SPS,,18662.90
AUGREVENUE-33999,725,A11001 - Accounts Receivable (New),950,,#VALUE!,08/31/2025,33999,Graniti Vicentia,1938,Aug 25 product revenue in SPS,0.00,
AUGREVENUE-33999,725.5,,972,A40001 - Sales Income (New),972,08/31/2025,33999,Graniti Vicentia,1938,Aug 25 product revenue in SPS,,0.00
AUGREVENUE-34012/2,726,A11001 - Accounts Receivable (New),950,,#VALUE!,08/31/2025,34012/2,"La Quinta, Anaheim CA",3361,Aug 25 product revenue in SPS,14593.32,
AUGREVENUE-34012/2,726.5,,972,A40001 - Sales Income (New),972,08/31/2025,34012/2,"La Quinta, Anaheim CA",3361,Aug 25 product revenue in SPS,,14593.32
AUGREVENUE-34114/4,727,A11001 - Accounts Receivable (New),950,,#VALUE!,08/31/2025,34114/4,"La Quinta, Anaheim CA",3361,Aug 25 product revenue in SPS,3598.88,
AUGREVENUE-34114/4,727.5,,972,A40001 - Sales Income (New),972,08/31/2025,34114/4,"La Quinta, Anaheim CA",3361,Aug 25 product revenue in SPS,,3598.88
AUGREVENUE-34128,728,A11001 - Accounts Receivable (New),950,,#VALUE!,08/31/2025,34128,Graniti Vicentia,1938,Aug 25 product revenue in SPS,0.00,
AUGREVENUE-34128,728.5,,972,A40001 - Sales Income (New),972,08/31/2025,34128,Graniti Vicentia,1938,Aug 25 product revenue in SPS,,0.00
AUGREVENUE-34212/3,729,A11001 - Accounts Receivable (New),950,,#VALUE!,08/31/2025,34212/3,Watermark Commercial Contractors LLC,3398,Aug 25 product revenue in SPS,1738.99,
AUGREVENUE-34212/3,729.5,,972,A40001 - Sales Income (New),972,08/31/2025,34212/3,Watermark Commercial Contractors LLC,3398,Aug 25 product revenue in SPS,,1738.99
AUGREVENUE-34483/13,730,A11001 - Accounts Receivable (New),950,,#VALUE!,08/31/2025,34483/13,Jaimin Patel,571,Aug 25 product revenue in SPS,0.00,
AUGREVENUE-34483/13,730.5,,972,A40001 - Sales Income (New),972,08/31/2025,34483/13,Jaimin Patel,571,Aug 25 product revenue in SPS,,0.00
AUGREVENUE-34520/7,731,A11001 - Accounts Receivable (New),950,,#VALUE!,08/31/2025,34520/7,Kanti kusum Inc,576,Aug 25 product revenue in SPS,0.00,
AUGREVENUE-34520/7,731.5,,972,A40001 - Sales Income (New),972,08/31/2025,34520/7,Kanti kusum Inc,576,Aug 25 product revenue in SPS,,0.00
AUGREVENUE-34529,732,A11001 - Accounts Receivable (New),950,,#VALUE!,08/31/2025,34529,Graniti Vicentia,1938,Aug 25 product revenue in SPS,0.00,
AUGREVENUE-34529,732.5,,972,A40001 - Sales Income (New),972,08/31/2025,34529,Graniti Vicentia,1938,Aug 25 product revenue in SPS,,0.00
AUGREVENUE-34753,733,A11001 - Accounts Receivable (New),950,,#VALUE!,08/31/2025,34753,Graniti Vicentia,1938,Aug 25 product revenue in SPS,0.00,
AUGREVENUE-34753,733.5,,972,A40001 - Sales Income (New),972,08/31/2025,34753,Graniti Vicentia,1938,Aug 25 product revenue in SPS,,0.00
AUGREVENUE-34757/8,734,A11001 - Accounts Receivable (New),950,,#VALUE!,08/31/2025,34757/8,"AAA Hotel Management, Inc.",3310,Aug 25 product revenue in SPS,0.00,
AUGREVENUE-34757/8,734.5,,972,A40001 - Sales Income (New),972,08/31/2025,34757/8,"AAA Hotel Management, Inc.",3310,Aug 25 product revenue in SPS,,0.00
AUGREVENUE-34758/6,735,A11001 - Accounts Receivable (New),950,,#VALUE!,08/31/2025,34758/6,Graniti Vicentia,1938,Aug 25 product revenue in SPS,0.00,
AUGREVENUE-34758/6,735.5,,972,A40001 - Sales Income (New),972,08/31/2025,34758/6,Graniti Vicentia,1938,Aug 25 product revenue in SPS,,0.00
AUGREVENUE-34768,736,A11001 - Accounts Receivable (New),950,,#VALUE!,08/31/2025,34768,Graniti Vicentia,1938,Aug 25 product revenue in SPS,0.00,
AUGREVENUE-34768,736.5,,972,A40001 - Sales Income (New),972,08/31/2025,34768,Graniti Vicentia,1938,Aug 25 product revenue in SPS,,0.00
AUGREVENUE-34769,737,A11001 - Accounts Receivable (New),950,,#VALUE!,08/31/2025,34769,Graniti Vicentia,1938,Aug 25 product revenue in SPS,0.00,
AUGREVENUE-34769,737.5,,972,A40001 - Sales Income (New),972,08/31/2025,34769,Graniti Vicentia,1938,Aug 25 product revenue in SPS,,0.00
AUGREVENUE-34807/5,738,A11001 - Accounts Receivable (New),950,,#VALUE!,08/31/2025,34807/5,La Quinta by Wyndham Dallas DFW Airport N,3357,Aug 25 product revenue in SPS,350.00,
AUGREVENUE-34807/5,738.5,,972,A40001 - Sales Income (New),972,08/31/2025,34807/5,La Quinta by Wyndham Dallas DFW Airport N,3357,Aug 25 product revenue in SPS,,350.00
AUGREVENUE-35001/2,739,A11001 - Accounts Receivable (New),950,,#VALUE!,08/31/2025,35001/2,Graniti Vicentia,1938,Aug 25 product revenue in SPS,0.00,
AUGREVENUE-35001/2,739.5,,972,A40001 - Sales Income (New),972,08/31/2025,35001/2,Graniti Vicentia,1938,Aug 25 product revenue in SPS,,0.00
AUGREVENUE-35103/5,740,A11001 - Accounts Receivable (New),950,,#VALUE!,08/31/2025,35103/5,THE TD GROUP,3539,Aug 25 product revenue in SPS,9627.86,
AUGREVENUE-35103/5,740.5,,972,A40001 - Sales Income (New),972,08/31/2025,35103/5,THE TD GROUP,3539,Aug 25 product revenue in SPS,,9627.86
AUGREVENUE-35103/6,741,A11001 - Accounts Receivable (New),950,,#VALUE!,08/31/2025,35103/6,THE TD GROUP,3539,Aug 25 product revenue in SPS,12464.64,
AUGREVENUE-35103/6,741.5,,972,A40001 - Sales Income (New),972,08/31/2025,35103/6,THE TD GROUP,3539,Aug 25 product revenue in SPS,,12464.64
AUGREVENUE-35207/9,742,A11001 - Accounts Receivable (New),950,,#VALUE!,08/31/2025,35207/9,LaQuinta Inn & Suites Oxford AL,2752,Aug 25 product revenue in SPS,0.00,
AUGREVENUE-35207/9,742.5,,972,A40001 - Sales Income (New),972,08/31/2025,35207/9,LaQuinta Inn & Suites Oxford AL,2752,Aug 25 product revenue in SPS,,0.00
AUGREVENUE-35250/6,743,A11001 - Accounts Receivable (New),950,,#VALUE!,08/31/2025,35250/6,Graniti Vicentia,1938,Aug 25 product revenue in SPS,0.00,
AUGREVENUE-35250/6,743.5,,972,A40001 - Sales Income (New),972,08/31/2025,35250/6,Graniti Vicentia,1938,Aug 25 product revenue in SPS,,0.00
AUGREVENUE-35266/10,744,A11001 - Accounts Receivable (New),950,,#VALUE!,08/31/2025,35266/10,Graniti Vicentia,1938,Aug 25 product revenue in SPS,0.00,
AUGREVENUE-35266/10,744.5,,972,A40001 - Sales Income (New),972,08/31/2025,35266/10,Graniti Vicentia,1938,Aug 25 product revenue in SPS,,0.00
AUGREVENUE-35266/11,745,A11001 - Accounts Receivable (New),950,,#VALUE!,08/31/2025,35266/11,Graniti Vicentia,1938,Aug 25 product revenue in SPS,0.00,
AUGREVENUE-35266/11,745.5,,972,A40001 - Sales Income (New),972,08/31/2025,35266/11,Graniti Vicentia,1938,Aug 25 product revenue in SPS,,0.00
AUGREVENUE-35266/12,746,A11001 - Accounts Receivable (New),950,,#VALUE!,08/31/2025,35266/12,Graniti Vicentia,1938,Aug 25 product revenue in SPS,0.00,
AUGREVENUE-35266/12,746.5,,972,A40001 - Sales Income (New),972,08/31/2025,35266/12,Graniti Vicentia,1938,Aug 25 product revenue in SPS,,0.00
AUGREVENUE-35266/13,747,A11001 - Accounts Receivable (New),950,,#VALUE!,08/31/2025,35266/13,Graniti Vicentia,1938,Aug 25 product revenue in SPS,0.00,
AUGREVENUE-35266/13,747.5,,972,A40001 - Sales Income (New),972,08/31/2025,35266/13,Graniti Vicentia,1938,Aug 25 product revenue in SPS,,0.00
AUGREVENUE-35266/3,748,A11001 - Accounts Receivable (New),950,,#VALUE!,08/31/2025,35266/3,Graniti Vicentia,1938,Aug 25 product revenue in SPS,0.00,
AUGREVENUE-35266/3,748.5,,972,A40001 - Sales Income (New),972,08/31/2025,35266/3,Graniti Vicentia,1938,Aug 25 product revenue in SPS,,0.00
AUGREVENUE-35266/8,749,A11001 - Accounts Receivable (New),950,,#VALUE!,08/31/2025,35266/8,Graniti Vicentia,1938,Aug 25 product revenue in SPS,0.00,
AUGREVENUE-35266/8,749.5,,972,A40001 - Sales Income (New),972,08/31/2025,35266/8,Graniti Vicentia,1938,Aug 25 product revenue in SPS,,0.00
AUGREVENUE-35274/10,750,A11001 - Accounts Receivable (New),950,,#VALUE!,08/31/2025,35274/10,Staybridge Suites c/o Ravi Designs,2606,Aug 25 product revenue in SPS,1106.25,
AUGREVENUE-35274/10,750.5,,972,A40001 - Sales Income (New),972,08/31/2025,35274/10,Staybridge Suites c/o Ravi Designs,2606,Aug 25 product revenue in SPS,,1106.25
AUGREVENUE-35363/4,751,A11001 - Accounts Receivable (New),950,,#VALUE!,08/31/2025,35363/4,Watermark Commercial Contractors LLC,3398,Aug 25 product revenue in SPS,0.00,
AUGREVENUE-35363/4,751.5,,972,A40001 - Sales Income (New),972,08/31/2025,35363/4,Watermark Commercial Contractors LLC,3398,Aug 25 product revenue in SPS,,0.00
AUGREVENUE-35410,752,A11001 - Accounts Receivable (New),950,,#VALUE!,08/31/2025,35410,"TOWNEPLACE SUITES, DALLAS",3560,Aug 25 product revenue in SPS,0.00,
AUGREVENUE-35410,752.5,,972,A40001 - Sales Income (New),972,08/31/2025,35410,"TOWNEPLACE SUITES, DALLAS",3560,Aug 25 product revenue in SPS,,0.00
AUGREVENUE-35411,753,A11001 - Accounts Receivable (New),950,,#VALUE!,08/31/2025,35411,"TOWNEPLACE SUITES, DALLAS",3560,Aug 25 product revenue in SPS,0.00,
AUGREVENUE-35411,753.5,,972,A40001 - Sales Income (New),972,08/31/2025,35411,"TOWNEPLACE SUITES, DALLAS",3560,Aug 25 product revenue in SPS,,0.00
AUGREVENUE-35412/2,754,A11001 - Accounts Receivable (New),950,,#VALUE!,08/31/2025,35412/2,"TOWNEPLACE SUITES, DALLAS",3560,Aug 25 product revenue in SPS,0.00,
AUGREVENUE-35412/2,754.5,,972,A40001 - Sales Income (New),972,08/31/2025,35412/2,"TOWNEPLACE SUITES, DALLAS",3560,Aug 25 product revenue in SPS,,0.00
AUGREVENUE-35413,755,A11001 - Accounts Receivable (New),950,,#VALUE!,08/31/2025,35413,"TOWNEPLACE SUITES, DALLAS",3560,Aug 25 product revenue in SPS,0.00,
AUGREVENUE-35413,755.5,,972,A40001 - Sales Income (New),972,08/31/2025,35413,"TOWNEPLACE SUITES, DALLAS",3560,Aug 25 product revenue in SPS,,0.00
AUGREVENUE-35414,756,A11001 - Accounts Receivable (New),950,,#VALUE!,08/31/2025,35414,"TOWNEPLACE SUITES, DALLAS",3560,Aug 25 product revenue in SPS,0.00,
AUGREVENUE-35414,756.5,,972,A40001 - Sales Income (New),972,08/31/2025,35414,"TOWNEPLACE SUITES, DALLAS",3560,Aug 25 product revenue in SPS,,0.00
AUGREVENUE-35415,757,A11001 - Accounts Receivable (New),950,,#VALUE!,08/31/2025,35415,"TOWNEPLACE SUITES, DALLAS",3560,Aug 25 product revenue in SPS,0.00,
AUGREVENUE-35415,757.5,,972,A40001 - Sales Income (New),972,08/31/2025,35415,"TOWNEPLACE SUITES, DALLAS",3560,Aug 25 product revenue in SPS,,0.00
AUGREVENUE-35416,758,A11001 - Accounts Receivable (New),950,,#VALUE!,08/31/2025,35416,"TOWNEPLACE SUITES, DALLAS",3560,Aug 25 product revenue in SPS,0.00,
AUGREVENUE-35416,758.5,,972,A40001 - Sales Income (New),972,08/31/2025,35416,"TOWNEPLACE SUITES, DALLAS",3560,Aug 25 product revenue in SPS,,0.00
AUGREVENUE-35417,759,A11001 - Accounts Receivable (New),950,,#VALUE!,08/31/2025,35417,"TOWNEPLACE SUITES, DALLAS",3560,Aug 25 product revenue in SPS,0.00,
AUGREVENUE-35417,759.5,,972,A40001 - Sales Income (New),972,08/31/2025,35417,"TOWNEPLACE SUITES, DALLAS",3560,Aug 25 product revenue in SPS,,0.00
AUGREVENUE-35418,760,A11001 - Accounts Receivable (New),950,,#VALUE!,08/31/2025,35418,"TOWNEPLACE SUITES, DALLAS",3560,Aug 25 product revenue in SPS,0.00,
AUGREVENUE-35418,760.5,,972,A40001 - Sales Income (New),972,08/31/2025,35418,"TOWNEPLACE SUITES, DALLAS",3560,Aug 25 product revenue in SPS,,0.00
AUGREVENUE-35419,761,A11001 - Accounts Receivable (New),950,,#VALUE!,08/31/2025,35419,"TOWNEPLACE SUITES, DALLAS",3560,Aug 25 product revenue in SPS,0.00,
AUGREVENUE-35419,761.5,,972,A40001 - Sales Income (New),972,08/31/2025,35419,"TOWNEPLACE SUITES, DALLAS",3560,Aug 25 product revenue in SPS,,0.00
AUGREVENUE-35420,762,A11001 - Accounts Receivable (New),950,,#VALUE!,08/31/2025,35420,"TOWNEPLACE SUITES, DALLAS",3560,Aug 25 product revenue in SPS,0.00,
AUGREVENUE-35420,762.5,,972,A40001 - Sales Income (New),972,08/31/2025,35420,"TOWNEPLACE SUITES, DALLAS",3560,Aug 25 product revenue in SPS,,0.00
AUGREVENUE-35421,763,A11001 - Accounts Receivable (New),950,,#VALUE!,08/31/2025,35421,"TOWNEPLACE SUITES, DALLAS",3560,Aug 25 product revenue in SPS,0.00,
AUGREVENUE-35421,763.5,,972,A40001 - Sales Income (New),972,08/31/2025,35421,"TOWNEPLACE SUITES, DALLAS",3560,Aug 25 product revenue in SPS,,0.00
AUGREVENUE-35422/2,764,A11001 - Accounts Receivable (New),950,,#VALUE!,08/31/2025,35422/2,"TOWNEPLACE SUITES, DALLAS",3560,Aug 25 product revenue in SPS,0.00,
AUGREVENUE-35422/2,764.5,,972,A40001 - Sales Income (New),972,08/31/2025,35422/2,"TOWNEPLACE SUITES, DALLAS",3560,Aug 25 product revenue in SPS,,0.00
AUGREVENUE-35432/5,765,A11001 - Accounts Receivable (New),950,,#VALUE!,08/31/2025,35432/5,"Jay Sun Hospitality LLC / La Quinta La Habra,CA",3351,Aug 25 product revenue in SPS,52357.24,
AUGREVENUE-35432/5,765.5,,972,A40001 - Sales Income (New),972,08/31/2025,35432/5,"Jay Sun Hospitality LLC / La Quinta La Habra,CA",3351,Aug 25 product revenue in SPS,,52357.24
AUGREVENUE-35434,766,A11001 - Accounts Receivable (New),950,,#VALUE!,08/31/2025,35434,"Jay Sun Hospitality LLC / La Quinta La Habra,CA",3351,Aug 25 product revenue in SPS,13892.58,
AUGREVENUE-35434,766.5,,972,A40001 - Sales Income (New),972,08/31/2025,35434,"Jay Sun Hospitality LLC / La Quinta La Habra,CA",3351,Aug 25 product revenue in SPS,,13892.58
AUGREVENUE-35437/3,767,A11001 - Accounts Receivable (New),950,,#VALUE!,08/31/2025,35437/3,"Jay Sun Hospitality LLC / La Quinta La Habra,CA",3351,Aug 25 product revenue in SPS,946.14,
AUGREVENUE-35437/3,767.5,,972,A40001 - Sales Income (New),972,08/31/2025,35437/3,"Jay Sun Hospitality LLC / La Quinta La Habra,CA",3351,Aug 25 product revenue in SPS,,946.14
AUGREVENUE-35440/7,768,A11001 - Accounts Receivable (New),950,,#VALUE!,08/31/2025,35440/7,"Jay Sun Hospitality LLC / La Quinta La Habra,CA",3351,Aug 25 product revenue in SPS,332.38,
AUGREVENUE-35440/7,768.5,,972,A40001 - Sales Income (New),972,08/31/2025,35440/7,"Jay Sun Hospitality LLC / La Quinta La Habra,CA",3351,Aug 25 product revenue in SPS,,332.38
AUGREVENUE-35441/3,769,A11001 - Accounts Receivable (New),950,,#VALUE!,08/31/2025,35441/3,"Jay Sun Hospitality LLC / La Quinta La Habra,CA",3351,Aug 25 product revenue in SPS,0.00,
AUGREVENUE-35441/3,769.5,,972,A40001 - Sales Income (New),972,08/31/2025,35441/3,"Jay Sun Hospitality LLC / La Quinta La Habra,CA",3351,Aug 25 product revenue in SPS,,0.00
AUGREVENUE-35441/4,770,A11001 - Accounts Receivable (New),950,,#VALUE!,08/31/2025,35441/4,"Jay Sun Hospitality LLC / La Quinta La Habra,CA",3351,Aug 25 product revenue in SPS,43962.13,
AUGREVENUE-35441/4,770.5,,972,A40001 - Sales Income (New),972,08/31/2025,35441/4,"Jay Sun Hospitality LLC / La Quinta La Habra,CA",3351,Aug 25 product revenue in SPS,,43962.13
AUGREVENUE-35441/6,771,A11001 - Accounts Receivable (New),950,,#VALUE!,08/31/2025,35441/6,"Jay Sun Hospitality LLC / La Quinta La Habra,CA",3351,Aug 25 product revenue in SPS,435.65,
AUGREVENUE-35441/6,771.5,,972,A40001 - Sales Income (New),972,08/31/2025,35441/6,"Jay Sun Hospitality LLC / La Quinta La Habra,CA",3351,Aug 25 product revenue in SPS,,435.65
AUGREVENUE-35441/8,772,A11001 - Accounts Receivable (New),950,,#VALUE!,08/31/2025,35441/8,"Jay Sun Hospitality LLC / La Quinta La Habra,CA",3351,Aug 25 product revenue in SPS,1342.06,
AUGREVENUE-35441/8,772.5,,972,A40001 - Sales Income (New),972,08/31/2025,35441/8,"Jay Sun Hospitality LLC / La Quinta La Habra,CA",3351,Aug 25 product revenue in SPS,,1342.06
AUGREVENUE-35444/3,773,A11001 - Accounts Receivable (New),950,,#VALUE!,08/31/2025,35444/3,"Jay Sun Hospitality LLC / La Quinta La Habra,CA",3351,Aug 25 product revenue in SPS,3793.79,
AUGREVENUE-35444/3,773.5,,972,A40001 - Sales Income (New),972,08/31/2025,35444/3,"Jay Sun Hospitality LLC / La Quinta La Habra,CA",3351,Aug 25 product revenue in SPS,,3793.79
AUGREVENUE-35445/7,774,A11001 - Accounts Receivable (New),950,,#VALUE!,08/31/2025,35445/7,"Jay Sun Hospitality LLC / La Quinta La Habra,CA",3351,Aug 25 product revenue in SPS,0.00,
AUGREVENUE-35445/7,774.5,,972,A40001 - Sales Income (New),972,08/31/2025,35445/7,"Jay Sun Hospitality LLC / La Quinta La Habra,CA",3351,Aug 25 product revenue in SPS,,0.00
AUGREVENUE-35446/4,775,A11001 - Accounts Receivable (New),950,,#VALUE!,08/31/2025,35446/4,"Jay Sun Hospitality LLC / La Quinta La Habra,CA",3351,Aug 25 product revenue in SPS,9777.20,
AUGREVENUE-35446/4,775.5,,972,A40001 - Sales Income (New),972,08/31/2025,35446/4,"Jay Sun Hospitality LLC / La Quinta La Habra,CA",3351,Aug 25 product revenue in SPS,,9777.20
AUGREVENUE-35485/4,776,A11001 - Accounts Receivable (New),950,,#VALUE!,08/31/2025,35485/4,Interstate Construction Corp,569,Aug 25 product revenue in SPS,9000.00,
AUGREVENUE-35485/4,776.5,,972,A40001 - Sales Income (New),972,08/31/2025,35485/4,Interstate Construction Corp,569,Aug 25 product revenue in SPS,,9000.00
AUGREVENUE-35490/3,777,A11001 - Accounts Receivable (New),950,,#VALUE!,08/31/2025,35490/3,"Krushiker Hospitality Group, Inc/ Homewood Suites- Fayetteville, AR",3542,Aug 25 product revenue in SPS,0.00,
AUGREVENUE-35490/3,777.5,,972,A40001 - Sales Income (New),972,08/31/2025,35490/3,"Krushiker Hospitality Group, Inc/ Homewood Suites- Fayetteville, AR",3542,Aug 25 product revenue in SPS,,0.00
AUGREVENUE-35494,778,A11001 - Accounts Receivable (New),950,,#VALUE!,08/31/2025,35494,"Krushiker Hospitality Group, Inc/ Homewood Suites- Fayetteville, AR",3542,Aug 25 product revenue in SPS,94.00,
AUGREVENUE-35494,778.5,,972,A40001 - Sales Income (New),972,08/31/2025,35494,"Krushiker Hospitality Group, Inc/ Homewood Suites- Fayetteville, AR",3542,Aug 25 product revenue in SPS,,94.00
AUGREVENUE-35528/4,779,A11001 - Accounts Receivable (New),950,,#VALUE!,08/31/2025,35528/4,Wingate Owensboro_KY,3400,Aug 25 product revenue in SPS,1073.28,
AUGREVENUE-35528/4,779.5,,972,A40001 - Sales Income (New),972,08/31/2025,35528/4,Wingate Owensboro_KY,3400,Aug 25 product revenue in SPS,,1073.28
AUGREVENUE-35529/8,780,A11001 - Accounts Receivable (New),950,,#VALUE!,08/31/2025,35529/8,Wingate Owensboro_KY,3400,Aug 25 product revenue in SPS,1505.52,
AUGREVENUE-35529/8,780.5,,972,A40001 - Sales Income (New),972,08/31/2025,35529/8,Wingate Owensboro_KY,3400,Aug 25 product revenue in SPS,,1505.52
AUGREVENUE-35530/2,781,A11001 - Accounts Receivable (New),950,,#VALUE!,08/31/2025,35530/2,Wingate Owensboro_KY,3400,Aug 25 product revenue in SPS,20938.50,
AUGREVENUE-35530/2,781.5,,972,A40001 - Sales Income (New),972,08/31/2025,35530/2,Wingate Owensboro_KY,3400,Aug 25 product revenue in SPS,,20938.50
AUGREVENUE-35533/2,782,A11001 - Accounts Receivable (New),950,,#VALUE!,08/31/2025,35533/2,Wingate Owensboro_KY,3400,Aug 25 product revenue in SPS,45.00,
AUGREVENUE-35533/2,782.5,,972,A40001 - Sales Income (New),972,08/31/2025,35533/2,Wingate Owensboro_KY,3400,Aug 25 product revenue in SPS,,45.00
AUGREVENUE-35535/2,783,A11001 - Accounts Receivable (New),950,,#VALUE!,08/31/2025,35535/2,Wingate Owensboro_KY,3400,Aug 25 product revenue in SPS,0.00,
AUGREVENUE-35535/2,783.5,,972,A40001 - Sales Income (New),972,08/31/2025,35535/2,Wingate Owensboro_KY,3400,Aug 25 product revenue in SPS,,0.00
AUGREVENUE-35538/4,784,A11001 - Accounts Receivable (New),950,,#VALUE!,08/31/2025,35538/4,Wingate Owensboro_KY,3400,Aug 25 product revenue in SPS,2044.72,
AUGREVENUE-35538/4,784.5,,972,A40001 - Sales Income (New),972,08/31/2025,35538/4,Wingate Owensboro_KY,3400,Aug 25 product revenue in SPS,,2044.72
AUGREVENUE-35539/3,785,A11001 - Accounts Receivable (New),950,,#VALUE!,08/31/2025,35539/3,Wingate Owensboro_KY,3400,Aug 25 product revenue in SPS,7436.40,
AUGREVENUE-35539/3,785.5,,972,A40001 - Sales Income (New),972,08/31/2025,35539/3,Wingate Owensboro_KY,3400,Aug 25 product revenue in SPS,,7436.40
AUGREVENUE-35540/2,786,A11001 - Accounts Receivable (New),950,,#VALUE!,08/31/2025,35540/2,Wingate Owensboro_KY,3400,Aug 25 product revenue in SPS,24.28,
AUGREVENUE-35540/2,786.5,,972,A40001 - Sales Income (New),972,08/31/2025,35540/2,Wingate Owensboro_KY,3400,Aug 25 product revenue in SPS,,24.28
AUGREVENUE-35543/3,787,A11001 - Accounts Receivable (New),950,,#VALUE!,08/31/2025,35543/3,Wingate Owensboro_KY,3400,Aug 25 product revenue in SPS,2101.20,
AUGREVENUE-35543/3,787.5,,972,A40001 - Sales Income (New),972,08/31/2025,35543/3,Wingate Owensboro_KY,3400,Aug 25 product revenue in SPS,,2101.20
AUGREVENUE-35545/2,788,A11001 - Accounts Receivable (New),950,,#VALUE!,08/31/2025,35545/2,Wingate Owensboro_KY,3400,Aug 25 product revenue in SPS,727.28,
AUGREVENUE-35545/2,788.5,,972,A40001 - Sales Income (New),972,08/31/2025,35545/2,Wingate Owensboro_KY,3400,Aug 25 product revenue in SPS,,727.28
AUGREVENUE-35546/9,789,A11001 - Accounts Receivable (New),950,,#VALUE!,08/31/2025,35546/9,Wingate Owensboro_KY,3400,Aug 25 product revenue in SPS,1873.33,
AUGREVENUE-35546/9,789.5,,972,A40001 - Sales Income (New),972,08/31/2025,35546/9,Wingate Owensboro_KY,3400,Aug 25 product revenue in SPS,,1873.33
AUGREVENUE-35606/3,790,A11001 - Accounts Receivable (New),950,,#VALUE!,08/31/2025,35606/3,Ascent Hospitality Element Carmel Indiana,3314,Aug 25 product revenue in SPS,2215.38,
AUGREVENUE-35606/3,790.5,,972,A40001 - Sales Income (New),972,08/31/2025,35606/3,Ascent Hospitality Element Carmel Indiana,3314,Aug 25 product revenue in SPS,,2215.38
AUGREVENUE-35784/3,791,A11001 - Accounts Receivable (New),950,,#VALUE!,08/31/2025,35784/3,Stay Bridge - Manteca - CA - Aman Dhillon,3389,Aug 25 product revenue in SPS,36902.45,
AUGREVENUE-35784/3,791.5,,972,A40001 - Sales Income (New),972,08/31/2025,35784/3,Stay Bridge - Manteca - CA - Aman Dhillon,3389,Aug 25 product revenue in SPS,,36902.45
AUGREVENUE-35794/2,792,A11001 - Accounts Receivable (New),950,,#VALUE!,08/31/2025,35794/2,Fairfield Townplace East Hartford,3335,Aug 25 product revenue in SPS,43790.32,
AUGREVENUE-35794/2,792.5,,972,A40001 - Sales Income (New),972,08/31/2025,35794/2,Fairfield Townplace East Hartford,3335,Aug 25 product revenue in SPS,,43790.32
AUGREVENUE-35795/3,793,A11001 - Accounts Receivable (New),950,,#VALUE!,08/31/2025,35795/3,Fairfield Townplace East Hartford,3335,Aug 25 product revenue in SPS,302922.93,
AUGREVENUE-35795/3,793.5,,972,A40001 - Sales Income (New),972,08/31/2025,35795/3,Fairfield Townplace East Hartford,3335,Aug 25 product revenue in SPS,,302922.93
AUGREVENUE-35796/3,794,A11001 - Accounts Receivable (New),950,,#VALUE!,08/31/2025,35796/3,Fairfield Townplace East Hartford,3335,Aug 25 product revenue in SPS,72755.14,
AUGREVENUE-35796/3,794.5,,972,A40001 - Sales Income (New),972,08/31/2025,35796/3,Fairfield Townplace East Hartford,3335,Aug 25 product revenue in SPS,,72755.14
AUGREVENUE-35797,795,A11001 - Accounts Receivable (New),950,,#VALUE!,08/31/2025,35797,Fairfield Townplace East Hartford,3335,Aug 25 product revenue in SPS,32609.54,
AUGREVENUE-35797,795.5,,972,A40001 - Sales Income (New),972,08/31/2025,35797,Fairfield Townplace East Hartford,3335,Aug 25 product revenue in SPS,,32609.54
AUGREVENUE-35799,796,A11001 - Accounts Receivable (New),950,,#VALUE!,08/31/2025,35799,Fairfield Townplace East Hartford,3335,Aug 25 product revenue in SPS,0.00,
AUGREVENUE-35799,796.5,,972,A40001 - Sales Income (New),972,08/31/2025,35799,Fairfield Townplace East Hartford,3335,Aug 25 product revenue in SPS,,0.00
AUGREVENUE-35799/4,797,A11001 - Accounts Receivable (New),950,,#VALUE!,08/31/2025,35799/4,Fairfield Townplace East Hartford,3335,Aug 25 product revenue in SPS,43846.50,
AUGREVENUE-35799/4,797.5,,972,A40001 - Sales Income (New),972,08/31/2025,35799/4,Fairfield Townplace East Hartford,3335,Aug 25 product revenue in SPS,,43846.50
AUGREVENUE-35800/3,798,A11001 - Accounts Receivable (New),950,,#VALUE!,08/31/2025,35800/3,Fairfield Townplace East Hartford,3335,Aug 25 product revenue in SPS,7530.87,
AUGREVENUE-35800/3,798.5,,972,A40001 - Sales Income (New),972,08/31/2025,35800/3,Fairfield Townplace East Hartford,3335,Aug 25 product revenue in SPS,,7530.87
AUGREVENUE-35806,799,A11001 - Accounts Receivable (New),950,,#VALUE!,08/31/2025,35806,Fairfield Townplace East Hartford,3335,Aug 25 product revenue in SPS,9294.66,
AUGREVENUE-35806,799.5,,972,A40001 - Sales Income (New),972,08/31/2025,35806,Fairfield Townplace East Hartford,3335,Aug 25 product revenue in SPS,,9294.66
AUGREVENUE-35807/2,800,A11001 - Accounts Receivable (New),950,,#VALUE!,08/31/2025,35807/2,Fairfield Townplace East Hartford,3335,Aug 25 product revenue in SPS,159237.71,
AUGREVENUE-35807/2,800.5,,972,A40001 - Sales Income (New),972,08/31/2025,35807/2,Fairfield Townplace East Hartford,3335,Aug 25 product revenue in SPS,,159237.71
AUGREVENUE-35808/2,801,A11001 - Accounts Receivable (New),950,,#VALUE!,08/31/2025,35808/2,Fairfield Townplace East Hartford,3335,Aug 25 product revenue in SPS,32921.16,
AUGREVENUE-35808/2,801.5,,972,A40001 - Sales Income (New),972,08/31/2025,35808/2,Fairfield Townplace East Hartford,3335,Aug 25 product revenue in SPS,,32921.16
AUGREVENUE-35811,802,A11001 - Accounts Receivable (New),950,,#VALUE!,08/31/2025,35811,Fairfield Townplace East Hartford,3335,Aug 25 product revenue in SPS,80186.40,
AUGREVENUE-35811,802.5,,972,A40001 - Sales Income (New),972,08/31/2025,35811,Fairfield Townplace East Hartford,3335,Aug 25 product revenue in SPS,,80186.40
AUGREVENUE-35812/2,803,A11001 - Accounts Receivable (New),950,,#VALUE!,08/31/2025,35812/2,Fairfield Townplace East Hartford,3335,Aug 25 product revenue in SPS,10482.63,
AUGREVENUE-35812/2,803.5,,972,A40001 - Sales Income (New),972,08/31/2025,35812/2,Fairfield Townplace East Hartford,3335,Aug 25 product revenue in SPS,,10482.63
AUGREVENUE-35870/5,804,A11001 - Accounts Receivable (New),950,,#VALUE!,08/31/2025,35870/5,Two one two,3397,Aug 25 product revenue in SPS,106.95,
AUGREVENUE-35870/5,804.5,,972,A40001 - Sales Income (New),972,08/31/2025,35870/5,Two one two,3397,Aug 25 product revenue in SPS,,106.95
AUGREVENUE-36072/6,805,A11001 - Accounts Receivable (New),950,,#VALUE!,08/31/2025,36072/6,Urban Atelier Group LLC,714,Aug 25 product revenue in SPS,195091.03,
AUGREVENUE-36072/6,805.5,,972,A40001 - Sales Income (New),972,08/31/2025,36072/6,Urban Atelier Group LLC,714,Aug 25 product revenue in SPS,,195091.03
AUGREVENUE-36096/6,806,A11001 - Accounts Receivable (New),950,,#VALUE!,08/31/2025,36096/6,335 8th Avenue,3545,Aug 25 product revenue in SPS,0.00,
AUGREVENUE-36096/6,806.5,,972,A40001 - Sales Income (New),972,08/31/2025,36096/6,335 8th Avenue,3545,Aug 25 product revenue in SPS,,0.00
AUGREVENUE-36155/2,807,A11001 - Accounts Receivable (New),950,,#VALUE!,08/31/2025,36155/2,Graniti Vicentia,1938,Aug 25 product revenue in SPS,0.00,
AUGREVENUE-36155/2,807.5,,972,A40001 - Sales Income (New),972,08/31/2025,36155/2,Graniti Vicentia,1938,Aug 25 product revenue in SPS,,0.00
AUGREVENUE-36158/2,808,A11001 - Accounts Receivable (New),950,,#VALUE!,08/31/2025,36158/2,Graniti Vicentia,1938,Aug 25 product revenue in SPS,0.00,
AUGREVENUE-36158/2,808.5,,972,A40001 - Sales Income (New),972,08/31/2025,36158/2,Graniti Vicentia,1938,Aug 25 product revenue in SPS,,0.00
AUGREVENUE-36159/5,809,A11001 - Accounts Receivable (New),950,,#VALUE!,08/31/2025,36159/5,Graniti Vicentia,1938,Aug 25 product revenue in SPS,0.00,
AUGREVENUE-36159/5,809.5,,972,A40001 - Sales Income (New),972,08/31/2025,36159/5,Graniti Vicentia,1938,Aug 25 product revenue in SPS,,0.00
AUGREVENUE-36160/2,810,A11001 - Accounts Receivable (New),950,,#VALUE!,08/31/2025,36160/2,Graniti Vicentia,1938,Aug 25 product revenue in SPS,0.00,
AUGREVENUE-36160/2,810.5,,972,A40001 - Sales Income (New),972,08/31/2025,36160/2,Graniti Vicentia,1938,Aug 25 product revenue in SPS,,0.00
AUGREVENUE-36162/4,811,A11001 - Accounts Receivable (New),950,,#VALUE!,08/31/2025,36162/4,CANDLEWOOD - PERRYSBERG,3546,Aug 25 product revenue in SPS,340.00,
AUGREVENUE-36162/4,811.5,,972,A40001 - Sales Income (New),972,08/31/2025,36162/4,CANDLEWOOD - PERRYSBERG,3546,Aug 25 product revenue in SPS,,340.00
AUGREVENUE-36196,812,A11001 - Accounts Receivable (New),950,,#VALUE!,08/31/2025,36196,Graniti Vicentia,1938,Aug 25 product revenue in SPS,0.00,
AUGREVENUE-36196,812.5,,972,A40001 - Sales Income (New),972,08/31/2025,36196,Graniti Vicentia,1938,Aug 25 product revenue in SPS,,0.00
AUGREVENUE-36199/10,813,A11001 - Accounts Receivable (New),950,,#VALUE!,08/31/2025,36199/10,Pinnacle Hospitality Partners / Hilton Garden inn Nashville,3547,Aug 25 product revenue in SPS,4260.00,
AUGREVENUE-36199/10,813.5,,972,A40001 - Sales Income (New),972,08/31/2025,36199/10,Pinnacle Hospitality Partners / Hilton Garden inn Nashville,3547,Aug 25 product revenue in SPS,,4260.00
AUGREVENUE-36303,814,A11001 - Accounts Receivable (New),950,,#VALUE!,08/31/2025,36303,Graniti Vicentia,1938,Aug 25 product revenue in SPS,0.00,
AUGREVENUE-36303,814.5,,972,A40001 - Sales Income (New),972,08/31/2025,36303,Graniti Vicentia,1938,Aug 25 product revenue in SPS,,0.00
AUGREVENUE-36318/2,815,A11001 - Accounts Receivable (New),950,,#VALUE!,08/31/2025,36318/2,LA QUINTA SHONTO AZ,3360,Aug 25 product revenue in SPS,0.00,
AUGREVENUE-36318/2,815.5,,972,A40001 - Sales Income (New),972,08/31/2025,36318/2,LA QUINTA SHONTO AZ,3360,Aug 25 product revenue in SPS,,0.00
AUGREVENUE-36442/2,816,A11001 - Accounts Receivable (New),950,,#VALUE!,08/31/2025,36442/2,Graniti Vicentia,1938,Aug 25 product revenue in SPS,0.00,
AUGREVENUE-36442/2,816.5,,972,A40001 - Sales Income (New),972,08/31/2025,36442/2,Graniti Vicentia,1938,Aug 25 product revenue in SPS,,0.00
AUGREVENUE-36477,817,A11001 - Accounts Receivable (New),950,,#VALUE!,08/31/2025,36477,Graniti Vicentia,1938,Aug 25 product revenue in SPS,0.00,
AUGREVENUE-36477,817.5,,972,A40001 - Sales Income (New),972,08/31/2025,36477,Graniti Vicentia,1938,Aug 25 product revenue in SPS,,0.00
AUGREVENUE-36478,818,A11001 - Accounts Receivable (New),950,,#VALUE!,08/31/2025,36478,Graniti Vicentia,1938,Aug 25 product revenue in SPS,0.00,
AUGREVENUE-36478,818.5,,972,A40001 - Sales Income (New),972,08/31/2025,36478,Graniti Vicentia,1938,Aug 25 product revenue in SPS,,0.00
AUGREVENUE-36479,819,A11001 - Accounts Receivable (New),950,,#VALUE!,08/31/2025,36479,Graniti Vicentia,1938,Aug 25 product revenue in SPS,0.00,
AUGREVENUE-36479,819.5,,972,A40001 - Sales Income (New),972,08/31/2025,36479,Graniti Vicentia,1938,Aug 25 product revenue in SPS,,0.00
AUGREVENUE-36509,820,A11001 - Accounts Receivable (New),950,,#VALUE!,08/31/2025,36509,Graniti Vicentia,1938,Aug 25 product revenue in SPS,0.00,
AUGREVENUE-36509,820.5,,972,A40001 - Sales Income (New),972,08/31/2025,36509,Graniti Vicentia,1938,Aug 25 product revenue in SPS,,0.00
AUGREVENUE-36628,821,A11001 - Accounts Receivable (New),950,,#VALUE!,08/31/2025,36628,Graniti Vicentia,1938,Aug 25 product revenue in SPS,0.00,
AUGREVENUE-36628,821.5,,972,A40001 - Sales Income (New),972,08/31/2025,36628,Graniti Vicentia,1938,Aug 25 product revenue in SPS,,0.00
AUGREVENUE-36643,822,A11001 - Accounts Receivable (New),950,,#VALUE!,08/31/2025,36643,"Jay Sun Hospitality LLC / La Quinta La Habra,CA",3351,Aug 25 product revenue in SPS,346.50,
AUGREVENUE-36643,822.5,,972,A40001 - Sales Income (New),972,08/31/2025,36643,"Jay Sun Hospitality LLC / La Quinta La Habra,CA",3351,Aug 25 product revenue in SPS,,346.50
AUGREVENUE-36647/2,823,A11001 - Accounts Receivable (New),950,,#VALUE!,08/31/2025,36647/2,SUPREME BRIGHT ATLANTIC CITY LLC (TRIBUTE SEAHAUS),3393,Aug 25 product revenue in SPS,1271.36,
AUGREVENUE-36647/2,823.5,,972,A40001 - Sales Income (New),972,08/31/2025,36647/2,SUPREME BRIGHT ATLANTIC CITY LLC (TRIBUTE SEAHAUS),3393,Aug 25 product revenue in SPS,,1271.36
AUGREVENUE-36649/2,824,A11001 - Accounts Receivable (New),950,,#VALUE!,08/31/2025,36649/2,SUPREME BRIGHT ATLANTIC CITY LLC (TRIBUTE SEAHAUS),3393,Aug 25 product revenue in SPS,54.30,
AUGREVENUE-36649/2,824.5,,972,A40001 - Sales Income (New),972,08/31/2025,36649/2,SUPREME BRIGHT ATLANTIC CITY LLC (TRIBUTE SEAHAUS),3393,Aug 25 product revenue in SPS,,54.30
AUGREVENUE-36718/3,825,A11001 - Accounts Receivable (New),950,,#VALUE!,08/31/2025,36718/3,"ELEMENT FORTSMITH, ARKANSAS",3330,Aug 25 product revenue in SPS,16476.37,
AUGREVENUE-36718/3,825.5,,972,A40001 - Sales Income (New),972,08/31/2025,36718/3,"ELEMENT FORTSMITH, ARKANSAS",3330,Aug 25 product revenue in SPS,,16476.37
AUGREVENUE-36849/12,826,A11001 - Accounts Receivable (New),950,,#VALUE!,08/31/2025,36849/12,Imagine Porcelain Co. IPC.,567,Aug 25 product revenue in SPS,5445.00,
AUGREVENUE-36849/12,826.5,,972,A40001 - Sales Income (New),972,08/31/2025,36849/12,Imagine Porcelain Co. IPC.,567,Aug 25 product revenue in SPS,,5445.00
AUGREVENUE-36928,827,A11001 - Accounts Receivable (New),950,,#VALUE!,08/31/2025,36928,Graniti Vicentia,1938,Aug 25 product revenue in SPS,0.00,
AUGREVENUE-36928,827.5,,972,A40001 - Sales Income (New),972,08/31/2025,36928,Graniti Vicentia,1938,Aug 25 product revenue in SPS,,0.00
AUGREVENUE-37135/2,828,A11001 - Accounts Receivable (New),950,,#VALUE!,08/31/2025,37135/2,Wingate Sheboygan WI - 01954,3561,Aug 25 product revenue in SPS,191.36,
AUGREVENUE-37135/2,828.5,,972,A40001 - Sales Income (New),972,08/31/2025,37135/2,Wingate Sheboygan WI - 01954,3561,Aug 25 product revenue in SPS,,191.36
AUGREVENUE-37255/4,829,A11001 - Accounts Receivable (New),950,,#VALUE!,08/31/2025,37255/4,AFP 108 Corp.,2601,Aug 25 product revenue in SPS,1014.75,
AUGREVENUE-37255/4,829.5,,972,A40001 - Sales Income (New),972,08/31/2025,37255/4,AFP 108 Corp.,2601,Aug 25 product revenue in SPS,,1014.75
AUGREVENUE-37260/21,830,A11001 - Accounts Receivable (New),950,,#VALUE!,08/31/2025,37260/21,"La Quinta Hawthorn - Miamisburg, OH",3358,Aug 25 product revenue in SPS,64142.18,
AUGREVENUE-37260/21,830.5,,972,A40001 - Sales Income (New),972,08/31/2025,37260/21,"La Quinta Hawthorn - Miamisburg, OH",3358,Aug 25 product revenue in SPS,,64142.18
AUGREVENUE-37316/2,831,A11001 - Accounts Receivable (New),950,,#VALUE!,08/31/2025,37316/2,Graniti Vicentia,1938,Aug 25 product revenue in SPS,0.00,
AUGREVENUE-37316/2,831.5,,972,A40001 - Sales Income (New),972,08/31/2025,37316/2,Graniti Vicentia,1938,Aug 25 product revenue in SPS,,0.00
AUGREVENUE-37316/3,832,A11001 - Accounts Receivable (New),950,,#VALUE!,08/31/2025,37316/3,Graniti Vicentia,1938,Aug 25 product revenue in SPS,0.00,
AUGREVENUE-37316/3,832.5,,972,A40001 - Sales Income (New),972,08/31/2025,37316/3,Graniti Vicentia,1938,Aug 25 product revenue in SPS,,0.00
AUGREVENUE-37316/5,833,A11001 - Accounts Receivable (New),950,,#VALUE!,08/31/2025,37316/5,Graniti Vicentia,1938,Aug 25 product revenue in SPS,0.00,
AUGREVENUE-37316/5,833.5,,972,A40001 - Sales Income (New),972,08/31/2025,37316/5,Graniti Vicentia,1938,Aug 25 product revenue in SPS,,0.00
AUGREVENUE-37316/6,834,A11001 - Accounts Receivable (New),950,,#VALUE!,08/31/2025,37316/6,Graniti Vicentia,1938,Aug 25 product revenue in SPS,0.00,
AUGREVENUE-37316/6,834.5,,972,A40001 - Sales Income (New),972,08/31/2025,37316/6,Graniti Vicentia,1938,Aug 25 product revenue in SPS,,0.00
AUGREVENUE-37354,835,A11001 - Accounts Receivable (New),950,,#VALUE!,08/31/2025,37354,Goodall Distributors,544,Aug 25 product revenue in SPS,6882.00,
AUGREVENUE-37354,835.5,,972,A40001 - Sales Income (New),972,08/31/2025,37354,Goodall Distributors,544,Aug 25 product revenue in SPS,,6882.00
AUGREVENUE-37365/2,836,A11001 - Accounts Receivable (New),950,,#VALUE!,08/31/2025,37365/2,Stay Bridge - Manteca - CA - Aman Dhillon,3389,Aug 25 product revenue in SPS,0.00,
AUGREVENUE-37365/2,836.5,,972,A40001 - Sales Income (New),972,08/31/2025,37365/2,Stay Bridge - Manteca - CA - Aman Dhillon,3389,Aug 25 product revenue in SPS,,0.00
AUGREVENUE-37418/10,837,A11001 - Accounts Receivable (New),950,,#VALUE!,08/31/2025,37418/10,"Jay Sun Hospitality LLC / La Quinta La Habra,CA",3351,Aug 25 product revenue in SPS,2085.57,
AUGREVENUE-37418/10,837.5,,972,A40001 - Sales Income (New),972,08/31/2025,37418/10,"Jay Sun Hospitality LLC / La Quinta La Habra,CA",3351,Aug 25 product revenue in SPS,,2085.57
AUGREVENUE-37625,838,A11001 - Accounts Receivable (New),950,,#VALUE!,08/31/2025,37625,"Brighter Vision Group, LP",3321,Aug 25 product revenue in SPS,2450.48,
AUGREVENUE-37625,838.5,,972,A40001 - Sales Income (New),972,08/31/2025,37625,"Brighter Vision Group, LP",3321,Aug 25 product revenue in SPS,,2450.48
AUGREVENUE-37625/2,839,A11001 - Accounts Receivable (New),950,,#VALUE!,08/31/2025,37625/2,"Brighter Vision Group, LP",3321,Aug 25 product revenue in SPS,2989.97,
AUGREVENUE-37625/2,839.5,,972,A40001 - Sales Income (New),972,08/31/2025,37625/2,"Brighter Vision Group, LP",3321,Aug 25 product revenue in SPS,,2989.97
AUGREVENUE-37644,840,A11001 - Accounts Receivable (New),950,,#VALUE!,08/31/2025,37644,"Brighter Vision Group, LP",3321,Aug 25 product revenue in SPS,17455.42,
AUGREVENUE-37644,840.5,,972,A40001 - Sales Income (New),972,08/31/2025,37644,"Brighter Vision Group, LP",3321,Aug 25 product revenue in SPS,,17455.42
AUGREVENUE-37644/2,841,A11001 - Accounts Receivable (New),950,,#VALUE!,08/31/2025,37644/2,"Brighter Vision Group, LP",3321,Aug 25 product revenue in SPS,1963.93,
AUGREVENUE-37644/2,841.5,,972,A40001 - Sales Income (New),972,08/31/2025,37644/2,"Brighter Vision Group, LP",3321,Aug 25 product revenue in SPS,,1963.93
AUGREVENUE-37644/3,842,A11001 - Accounts Receivable (New),950,,#VALUE!,08/31/2025,37644/3,"Brighter Vision Group, LP",3321,Aug 25 product revenue in SPS,2638.99,
AUGREVENUE-37644/3,842.5,,972,A40001 - Sales Income (New),972,08/31/2025,37644/3,"Brighter Vision Group, LP",3321,Aug 25 product revenue in SPS,,2638.99
AUGREVENUE-37744/5,843,A11001 - Accounts Receivable (New),950,,#VALUE!,08/31/2025,37744/5,Mitch Cox Construction,2399,Aug 25 product revenue in SPS,0.00,
AUGREVENUE-37744/5,843.5,,972,A40001 - Sales Income (New),972,08/31/2025,37744/5,Mitch Cox Construction,2399,Aug 25 product revenue in SPS,,0.00
AUGREVENUE-37744/6,844,A11001 - Accounts Receivable (New),950,,#VALUE!,08/31/2025,37744/6,Mitch Cox Construction,2399,Aug 25 product revenue in SPS,0.00,
AUGREVENUE-37744/6,844.5,,972,A40001 - Sales Income (New),972,08/31/2025,37744/6,Mitch Cox Construction,2399,Aug 25 product revenue in SPS,,0.00
AUGREVENUE-37766/3,845,A11001 - Accounts Receivable (New),950,,#VALUE!,08/31/2025,37766/3,"Residence Inn Indianapolis,IN",2609,Aug 25 product revenue in SPS,19528.20,
AUGREVENUE-37766/3,845.5,,972,A40001 - Sales Income (New),972,08/31/2025,37766/3,"Residence Inn Indianapolis,IN",2609,Aug 25 product revenue in SPS,,19528.20
AUGREVENUE-37770/2,846,A11001 - Accounts Receivable (New),950,,#VALUE!,08/31/2025,37770/2,"Residence Inn Indianapolis,IN",2609,Aug 25 product revenue in SPS,6266.52,
AUGREVENUE-37770/2,846.5,,972,A40001 - Sales Income (New),972,08/31/2025,37770/2,"Residence Inn Indianapolis,IN",2609,Aug 25 product revenue in SPS,,6266.52
AUGREVENUE-37770/3,847,A11001 - Accounts Receivable (New),950,,#VALUE!,08/31/2025,37770/3,"Residence Inn Indianapolis,IN",2609,Aug 25 product revenue in SPS,645.05,
AUGREVENUE-37770/3,847.5,,972,A40001 - Sales Income (New),972,08/31/2025,37770/3,"Residence Inn Indianapolis,IN",2609,Aug 25 product revenue in SPS,,645.05
AUGREVENUE-37775/3,848,A11001 - Accounts Receivable (New),950,,#VALUE!,08/31/2025,37775/3,"Residence Inn Indianapolis,IN",2609,Aug 25 product revenue in SPS,500.00,
AUGREVENUE-37775/3,848.5,,972,A40001 - Sales Income (New),972,08/31/2025,37775/3,"Residence Inn Indianapolis,IN",2609,Aug 25 product revenue in SPS,,500.00
AUGREVENUE-37776,849,A11001 - Accounts Receivable (New),950,,#VALUE!,08/31/2025,37776,"Residence Inn Indianapolis,IN",2609,Aug 25 product revenue in SPS,288.00,
AUGREVENUE-37776,849.5,,972,A40001 - Sales Income (New),972,08/31/2025,37776,"Residence Inn Indianapolis,IN",2609,Aug 25 product revenue in SPS,,288.00
AUGREVENUE-37784/2,850,A11001 - Accounts Receivable (New),950,,#VALUE!,08/31/2025,37784/2,"Residence Inn Indianapolis,IN",2609,Aug 25 product revenue in SPS,54.54,
AUGREVENUE-37784/2,850.5,,972,A40001 - Sales Income (New),972,08/31/2025,37784/2,"Residence Inn Indianapolis,IN",2609,Aug 25 product revenue in SPS,,54.54
AUGREVENUE-37903,851,A11001 - Accounts Receivable (New),950,,#VALUE!,08/31/2025,37903,"Las Vegas Resort Holdings, LLC",3368,Aug 25 product revenue in SPS,945.00,
AUGREVENUE-37903,851.5,,972,A40001 - Sales Income (New),972,08/31/2025,37903,"Las Vegas Resort Holdings, LLC",3368,Aug 25 product revenue in SPS,,945.00
AUGREVENUE-37904/4,852,A11001 - Accounts Receivable (New),950,,#VALUE!,08/31/2025,37904/4,"Las Vegas Resort Holdings, LLC",3368,Aug 25 product revenue in SPS,153267.86,
AUGREVENUE-37904/4,852.5,,972,A40001 - Sales Income (New),972,08/31/2025,37904/4,"Las Vegas Resort Holdings, LLC",3368,Aug 25 product revenue in SPS,,153267.86
AUGREVENUE-37953/2,853,A11001 - Accounts Receivable (New),950,,#VALUE!,08/31/2025,37953/2,Monsoon Flower LLC,1720,Aug 25 product revenue in SPS,32292.00,
AUGREVENUE-37953/2,853.5,,972,A40001 - Sales Income (New),972,08/31/2025,37953/2,Monsoon Flower LLC,1720,Aug 25 product revenue in SPS,,32292.00
AUGREVENUE-37955/2,854,A11001 - Accounts Receivable (New),950,,#VALUE!,08/31/2025,37955/2,Monsoon Flower LLC,1720,Aug 25 product revenue in SPS,0.00,
AUGREVENUE-37955/2,854.5,,972,A40001 - Sales Income (New),972,08/31/2025,37955/2,Monsoon Flower LLC,1720,Aug 25 product revenue in SPS,,0.00
AUGREVENUE-37955/4,855,A11001 - Accounts Receivable (New),950,,#VALUE!,08/31/2025,37955/4,Monsoon Flower LLC,1720,Aug 25 product revenue in SPS,6113.98,
AUGREVENUE-37955/4,855.5,,972,A40001 - Sales Income (New),972,08/31/2025,37955/4,Monsoon Flower LLC,1720,Aug 25 product revenue in SPS,,6113.98
AUGREVENUE-37957/4,856,A11001 - Accounts Receivable (New),950,,#VALUE!,08/31/2025,37957/4,Monsoon Flower LLC,1720,Aug 25 product revenue in SPS,29035.50,
AUGREVENUE-37957/4,856.5,,972,A40001 - Sales Income (New),972,08/31/2025,37957/4,Monsoon Flower LLC,1720,Aug 25 product revenue in SPS,,29035.50
AUGREVENUE-37958/5,857,A11001 - Accounts Receivable (New),950,,#VALUE!,08/31/2025,37958/5,Monsoon Flower LLC,1720,Aug 25 product revenue in SPS,0.00,
AUGREVENUE-37958/5,857.5,,972,A40001 - Sales Income (New),972,08/31/2025,37958/5,Monsoon Flower LLC,1720,Aug 25 product revenue in SPS,,0.00
AUGREVENUE-37958/6,858,A11001 - Accounts Receivable (New),950,,#VALUE!,08/31/2025,37958/6,Monsoon Flower LLC,1720,Aug 25 product revenue in SPS,70297.64,
AUGREVENUE-37958/6,858.5,,972,A40001 - Sales Income (New),972,08/31/2025,37958/6,Monsoon Flower LLC,1720,Aug 25 product revenue in SPS,,70297.64
AUGREVENUE-37959/3,859,A11001 - Accounts Receivable (New),950,,#VALUE!,08/31/2025,37959/3,Monsoon Flower LLC,1720,Aug 25 product revenue in SPS,0.00,
AUGREVENUE-37959/3,859.5,,972,A40001 - Sales Income (New),972,08/31/2025,37959/3,Monsoon Flower LLC,1720,Aug 25 product revenue in SPS,,0.00
AUGREVENUE-37960/3,860,A11001 - Accounts Receivable (New),950,,#VALUE!,08/31/2025,37960/3,Monsoon Flower LLC,1720,Aug 25 product revenue in SPS,1199.97,
AUGREVENUE-37960/3,860.5,,972,A40001 - Sales Income (New),972,08/31/2025,37960/3,Monsoon Flower LLC,1720,Aug 25 product revenue in SPS,,1199.97
AUGREVENUE-37961/5,861,A11001 - Accounts Receivable (New),950,,#VALUE!,08/31/2025,37961/5,Monsoon Flower LLC,1720,Aug 25 product revenue in SPS,4182.88,
AUGREVENUE-37961/5,861.5,,972,A40001 - Sales Income (New),972,08/31/2025,37961/5,Monsoon Flower LLC,1720,Aug 25 product revenue in SPS,,4182.88
AUGREVENUE-38021/3,862,A11001 - Accounts Receivable (New),950,,#VALUE!,08/31/2025,38021/3,HSI Design Group,3562,Aug 25 product revenue in SPS,250.00,
AUGREVENUE-38021/3,862.5,,972,A40001 - Sales Income (New),972,08/31/2025,38021/3,HSI Design Group,3562,Aug 25 product revenue in SPS,,250.00
AUGREVENUE-38055,863,A11001 - Accounts Receivable (New),950,,#VALUE!,08/31/2025,38055,Graniti Vicentia,1938,Aug 25 product revenue in SPS,0.00,
AUGREVENUE-38055,863.5,,972,A40001 - Sales Income (New),972,08/31/2025,38055,Graniti Vicentia,1938,Aug 25 product revenue in SPS,,0.00
AUGREVENUE-38132/3,864,A11001 - Accounts Receivable (New),950,,#VALUE!,08/31/2025,38132/3,"Pitt-Cran Hospitality, LLC/ Wingate Cranberry",3377,Aug 25 product revenue in SPS,4610.90,
AUGREVENUE-38132/3,864.5,,972,A40001 - Sales Income (New),972,08/31/2025,38132/3,"Pitt-Cran Hospitality, LLC/ Wingate Cranberry",3377,Aug 25 product revenue in SPS,,4610.90
AUGREVENUE-38172,865,A11001 - Accounts Receivable (New),950,,#VALUE!,08/31/2025,38172,Graniti Vicentia,1938,Aug 25 product revenue in SPS,0.00,
AUGREVENUE-38172,865.5,,972,A40001 - Sales Income (New),972,08/31/2025,38172,Graniti Vicentia,1938,Aug 25 product revenue in SPS,,0.00
AUGREVENUE-38172/2,866,A11001 - Accounts Receivable (New),950,,#VALUE!,08/31/2025,38172/2,Graniti Vicentia,1938,Aug 25 product revenue in SPS,0.00,
AUGREVENUE-38172/2,866.5,,972,A40001 - Sales Income (New),972,08/31/2025,38172/2,Graniti Vicentia,1938,Aug 25 product revenue in SPS,,0.00
AUGREVENUE-38172/4,867,A11001 - Accounts Receivable (New),950,,#VALUE!,08/31/2025,38172/4,Graniti Vicentia,1938,Aug 25 product revenue in SPS,0.00,
AUGREVENUE-38172/4,867.5,,972,A40001 - Sales Income (New),972,08/31/2025,38172/4,Graniti Vicentia,1938,Aug 25 product revenue in SPS,,0.00
AUGREVENUE-38172/6,868,A11001 - Accounts Receivable (New),950,,#VALUE!,08/31/2025,38172/6,Graniti Vicentia,1938,Aug 25 product revenue in SPS,0.00,
AUGREVENUE-38172/6,868.5,,972,A40001 - Sales Income (New),972,08/31/2025,38172/6,Graniti Vicentia,1938,Aug 25 product revenue in SPS,,0.00
AUGREVENUE-38172/7,869,A11001 - Accounts Receivable (New),950,,#VALUE!,08/31/2025,38172/7,Graniti Vicentia,1938,Aug 25 product revenue in SPS,0.00,
AUGREVENUE-38172/7,869.5,,972,A40001 - Sales Income (New),972,08/31/2025,38172/7,Graniti Vicentia,1938,Aug 25 product revenue in SPS,,0.00
AUGREVENUE-38215,870,A11001 - Accounts Receivable (New),950,,#VALUE!,08/31/2025,38215,Installations plus,1555,Aug 25 product revenue in SPS,7903.98,
AUGREVENUE-38215,870.5,,972,A40001 - Sales Income (New),972,08/31/2025,38215,Installations plus,1555,Aug 25 product revenue in SPS,,7903.98
AUGREVENUE-38220/2,871,A11001 - Accounts Receivable (New),950,,#VALUE!,08/31/2025,38220/2,Graniti Vicentia,1938,Aug 25 product revenue in SPS,0.00,
AUGREVENUE-38220/2,871.5,,972,A40001 - Sales Income (New),972,08/31/2025,38220/2,Graniti Vicentia,1938,Aug 25 product revenue in SPS,,0.00
AUGREVENUE-38221/2,872,A11001 - Accounts Receivable (New),950,,#VALUE!,08/31/2025,38221/2,Graniti Vicentia,1938,Aug 25 product revenue in SPS,0.00,
AUGREVENUE-38221/2,872.5,,972,A40001 - Sales Income (New),972,08/31/2025,38221/2,Graniti Vicentia,1938,Aug 25 product revenue in SPS,,0.00
AUGREVENUE-38222/2,873,A11001 - Accounts Receivable (New),950,,#VALUE!,08/31/2025,38222/2,Graniti Vicentia,1938,Aug 25 product revenue in SPS,0.00,
AUGREVENUE-38222/2,873.5,,972,A40001 - Sales Income (New),972,08/31/2025,38222/2,Graniti Vicentia,1938,Aug 25 product revenue in SPS,,0.00
AUGREVENUE-38222/3,874,A11001 - Accounts Receivable (New),950,,#VALUE!,08/31/2025,38222/3,Graniti Vicentia,1938,Aug 25 product revenue in SPS,0.00,
AUGREVENUE-38222/3,874.5,,972,A40001 - Sales Income (New),972,08/31/2025,38222/3,Graniti Vicentia,1938,Aug 25 product revenue in SPS,,0.00
AUGREVENUE-38248/3,875,A11001 - Accounts Receivable (New),950,,#VALUE!,08/31/2025,38248/3,Graniti Vicentia,1938,Aug 25 product revenue in SPS,0.00,
AUGREVENUE-38248/3,875.5,,972,A40001 - Sales Income (New),972,08/31/2025,38248/3,Graniti Vicentia,1938,Aug 25 product revenue in SPS,,0.00
AUGREVENUE-38262,876,A11001 - Accounts Receivable (New),950,,#VALUE!,08/31/2025,38262,HOME2 SOMERSET,3526,Aug 25 product revenue in SPS,2800.02,
AUGREVENUE-38262,876.5,,972,A40001 - Sales Income (New),972,08/31/2025,38262,HOME2 SOMERSET,3526,Aug 25 product revenue in SPS,,2800.02
AUGREVENUE-38264/3,877,A11001 - Accounts Receivable (New),950,,#VALUE!,08/31/2025,38264/3,HOME2 SOMERSET,3526,Aug 25 product revenue in SPS,19600.20,
AUGREVENUE-38264/3,877.5,,972,A40001 - Sales Income (New),972,08/31/2025,38264/3,HOME2 SOMERSET,3526,Aug 25 product revenue in SPS,,19600.20
AUGREVENUE-38267,878,A11001 - Accounts Receivable (New),950,,#VALUE!,08/31/2025,38267,HOME2 SOMERSET,3526,Aug 25 product revenue in SPS,7385.89,
AUGREVENUE-38267,878.5,,972,A40001 - Sales Income (New),972,08/31/2025,38267,HOME2 SOMERSET,3526,Aug 25 product revenue in SPS,,7385.89
AUGREVENUE-38317,879,A11001 - Accounts Receivable (New),950,,#VALUE!,08/31/2025,38317,GROSE & MANZ BUILDERS LLC,1553,Aug 25 product revenue in SPS,43245.59,
AUGREVENUE-38317,879.5,,972,A40001 - Sales Income (New),972,08/31/2025,38317,GROSE & MANZ BUILDERS LLC,1553,Aug 25 product revenue in SPS,,43245.59
AUGREVENUE-38371/3,880,A11001 - Accounts Receivable (New),950,,#VALUE!,08/31/2025,38371/3,LaQuinta Inn & Suites Oxford AL,2752,Aug 25 product revenue in SPS,747.50,
AUGREVENUE-38371/3,880.5,,972,A40001 - Sales Income (New),972,08/31/2025,38371/3,LaQuinta Inn & Suites Oxford AL,2752,Aug 25 product revenue in SPS,,747.50
AUGREVENUE-38371/5,881,A11001 - Accounts Receivable (New),950,,#VALUE!,08/31/2025,38371/5,LaQuinta Inn & Suites Oxford AL,2752,Aug 25 product revenue in SPS,813.28,
AUGREVENUE-38371/5,881.5,,972,A40001 - Sales Income (New),972,08/31/2025,38371/5,LaQuinta Inn & Suites Oxford AL,2752,Aug 25 product revenue in SPS,,813.28
AUGREVENUE-38407,882,A11001 - Accounts Receivable (New),950,,#VALUE!,08/31/2025,38407,Monsoon Flower LLC,1720,Aug 25 product revenue in SPS,0.00,
AUGREVENUE-38407,882.5,,972,A40001 - Sales Income (New),972,08/31/2025,38407,Monsoon Flower LLC,1720,Aug 25 product revenue in SPS,,0.00
AUGREVENUE-38473,883,A11001 - Accounts Receivable (New),950,,#VALUE!,08/31/2025,38473,Hestan Winery,2519,Aug 25 product revenue in SPS,17076.49,
AUGREVENUE-38473,883.5,,972,A40001 - Sales Income (New),972,08/31/2025,38473,Hestan Winery,2519,Aug 25 product revenue in SPS,,17076.49
AUGREVENUE-38477/2,884,A11001 - Accounts Receivable (New),950,,#VALUE!,08/31/2025,38477/2,Graniti Vicentia,1938,Aug 25 product revenue in SPS,0.00,
AUGREVENUE-38477/2,884.5,,972,A40001 - Sales Income (New),972,08/31/2025,38477/2,Graniti Vicentia,1938,Aug 25 product revenue in SPS,,0.00
AUGREVENUE-38507/4,885,A11001 - Accounts Receivable (New),950,,#VALUE!,08/31/2025,38507/4,ELEMENT OPELIKA AL,2484,Aug 25 product revenue in SPS,0.00,
AUGREVENUE-38507/4,885.5,,972,A40001 - Sales Income (New),972,08/31/2025,38507/4,ELEMENT OPELIKA AL,2484,Aug 25 product revenue in SPS,,0.00
AUGREVENUE-38508/2,886,A11001 - Accounts Receivable (New),950,,#VALUE!,08/31/2025,38508/2,Tommy Wong,3563,Aug 25 product revenue in SPS,523.35,
AUGREVENUE-38508/2,886.5,,972,A40001 - Sales Income (New),972,08/31/2025,38508/2,Tommy Wong,3563,Aug 25 product revenue in SPS,,523.35
AUGREVENUE-38515/3,887,A11001 - Accounts Receivable (New),950,,#VALUE!,08/31/2025,38515/3,Link Floors,3564,Aug 25 product revenue in SPS,14924.64,
AUGREVENUE-38515/3,887.5,,972,A40001 - Sales Income (New),972,08/31/2025,38515/3,Link Floors,3564,Aug 25 product revenue in SPS,,14924.64
AUGREVENUE-38527,888,A11001 - Accounts Receivable (New),950,,#VALUE!,08/31/2025,38527,Gaurang(Gary) Patel,540,Aug 25 product revenue in SPS,2040.00,
AUGREVENUE-38527,888.5,,972,A40001 - Sales Income (New),972,08/31/2025,38527,Gaurang(Gary) Patel,540,Aug 25 product revenue in SPS,,2040.00
AUGREVENUE-38544/2,889,A11001 - Accounts Receivable (New),950,,#VALUE!,08/31/2025,38544/2,"La Quinta - Chelsea,AL",3355,Aug 25 product revenue in SPS,0.00,
AUGREVENUE-38544/2,889.5,,972,A40001 - Sales Income (New),972,08/31/2025,38544/2,"La Quinta - Chelsea,AL",3355,Aug 25 product revenue in SPS,,0.00
AUGREVENUE-38544/3,890,A11001 - Accounts Receivable (New),950,,#VALUE!,08/31/2025,38544/3,"La Quinta - Chelsea,AL",3355,Aug 25 product revenue in SPS,0.00,
AUGREVENUE-38544/3,890.5,,972,A40001 - Sales Income (New),972,08/31/2025,38544/3,"La Quinta - Chelsea,AL",3355,Aug 25 product revenue in SPS,,0.00
AUGREVENUE-38544/4,891,A11001 - Accounts Receivable (New),950,,#VALUE!,08/31/2025,38544/4,"La Quinta - Chelsea,AL",3355,Aug 25 product revenue in SPS,0.00,
AUGREVENUE-38544/4,891.5,,972,A40001 - Sales Income (New),972,08/31/2025,38544/4,"La Quinta - Chelsea,AL",3355,Aug 25 product revenue in SPS,,0.00
AUGREVENUE-38553,892,A11001 - Accounts Receivable (New),950,,#VALUE!,08/31/2025,38553,Graniti Vicentia,1938,Aug 25 product revenue in SPS,0.00,
AUGREVENUE-38553,892.5,,972,A40001 - Sales Income (New),972,08/31/2025,38553,Graniti Vicentia,1938,Aug 25 product revenue in SPS,,0.00
AUGREVENUE-38553/2,893,A11001 - Accounts Receivable (New),950,,#VALUE!,08/31/2025,38553/2,Graniti Vicentia,1938,Aug 25 product revenue in SPS,0.00,
AUGREVENUE-38553/2,893.5,,972,A40001 - Sales Income (New),972,08/31/2025,38553/2,Graniti Vicentia,1938,Aug 25 product revenue in SPS,,0.00
AUGREVENUE-38557,894,A11001 - Accounts Receivable (New),950,,#VALUE!,08/31/2025,38557,Graniti Vicentia,1938,Aug 25 product revenue in SPS,1981.10,
AUGREVENUE-38557,894.5,,972,A40001 - Sales Income (New),972,08/31/2025,38557,Graniti Vicentia,1938,Aug 25 product revenue in SPS,,1981.10
AUGREVENUE-38603,895,A11001 - Accounts Receivable (New),950,,#VALUE!,08/31/2025,38603,Deven Bhakta - Port Aransas Home,515,Aug 25 product revenue in SPS,1025.79,
AUGREVENUE-38603,895.5,,972,A40001 - Sales Income (New),972,08/31/2025,38603,Deven Bhakta - Port Aransas Home,515,Aug 25 product revenue in SPS,,1025.79
AUGREVENUE-38606/2,896,A11001 - Accounts Receivable (New),950,,#VALUE!,08/31/2025,38606/2,Grand Sierra Resort & Casino,546,Aug 25 product revenue in SPS,900.00,
AUGREVENUE-38606/2,896.5,,972,A40001 - Sales Income (New),972,08/31/2025,38606/2,Grand Sierra Resort & Casino,546,Aug 25 product revenue in SPS,,900.00
AUGREVENUE-38607,897,A11001 - Accounts Receivable (New),950,,#VALUE!,08/31/2025,38607,GROSE & MANZ BUILDERS LLC,1553,Aug 25 product revenue in SPS,4616.50,
AUGREVENUE-38607,897.5,,972,A40001 - Sales Income (New),972,08/31/2025,38607,GROSE & MANZ BUILDERS LLC,1553,Aug 25 product revenue in SPS,,4616.50
AUGREVENUE-38621,898,A11001 - Accounts Receivable (New),950,,#VALUE!,08/31/2025,38621,Two one two,3397,Aug 25 product revenue in SPS,18109.69,
AUGREVENUE-38621,898.5,,972,A40001 - Sales Income (New),972,08/31/2025,38621,Two one two,3397,Aug 25 product revenue in SPS,,18109.69
AUGREVENUE-38627,899,A11001 - Accounts Receivable (New),950,,#VALUE!,08/31/2025,38627,"Las Vegas Resort Holdings, LLC",3368,Aug 25 product revenue in SPS,3668.16,
AUGREVENUE-38627,899.5,,972,A40001 - Sales Income (New),972,08/31/2025,38627,"Las Vegas Resort Holdings, LLC",3368,Aug 25 product revenue in SPS,,3668.16
AUGREVENUE-38636,900,A11001 - Accounts Receivable (New),950,,#VALUE!,08/31/2025,38636,"HFD HAWTHORN/LA QUINTA, MEBANE, NC",2623,Aug 25 product revenue in SPS,6920.00,
AUGREVENUE-38636,900.5,,972,A40001 - Sales Income (New),972,08/31/2025,38636,"HFD HAWTHORN/LA QUINTA, MEBANE, NC",2623,Aug 25 product revenue in SPS,,6920.00
AUGREVENUE-38670,901,A11001 - Accounts Receivable (New),950,,#VALUE!,08/31/2025,38670,SKIMS Retail,2597,Aug 25 product revenue in SPS,157976.00,
AUGREVENUE-38670,901.5,,972,A40001 - Sales Income (New),972,08/31/2025,38670,SKIMS Retail,2597,Aug 25 product revenue in SPS,,157976.00
AUGREVENUE-38671,902,A11001 - Accounts Receivable (New),950,,#VALUE!,08/31/2025,38671,Monsoon Flower LLC,1720,Aug 25 product revenue in SPS,28395.79,
AUGREVENUE-38671,902.5,,972,A40001 - Sales Income (New),972,08/31/2025,38671,Monsoon Flower LLC,1720,Aug 25 product revenue in SPS,,28395.79
AUGREVENUE-38671/5,903,A11001 - Accounts Receivable (New),950,,#VALUE!,08/31/2025,38671/5,Monsoon Flower LLC,1720,Aug 25 product revenue in SPS,57659.76,
AUGREVENUE-38671/5,903.5,,972,A40001 - Sales Income (New),972,08/31/2025,38671/5,Monsoon Flower LLC,1720,Aug 25 product revenue in SPS,,57659.76
AUGREVENUE-38674,904,A11001 - Accounts Receivable (New),950,,#VALUE!,08/31/2025,38674,Didier Nader,3565,Aug 25 product revenue in SPS,151.00,
AUGREVENUE-38674,904.5,,972,A40001 - Sales Income (New),972,08/31/2025,38674,Didier Nader,3565,Aug 25 product revenue in SPS,,151.00
AUGREVENUE-38701,905,A11001 - Accounts Receivable (New),950,,#VALUE!,08/31/2025,38701,AQUATERRA OUTDOORS,454,Aug 25 product revenue in SPS,634.73,
AUGREVENUE-38701,905.5,,972,A40001 - Sales Income (New),972,08/31/2025,38701,AQUATERRA OUTDOORS,454,Aug 25 product revenue in SPS,,634.73
AUGREVENUE-38718,906,A11001 - Accounts Receivable (New),950,,#VALUE!,08/31/2025,38718,Schoenfelder Renovations,2599,Aug 25 product revenue in SPS,1247.75,
AUGREVENUE-38718,906.5,,972,A40001 - Sales Income (New),972,08/31/2025,38718,Schoenfelder Renovations,2599,Aug 25 product revenue in SPS,,1247.75
AUGREVENUE-38721,907,A11001 - Accounts Receivable (New),950,,#VALUE!,08/31/2025,38721,Holiday Inn Express and Suites,2159,Aug 25 product revenue in SPS,200.00,
AUGREVENUE-38721,907.5,,972,A40001 - Sales Income (New),972,08/31/2025,38721,Holiday Inn Express and Suites,2159,Aug 25 product revenue in SPS,,200.00
AUGREVENUE-38726,908,A11001 - Accounts Receivable (New),950,,#VALUE!,08/31/2025,38726,Hampton Inn Corpus Christi,1933,Aug 25 product revenue in SPS,1800.00,
AUGREVENUE-38726,908.5,,972,A40001 - Sales Income (New),972,08/31/2025,38726,Hampton Inn Corpus Christi,1933,Aug 25 product revenue in SPS,,1800.00
AUGREVENUE-38733/3,909,A11001 - Accounts Receivable (New),950,,#VALUE!,08/31/2025,38733/3,Marino Construction,2335,Aug 25 product revenue in SPS,433.65,
AUGREVENUE-38733/3,909.5,,972,A40001 - Sales Income (New),972,08/31/2025,38733/3,Marino Construction,2335,Aug 25 product revenue in SPS,,433.65
AUGREVENUE-38744,910,A11001 - Accounts Receivable (New),950,,#VALUE!,08/31/2025,38744,"Pinnacle Marble And Granite, Inc",632,Aug 25 product revenue in SPS,1900.32,
AUGREVENUE-38744,910.5,,972,A40001 - Sales Income (New),972,08/31/2025,38744,"Pinnacle Marble And Granite, Inc",632,Aug 25 product revenue in SPS,,1900.32
AUGREVENUE-38749,911,A11001 - Accounts Receivable (New),950,,#VALUE!,08/31/2025,38749,"Wingate - Erlanger, KY",2712,Aug 25 product revenue in SPS,0.00,
AUGREVENUE-38749,911.5,,972,A40001 - Sales Income (New),972,08/31/2025,38749,"Wingate - Erlanger, KY",2712,Aug 25 product revenue in SPS,,0.00
AUGREVENUE-38758,912,A11001 - Accounts Receivable (New),950,,#VALUE!,08/31/2025,38758,The DOI Residence/ DEAZLY INC.,2346,Aug 25 product revenue in SPS,328.57,
AUGREVENUE-38758,912.5,,972,A40001 - Sales Income (New),972,08/31/2025,38758,The DOI Residence/ DEAZLY INC.,2346,Aug 25 product revenue in SPS,,328.57
AUGREVENUE-38785,913,A11001 - Accounts Receivable (New),950,,#VALUE!,08/31/2025,38785,Vedi Hospitality LLC,2316,Aug 25 product revenue in SPS,2604.00,
AUGREVENUE-38785,913.5,,972,A40001 - Sales Income (New),972,08/31/2025,38785,Vedi Hospitality LLC,2316,Aug 25 product revenue in SPS,,2604.00
AUGREVENUE-38793,914,A11001 - Accounts Receivable (New),950,,#VALUE!,08/31/2025,38793,LQ Kingston,2358,Aug 25 product revenue in SPS,200.00,
AUGREVENUE-38793,914.5,,972,A40001 - Sales Income (New),972,08/31/2025,38793,LQ Kingston,2358,Aug 25 product revenue in SPS,,200.00
AUGREVENUE-38795,915,A11001 - Accounts Receivable (New),950,,#VALUE!,08/31/2025,38795,My Grout Guyz Inc,2377,Aug 25 product revenue in SPS,162.78,
AUGREVENUE-38795,915.5,,972,A40001 - Sales Income (New),972,08/31/2025,38795,My Grout Guyz Inc,2377,Aug 25 product revenue in SPS,,162.78
AUGREVENUE-38796,916,A11001 - Accounts Receivable (New),950,,#VALUE!,08/31/2025,38796,Trinity Contract Flooring,2379,Aug 25 product revenue in SPS,465.00,
AUGREVENUE-38796,916.5,,972,A40001 - Sales Income (New),972,08/31/2025,38796,Trinity Contract Flooring,2379,Aug 25 product revenue in SPS,,465.00
AUGREVENUE-38799,917,A11001 - Accounts Receivable (New),950,,#VALUE!,08/31/2025,38799,ASHWIN PATEL,2440,Aug 25 product revenue in SPS,2740.00,
AUGREVENUE-38799,917.5,,972,A40001 - Sales Income (New),972,08/31/2025,38799,ASHWIN PATEL,2440,Aug 25 product revenue in SPS,,2740.00
AUGREVENUE-38800,918,A11001 - Accounts Receivable (New),950,,#VALUE!,08/31/2025,38800,SSC Construction,2415,Aug 25 product revenue in SPS,15750.00,
AUGREVENUE-38800,918.5,,972,A40001 - Sales Income (New),972,08/31/2025,38800,SSC Construction,2415,Aug 25 product revenue in SPS,,15750.00
AUGREVENUE-38801,919,A11001 - Accounts Receivable (New),950,,#VALUE!,08/31/2025,38801,Southwest Contracting LP,2334,Aug 25 product revenue in SPS,900.00,
AUGREVENUE-38801,919.5,,972,A40001 - Sales Income (New),972,08/31/2025,38801,Southwest Contracting LP,2334,Aug 25 product revenue in SPS,,900.00
AUGREVENUE-38803,920,A11001 - Accounts Receivable (New),950,,#VALUE!,08/31/2025,38803,"La Quinta Inn & Suites-Mansfield, OH",2349,Aug 25 product revenue in SPS,3216.00,
AUGREVENUE-38803,920.5,,972,A40001 - Sales Income (New),972,08/31/2025,38803,"La Quinta Inn & Suites-Mansfield, OH",2349,Aug 25 product revenue in SPS,,3216.00
AUGREVENUE-38805/2,921,A11001 - Accounts Receivable (New),950,,#VALUE!,08/31/2025,38805/2,"Jenkins Contract Flooring, LLC",2300,Aug 25 product revenue in SPS,0.06,
AUGREVENUE-38805/2,921.5,,972,A40001 - Sales Income (New),972,08/31/2025,38805/2,"Jenkins Contract Flooring, LLC",2300,Aug 25 product revenue in SPS,,0.06
AUGREVENUE-38809,922,A11001 - Accounts Receivable (New),950,,#VALUE!,08/31/2025,38809,Homewood Suites Fayetteville,2330,Aug 25 product revenue in SPS,7476.70,
AUGREVENUE-38809,922.5,,972,A40001 - Sales Income (New),972,08/31/2025,38809,Homewood Suites Fayetteville,2330,Aug 25 product revenue in SPS,,7476.70
AUGREVENUE-38815,923,A11001 - Accounts Receivable (New),950,,#VALUE!,08/31/2025,38815,Hampton Inn & Suite - NM,2048,Aug 25 product revenue in SPS,1708.00,
AUGREVENUE-38815,923.5,,972,A40001 - Sales Income (New),972,08/31/2025,38815,Hampton Inn & Suite - NM,2048,Aug 25 product revenue in SPS,,1708.00
AUGREVENUE-38818,924,A11001 - Accounts Receivable (New),950,,#VALUE!,08/31/2025,38818,ALPHA REMODELING,2386,Aug 25 product revenue in SPS,775.00,
AUGREVENUE-38818,924.5,,972,A40001 - Sales Income (New),972,08/31/2025,38818,ALPHA REMODELING,2386,Aug 25 product revenue in SPS,,775.00
AUGREVENUE-38820,925,A11001 - Accounts Receivable (New),950,,#VALUE!,08/31/2025,38820,Iannacone Residence,2347,Aug 25 product revenue in SPS,102500.28,
AUGREVENUE-38820,925.5,,972,A40001 - Sales Income (New),972,08/31/2025,38820,Iannacone Residence,2347,Aug 25 product revenue in SPS,,102500.28
AUGREVENUE-38820/2,926,A11001 - Accounts Receivable (New),950,,#VALUE!,08/31/2025,38820/2,Iannacone Residence,2347,Aug 25 product revenue in SPS,0.00,
AUGREVENUE-38820/2,926.5,,972,A40001 - Sales Income (New),972,08/31/2025,38820/2,Iannacone Residence,2347,Aug 25 product revenue in SPS,,0.00
AUGREVENUE-38820/3,927,A11001 - Accounts Receivable (New),950,,#VALUE!,08/31/2025,38820/3,Iannacone Residence,2347,Aug 25 product revenue in SPS,403.22,
AUGREVENUE-38820/3,927.5,,972,A40001 - Sales Income (New),972,08/31/2025,38820/3,Iannacone Residence,2347,Aug 25 product revenue in SPS,,403.22
AUGREVENUE-38824,928,A11001 - Accounts Receivable (New),950,,#VALUE!,08/31/2025,38824,American Stone Co of Texas LP,2387,Aug 25 product revenue in SPS,687.50,
AUGREVENUE-38824,928.5,,972,A40001 - Sales Income (New),972,08/31/2025,38824,American Stone Co of Texas LP,2387,Aug 25 product revenue in SPS,,687.50
AUGREVENUE-38835,929,A11001 - Accounts Receivable (New),950,,#VALUE!,08/31/2025,38835,Specialty Tile Products Inc.,3566,Aug 25 product revenue in SPS,1756.69,
AUGREVENUE-38835,929.5,,972,A40001 - Sales Income (New),972,08/31/2025,38835,Specialty Tile Products Inc.,3566,Aug 25 product revenue in SPS,,1756.69
AUGREVENUE-38842,930,A11001 - Accounts Receivable (New),950,,#VALUE!,08/31/2025,38842,Auburn Lodging LLC,2577,Aug 25 product revenue in SPS,58630.00,
AUGREVENUE-38842,930.5,,972,A40001 - Sales Income (New),972,08/31/2025,38842,Auburn Lodging LLC,2577,Aug 25 product revenue in SPS,,58630.00
AUGREVENUE-38843,931,A11001 - Accounts Receivable (New),950,,#VALUE!,08/31/2025,38843,MCP Group,596,Aug 25 product revenue in SPS,625.00,
AUGREVENUE-38843,931.5,,972,A40001 - Sales Income (New),972,08/31/2025,38843,MCP Group,596,Aug 25 product revenue in SPS,,625.00
AUGREVENUE-38849,932,A11001 - Accounts Receivable (New),950,,#VALUE!,08/31/2025,38849,Bridgerland Group,2574,Aug 25 product revenue in SPS,33300.00,
AUGREVENUE-38849,932.5,,972,A40001 - Sales Income (New),972,08/31/2025,38849,Bridgerland Group,2574,Aug 25 product revenue in SPS,,33300.00
AUGREVENUE-38853,933,A11001 - Accounts Receivable (New),950,,#VALUE!,08/31/2025,38853,"L Peters Construction, Inc.",2524,Aug 25 product revenue in SPS,1209.61,
AUGREVENUE-38853,933.5,,972,A40001 - Sales Income (New),972,08/31/2025,38853,"L Peters Construction, Inc.",2524,Aug 25 product revenue in SPS,,1209.61
AUGREVENUE-38854,934,A11001 - Accounts Receivable (New),950,,#VALUE!,08/31/2025,38854,Days Inn in Georgetown,2441,Aug 25 product revenue in SPS,31500.00,
AUGREVENUE-38854,934.5,,972,A40001 - Sales Income (New),972,08/31/2025,38854,Days Inn in Georgetown,2441,Aug 25 product revenue in SPS,,31500.00
AUGREVENUE-38855,935,A11001 - Accounts Receivable (New),950,,#VALUE!,08/31/2025,38855,STONERIDGE HOSPITALITY GROUP,693,Aug 25 product revenue in SPS,15800.00,
AUGREVENUE-38855,935.5,,972,A40001 - Sales Income (New),972,08/31/2025,38855,STONERIDGE HOSPITALITY GROUP,693,Aug 25 product revenue in SPS,,15800.00
AUGREVENUE-38856,936,A11001 - Accounts Receivable (New),950,,#VALUE!,08/31/2025,38856,Soma construction,2306,Aug 25 product revenue in SPS,900.00,
AUGREVENUE-38856,936.5,,972,A40001 - Sales Income (New),972,08/31/2025,38856,Soma construction,2306,Aug 25 product revenue in SPS,,900.00
AUGREVENUE-38865,937,A11001 - Accounts Receivable (New),950,,#VALUE!,08/31/2025,38865,PRIME SAY LLC,2455,Aug 25 product revenue in SPS,350.00,
AUGREVENUE-38865,937.5,,972,A40001 - Sales Income (New),972,08/31/2025,38865,PRIME SAY LLC,2455,Aug 25 product revenue in SPS,,350.00
AUGREVENUE-38867,938,A11001 - Accounts Receivable (New),950,,#VALUE!,08/31/2025,38867,CONTEMPO builders,2456,Aug 25 product revenue in SPS,413.10,
AUGREVENUE-38867,938.5,,972,A40001 - Sales Income (New),972,08/31/2025,38867,CONTEMPO builders,2456,Aug 25 product revenue in SPS,,413.10
AUGREVENUE-38868,939,A11001 - Accounts Receivable (New),950,,#VALUE!,08/31/2025,38868,Triton Stone,2437,Aug 25 product revenue in SPS,2306.24,
AUGREVENUE-38868,939.5,,972,A40001 - Sales Income (New),972,08/31/2025,38868,Triton Stone,2437,Aug 25 product revenue in SPS,,2306.24
AUGREVENUE-38871,940,A11001 - Accounts Receivable (New),950,,#VALUE!,08/31/2025,38871,Intertech Flooring,2191,Aug 25 product revenue in SPS,4169.70,
AUGREVENUE-38871,940.5,,972,A40001 - Sales Income (New),972,08/31/2025,38871,Intertech Flooring,2191,Aug 25 product revenue in SPS,,4169.70
AUGREVENUE-38873,941,A11001 - Accounts Receivable (New),950,,#VALUE!,08/31/2025,38873,ALPHA REMODELING,2386,Aug 25 product revenue in SPS,759.24,
AUGREVENUE-38873,941.5,,972,A40001 - Sales Income (New),972,08/31/2025,38873,ALPHA REMODELING,2386,Aug 25 product revenue in SPS,,759.24
AUGREVENUE-38880,942,A11001 - Accounts Receivable (New),950,,#VALUE!,08/31/2025,38880,"Holiday Inn Express - Zion, IL",3343,Aug 25 product revenue in SPS,1234.24,
AUGREVENUE-38880,942.5,,972,A40001 - Sales Income (New),972,08/31/2025,38880,"Holiday Inn Express - Zion, IL",3343,Aug 25 product revenue in SPS,,1234.24
AUGREVENUE-38884,943,A11001 - Accounts Receivable (New),950,,#VALUE!,08/31/2025,38884,Soma construction,2306,Aug 25 product revenue in SPS,450.00,
AUGREVENUE-38884,943.5,,972,A40001 - Sales Income (New),972,08/31/2025,38884,Soma construction,2306,Aug 25 product revenue in SPS,,450.00
AUGREVENUE-38904,944,A11001 - Accounts Receivable (New),950,,#VALUE!,08/31/2025,38904,Davaco - Chilies Restroom remodel Woodlands. TX,3568,Aug 25 product revenue in SPS,1247.75,
AUGREVENUE-38904,944.5,,972,A40001 - Sales Income (New),972,08/31/2025,38904,Davaco - Chilies Restroom remodel Woodlands. TX,3568,Aug 25 product revenue in SPS,,1247.75
AUGREVENUE-38909,945,A11001 - Accounts Receivable (New),950,,#VALUE!,08/31/2025,38909,FLOORSCAPES,2172,Aug 25 product revenue in SPS,10907.78,
AUGREVENUE-38909,945.5,,972,A40001 - Sales Income (New),972,08/31/2025,38909,FLOORSCAPES,2172,Aug 25 product revenue in SPS,,10907.78
AUGREVENUE-38911,946,A11001 - Accounts Receivable (New),950,,#VALUE!,08/31/2025,38911,Treco Enterprises Inc.,2185,Aug 25 product revenue in SPS,880.00,
AUGREVENUE-38911,946.5,,972,A40001 - Sales Income (New),972,08/31/2025,38911,Treco Enterprises Inc.,2185,Aug 25 product revenue in SPS,,880.00
AUGREVENUE-38912,947,A11001 - Accounts Receivable (New),950,,#VALUE!,08/31/2025,38912,La Quinta Albq West,2188,Aug 25 product revenue in SPS,23482.00,
AUGREVENUE-38912,947.5,,972,A40001 - Sales Income (New),972,08/31/2025,38912,La Quinta Albq West,2188,Aug 25 product revenue in SPS,,23482.00
AUGREVENUE-38913,948,A11001 - Accounts Receivable (New),950,,#VALUE!,08/31/2025,38913,Home 2 Suite by Hilton,2186,Aug 25 product revenue in SPS,200.00,
AUGREVENUE-38913,948.5,,972,A40001 - Sales Income (New),972,08/31/2025,38913,Home 2 Suite by Hilton,2186,Aug 25 product revenue in SPS,,200.00
AUGREVENUE-38915,949,A11001 - Accounts Receivable (New),950,,#VALUE!,08/31/2025,38915,"Gulf Coast Hotel Group,LLC DBA Doubletree by Hilton",2193,Aug 25 product revenue in SPS,177.19,
AUGREVENUE-38915,949.5,,972,A40001 - Sales Income (New),972,08/31/2025,38915,"Gulf Coast Hotel Group,LLC DBA Doubletree by Hilton",2193,Aug 25 product revenue in SPS,,177.19
AUGREVENUE-38916,950,A11001 - Accounts Receivable (New),950,,#VALUE!,08/31/2025,38916,Apex Imaging Services,2194,Aug 25 product revenue in SPS,108.50,
AUGREVENUE-38916,950.5,,972,A40001 - Sales Income (New),972,08/31/2025,38916,Apex Imaging Services,2194,Aug 25 product revenue in SPS,,108.50
AUGREVENUE-38921,951,A11001 - Accounts Receivable (New),950,,#VALUE!,08/31/2025,38921,Rock River Valley Flooring Inc,2288,Aug 25 product revenue in SPS,54.25,
AUGREVENUE-38921,951.5,,972,A40001 - Sales Income (New),972,08/31/2025,38921,Rock River Valley Flooring Inc,2288,Aug 25 product revenue in SPS,,54.25
AUGREVENUE-38942,952,A11001 - Accounts Receivable (New),950,,#VALUE!,08/31/2025,38942,Anish Patel,2413,Aug 25 product revenue in SPS,462.50,
AUGREVENUE-38942,952.5,,972,A40001 - Sales Income (New),972,08/31/2025,38942,Anish Patel,2413,Aug 25 product revenue in SPS,,462.50
AUGREVENUE-38946,953,A11001 - Accounts Receivable (New),950,,#VALUE!,08/31/2025,38946,Queen City Winnelson,2336,Aug 25 product revenue in SPS,2800.00,
AUGREVENUE-38946,953.5,,972,A40001 - Sales Income (New),972,08/31/2025,38946,Queen City Winnelson,2336,Aug 25 product revenue in SPS,,2800.00
AUGREVENUE-38957,954,A11001 - Accounts Receivable (New),950,,#VALUE!,08/31/2025,38957,Total Floors,2212,Aug 25 product revenue in SPS,569.63,
AUGREVENUE-38957,954.5,,972,A40001 - Sales Income (New),972,08/31/2025,38957,Total Floors,2212,Aug 25 product revenue in SPS,,569.63
AUGREVENUE-38962,955,A11001 - Accounts Receivable (New),950,,#VALUE!,08/31/2025,38962,Kevin Sims,577,Aug 25 product revenue in SPS,92.40,
AUGREVENUE-38962,955.5,,972,A40001 - Sales Income (New),972,08/31/2025,38962,Kevin Sims,577,Aug 25 product revenue in SPS,,92.40
AUGREVENUE-38963,956,A11001 - Accounts Receivable (New),950,,#VALUE!,08/31/2025,38963,CONTEMPO builders,2456,Aug 25 product revenue in SPS,103.27,
AUGREVENUE-38963,956.5,,972,A40001 - Sales Income (New),972,08/31/2025,38963,CONTEMPO builders,2456,Aug 25 product revenue in SPS,,103.27
AUGREVENUE-38965,957,A11001 - Accounts Receivable (New),950,,#VALUE!,08/31/2025,38965,AAA Hotel Company/ Home2Suties Springdale OH,2164,Aug 25 product revenue in SPS,350.00,
AUGREVENUE-38965,957.5,,972,A40001 - Sales Income (New),972,08/31/2025,38965,AAA Hotel Company/ Home2Suties Springdale OH,2164,Aug 25 product revenue in SPS,,350.00
AUGREVENUE-38974,958,A11001 - Accounts Receivable (New),950,,#VALUE!,08/31/2025,38974,Medallion Hospitality,2445,Aug 25 product revenue in SPS,450.00,
AUGREVENUE-38974,958.5,,972,A40001 - Sales Income (New),972,08/31/2025,38974,Medallion Hospitality,2445,Aug 25 product revenue in SPS,,450.00
AUGREVENUE-38984,959,A11001 - Accounts Receivable (New),950,,#VALUE!,08/31/2025,38984,Kings Construction,580,Aug 25 product revenue in SPS,1984.00,
AUGREVENUE-38984,959.5,,972,A40001 - Sales Income (New),972,08/31/2025,38984,Kings Construction,580,Aug 25 product revenue in SPS,,1984.00
AUGREVENUE-38985,960,A11001 - Accounts Receivable (New),950,,#VALUE!,08/31/2025,38985,Apple Investments LLC,453,Aug 25 product revenue in SPS,2248.00,
AUGREVENUE-38985,960.5,,972,A40001 - Sales Income (New),972,08/31/2025,38985,Apple Investments LLC,453,Aug 25 product revenue in SPS,,2248.00
AUGREVENUE-38992,961,A11001 - Accounts Receivable (New),950,,#VALUE!,08/31/2025,38992,Nick Platt Construction,2457,Aug 25 product revenue in SPS,14079.71,
AUGREVENUE-38992,961.5,,972,A40001 - Sales Income (New),972,08/31/2025,38992,Nick Platt Construction,2457,Aug 25 product revenue in SPS,,14079.71
AUGREVENUE-38997,962,A11001 - Accounts Receivable (New),950,,#VALUE!,08/31/2025,38997,La Quinta Athens Alabama,2442,Aug 25 product revenue in SPS,15560.00,
AUGREVENUE-38997,962.5,,972,A40001 - Sales Income (New),972,08/31/2025,38997,La Quinta Athens Alabama,2442,Aug 25 product revenue in SPS,,15560.00
AUGREVENUE-38998,963,A11001 - Accounts Receivable (New),950,,#VALUE!,08/31/2025,38998,"Jerry Osborne & Associates, LLC",575,Aug 25 product revenue in SPS,697.50,
AUGREVENUE-38998,963.5,,972,A40001 - Sales Income (New),972,08/31/2025,38998,"Jerry Osborne & Associates, LLC",575,Aug 25 product revenue in SPS,,697.50
AUGREVENUE-39003,964,A11001 - Accounts Receivable (New),950,,#VALUE!,08/31/2025,39003,MTZ Tile Stone LLC,2357,Aug 25 product revenue in SPS,11883.55,
AUGREVENUE-39003,964.5,,972,A40001 - Sales Income (New),972,08/31/2025,39003,MTZ Tile Stone LLC,2357,Aug 25 product revenue in SPS,,11883.55
AUGREVENUE-39009,965,A11001 - Accounts Receivable (New),950,,#VALUE!,08/31/2025,39009,"Jerry Osborne & Associates, LLC",575,Aug 25 product revenue in SPS,4500.00,
AUGREVENUE-39009,965.5,,972,A40001 - Sales Income (New),972,08/31/2025,39009,"Jerry Osborne & Associates, LLC",575,Aug 25 product revenue in SPS,,4500.00
AUGREVENUE-39063,966,A11001 - Accounts Receivable (New),950,,#VALUE!,08/31/2025,39063,Texas Floor Covering,2541,Aug 25 product revenue in SPS,4464.00,
AUGREVENUE-39063,966.5,,972,A40001 - Sales Income (New),972,08/31/2025,39063,Texas Floor Covering,2541,Aug 25 product revenue in SPS,,4464.00
AUGREVENUE-39073,967,A11001 - Accounts Receivable (New),950,,#VALUE!,08/31/2025,39073,STONERIDGE HOSPITALITY GROUP,693,Aug 25 product revenue in SPS,13200.00,
AUGREVENUE-39073,967.5,,972,A40001 - Sales Income (New),972,08/31/2025,39073,STONERIDGE HOSPITALITY GROUP,693,Aug 25 product revenue in SPS,,13200.00
AUGREVENUE-39074,968,A11001 - Accounts Receivable (New),950,,#VALUE!,08/31/2025,39074,STONERIDGE HOSPITALITY GROUP,693,Aug 25 product revenue in SPS,10200.00,
AUGREVENUE-39074,968.5,,972,A40001 - Sales Income (New),972,08/31/2025,39074,STONERIDGE HOSPITALITY GROUP,693,Aug 25 product revenue in SPS,,10200.00
AUGREVENUE-39084,969,A11001 - Accounts Receivable (New),950,,#VALUE!,08/31/2025,39084,Two one two,3397,Aug 25 product revenue in SPS,12023.44,
AUGREVENUE-39084,969.5,,972,A40001 - Sales Income (New),972,08/31/2025,39084,Two one two,3397,Aug 25 product revenue in SPS,,12023.44
AUGREVENUE-39086,970,A11001 - Accounts Receivable (New),950,,#VALUE!,08/31/2025,39086,Graniti Vicentia,1938,Aug 25 product revenue in SPS,0.00,
AUGREVENUE-39086,970.5,,972,A40001 - Sales Income (New),972,08/31/2025,39086,Graniti Vicentia,1938,Aug 25 product revenue in SPS,,0.00
AUGREVENUE-39086/2,971,A11001 - Accounts Receivable (New),950,,#VALUE!,08/31/2025,39086/2,Graniti Vicentia,1938,Aug 25 product revenue in SPS,0.00,
AUGREVENUE-39086/2,971.5,,972,A40001 - Sales Income (New),972,08/31/2025,39086/2,Graniti Vicentia,1938,Aug 25 product revenue in SPS,,0.00
AUGREVENUE-39088,972,A11001 - Accounts Receivable (New),950,,#VALUE!,08/31/2025,39088,PREDOCK,2162,Aug 25 product revenue in SPS,6417.00,
AUGREVENUE-39088,972.5,,972,A40001 - Sales Income (New),972,08/31/2025,39088,PREDOCK,2162,Aug 25 product revenue in SPS,,6417.00
AUGREVENUE-39089,973,A11001 - Accounts Receivable (New),950,,#VALUE!,08/31/2025,39089,Intertech Flooring,2191,Aug 25 product revenue in SPS,355.95,
AUGREVENUE-39089,973.5,,972,A40001 - Sales Income (New),972,08/31/2025,39089,Intertech Flooring,2191,Aug 25 product revenue in SPS,,355.95
AUGREVENUE-39091,974,A11001 - Accounts Receivable (New),950,,#VALUE!,08/31/2025,39091,AFP 108 Corp.,2601,Aug 25 product revenue in SPS,44.55,
AUGREVENUE-39091,974.5,,972,A40001 - Sales Income (New),972,08/31/2025,39091,AFP 108 Corp.,2601,Aug 25 product revenue in SPS,,44.55
AUGREVENUE-39092,975,A11001 - Accounts Receivable (New),950,,#VALUE!,08/31/2025,39092,AJA Investments LLC/ Wyndham Lake Charles,3553,Aug 25 product revenue in SPS,29496.36,
AUGREVENUE-39092,975.5,,972,A40001 - Sales Income (New),972,08/31/2025,39092,AJA Investments LLC/ Wyndham Lake Charles,3553,Aug 25 product revenue in SPS,,29496.36
AUGREVENUE-39093,976,A11001 - Accounts Receivable (New),950,,#VALUE!,08/31/2025,39093,CAMARATA MASONRY SYSTEMS,487,Aug 25 product revenue in SPS,1050.50,
AUGREVENUE-39093,976.5,,972,A40001 - Sales Income (New),972,08/31/2025,39093,CAMARATA MASONRY SYSTEMS,487,Aug 25 product revenue in SPS,,1050.50
AUGREVENUE-39094,977,A11001 - Accounts Receivable (New),950,,#VALUE!,08/31/2025,39094,CANDLEWOOD EASTRIDGE TN,3323,Aug 25 product revenue in SPS,7871.44,
AUGREVENUE-39094,977.5,,972,A40001 - Sales Income (New),972,08/31/2025,39094,CANDLEWOOD EASTRIDGE TN,3323,Aug 25 product revenue in SPS,,7871.44
AUGREVENUE-39095,978,A11001 - Accounts Receivable (New),950,,#VALUE!,08/31/2025,39095,"Comfort Inn, Rebrand, Princeton IL",3325,Aug 25 product revenue in SPS,458.63,
AUGREVENUE-39095,978.5,,972,A40001 - Sales Income (New),972,08/31/2025,39095,"Comfort Inn, Rebrand, Princeton IL",3325,Aug 25 product revenue in SPS,,458.63
AUGREVENUE-39096,979,A11001 - Accounts Receivable (New),950,,#VALUE!,08/31/2025,39096,CPNA Management & Services Inc.,502,Aug 25 product revenue in SPS,2244.76,
AUGREVENUE-39096,979.5,,972,A40001 - Sales Income (New),972,08/31/2025,39096,CPNA Management & Services Inc.,502,Aug 25 product revenue in SPS,,2244.76
AUGREVENUE-39097,980,A11001 - Accounts Receivable (New),950,,#VALUE!,08/31/2025,39097,Daren R Snider Construction,3328,Aug 25 product revenue in SPS,12.82,
AUGREVENUE-39097,980.5,,972,A40001 - Sales Income (New),972,08/31/2025,39097,Daren R Snider Construction,3328,Aug 25 product revenue in SPS,,12.82
AUGREVENUE-39098,981,A11001 - Accounts Receivable (New),950,,#VALUE!,08/31/2025,39098,"ELEMENT FORTSMITH, ARKANSAS",3330,Aug 25 product revenue in SPS,6125.19,
AUGREVENUE-39098,981.5,,972,A40001 - Sales Income (New),972,08/31/2025,39098,"ELEMENT FORTSMITH, ARKANSAS",3330,Aug 25 product revenue in SPS,,6125.19
AUGREVENUE-39099,982,A11001 - Accounts Receivable (New),950,,#VALUE!,08/31/2025,39099,Fairfield Inn - Indianapolis,3549,Aug 25 product revenue in SPS,8009.75,
AUGREVENUE-39099,982.5,,972,A40001 - Sales Income (New),972,08/31/2025,39099,Fairfield Inn - Indianapolis,3549,Aug 25 product revenue in SPS,,8009.75
AUGREVENUE-39100,983,A11001 - Accounts Receivable (New),950,,#VALUE!,08/31/2025,39100,FLOOR INSPIRATIONS,2458,Aug 25 product revenue in SPS,613.85,
AUGREVENUE-39100,983.5,,972,A40001 - Sales Income (New),972,08/31/2025,39100,FLOOR INSPIRATIONS,2458,Aug 25 product revenue in SPS,,613.85
AUGREVENUE-39101,984,A11001 - Accounts Receivable (New),950,,#VALUE!,08/31/2025,39101,"Gulf Coast Hotel Group,LLC DBA Doubletree by Hilton",2193,Aug 25 product revenue in SPS,18.72,
AUGREVENUE-39101,984.5,,972,A40001 - Sales Income (New),972,08/31/2025,39101,"Gulf Coast Hotel Group,LLC DBA Doubletree by Hilton",2193,Aug 25 product revenue in SPS,,18.72
AUGREVENUE-39102,985,A11001 - Accounts Receivable (New),950,,#VALUE!,08/31/2025,39102,Hampton 801 Walnut,3569,Aug 25 product revenue in SPS,4326.60,
AUGREVENUE-39102,985.5,,972,A40001 - Sales Income (New),972,08/31/2025,39102,Hampton 801 Walnut,3569,Aug 25 product revenue in SPS,,4326.60
AUGREVENUE-39103,986,A11001 - Accounts Receivable (New),950,,#VALUE!,08/31/2025,39103,"Holiday Inn Express - Zion, IL",3343,Aug 25 product revenue in SPS,9360.00,
AUGREVENUE-39103,986.5,,972,A40001 - Sales Income (New),972,08/31/2025,39103,"Holiday Inn Express - Zion, IL",3343,Aug 25 product revenue in SPS,,9360.00
AUGREVENUE-39104,987,A11001 - Accounts Receivable (New),950,,#VALUE!,08/31/2025,39104,Homewood Suites Beaumont,2348,Aug 25 product revenue in SPS,1254.52,
AUGREVENUE-39104,987.5,,972,A40001 - Sales Income (New),972,08/31/2025,39104,Homewood Suites Beaumont,2348,Aug 25 product revenue in SPS,,1254.52
AUGREVENUE-39105,988,A11001 - Accounts Receivable (New),950,,#VALUE!,08/31/2025,39105,Homewood Suites Fayetteville,2330,Aug 25 product revenue in SPS,1125.15,
AUGREVENUE-39105,988.5,,972,A40001 - Sales Income (New),972,08/31/2025,39105,Homewood Suites Fayetteville,2330,Aug 25 product revenue in SPS,,1125.15
AUGREVENUE-39106,989,A11001 - Accounts Receivable (New),950,,#VALUE!,08/31/2025,39106,JDL Flooring Solutions Inc,2616,Aug 25 product revenue in SPS,93.11,
AUGREVENUE-39106,989.5,,972,A40001 - Sales Income (New),972,08/31/2025,39106,JDL Flooring Solutions Inc,2616,Aug 25 product revenue in SPS,,93.11
AUGREVENUE-39107,990,A11001 - Accounts Receivable (New),950,,#VALUE!,08/31/2025,39107,Wyndham Garden Newark,3543,Aug 25 product revenue in SPS,117734.84,
AUGREVENUE-39107,990.5,,972,A40001 - Sales Income (New),972,08/31/2025,39107,Wyndham Garden Newark,3543,Aug 25 product revenue in SPS,,117734.84
AUGREVENUE-39108,991,A11001 - Accounts Receivable (New),950,,#VALUE!,08/31/2025,39108,Watermark Commercial Contractors LLC,3398,Aug 25 product revenue in SPS,29470.66,
AUGREVENUE-39108,991.5,,972,A40001 - Sales Income (New),972,08/31/2025,39108,Watermark Commercial Contractors LLC,3398,Aug 25 product revenue in SPS,,29470.66
AUGREVENUE-39109,992,A11001 - Accounts Receivable (New),950,,#VALUE!,08/31/2025,39109,Kings Bay Coastal Hotel Management LLC / Wingate Kingsland,3354,Aug 25 product revenue in SPS,5470.79,
AUGREVENUE-39109,992.5,,972,A40001 - Sales Income (New),972,08/31/2025,39109,Kings Bay Coastal Hotel Management LLC / Wingate Kingsland,3354,Aug 25 product revenue in SPS,,5470.79
AUGREVENUE-39110,993,A11001 - Accounts Receivable (New),950,,#VALUE!,08/31/2025,39110,Kyle Hicks,583,Aug 25 product revenue in SPS,359.32,
AUGREVENUE-39110,993.5,,972,A40001 - Sales Income (New),972,08/31/2025,39110,Kyle Hicks,583,Aug 25 product revenue in SPS,,359.32
AUGREVENUE-39111,994,A11001 - Accounts Receivable (New),950,,#VALUE!,08/31/2025,39111,"La Quinta Hawthorn - Miamisburg, OH",3358,Aug 25 product revenue in SPS,44417.43,
AUGREVENUE-39111,994.5,,972,A40001 - Sales Income (New),972,08/31/2025,39111,"La Quinta Hawthorn - Miamisburg, OH",3358,Aug 25 product revenue in SPS,,44417.43
AUGREVENUE-39112,995,A11001 - Accounts Receivable (New),950,,#VALUE!,08/31/2025,39112,La Quinta Inn & Suites- Seatac Airport- Seattle WA,2328,Aug 25 product revenue in SPS,8081.07,
AUGREVENUE-39112,995.5,,972,A40001 - Sales Income (New),972,08/31/2025,39112,La Quinta Inn & Suites- Seatac Airport- Seattle WA,2328,Aug 25 product revenue in SPS,,8081.07
AUGREVENUE-39113,996,A11001 - Accounts Receivable (New),950,,#VALUE!,08/31/2025,39113,La Quinta San Antonio 1,2618,Aug 25 product revenue in SPS,4721.44,
AUGREVENUE-39113,996.5,,972,A40001 - Sales Income (New),972,08/31/2025,39113,La Quinta San Antonio 1,2618,Aug 25 product revenue in SPS,,4721.44
AUGREVENUE-39114,997,A11001 - Accounts Receivable (New),950,,#VALUE!,08/31/2025,39114,LA QUINTA SHONTO AZ,3360,Aug 25 product revenue in SPS,22883.12,
AUGREVENUE-39114,997.5,,972,A40001 - Sales Income (New),972,08/31/2025,39114,LA QUINTA SHONTO AZ,3360,Aug 25 product revenue in SPS,,22883.12
AUGREVENUE-39115,998,A11001 - Accounts Receivable (New),950,,#VALUE!,08/31/2025,39115,"La Quinta, Huntsville AL",3362,Aug 25 product revenue in SPS,29074.39,
AUGREVENUE-39115,998.5,,972,A40001 - Sales Income (New),972,08/31/2025,39115,"La Quinta, Huntsville AL",3362,Aug 25 product revenue in SPS,,29074.39
AUGREVENUE-39116,999,A11001 - Accounts Receivable (New),950,,#VALUE!,08/31/2025,39116,LaQuinta Yakima WA,2619,Aug 25 product revenue in SPS,235.88,
AUGREVENUE-39116,999.5,,972,A40001 - Sales Income (New),972,08/31/2025,39116,LaQuinta Yakima WA,2619,Aug 25 product revenue in SPS,,235.88
AUGREVENUE-39117,1000,A11001 - Accounts Receivable (New),950,,#VALUE!,08/31/2025,39117,"Las Vegas Resort Holdings, LLC",3368,Aug 25 product revenue in SPS,11048.62,
AUGREVENUE-39117,1000.5,,972,A40001 - Sales Income (New),972,08/31/2025,39117,"Las Vegas Resort Holdings, LLC",3368,Aug 25 product revenue in SPS,,11048.62
AUGREVENUE-39118,1001,A11001 - Accounts Receivable (New),950,,#VALUE!,08/31/2025,39118,"Residence Inn Pearland, TX",2466,Aug 25 product revenue in SPS,8730.48,
AUGREVENUE-39118,1001.5,,972,A40001 - Sales Income (New),972,08/31/2025,39118,"Residence Inn Pearland, TX",2466,Aug 25 product revenue in SPS,,8730.48
AUGREVENUE-39119,1002,A11001 - Accounts Receivable (New),950,,#VALUE!,08/31/2025,39119,Staybridge Suites c/o Ravi Designs,2606,Aug 25 product revenue in SPS,768.70,
AUGREVENUE-39119,1002.5,,972,A40001 - Sales Income (New),972,08/31/2025,39119,Staybridge Suites c/o Ravi Designs,2606,Aug 25 product revenue in SPS,,768.70
AUGREVENUE-39120,1003,A11001 - Accounts Receivable (New),950,,#VALUE!,08/31/2025,39120,Steve Hari/ Best Western TN,3570,Aug 25 product revenue in SPS,181.41,
AUGREVENUE-39120,1003.5,,972,A40001 - Sales Income (New),972,08/31/2025,39120,Steve Hari/ Best Western TN,3570,Aug 25 product revenue in SPS,,181.41
AUGREVENUE-39121,1004,A11001 - Accounts Receivable (New),950,,#VALUE!,08/31/2025,39121,THE TD GROUP,3539,Aug 25 product revenue in SPS,330.77,
AUGREVENUE-39121,1004.5,,972,A40001 - Sales Income (New),972,08/31/2025,39121,THE TD GROUP,3539,Aug 25 product revenue in SPS,,330.77
AUGREVENUE-39122,1005,A11001 - Accounts Receivable (New),950,,#VALUE!,08/31/2025,39122,Two one two,3397,Aug 25 product revenue in SPS,4462.19,
AUGREVENUE-39122,1005.5,,972,A40001 - Sales Income (New),972,08/31/2025,39122,Two one two,3397,Aug 25 product revenue in SPS,,4462.19
AUGREVENUE-39124,1006,A11001 - Accounts Receivable (New),950,,#VALUE!,08/31/2025,39124,"Someshwar Motel LLC - Comfort Inn Ogallala, NE",3388,Aug 25 product revenue in SPS,10792.45,
AUGREVENUE-39124,1006.5,,972,A40001 - Sales Income (New),972,08/31/2025,39124,"Someshwar Motel LLC - Comfort Inn Ogallala, NE",3388,Aug 25 product revenue in SPS,,10792.45
AUGREVENUE-38292/2,1007,A11001 - Accounts Receivable (New),950,,#VALUE!,08/08/2025,38292/2,Veranda Homes,2275,Aug 25 service revenue in SPS,120.00,
AUGREVENUE-38292/2,1007.5,,976,A40007 - Service Income (New),976,08/08/2025,38292/2,Veranda Homes,2275,Aug 25 service revenue in SPS,,120.00
AUGREVENUE-37683/10,1008,A11001 - Accounts Receivable (New),950,,#VALUE!,08/12/2025,37683/10,Ascent Residence inn Montgomery,3320,Aug 25 service revenue in SPS,1955.00,
AUGREVENUE-37683/10,1008.5,,976,A40007 - Service Income (New),976,08/12/2025,37683/10,Ascent Residence inn Montgomery,3320,Aug 25 service revenue in SPS,,1955.00
AUGREVENUE-33569/6,1009,A11001 - Accounts Receivable (New),950,,#VALUE!,08/26/2025,33569/6,LA QUINTA ORLANDO,2678,Aug 25 service revenue in SPS,-18900.00,
AUGREVENUE-33569/6,1009.5,,976,A40007 - Service Income (New),976,08/26/2025,33569/6,LA QUINTA ORLANDO,2678,Aug 25 service revenue in SPS,,-18900.00
AUGREVENUE-38881,1010,A11001 - Accounts Receivable (New),950,,#VALUE!,08/29/2025,38881,First Capital Advisors,2485,Aug 25 service revenue in SPS,16.97,
AUGREVENUE-38881,1010.5,,976,A40007 - Service Income (New),976,08/29/2025,38881,First Capital Advisors,2485,Aug 25 service revenue in SPS,,16.97
AUGREVENUE-32888,1011,A11001 - Accounts Receivable (New),950,,#VALUE!,08/30/2025,32888,"LA QUINTA MODEL ROOM / GV HEADQUARTERS, HOUSTON",3530,Aug 25 service revenue in SPS,0.00,
AUGREVENUE-32888,1011.5,,976,A40007 - Service Income (New),976,08/30/2025,32888,"LA QUINTA MODEL ROOM / GV HEADQUARTERS, HOUSTON",3530,Aug 25 service revenue in SPS,,0.00
AUGREVENUE-33495/8,1012,A11001 - Accounts Receivable (New),950,,#VALUE!,08/30/2025,33495/8,Magnolia LXR Dallas TX -,3370,Aug 25 service revenue in SPS,0.00,
AUGREVENUE-33495/8,1012.5,,976,A40007 - Service Income (New),976,08/30/2025,33495/8,Magnolia LXR Dallas TX -,3370,Aug 25 service revenue in SPS,,0.00
AUGREVENUE-35289/5,1013,A11001 - Accounts Receivable (New),950,,#VALUE!,08/30/2025,35289/5,Kanti kusum Inc,576,Aug 25 service revenue in SPS,484.50,
AUGREVENUE-35289/5,1013.5,,976,A40007 - Service Income (New),976,08/30/2025,35289/5,Kanti kusum Inc,576,Aug 25 service revenue in SPS,,484.50
AUGREVENUE-35784/4,1014,A11001 - Accounts Receivable (New),950,,#VALUE!,08/30/2025,35784/4,Stay Bridge - Manteca - CA - Aman Dhillon,3389,Aug 25 service revenue in SPS,22888.74,
AUGREVENUE-35784/4,1014.5,,976,A40007 - Service Income (New),976,08/30/2025,35784/4,Stay Bridge - Manteca - CA - Aman Dhillon,3389,Aug 25 service revenue in SPS,,22888.74
AUGREVENUE-35799/5,1015,A11001 - Accounts Receivable (New),950,,#VALUE!,08/30/2025,35799/5,Fairfield Townplace East Hartford,3335,Aug 25 service revenue in SPS,9987.50,
AUGREVENUE-35799/5,1015.5,,976,A40007 - Service Income (New),976,08/30/2025,35799/5,Fairfield Townplace East Hartford,3335,Aug 25 service revenue in SPS,,9987.50
AUGREVENUE-35811/2,1016,A11001 - Accounts Receivable (New),950,,#VALUE!,08/30/2025,35811/2,Fairfield Townplace East Hartford,3335,Aug 25 service revenue in SPS,56736.62,
AUGREVENUE-35811/2,1016.5,,976,A40007 - Service Income (New),976,08/30/2025,35811/2,Fairfield Townplace East Hartford,3335,Aug 25 service revenue in SPS,,56736.62
AUGREVENUE-36512,1017,A11001 - Accounts Receivable (New),950,,#VALUE!,08/30/2025,36512,Nancy Paolino,2702,Aug 25 service revenue in SPS,355.00,
AUGREVENUE-36512,1017.5,,976,A40007 - Service Income (New),976,08/30/2025,36512,Nancy Paolino,2702,Aug 25 service revenue in SPS,,355.00
AUGREVENUE-37967/8,1018,A11001 - Accounts Receivable (New),950,,#VALUE!,08/30/2025,37967/8,AUTOGRAPH TRILOGY HUNTSVILLE AL,3552,Aug 25 service revenue in SPS,0.00,
AUGREVENUE-37967/8,1018.5,,976,A40007 - Service Income (New),976,08/30/2025,37967/8,AUTOGRAPH TRILOGY HUNTSVILLE AL,3552,Aug 25 service revenue in SPS,,0.00
AUGREVENUE-38051,1019,A11001 - Accounts Receivable (New),950,,#VALUE!,08/30/2025,38051,TOWNEPLACE SUITES - OKC,3273,Aug 25 service revenue in SPS,680.00,
AUGREVENUE-38051,1019.5,,976,A40007 - Service Income (New),976,08/30/2025,38051,TOWNEPLACE SUITES - OKC,3273,Aug 25 service revenue in SPS,,680.00
AUGREVENUE-38230,1020,A11001 - Accounts Receivable (New),950,,#VALUE!,08/30/2025,38230,Super 8 motel - TN.,2631,Aug 25 service revenue in SPS,85.00,
AUGREVENUE-38230,1020.5,,976,A40007 - Service Income (New),976,08/30/2025,38230,Super 8 motel - TN.,2631,Aug 25 service revenue in SPS,,85.00
AUGREVENUE-38254,1021,A11001 - Accounts Receivable (New),950,,#VALUE!,08/30/2025,38254,HOME2 SOMERSET,3526,Aug 25 service revenue in SPS,9650.00,
AUGREVENUE-38254,1021.5,,976,A40007 - Service Income (New),976,08/30/2025,38254,HOME2 SOMERSET,3526,Aug 25 service revenue in SPS,,9650.00
AUGREVENUE-38257/2,1022,A11001 - Accounts Receivable (New),950,,#VALUE!,08/30/2025,38257/2,HOME2 SOMERSET,3526,Aug 25 service revenue in SPS,7155.75,
AUGREVENUE-38257/2,1022.5,,976,A40007 - Service Income (New),976,08/30/2025,38257/2,HOME2 SOMERSET,3526,Aug 25 service revenue in SPS,,7155.75
AUGREVENUE-38258/3,1023,A11001 - Accounts Receivable (New),950,,#VALUE!,08/30/2025,38258/3,HOME2 SOMERSET,3526,Aug 25 service revenue in SPS,9270.78,
AUGREVENUE-38258/3,1023.5,,976,A40007 - Service Income (New),976,08/30/2025,38258/3,HOME2 SOMERSET,3526,Aug 25 service revenue in SPS,,9270.78
AUGREVENUE-38546,1024,A11001 - Accounts Receivable (New),950,,#VALUE!,08/30/2025,38546,Northlake Innkeepers I Ltd.,3375,Aug 25 service revenue in SPS,0.00,
AUGREVENUE-38546,1024.5,,976,A40007 - Service Income (New),976,08/30/2025,38546,Northlake Innkeepers I Ltd.,3375,Aug 25 service revenue in SPS,,0.00
AUGREVENUE-38651,1025,A11001 - Accounts Receivable (New),950,,#VALUE!,08/30/2025,38651,Nancy Paolino,2702,Aug 25 service revenue in SPS,450.00,
AUGREVENUE-38651,1025.5,,976,A40007 - Service Income (New),976,08/30/2025,38651,Nancy Paolino,2702,Aug 25 service revenue in SPS,,450.00
AUGREVENUE-38671/6,1026,A11001 - Accounts Receivable (New),950,,#VALUE!,08/30/2025,38671/6,Monsoon Flower LLC,1720,Aug 25 service revenue in SPS,983.73,
AUGREVENUE-38671/6,1026.5,,976,A40007 - Service Income (New),976,08/30/2025,38671/6,Monsoon Flower LLC,1720,Aug 25 service revenue in SPS,,983.73
AUGREVENUE-38806,1027,A11001 - Accounts Receivable (New),950,,#VALUE!,08/30/2025,38806,MCP Group,596,Aug 25 service revenue in SPS,750.00,
AUGREVENUE-38806,1027.5,,976,A40007 - Service Income (New),976,08/30/2025,38806,MCP Group,596,Aug 25 service revenue in SPS,,750.00
AUGREVENUE-38817,1028,A11001 - Accounts Receivable (New),950,,#VALUE!,08/30/2025,38817,E&S Flooring LLC,524,Aug 25 service revenue in SPS,110.10,
AUGREVENUE-38817,1028.5,,976,A40007 - Service Income (New),976,08/30/2025,38817,E&S Flooring LLC,524,Aug 25 service revenue in SPS,,110.10
AUGREVENUE-38846,1029,A11001 - Accounts Receivable (New),950,,#VALUE!,08/30/2025,38846,Contractors Tiles Plus,498,Aug 25 service revenue in SPS,209.05,
AUGREVENUE-38846,1029.5,,976,A40007 - Service Income (New),976,08/30/2025,38846,Contractors Tiles Plus,498,Aug 25 service revenue in SPS,,209.05
AUGREVENUE-38889,1030,A11001 - Accounts Receivable (New),950,,#VALUE!,08/30/2025,38889,"Residence Inn Pearland, TX",2466,Aug 25 service revenue in SPS,118.52,
AUGREVENUE-38889,1030.5,,976,A40007 - Service Income (New),976,08/30/2025,38889,"Residence Inn Pearland, TX",2466,Aug 25 service revenue in SPS,,118.52
AUGREVENUE-38954,1031,A11001 - Accounts Receivable (New),950,,#VALUE!,08/30/2025,38954,SET Floors,933,Aug 25 service revenue in SPS,455.00,
AUGREVENUE-38954,1031.5,,976,A40007 - Service Income (New),976,08/30/2025,38954,SET Floors,933,Aug 25 service revenue in SPS,,455.00
AUGREVENUE-32554/2,1032,A11001 - Accounts Receivable (New),950,,#VALUE!,08/31/2025,32554/2,Graniti Vicentia,1938,Aug 25 service revenue in SPS,0.00,
AUGREVENUE-32554/2,1032.5,,976,A40007 - Service Income (New),976,08/31/2025,32554/2,Graniti Vicentia,1938,Aug 25 service revenue in SPS,,0.00
AUGREVENUE-33512/9,1033,A11001 - Accounts Receivable (New),950,,#VALUE!,08/31/2025,33512/9,Darien Heights Residences,506,Aug 25 service revenue in SPS,2907.31,
AUGREVENUE-33512/9,1033.5,,976,A40007 - Service Income (New),976,08/31/2025,33512/9,Darien Heights Residences,506,Aug 25 service revenue in SPS,,2907.31
AUGREVENUE-33652/3,1034,A11001 - Accounts Receivable (New),950,,#VALUE!,08/31/2025,33652/3,Graniti Vicentia,1938,Aug 25 service revenue in SPS,0.00,
AUGREVENUE-33652/3,1034.5,,976,A40007 - Service Income (New),976,08/31/2025,33652/3,Graniti Vicentia,1938,Aug 25 service revenue in SPS,,0.00
AUGREVENUE-33860/2,1035,A11001 - Accounts Receivable (New),950,,#VALUE!,08/31/2025,33860/2,Graniti Vicentia,1938,Aug 25 service revenue in SPS,0.00,
AUGREVENUE-33860/2,1035.5,,976,A40007 - Service Income (New),976,08/31/2025,33860/2,Graniti Vicentia,1938,Aug 25 service revenue in SPS,,0.00
AUGREVENUE-33876/2,1036,A11001 - Accounts Receivable (New),950,,#VALUE!,08/31/2025,33876/2,Graniti Vicentia,1938,Aug 25 service revenue in SPS,0.00,
AUGREVENUE-33876/2,1036.5,,976,A40007 - Service Income (New),976,08/31/2025,33876/2,Graniti Vicentia,1938,Aug 25 service revenue in SPS,,0.00
AUGREVENUE-33884/3,1037,A11001 - Accounts Receivable (New),950,,#VALUE!,08/31/2025,33884/3,Graniti Vicentia,1938,Aug 25 service revenue in SPS,0.00,
AUGREVENUE-33884/3,1037.5,,976,A40007 - Service Income (New),976,08/31/2025,33884/3,Graniti Vicentia,1938,Aug 25 service revenue in SPS,,0.00
AUGREVENUE-33921/4,1038,A11001 - Accounts Receivable (New),950,,#VALUE!,08/31/2025,33921/4,Graniti Vicentia,1938,Aug 25 service revenue in SPS,0.00,
AUGREVENUE-33921/4,1038.5,,976,A40007 - Service Income (New),976,08/31/2025,33921/4,Graniti Vicentia,1938,Aug 25 service revenue in SPS,,0.00
AUGREVENUE-35266/13,1039,A11001 - Accounts Receivable (New),950,,#VALUE!,08/31/2025,35266/13,Graniti Vicentia,1938,Aug 25 service revenue in SPS,0.00,
AUGREVENUE-35266/13,1039.5,,976,A40007 - Service Income (New),976,08/31/2025,35266/13,Graniti Vicentia,1938,Aug 25 service revenue in SPS,,0.00
AUGREVENUE-35422/2,1040,A11001 - Accounts Receivable (New),950,,#VALUE!,08/31/2025,35422/2,"TOWNEPLACE SUITES, DALLAS",3560,Aug 25 service revenue in SPS,0.00,
AUGREVENUE-35422/2,1040.5,,976,A40007 - Service Income (New),976,08/31/2025,35422/2,"TOWNEPLACE SUITES, DALLAS",3560,Aug 25 service revenue in SPS,,0.00
AUGREVENUE-35432/5,1041,A11001 - Accounts Receivable (New),950,,#VALUE!,08/31/2025,35432/5,"Jay Sun Hospitality LLC / La Quinta La Habra,CA",3351,Aug 25 service revenue in SPS,8003.78,
AUGREVENUE-35432/5,1041.5,,976,A40007 - Service Income (New),976,08/31/2025,35432/5,"Jay Sun Hospitality LLC / La Quinta La Habra,CA",3351,Aug 25 service revenue in SPS,,8003.78
AUGREVENUE-35441/8,1042,A11001 - Accounts Receivable (New),950,,#VALUE!,08/31/2025,35441/8,"Jay Sun Hospitality LLC / La Quinta La Habra,CA",3351,Aug 25 service revenue in SPS,3603.25,
AUGREVENUE-35441/8,1042.5,,976,A40007 - Service Income (New),976,08/31/2025,35441/8,"Jay Sun Hospitality LLC / La Quinta La Habra,CA",3351,Aug 25 service revenue in SPS,,3603.25
AUGREVENUE-35535/2,1043,A11001 - Accounts Receivable (New),950,,#VALUE!,08/31/2025,35535/2,Wingate Owensboro_KY,3400,Aug 25 service revenue in SPS,121.39,
AUGREVENUE-35535/2,1043.5,,976,A40007 - Service Income (New),976,08/31/2025,35535/2,Wingate Owensboro_KY,3400,Aug 25 service revenue in SPS,,121.39
AUGREVENUE-35870/5,1044,A11001 - Accounts Receivable (New),950,,#VALUE!,08/31/2025,35870/5,Two one two,3397,Aug 25 service revenue in SPS,300.00,
AUGREVENUE-35870/5,1044.5,,976,A40007 - Service Income (New),976,08/31/2025,35870/5,Two one two,3397,Aug 25 service revenue in SPS,,300.00
AUGREVENUE-36064/2,1045,A11001 - Accounts Receivable (New),950,,#VALUE!,08/31/2025,36064/2,La Quinta - Fort Lauderdale - FL - Rob Song,3630,Aug 25 service revenue in SPS,7000.00,
AUGREVENUE-36064/2,1045.5,,976,A40007 - Service Income (New),976,08/31/2025,36064/2,La Quinta - Fort Lauderdale - FL - Rob Song,3630,Aug 25 service revenue in SPS,,7000.00
AUGREVENUE-36155/2,1046,A11001 - Accounts Receivable (New),950,,#VALUE!,08/31/2025,36155/2,Graniti Vicentia,1938,Aug 25 service revenue in SPS,0.00,
AUGREVENUE-36155/2,1046.5,,976,A40007 - Service Income (New),976,08/31/2025,36155/2,Graniti Vicentia,1938,Aug 25 service revenue in SPS,,0.00
AUGREVENUE-36158/2,1047,A11001 - Accounts Receivable (New),950,,#VALUE!,08/31/2025,36158/2,Graniti Vicentia,1938,Aug 25 service revenue in SPS,0.00,
AUGREVENUE-36158/2,1047.5,,976,A40007 - Service Income (New),976,08/31/2025,36158/2,Graniti Vicentia,1938,Aug 25 service revenue in SPS,,0.00
AUGREVENUE-36159/5,1048,A11001 - Accounts Receivable (New),950,,#VALUE!,08/31/2025,36159/5,Graniti Vicentia,1938,Aug 25 service revenue in SPS,0.00,
AUGREVENUE-36159/5,1048.5,,976,A40007 - Service Income (New),976,08/31/2025,36159/5,Graniti Vicentia,1938,Aug 25 service revenue in SPS,,0.00
AUGREVENUE-36160/2,1049,A11001 - Accounts Receivable (New),950,,#VALUE!,08/31/2025,36160/2,Graniti Vicentia,1938,Aug 25 service revenue in SPS,0.00,
AUGREVENUE-36160/2,1049.5,,976,A40007 - Service Income (New),976,08/31/2025,36160/2,Graniti Vicentia,1938,Aug 25 service revenue in SPS,,0.00
AUGREVENUE-37260/21,1050,A11001 - Accounts Receivable (New),950,,#VALUE!,08/31/2025,37260/21,"La Quinta Hawthorn - Miamisburg, OH",3358,Aug 25 service revenue in SPS,3099.25,
AUGREVENUE-37260/21,1050.5,,976,A40007 - Service Income (New),976,08/31/2025,37260/21,"La Quinta Hawthorn - Miamisburg, OH",3358,Aug 25 service revenue in SPS,,3099.25
AUGREVENUE-37316/6,1051,A11001 - Accounts Receivable (New),950,,#VALUE!,08/31/2025,37316/6,Graniti Vicentia,1938,Aug 25 service revenue in SPS,0.00,
AUGREVENUE-37316/6,1051.5,,976,A40007 - Service Income (New),976,08/31/2025,37316/6,Graniti Vicentia,1938,Aug 25 service revenue in SPS,,0.00
AUGREVENUE-37354,1052,A11001 - Accounts Receivable (New),950,,#VALUE!,08/31/2025,37354,Goodall Distributors,544,Aug 25 service revenue in SPS,400.00,
AUGREVENUE-37354,1052.5,,976,A40007 - Service Income (New),976,08/31/2025,37354,Goodall Distributors,544,Aug 25 service revenue in SPS,,400.00
AUGREVENUE-37904/4,1053,A11001 - Accounts Receivable (New),950,,#VALUE!,08/31/2025,37904/4,"Las Vegas Resort Holdings, LLC",3368,Aug 25 service revenue in SPS,15488.20,
AUGREVENUE-37904/4,1053.5,,976,A40007 - Service Income (New),976,08/31/2025,37904/4,"Las Vegas Resort Holdings, LLC",3368,Aug 25 service revenue in SPS,,15488.20
AUGREVENUE-37958/6,1054,A11001 - Accounts Receivable (New),950,,#VALUE!,08/31/2025,37958/6,Monsoon Flower LLC,1720,Aug 25 service revenue in SPS,78228.36,
AUGREVENUE-37958/6,1054.5,,976,A40007 - Service Income (New),976,08/31/2025,37958/6,Monsoon Flower LLC,1720,Aug 25 service revenue in SPS,,78228.36
AUGREVENUE-38220/2,1055,A11001 - Accounts Receivable (New),950,,#VALUE!,08/31/2025,38220/2,Graniti Vicentia,1938,Aug 25 service revenue in SPS,0.00,
AUGREVENUE-38220/2,1055.5,,976,A40007 - Service Income (New),976,08/31/2025,38220/2,Graniti Vicentia,1938,Aug 25 service revenue in SPS,,0.00
AUGREVENUE-38262,1056,A11001 - Accounts Receivable (New),950,,#VALUE!,08/31/2025,38262,HOME2 SOMERSET,3526,Aug 25 service revenue in SPS,9650.00,
AUGREVENUE-38262,1056.5,,976,A40007 - Service Income (New),976,08/31/2025,38262,HOME2 SOMERSET,3526,Aug 25 service revenue in SPS,,9650.00
AUGREVENUE-38264/3,1057,A11001 - Accounts Receivable (New),950,,#VALUE!,08/31/2025,38264/3,HOME2 SOMERSET,3526,Aug 25 service revenue in SPS,3395.46,
AUGREVENUE-38264/3,1057.5,,976,A40007 - Service Income (New),976,08/31/2025,38264/3,HOME2 SOMERSET,3526,Aug 25 service revenue in SPS,,3395.46
AUGREVENUE-38527,1058,A11001 - Accounts Receivable (New),950,,#VALUE!,08/31/2025,38527,Gaurang(Gary) Patel,540,Aug 25 service revenue in SPS,500.00,
AUGREVENUE-38527,1058.5,,976,A40007 - Service Income (New),976,08/31/2025,38527,Gaurang(Gary) Patel,540,Aug 25 service revenue in SPS,,500.00
AUGREVENUE-38557,1059,A11001 - Accounts Receivable (New),950,,#VALUE!,08/31/2025,38557,Graniti Vicentia,1938,Aug 25 service revenue in SPS,4381.50,
AUGREVENUE-38557,1059.5,,976,A40007 - Service Income (New),976,08/31/2025,38557,Graniti Vicentia,1938,Aug 25 service revenue in SPS,,4381.50
AUGREVENUE-38621,1060,A11001 - Accounts Receivable (New),950,,#VALUE!,08/31/2025,38621,Two one two,3397,Aug 25 service revenue in SPS,600.00,
AUGREVENUE-38621,1060.5,,976,A40007 - Service Income (New),976,08/31/2025,38621,Two one two,3397,Aug 25 service revenue in SPS,,600.00
AUGREVENUE-38726,1061,A11001 - Accounts Receivable (New),950,,#VALUE!,08/31/2025,38726,Hampton Inn Corpus Christi,1933,Aug 25 service revenue in SPS,170.00,
AUGREVENUE-38726,1061.5,,976,A40007 - Service Income (New),976,08/31/2025,38726,Hampton Inn Corpus Christi,1933,Aug 25 service revenue in SPS,,170.00
AUGREVENUE-38744,1062,A11001 - Accounts Receivable (New),950,,#VALUE!,08/31/2025,38744,"Pinnacle Marble And Granite, Inc",632,Aug 25 service revenue in SPS,650.00,
AUGREVENUE-38744,1062.5,,976,A40007 - Service Income (New),976,08/31/2025,38744,"Pinnacle Marble And Granite, Inc",632,Aug 25 service revenue in SPS,,650.00
AUGREVENUE-38758,1063,A11001 - Accounts Receivable (New),950,,#VALUE!,08/31/2025,38758,The DOI Residence/ DEAZLY INC.,2346,Aug 25 service revenue in SPS,16.26,
AUGREVENUE-38758,1063.5,,976,A40007 - Service Income (New),976,08/31/2025,38758,The DOI Residence/ DEAZLY INC.,2346,Aug 25 service revenue in SPS,,16.26
AUGREVENUE-38800,1064,A11001 - Accounts Receivable (New),950,,#VALUE!,08/31/2025,38800,SSC Construction,2415,Aug 25 service revenue in SPS,534.33,
AUGREVENUE-38800,1064.5,,976,A40007 - Service Income (New),976,08/31/2025,38800,SSC Construction,2415,Aug 25 service revenue in SPS,,534.33
AUGREVENUE-38801,1065,A11001 - Accounts Receivable (New),950,,#VALUE!,08/31/2025,38801,Southwest Contracting LP,2334,Aug 25 service revenue in SPS,44.73,
AUGREVENUE-38801,1065.5,,976,A40007 - Service Income (New),976,08/31/2025,38801,Southwest Contracting LP,2334,Aug 25 service revenue in SPS,,44.73
AUGREVENUE-38803,1066,A11001 - Accounts Receivable (New),950,,#VALUE!,08/31/2025,38803,"La Quinta Inn & Suites-Mansfield, OH",2349,Aug 25 service revenue in SPS,250.00,
AUGREVENUE-38803,1066.5,,976,A40007 - Service Income (New),976,08/31/2025,38803,"La Quinta Inn & Suites-Mansfield, OH",2349,Aug 25 service revenue in SPS,,250.00
AUGREVENUE-38807,1067,A11001 - Accounts Receivable (New),950,,#VALUE!,08/31/2025,38807,Double Tree,2329,Aug 25 service revenue in SPS,9967.20,
AUGREVENUE-38807,1067.5,,976,A40007 - Service Income (New),976,08/31/2025,38807,Double Tree,2329,Aug 25 service revenue in SPS,,9967.20
AUGREVENUE-38820,1068,A11001 - Accounts Receivable (New),950,,#VALUE!,08/31/2025,38820,Iannacone Residence,2347,Aug 25 service revenue in SPS,-50000.00,
AUGREVENUE-38820,1068.5,,976,A40007 - Service Income (New),976,08/31/2025,38820,Iannacone Residence,2347,Aug 25 service revenue in SPS,,-50000.00
AUGREVENUE-38822,1069,A11001 - Accounts Receivable (New),950,,#VALUE!,08/31/2025,38822,"Pinnacle Marble & Granite, Inc.",2273,Aug 25 service revenue in SPS,4332.98,
AUGREVENUE-38822,1069.5,,976,A40007 - Service Income (New),976,08/31/2025,38822,"Pinnacle Marble & Granite, Inc.",2273,Aug 25 service revenue in SPS,,4332.98
AUGREVENUE-38835,1070,A11001 - Accounts Receivable (New),950,,#VALUE!,08/31/2025,38835,Specialty Tile Products Inc.,3566,Aug 25 service revenue in SPS,51.69,
AUGREVENUE-38835,1070.5,,976,A40007 - Service Income (New),976,08/31/2025,38835,Specialty Tile Products Inc.,3566,Aug 25 service revenue in SPS,,51.69
AUGREVENUE-38843,1071,A11001 - Accounts Receivable (New),950,,#VALUE!,08/31/2025,38843,MCP Group,596,Aug 25 service revenue in SPS,17.18,
AUGREVENUE-38843,1071.5,,976,A40007 - Service Income (New),976,08/31/2025,38843,MCP Group,596,Aug 25 service revenue in SPS,,17.18
AUGREVENUE-38852,1072,A11001 - Accounts Receivable (New),950,,#VALUE!,08/31/2025,38852,Springhill Greensboro NC,2450,Aug 25 service revenue in SPS,2894.52,
AUGREVENUE-38852,1072.5,,976,A40007 - Service Income (New),976,08/31/2025,38852,Springhill Greensboro NC,2450,Aug 25 service revenue in SPS,,2894.52
AUGREVENUE-38853,1073,A11001 - Accounts Receivable (New),950,,#VALUE!,08/31/2025,38853,"L Peters Construction, Inc.",2524,Aug 25 service revenue in SPS,55.00,
AUGREVENUE-38853,1073.5,,976,A40007 - Service Income (New),976,08/31/2025,38853,"L Peters Construction, Inc.",2524,Aug 25 service revenue in SPS,,55.00
AUGREVENUE-38854,1074,A11001 - Accounts Receivable (New),950,,#VALUE!,08/31/2025,38854,Days Inn in Georgetown,2441,Aug 25 service revenue in SPS,189.46,
AUGREVENUE-38854,1074.5,,976,A40007 - Service Income (New),976,08/31/2025,38854,Days Inn in Georgetown,2441,Aug 25 service revenue in SPS,,189.46
AUGREVENUE-38865,1075,A11001 - Accounts Receivable (New),950,,#VALUE!,08/31/2025,38865,PRIME SAY LLC,2455,Aug 25 service revenue in SPS,10.41,
AUGREVENUE-38865,1075.5,,976,A40007 - Service Income (New),976,08/31/2025,38865,PRIME SAY LLC,2455,Aug 25 service revenue in SPS,,10.41
AUGREVENUE-38884,1076,A11001 - Accounts Receivable (New),950,,#VALUE!,08/31/2025,38884,Soma construction,2306,Aug 25 service revenue in SPS,13.39,
AUGREVENUE-38884,1076.5,,976,A40007 - Service Income (New),976,08/31/2025,38884,Soma construction,2306,Aug 25 service revenue in SPS,,13.39
AUGREVENUE-38905,1077,A11001 - Accounts Receivable (New),950,,#VALUE!,08/31/2025,38905,Wheel Fish Group,2166,Aug 25 service revenue in SPS,45000.00,
AUGREVENUE-38905,1077.5,,976,A40007 - Service Income (New),976,08/31/2025,38905,Wheel Fish Group,2166,Aug 25 service revenue in SPS,,45000.00
AUGREVENUE-38942,1078,A11001 - Accounts Receivable (New),950,,#VALUE!,08/31/2025,38942,Anish Patel,2413,Aug 25 service revenue in SPS,14.91,
AUGREVENUE-38942,1078.5,,976,A40007 - Service Income (New),976,08/31/2025,38942,Anish Patel,2413,Aug 25 service revenue in SPS,,14.91
AUGREVENUE-38959,1079,A11001 - Accounts Receivable (New),950,,#VALUE!,08/31/2025,38959,Mehr Consultancy,1934,Aug 25 service revenue in SPS,1415.38,
AUGREVENUE-38959,1079.5,,976,A40007 - Service Income (New),976,08/31/2025,38959,Mehr Consultancy,1934,Aug 25 service revenue in SPS,,1415.38
AUGREVENUE-38987,1080,A11001 - Accounts Receivable (New),950,,#VALUE!,08/31/2025,38987,Homewood Suites Beaumont,2348,Aug 25 service revenue in SPS,514.48,
AUGREVENUE-38987,1080.5,,976,A40007 - Service Income (New),976,08/31/2025,38987,Homewood Suites Beaumont,2348,Aug 25 service revenue in SPS,,514.48
AUGREVENUE-38997,1081,A11001 - Accounts Receivable (New),950,,#VALUE!,08/31/2025,38997,La Quinta Athens Alabama,2442,Aug 25 service revenue in SPS,1094.50,
AUGREVENUE-38997,1081.5,,976,A40007 - Service Income (New),976,08/31/2025,38997,La Quinta Athens Alabama,2442,Aug 25 service revenue in SPS,,1094.50
AUGREVENUE-39012,1082,A11001 - Accounts Receivable (New),950,,#VALUE!,08/31/2025,39012,MCP Group,596,Aug 25 service revenue in SPS,36000.00,
AUGREVENUE-39012,1082.5,,976,A40007 - Service Income (New),976,08/31/2025,39012,MCP Group,596,Aug 25 service revenue in SPS,,36000.00
AUGREVENUE-39073,1083,A11001 - Accounts Receivable (New),950,,#VALUE!,08/31/2025,39073,STONERIDGE HOSPITALITY GROUP,693,Aug 25 service revenue in SPS,425.00,
AUGREVENUE-39073,1083.5,,976,A40007 - Service Income (New),976,08/31/2025,39073,STONERIDGE HOSPITALITY GROUP,693,Aug 25 service revenue in SPS,,425.00
AUGREVENUE-39074,1084,A11001 - Accounts Receivable (New),950,,#VALUE!,08/31/2025,39074,STONERIDGE HOSPITALITY GROUP,693,Aug 25 service revenue in SPS,425.00,
AUGREVENUE-39074,1084.5,,976,A40007 - Service Income (New),976,08/31/2025,39074,STONERIDGE HOSPITALITY GROUP,693,Aug 25 service revenue in SPS,,425.00
AUGREVENUE-39084,1085,A11001 - Accounts Receivable (New),950,,#VALUE!,08/31/2025,39084,Two one two,3397,Aug 25 service revenue in SPS,600.00,
AUGREVENUE-39084,1085.5,,976,A40007 - Service Income (New),976,08/31/2025,39084,Two one two,3397,Aug 25 service revenue in SPS,,600.00
AUGREVENUE-39086,1086,A11001 - Accounts Receivable (New),950,,#VALUE!,08/31/2025,39086,Graniti Vicentia,1938,Aug 25 service revenue in SPS,0.00,
AUGREVENUE-39086,1086.5,,976,A40007 - Service Income (New),976,08/31/2025,39086,Graniti Vicentia,1938,Aug 25 service revenue in SPS,,0.00
AUGREVENUE-39086/2,1087,A11001 - Accounts Receivable (New),950,,#VALUE!,08/31/2025,39086/2,Graniti Vicentia,1938,Aug 25 service revenue in SPS,0.00,
AUGREVENUE-39086/2,1087.5,,976,A40007 - Service Income (New),976,08/31/2025,39086/2,Graniti Vicentia,1938,Aug 25 service revenue in SPS,,0.00
AUGREVENUE-35804/4,1088,A11001 - Accounts Receivable (New),950,,#VALUE!,08/04/2025,35804/4,Fairfield Townplace East Hartford,3335,Aug 25 delivery revenue in SPS,22599.10,
AUGREVENUE-35804/4,1088.5,,975,A40006 - Delivery Income (New),975,08/04/2025,35804/4,Fairfield Townplace East Hartford,3335,Aug 25 delivery revenue in SPS,,22599.10
AUGREVENUE-38633,1089,A11001 - Accounts Receivable (New),950,,#VALUE!,08/04/2025,38633,Classic American Homes & Renovations,2708,Aug 25 delivery revenue in SPS,257.11,
AUGREVENUE-38633,1089.5,,975,A40006 - Delivery Income (New),975,08/04/2025,38633,Classic American Homes & Renovations,2708,Aug 25 delivery revenue in SPS,,257.11
AUGREVENUE-37687,1090,A11001 - Accounts Receivable (New),950,,#VALUE!,08/07/2025,37687,Ascent Residence inn Montgomery,3320,Aug 25 delivery revenue in SPS,50.40,
AUGREVENUE-37687,1090.5,,975,A40006 - Delivery Income (New),975,08/07/2025,37687,Ascent Residence inn Montgomery,3320,Aug 25 delivery revenue in SPS,,50.40
AUGREVENUE-38661,1091,A11001 - Accounts Receivable (New),950,,#VALUE!,08/07/2025,38661,Comfort suites NC330,2640,Aug 25 delivery revenue in SPS,2100.00,
AUGREVENUE-38661,1091.5,,975,A40006 - Delivery Income (New),975,08/07/2025,38661,Comfort suites NC330,2640,Aug 25 delivery revenue in SPS,,2100.00
AUGREVENUE-36248,1092,A11001 - Accounts Receivable (New),950,,#VALUE!,08/08/2025,36248,Kings Bay Coastal Hotel Management LLC / Wingate Kingsland,3354,Aug 25 delivery revenue in SPS,7.28,
AUGREVENUE-36248,1092.5,,975,A40006 - Delivery Income (New),975,08/08/2025,36248,Kings Bay Coastal Hotel Management LLC / Wingate Kingsland,3354,Aug 25 delivery revenue in SPS,,7.28
AUGREVENUE-36250,1093,A11001 - Accounts Receivable (New),950,,#VALUE!,08/08/2025,36250,Kings Bay Coastal Hotel Management LLC / Wingate Kingsland,3354,Aug 25 delivery revenue in SPS,1499.88,
AUGREVENUE-36250,1093.5,,975,A40006 - Delivery Income (New),975,08/08/2025,36250,Kings Bay Coastal Hotel Management LLC / Wingate Kingsland,3354,Aug 25 delivery revenue in SPS,,1499.88
AUGREVENUE-38260,1094,A11001 - Accounts Receivable (New),950,,#VALUE!,08/11/2025,38260,HOME2 SOMERSET,3526,Aug 25 delivery revenue in SPS,770.30,
AUGREVENUE-38260,1094.5,,975,A40006 - Delivery Income (New),975,08/11/2025,38260,HOME2 SOMERSET,3526,Aug 25 delivery revenue in SPS,,770.30
AUGREVENUE-38579,1095,A11001 - Accounts Receivable (New),950,,#VALUE!,08/11/2025,38579,Mesquite Gaming,1554,Aug 25 delivery revenue in SPS,1455.00,
AUGREVENUE-38579,1095.5,,975,A40006 - Delivery Income (New),975,08/11/2025,38579,Mesquite Gaming,1554,Aug 25 delivery revenue in SPS,,1455.00
AUGREVENUE-37690/2,1096,A11001 - Accounts Receivable (New),950,,#VALUE!,08/12/2025,37690/2,Ascent Residence inn Montgomery,3320,Aug 25 delivery revenue in SPS,4433.11,
AUGREVENUE-37690/2,1096.5,,975,A40006 - Delivery Income (New),975,08/12/2025,37690/2,Ascent Residence inn Montgomery,3320,Aug 25 delivery revenue in SPS,,4433.11
AUGREVENUE-38252/2,1097,A11001 - Accounts Receivable (New),950,,#VALUE!,08/12/2025,38252/2,HOME2 SOMERSET,3526,Aug 25 delivery revenue in SPS,3119.06,
AUGREVENUE-38252/2,1097.5,,975,A40006 - Delivery Income (New),975,08/12/2025,38252/2,HOME2 SOMERSET,3526,Aug 25 delivery revenue in SPS,,3119.06
AUGREVENUE-38268,1098,A11001 - Accounts Receivable (New),950,,#VALUE!,08/12/2025,38268,HOME2 SOMERSET,3526,Aug 25 delivery revenue in SPS,59.89,
AUGREVENUE-38268,1098.5,,975,A40006 - Delivery Income (New),975,08/12/2025,38268,HOME2 SOMERSET,3526,Aug 25 delivery revenue in SPS,,59.89
AUGREVENUE-38204/2,1099,A11001 - Accounts Receivable (New),950,,#VALUE!,08/13/2025,38204/2,LQ Hawthorne Leavenworth,3412,Aug 25 delivery revenue in SPS,538.21,
AUGREVENUE-38204/2,1099.5,,975,A40006 - Delivery Income (New),975,08/13/2025,38204/2,LQ Hawthorne Leavenworth,3412,Aug 25 delivery revenue in SPS,,538.21
AUGREVENUE-38857,1100,A11001 - Accounts Receivable (New),950,,#VALUE!,08/18/2025,38857,"White River Flooring, Inc.",2553,Aug 25 delivery revenue in SPS,1820.00,
AUGREVENUE-38857,1100.5,,975,A40006 - Delivery Income (New),975,08/18/2025,38857,"White River Flooring, Inc.",2553,Aug 25 delivery revenue in SPS,,1820.00
AUGREVENUE-33571,1101,A11001 - Accounts Receivable (New),950,,#VALUE!,08/25/2025,33571,LA QUINTA ORLANDO,2678,Aug 25 delivery revenue in SPS,109.04,
AUGREVENUE-33571,1101.5,,975,A40006 - Delivery Income (New),975,08/25/2025,33571,LA QUINTA ORLANDO,2678,Aug 25 delivery revenue in SPS,,109.04
AUGREVENUE-33574/3,1102,A11001 - Accounts Receivable (New),950,,#VALUE!,08/25/2025,33574/3,LA QUINTA ORLANDO,2678,Aug 25 delivery revenue in SPS,1.83,
AUGREVENUE-33574/3,1102.5,,975,A40006 - Delivery Income (New),975,08/25/2025,33574/3,LA QUINTA ORLANDO,2678,Aug 25 delivery revenue in SPS,,1.83
AUGREVENUE-33948/5,1103,A11001 - Accounts Receivable (New),950,,#VALUE!,08/25/2025,33948/5,LA QUINTA ORLANDO,2678,Aug 25 delivery revenue in SPS,5434.29,
AUGREVENUE-33948/5,1103.5,,975,A40006 - Delivery Income (New),975,08/25/2025,33948/5,LA QUINTA ORLANDO,2678,Aug 25 delivery revenue in SPS,,5434.29
AUGREVENUE-33958/4,1104,A11001 - Accounts Receivable (New),950,,#VALUE!,08/25/2025,33958/4,LA QUINTA ORLANDO,2678,Aug 25 delivery revenue in SPS,13225.78,
AUGREVENUE-33958/4,1104.5,,975,A40006 - Delivery Income (New),975,08/25/2025,33958/4,LA QUINTA ORLANDO,2678,Aug 25 delivery revenue in SPS,,13225.78
AUGREVENUE-36943,1105,A11001 - Accounts Receivable (New),950,,#VALUE!,08/25/2025,36943,AUTOGRAPH MAYA-PS,464,Aug 25 delivery revenue in SPS,0.00,
AUGREVENUE-36943,1105.5,,975,A40006 - Delivery Income (New),975,08/25/2025,36943,AUTOGRAPH MAYA-PS,464,Aug 25 delivery revenue in SPS,,0.00
AUGREVENUE-38185,1106,A11001 - Accounts Receivable (New),950,,#VALUE!,08/29/2025,38185,LQ Hawthorne Leavenworth,3412,Aug 25 delivery revenue in SPS,4800.01,
AUGREVENUE-38185,1106.5,,975,A40006 - Delivery Income (New),975,08/29/2025,38185,LQ Hawthorne Leavenworth,3412,Aug 25 delivery revenue in SPS,,4800.01
AUGREVENUE-38199,1107,A11001 - Accounts Receivable (New),950,,#VALUE!,08/29/2025,38199,LQ Hawthorne Leavenworth,3412,Aug 25 delivery revenue in SPS,5718.88,
AUGREVENUE-38199,1107.5,,975,A40006 - Delivery Income (New),975,08/29/2025,38199,LQ Hawthorne Leavenworth,3412,Aug 25 delivery revenue in SPS,,5718.88
AUGREVENUE-38206/2,1108,A11001 - Accounts Receivable (New),950,,#VALUE!,08/29/2025,38206/2,LQ Hawthorne Leavenworth,3412,Aug 25 delivery revenue in SPS,4539.33,
AUGREVENUE-38206/2,1108.5,,975,A40006 - Delivery Income (New),975,08/29/2025,38206/2,LQ Hawthorne Leavenworth,3412,Aug 25 delivery revenue in SPS,,4539.33
AUGREVENUE-38851,1109,A11001 - Accounts Receivable (New),950,,#VALUE!,08/29/2025,38851,CAMARATA MASONRY SYSTEMS,487,Aug 25 delivery revenue in SPS,4550.00,
AUGREVENUE-38851,1109.5,,975,A40006 - Delivery Income (New),975,08/29/2025,38851,CAMARATA MASONRY SYSTEMS,487,Aug 25 delivery revenue in SPS,,4550.00
AUGREVENUE-38881,1110,A11001 - Accounts Receivable (New),950,,#VALUE!,08/29/2025,38881,First Capital Advisors,2485,Aug 25 delivery revenue in SPS,250.00,
AUGREVENUE-38881,1110.5,,975,A40006 - Delivery Income (New),975,08/29/2025,38881,First Capital Advisors,2485,Aug 25 delivery revenue in SPS,,250.00
AUGREVENUE-38893,1111,A11001 - Accounts Receivable (New),950,,#VALUE!,08/29/2025,38893,First Capital Advisors,2485,Aug 25 delivery revenue in SPS,887.00,
AUGREVENUE-38893,1111.5,,975,A40006 - Delivery Income (New),975,08/29/2025,38893,First Capital Advisors,2485,Aug 25 delivery revenue in SPS,,887.00
AUGREVENUE-39125,1112,A11001 - Accounts Receivable (New),950,,#VALUE!,08/29/2025,39125,Ascent Hospitality- Autograph Huntsville,3318,Aug 25 delivery revenue in SPS,509579.86,
AUGREVENUE-39125,1112.5,,975,A40006 - Delivery Income (New),975,08/29/2025,39125,Ascent Hospitality- Autograph Huntsville,3318,Aug 25 delivery revenue in SPS,,509579.86
AUGREVENUE-35818,1113,A11001 - Accounts Receivable (New),950,,#VALUE!,08/30/2025,35818,BMK Construction LLC,474,Aug 25 delivery revenue in SPS,7735.76,
AUGREVENUE-35818,1113.5,,975,A40006 - Delivery Income (New),975,08/30/2025,35818,BMK Construction LLC,474,Aug 25 delivery revenue in SPS,,7735.76
AUGREVENUE-36512,1114,A11001 - Accounts Receivable (New),950,,#VALUE!,08/30/2025,36512,Nancy Paolino,2702,Aug 25 delivery revenue in SPS,2472.11,
AUGREVENUE-36512,1114.5,,975,A40006 - Delivery Income (New),975,08/30/2025,36512,Nancy Paolino,2702,Aug 25 delivery revenue in SPS,,2472.11
AUGREVENUE-37373/2,1115,A11001 - Accounts Receivable (New),950,,#VALUE!,08/30/2025,37373/2,AFP 103 Corp,440,Aug 25 delivery revenue in SPS,632.31,
AUGREVENUE-37373/2,1115.5,,975,A40006 - Delivery Income (New),975,08/30/2025,37373/2,AFP 103 Corp,440,Aug 25 delivery revenue in SPS,,632.31
AUGREVENUE-38051,1116,A11001 - Accounts Receivable (New),950,,#VALUE!,08/30/2025,38051,TOWNEPLACE SUITES - OKC,3273,Aug 25 delivery revenue in SPS,2440.00,
AUGREVENUE-38051,1116.5,,975,A40006 - Delivery Income (New),975,08/30/2025,38051,TOWNEPLACE SUITES - OKC,3273,Aug 25 delivery revenue in SPS,,2440.00
AUGREVENUE-38229,1117,A11001 - Accounts Receivable (New),950,,#VALUE!,08/30/2025,38229,"ELEMENT FORTSMITH, ARKANSAS",3330,Aug 25 delivery revenue in SPS,749.08,
AUGREVENUE-38229,1117.5,,975,A40006 - Delivery Income (New),975,08/30/2025,38229,"ELEMENT FORTSMITH, ARKANSAS",3330,Aug 25 delivery revenue in SPS,,749.08
AUGREVENUE-38230,1118,A11001 - Accounts Receivable (New),950,,#VALUE!,08/30/2025,38230,Super 8 motel - TN.,2631,Aug 25 delivery revenue in SPS,1725.00,
AUGREVENUE-38230,1118.5,,975,A40006 - Delivery Income (New),975,08/30/2025,38230,Super 8 motel - TN.,2631,Aug 25 delivery revenue in SPS,,1725.00
AUGREVENUE-38253/3,1119,A11001 - Accounts Receivable (New),950,,#VALUE!,08/30/2025,38253/3,HOME2 SOMERSET,3526,Aug 25 delivery revenue in SPS,3894.55,
AUGREVENUE-38253/3,1119.5,,975,A40006 - Delivery Income (New),975,08/30/2025,38253/3,HOME2 SOMERSET,3526,Aug 25 delivery revenue in SPS,,3894.55
AUGREVENUE-38254,1120,A11001 - Accounts Receivable (New),950,,#VALUE!,08/30/2025,38254,HOME2 SOMERSET,3526,Aug 25 delivery revenue in SPS,9126.78,
AUGREVENUE-38254,1120.5,,975,A40006 - Delivery Income (New),975,08/30/2025,38254,HOME2 SOMERSET,3526,Aug 25 delivery revenue in SPS,,9126.78
AUGREVENUE-38256/2,1121,A11001 - Accounts Receivable (New),950,,#VALUE!,08/30/2025,38256/2,HOME2 SOMERSET,3526,Aug 25 delivery revenue in SPS,36013.69,
AUGREVENUE-38256/2,1121.5,,975,A40006 - Delivery Income (New),975,08/30/2025,38256/2,HOME2 SOMERSET,3526,Aug 25 delivery revenue in SPS,,36013.69
AUGREVENUE-38257/2,1122,A11001 - Accounts Receivable (New),950,,#VALUE!,08/30/2025,38257/2,HOME2 SOMERSET,3526,Aug 25 delivery revenue in SPS,3623.90,
AUGREVENUE-38257/2,1122.5,,975,A40006 - Delivery Income (New),975,08/30/2025,38257/2,HOME2 SOMERSET,3526,Aug 25 delivery revenue in SPS,,3623.90
AUGREVENUE-38258/3,1123,A11001 - Accounts Receivable (New),950,,#VALUE!,08/30/2025,38258/3,HOME2 SOMERSET,3526,Aug 25 delivery revenue in SPS,15172.00,
AUGREVENUE-38258/3,1123.5,,975,A40006 - Delivery Income (New),975,08/30/2025,38258/3,HOME2 SOMERSET,3526,Aug 25 delivery revenue in SPS,,15172.00
AUGREVENUE-38263,1124,A11001 - Accounts Receivable (New),950,,#VALUE!,08/30/2025,38263,HOME2 SOMERSET,3526,Aug 25 delivery revenue in SPS,156.42,
AUGREVENUE-38263,1124.5,,975,A40006 - Delivery Income (New),975,08/30/2025,38263,HOME2 SOMERSET,3526,Aug 25 delivery revenue in SPS,,156.42
AUGREVENUE-38265,1125,A11001 - Accounts Receivable (New),950,,#VALUE!,08/30/2025,38265,HOME2 SOMERSET,3526,Aug 25 delivery revenue in SPS,2826.34,
AUGREVENUE-38265,1125.5,,975,A40006 - Delivery Income (New),975,08/30/2025,38265,HOME2 SOMERSET,3526,Aug 25 delivery revenue in SPS,,2826.34
AUGREVENUE-38266,1126,A11001 - Accounts Receivable (New),950,,#VALUE!,08/30/2025,38266,HOME2 SOMERSET,3526,Aug 25 delivery revenue in SPS,2840.25,
AUGREVENUE-38266,1126.5,,975,A40006 - Delivery Income (New),975,08/30/2025,38266,HOME2 SOMERSET,3526,Aug 25 delivery revenue in SPS,,2840.25
AUGREVENUE-38546,1127,A11001 - Accounts Receivable (New),950,,#VALUE!,08/30/2025,38546,Northlake Innkeepers I Ltd.,3375,Aug 25 delivery revenue in SPS,2018.00,
AUGREVENUE-38546,1127.5,,975,A40006 - Delivery Income (New),975,08/30/2025,38546,Northlake Innkeepers I Ltd.,3375,Aug 25 delivery revenue in SPS,,2018.00
AUGREVENUE-38637/3,1128,A11001 - Accounts Receivable (New),950,,#VALUE!,08/30/2025,38637/3,Hampton Inn Nashville,3338,Aug 25 delivery revenue in SPS,26382.55,
AUGREVENUE-38637/3,1128.5,,975,A40006 - Delivery Income (New),975,08/30/2025,38637/3,Hampton Inn Nashville,3338,Aug 25 delivery revenue in SPS,,26382.55
AUGREVENUE-38651,1129,A11001 - Accounts Receivable (New),950,,#VALUE!,08/30/2025,38651,Nancy Paolino,2702,Aug 25 delivery revenue in SPS,2064.11,
AUGREVENUE-38651,1129.5,,975,A40006 - Delivery Income (New),975,08/30/2025,38651,Nancy Paolino,2702,Aug 25 delivery revenue in SPS,,2064.11
AUGREVENUE-38791,1130,A11001 - Accounts Receivable (New),950,,#VALUE!,08/30/2025,38791,Floor Source,2307,Aug 25 delivery revenue in SPS,847.22,
AUGREVENUE-38791,1130.5,,975,A40006 - Delivery Income (New),975,08/30/2025,38791,Floor Source,2307,Aug 25 delivery revenue in SPS,,847.22
AUGREVENUE-38817,1131,A11001 - Accounts Receivable (New),950,,#VALUE!,08/30/2025,38817,E&S Flooring LLC,524,Aug 25 delivery revenue in SPS,665.50,
AUGREVENUE-38817,1131.5,,975,A40006 - Delivery Income (New),975,08/30/2025,38817,E&S Flooring LLC,524,Aug 25 delivery revenue in SPS,,665.50
AUGREVENUE-38834,1132,A11001 - Accounts Receivable (New),950,,#VALUE!,08/30/2025,38834,"Supreme Bright Albuquerque I, LLC",2537,Aug 25 delivery revenue in SPS,4313.13,
AUGREVENUE-38834,1132.5,,975,A40006 - Delivery Income (New),975,08/30/2025,38834,"Supreme Bright Albuquerque I, LLC",2537,Aug 25 delivery revenue in SPS,,4313.13
AUGREVENUE-38839,1133,A11001 - Accounts Receivable (New),950,,#VALUE!,08/30/2025,38839,Intertech Flooring,2191,Aug 25 delivery revenue in SPS,500.00,
AUGREVENUE-38839,1133.5,,975,A40006 - Delivery Income (New),975,08/30/2025,38839,Intertech Flooring,2191,Aug 25 delivery revenue in SPS,,500.00
AUGREVENUE-38846,1134,A11001 - Accounts Receivable (New),950,,#VALUE!,08/30/2025,38846,Contractors Tiles Plus,498,Aug 25 delivery revenue in SPS,1600.00,
AUGREVENUE-38846,1134.5,,975,A40006 - Delivery Income (New),975,08/30/2025,38846,Contractors Tiles Plus,498,Aug 25 delivery revenue in SPS,,1600.00
AUGREVENUE-38874,1135,A11001 - Accounts Receivable (New),950,,#VALUE!,08/30/2025,38874,AQUATERRA OUTDOORS,454,Aug 25 delivery revenue in SPS,2200.00,
AUGREVENUE-38874,1135.5,,975,A40006 - Delivery Income (New),975,08/30/2025,38874,AQUATERRA OUTDOORS,454,Aug 25 delivery revenue in SPS,,2200.00
AUGREVENUE-38889,1136,A11001 - Accounts Receivable (New),950,,#VALUE!,08/30/2025,38889,"Residence Inn Pearland, TX",2466,Aug 25 delivery revenue in SPS,2057.27,
AUGREVENUE-38889,1136.5,,975,A40006 - Delivery Income (New),975,08/30/2025,38889,"Residence Inn Pearland, TX",2466,Aug 25 delivery revenue in SPS,,2057.27
AUGREVENUE-38953,1137,A11001 - Accounts Receivable (New),950,,#VALUE!,08/30/2025,38953,Floor Source,2307,Aug 25 delivery revenue in SPS,600.00,
AUGREVENUE-38953,1137.5,,975,A40006 - Delivery Income (New),975,08/30/2025,38953,Floor Source,2307,Aug 25 delivery revenue in SPS,,600.00
AUGREVENUE-38954,1138,A11001 - Accounts Receivable (New),950,,#VALUE!,08/30/2025,38954,SET Floors,933,Aug 25 delivery revenue in SPS,350.00,
AUGREVENUE-38954,1138.5,,975,A40006 - Delivery Income (New),975,08/30/2025,38954,SET Floors,933,Aug 25 delivery revenue in SPS,,350.00
AUGREVENUE-38970,1139,A11001 - Accounts Receivable (New),950,,#VALUE!,08/30/2025,38970,Landrys,2499,Aug 25 delivery revenue in SPS,350.00,
AUGREVENUE-38970,1139.5,,975,A40006 - Delivery Income (New),975,08/30/2025,38970,Landrys,2499,Aug 25 delivery revenue in SPS,,350.00
AUGREVENUE-38981,1140,A11001 - Accounts Receivable (New),950,,#VALUE!,08/30/2025,38981,Floor Source,2307,Aug 25 delivery revenue in SPS,370.00,
AUGREVENUE-38981,1140.5,,975,A40006 - Delivery Income (New),975,08/30/2025,38981,Floor Source,2307,Aug 25 delivery revenue in SPS,,370.00
AUGREVENUE-38993,1141,A11001 - Accounts Receivable (New),950,,#VALUE!,08/30/2025,38993,Fairfield Townplace East Hartford,3335,Aug 25 delivery revenue in SPS,6712.50,
AUGREVENUE-38993,1141.5,,975,A40006 - Delivery Income (New),975,08/30/2025,38993,Fairfield Townplace East Hartford,3335,Aug 25 delivery revenue in SPS,,6712.50
AUGREVENUE-38996,1142,A11001 - Accounts Receivable (New),950,,#VALUE!,08/30/2025,38996,La Quinta Athens Alabama,2442,Aug 25 delivery revenue in SPS,350.00,
AUGREVENUE-38996,1142.5,,975,A40006 - Delivery Income (New),975,08/30/2025,38996,La Quinta Athens Alabama,2442,Aug 25 delivery revenue in SPS,,350.00
AUGREVENUE-39002,1143,A11001 - Accounts Receivable (New),950,,#VALUE!,08/30/2025,39002,ZENITH ROOFING SERVICES,733,Aug 25 delivery revenue in SPS,1900.00,
AUGREVENUE-39002,1143.5,,975,A40006 - Delivery Income (New),975,08/30/2025,39002,ZENITH ROOFING SERVICES,733,Aug 25 delivery revenue in SPS,,1900.00
AUGREVENUE-39010,1144,A11001 - Accounts Receivable (New),950,,#VALUE!,08/30/2025,39010,Atmosphere Commercial Interiors,1576,Aug 25 delivery revenue in SPS,693.00,
AUGREVENUE-39010,1144.5,,975,A40006 - Delivery Income (New),975,08/30/2025,39010,Atmosphere Commercial Interiors,1576,Aug 25 delivery revenue in SPS,,693.00
AUGREVENUE-33286/2,1145,A11001 - Accounts Receivable (New),950,,#VALUE!,08/31/2025,33286/2,Tico,3631,Aug 25 delivery revenue in SPS,541.25,
AUGREVENUE-33286/2,1145.5,,975,A40006 - Delivery Income (New),975,08/31/2025,33286/2,Tico,3631,Aug 25 delivery revenue in SPS,,541.25
AUGREVENUE-33561/3,1146,A11001 - Accounts Receivable (New),950,,#VALUE!,08/31/2025,33561/3,La Quinta Inn & Suites- Seatac Airport- Seattle WA,2328,Aug 25 delivery revenue in SPS,730.89,
AUGREVENUE-33561/3,1146.5,,975,A40006 - Delivery Income (New),975,08/31/2025,33561/3,La Quinta Inn & Suites- Seatac Airport- Seattle WA,2328,Aug 25 delivery revenue in SPS,,730.89
AUGREVENUE-33967,1147,A11001 - Accounts Receivable (New),950,,#VALUE!,08/31/2025,33967,Graniti Vicentia,1938,Aug 25 delivery revenue in SPS,0.00,
AUGREVENUE-33967,1147.5,,975,A40006 - Delivery Income (New),975,08/31/2025,33967,Graniti Vicentia,1938,Aug 25 delivery revenue in SPS,,0.00
AUGREVENUE-34012/2,1148,A11001 - Accounts Receivable (New),950,,#VALUE!,08/31/2025,34012/2,"La Quinta, Anaheim CA",3361,Aug 25 delivery revenue in SPS,7230.75,
AUGREVENUE-34012/2,1148.5,,975,A40006 - Delivery Income (New),975,08/31/2025,34012/2,"La Quinta, Anaheim CA",3361,Aug 25 delivery revenue in SPS,,7230.75
AUGREVENUE-34382,1149,A11001 - Accounts Receivable (New),950,,#VALUE!,08/31/2025,34382,Graniti Vicentia,1938,Aug 25 delivery revenue in SPS,0.00,
AUGREVENUE-34382,1149.5,,975,A40006 - Delivery Income (New),975,08/31/2025,34382,Graniti Vicentia,1938,Aug 25 delivery revenue in SPS,,0.00
AUGREVENUE-35101/8,1150,A11001 - Accounts Receivable (New),950,,#VALUE!,08/31/2025,35101/8,Sonder,690,Aug 25 delivery revenue in SPS,0.28,
AUGREVENUE-35101/8,1150.5,,975,A40006 - Delivery Income (New),975,08/31/2025,35101/8,Sonder,690,Aug 25 delivery revenue in SPS,,0.28
AUGREVENUE-35103/5,1151,A11001 - Accounts Receivable (New),950,,#VALUE!,08/31/2025,35103/5,THE TD GROUP,3539,Aug 25 delivery revenue in SPS,13366.38,
AUGREVENUE-35103/5,1151.5,,975,A40006 - Delivery Income (New),975,08/31/2025,35103/5,THE TD GROUP,3539,Aug 25 delivery revenue in SPS,,13366.38
AUGREVENUE-35432/5,1152,A11001 - Accounts Receivable (New),950,,#VALUE!,08/31/2025,35432/5,"Jay Sun Hospitality LLC / La Quinta La Habra,CA",3351,Aug 25 delivery revenue in SPS,12512.58,
AUGREVENUE-35432/5,1152.5,,975,A40006 - Delivery Income (New),975,08/31/2025,35432/5,"Jay Sun Hospitality LLC / La Quinta La Habra,CA",3351,Aug 25 delivery revenue in SPS,,12512.58
AUGREVENUE-35434,1153,A11001 - Accounts Receivable (New),950,,#VALUE!,08/31/2025,35434,"Jay Sun Hospitality LLC / La Quinta La Habra,CA",3351,Aug 25 delivery revenue in SPS,1847.68,
AUGREVENUE-35434,1153.5,,975,A40006 - Delivery Income (New),975,08/31/2025,35434,"Jay Sun Hospitality LLC / La Quinta La Habra,CA",3351,Aug 25 delivery revenue in SPS,,1847.68
AUGREVENUE-35446/4,1154,A11001 - Accounts Receivable (New),950,,#VALUE!,08/31/2025,35446/4,"Jay Sun Hospitality LLC / La Quinta La Habra,CA",3351,Aug 25 delivery revenue in SPS,1471.50,
AUGREVENUE-35446/4,1154.5,,975,A40006 - Delivery Income (New),975,08/31/2025,35446/4,"Jay Sun Hospitality LLC / La Quinta La Habra,CA",3351,Aug 25 delivery revenue in SPS,,1471.50
AUGREVENUE-35494,1155,A11001 - Accounts Receivable (New),950,,#VALUE!,08/31/2025,35494,"Krushiker Hospitality Group, Inc/ Homewood Suites- Fayetteville, AR",3542,Aug 25 delivery revenue in SPS,292.52,
AUGREVENUE-35494,1155.5,,975,A40006 - Delivery Income (New),975,08/31/2025,35494,"Krushiker Hospitality Group, Inc/ Homewood Suites- Fayetteville, AR",3542,Aug 25 delivery revenue in SPS,,292.52
AUGREVENUE-35535/2,1156,A11001 - Accounts Receivable (New),950,,#VALUE!,08/31/2025,35535/2,Wingate Owensboro_KY,3400,Aug 25 delivery revenue in SPS,4315.75,
AUGREVENUE-35535/2,1156.5,,975,A40006 - Delivery Income (New),975,08/31/2025,35535/2,Wingate Owensboro_KY,3400,Aug 25 delivery revenue in SPS,,4315.75
AUGREVENUE-35539/3,1157,A11001 - Accounts Receivable (New),950,,#VALUE!,08/31/2025,35539/3,Wingate Owensboro_KY,3400,Aug 25 delivery revenue in SPS,1194.63,
AUGREVENUE-35539/3,1157.5,,975,A40006 - Delivery Income (New),975,08/31/2025,35539/3,Wingate Owensboro_KY,3400,Aug 25 delivery revenue in SPS,,1194.63
AUGREVENUE-35794/2,1158,A11001 - Accounts Receivable (New),950,,#VALUE!,08/31/2025,35794/2,Fairfield Townplace East Hartford,3335,Aug 25 delivery revenue in SPS,4817.02,
AUGREVENUE-35794/2,1158.5,,975,A40006 - Delivery Income (New),975,08/31/2025,35794/2,Fairfield Townplace East Hartford,3335,Aug 25 delivery revenue in SPS,,4817.02
AUGREVENUE-35796/3,1159,A11001 - Accounts Receivable (New),950,,#VALUE!,08/31/2025,35796/3,Fairfield Townplace East Hartford,3335,Aug 25 delivery revenue in SPS,9505.74,
AUGREVENUE-35796/3,1159.5,,975,A40006 - Delivery Income (New),975,08/31/2025,35796/3,Fairfield Townplace East Hartford,3335,Aug 25 delivery revenue in SPS,,9505.74
AUGREVENUE-35797,1160,A11001 - Accounts Receivable (New),950,,#VALUE!,08/31/2025,35797,Fairfield Townplace East Hartford,3335,Aug 25 delivery revenue in SPS,10327.44,
AUGREVENUE-35797,1160.5,,975,A40006 - Delivery Income (New),975,08/31/2025,35797,Fairfield Townplace East Hartford,3335,Aug 25 delivery revenue in SPS,,10327.44
AUGREVENUE-35799/4,1161,A11001 - Accounts Receivable (New),950,,#VALUE!,08/31/2025,35799/4,Fairfield Townplace East Hartford,3335,Aug 25 delivery revenue in SPS,8252.70,
AUGREVENUE-35799/4,1161.5,,975,A40006 - Delivery Income (New),975,08/31/2025,35799/4,Fairfield Townplace East Hartford,3335,Aug 25 delivery revenue in SPS,,8252.70
AUGREVENUE-35800/3,1162,A11001 - Accounts Receivable (New),950,,#VALUE!,08/31/2025,35800/3,Fairfield Townplace East Hartford,3335,Aug 25 delivery revenue in SPS,11819.71,
AUGREVENUE-35800/3,1162.5,,975,A40006 - Delivery Income (New),975,08/31/2025,35800/3,Fairfield Townplace East Hartford,3335,Aug 25 delivery revenue in SPS,,11819.71
AUGREVENUE-35806,1163,A11001 - Accounts Receivable (New),950,,#VALUE!,08/31/2025,35806,Fairfield Townplace East Hartford,3335,Aug 25 delivery revenue in SPS,1022.42,
AUGREVENUE-35806,1163.5,,975,A40006 - Delivery Income (New),975,08/31/2025,35806,Fairfield Townplace East Hartford,3335,Aug 25 delivery revenue in SPS,,1022.42
AUGREVENUE-35807/2,1164,A11001 - Accounts Receivable (New),950,,#VALUE!,08/31/2025,35807/2,Fairfield Townplace East Hartford,3335,Aug 25 delivery revenue in SPS,19232.13,
AUGREVENUE-35807/2,1164.5,,975,A40006 - Delivery Income (New),975,08/31/2025,35807/2,Fairfield Townplace East Hartford,3335,Aug 25 delivery revenue in SPS,,19232.13
AUGREVENUE-35808/2,1165,A11001 - Accounts Receivable (New),950,,#VALUE!,08/31/2025,35808/2,Fairfield Townplace East Hartford,3335,Aug 25 delivery revenue in SPS,4901.51,
AUGREVENUE-35808/2,1165.5,,975,A40006 - Delivery Income (New),975,08/31/2025,35808/2,Fairfield Townplace East Hartford,3335,Aug 25 delivery revenue in SPS,,4901.51
AUGREVENUE-35811,1166,A11001 - Accounts Receivable (New),950,,#VALUE!,08/31/2025,35811,Fairfield Townplace East Hartford,3335,Aug 25 delivery revenue in SPS,16880.89,
AUGREVENUE-35811,1166.5,,975,A40006 - Delivery Income (New),975,08/31/2025,35811,Fairfield Townplace East Hartford,3335,Aug 25 delivery revenue in SPS,,16880.89
AUGREVENUE-35812/2,1167,A11001 - Accounts Receivable (New),950,,#VALUE!,08/31/2025,35812/2,Fairfield Townplace East Hartford,3335,Aug 25 delivery revenue in SPS,7960.82,
AUGREVENUE-35812/2,1167.5,,975,A40006 - Delivery Income (New),975,08/31/2025,35812/2,Fairfield Townplace East Hartford,3335,Aug 25 delivery revenue in SPS,,7960.82
AUGREVENUE-35870/5,1168,A11001 - Accounts Receivable (New),950,,#VALUE!,08/31/2025,35870/5,Two one two,3397,Aug 25 delivery revenue in SPS,-500.00,
AUGREVENUE-35870/5,1168.5,,975,A40006 - Delivery Income (New),975,08/31/2025,35870/5,Two one two,3397,Aug 25 delivery revenue in SPS,,-500.00
AUGREVENUE-36064/2,1169,A11001 - Accounts Receivable (New),950,,#VALUE!,08/31/2025,36064/2,La Quinta - Fort Lauderdale - FL - Rob Song,3630,Aug 25 delivery revenue in SPS,4923.00,
AUGREVENUE-36064/2,1169.5,,975,A40006 - Delivery Income (New),975,08/31/2025,36064/2,La Quinta - Fort Lauderdale - FL - Rob Song,3630,Aug 25 delivery revenue in SPS,,4923.00
AUGREVENUE-36456/7,1170,A11001 - Accounts Receivable (New),950,,#VALUE!,08/31/2025,36456/7,Wingate by Wyndham / Indianapolis,3519,Aug 25 delivery revenue in SPS,0.01,
AUGREVENUE-36456/7,1170.5,,975,A40006 - Delivery Income (New),975,08/31/2025,36456/7,Wingate by Wyndham / Indianapolis,3519,Aug 25 delivery revenue in SPS,,0.01
AUGREVENUE-36718/3,1171,A11001 - Accounts Receivable (New),950,,#VALUE!,08/31/2025,36718/3,"ELEMENT FORTSMITH, ARKANSAS",3330,Aug 25 delivery revenue in SPS,4729.99,
AUGREVENUE-36718/3,1171.5,,975,A40006 - Delivery Income (New),975,08/31/2025,36718/3,"ELEMENT FORTSMITH, ARKANSAS",3330,Aug 25 delivery revenue in SPS,,4729.99
AUGREVENUE-37135/2,1172,A11001 - Accounts Receivable (New),950,,#VALUE!,08/31/2025,37135/2,Wingate Sheboygan WI - 01954,3561,Aug 25 delivery revenue in SPS,1162.59,
AUGREVENUE-37135/2,1172.5,,975,A40006 - Delivery Income (New),975,08/31/2025,37135/2,Wingate Sheboygan WI - 01954,3561,Aug 25 delivery revenue in SPS,,1162.59
AUGREVENUE-37350/2,1173,A11001 - Accounts Receivable (New),950,,#VALUE!,08/31/2025,37350/2,"Yale Tile & Stone, LLC",727,Aug 25 delivery revenue in SPS,1.00,
AUGREVENUE-37350/2,1173.5,,975,A40006 - Delivery Income (New),975,08/31/2025,37350/2,"Yale Tile & Stone, LLC",727,Aug 25 delivery revenue in SPS,,1.00
AUGREVENUE-37354,1174,A11001 - Accounts Receivable (New),950,,#VALUE!,08/31/2025,37354,Goodall Distributors,544,Aug 25 delivery revenue in SPS,4000.00,
AUGREVENUE-37354,1174.5,,975,A40006 - Delivery Income (New),975,08/31/2025,37354,Goodall Distributors,544,Aug 25 delivery revenue in SPS,,4000.00
AUGREVENUE-37625,1175,A11001 - Accounts Receivable (New),950,,#VALUE!,08/31/2025,37625,"Brighter Vision Group, LP",3321,Aug 25 delivery revenue in SPS,15690.18,
AUGREVENUE-37625,1175.5,,975,A40006 - Delivery Income (New),975,08/31/2025,37625,"Brighter Vision Group, LP",3321,Aug 25 delivery revenue in SPS,,15690.18
AUGREVENUE-37644,1176,A11001 - Accounts Receivable (New),950,,#VALUE!,08/31/2025,37644,"Brighter Vision Group, LP",3321,Aug 25 delivery revenue in SPS,3264.14,
AUGREVENUE-37644,1176.5,,975,A40006 - Delivery Income (New),975,08/31/2025,37644,"Brighter Vision Group, LP",3321,Aug 25 delivery revenue in SPS,,3264.14
AUGREVENUE-37776,1177,A11001 - Accounts Receivable (New),950,,#VALUE!,08/31/2025,37776,"Residence Inn Indianapolis,IN",2609,Aug 25 delivery revenue in SPS,86.73,
AUGREVENUE-37776,1177.5,,975,A40006 - Delivery Income (New),975,08/31/2025,37776,"Residence Inn Indianapolis,IN",2609,Aug 25 delivery revenue in SPS,,86.73
AUGREVENUE-37903,1178,A11001 - Accounts Receivable (New),950,,#VALUE!,08/31/2025,37903,"Las Vegas Resort Holdings, LLC",3368,Aug 25 delivery revenue in SPS,1050.00,
AUGREVENUE-37903,1178.5,,975,A40006 - Delivery Income (New),975,08/31/2025,37903,"Las Vegas Resort Holdings, LLC",3368,Aug 25 delivery revenue in SPS,,1050.00
AUGREVENUE-37953/2,1179,A11001 - Accounts Receivable (New),950,,#VALUE!,08/31/2025,37953/2,Monsoon Flower LLC,1720,Aug 25 delivery revenue in SPS,8195.04,
AUGREVENUE-37953/2,1179.5,,975,A40006 - Delivery Income (New),975,08/31/2025,37953/2,Monsoon Flower LLC,1720,Aug 25 delivery revenue in SPS,,8195.04
AUGREVENUE-37958/6,1180,A11001 - Accounts Receivable (New),950,,#VALUE!,08/31/2025,37958/6,Monsoon Flower LLC,1720,Aug 25 delivery revenue in SPS,18305.29,
AUGREVENUE-37958/6,1180.5,,975,A40006 - Delivery Income (New),975,08/31/2025,37958/6,Monsoon Flower LLC,1720,Aug 25 delivery revenue in SPS,,18305.29
AUGREVENUE-37960/3,1181,A11001 - Accounts Receivable (New),950,,#VALUE!,08/31/2025,37960/3,Monsoon Flower LLC,1720,Aug 25 delivery revenue in SPS,1711.96,
AUGREVENUE-37960/3,1181.5,,975,A40006 - Delivery Income (New),975,08/31/2025,37960/3,Monsoon Flower LLC,1720,Aug 25 delivery revenue in SPS,,1711.96
AUGREVENUE-38011/2,1182,A11001 - Accounts Receivable (New),950,,#VALUE!,08/31/2025,38011/2,Gene Cathey,541,Aug 25 delivery revenue in SPS,0.02,
AUGREVENUE-38011/2,1182.5,,975,A40006 - Delivery Income (New),975,08/31/2025,38011/2,Gene Cathey,541,Aug 25 delivery revenue in SPS,,0.02
AUGREVENUE-38148/2,1183,A11001 - Accounts Receivable (New),950,,#VALUE!,08/31/2025,38148/2,"Capital Commercial Flooring, Inc.",1552,Aug 25 delivery revenue in SPS,114.07,
AUGREVENUE-38148/2,1183.5,,975,A40006 - Delivery Income (New),975,08/31/2025,38148/2,"Capital Commercial Flooring, Inc.",1552,Aug 25 delivery revenue in SPS,,114.07
AUGREVENUE-38215,1184,A11001 - Accounts Receivable (New),950,,#VALUE!,08/31/2025,38215,Installations plus,1555,Aug 25 delivery revenue in SPS,2513.25,
AUGREVENUE-38215,1184.5,,975,A40006 - Delivery Income (New),975,08/31/2025,38215,Installations plus,1555,Aug 25 delivery revenue in SPS,,2513.25
AUGREVENUE-38262,1185,A11001 - Accounts Receivable (New),950,,#VALUE!,08/31/2025,38262,HOME2 SOMERSET,3526,Aug 25 delivery revenue in SPS,364.00,
AUGREVENUE-38262,1185.5,,975,A40006 - Delivery Income (New),975,08/31/2025,38262,HOME2 SOMERSET,3526,Aug 25 delivery revenue in SPS,,364.00
AUGREVENUE-38264/3,1186,A11001 - Accounts Receivable (New),950,,#VALUE!,08/31/2025,38264/3,HOME2 SOMERSET,3526,Aug 25 delivery revenue in SPS,7850.61,
AUGREVENUE-38264/3,1186.5,,975,A40006 - Delivery Income (New),975,08/31/2025,38264/3,HOME2 SOMERSET,3526,Aug 25 delivery revenue in SPS,,7850.61
AUGREVENUE-38267,1187,A11001 - Accounts Receivable (New),950,,#VALUE!,08/31/2025,38267,HOME2 SOMERSET,3526,Aug 25 delivery revenue in SPS,960.17,
AUGREVENUE-38267,1187.5,,975,A40006 - Delivery Income (New),975,08/31/2025,38267,HOME2 SOMERSET,3526,Aug 25 delivery revenue in SPS,,960.17
AUGREVENUE-38317,1188,A11001 - Accounts Receivable (New),950,,#VALUE!,08/31/2025,38317,GROSE & MANZ BUILDERS LLC,1553,Aug 25 delivery revenue in SPS,2500.00,
AUGREVENUE-38317,1188.5,,975,A40006 - Delivery Income (New),975,08/31/2025,38317,GROSE & MANZ BUILDERS LLC,1553,Aug 25 delivery revenue in SPS,,2500.00
AUGREVENUE-38473,1189,A11001 - Accounts Receivable (New),950,,#VALUE!,08/31/2025,38473,Hestan Winery,2519,Aug 25 delivery revenue in SPS,8645.00,
AUGREVENUE-38473,1189.5,,975,A40006 - Delivery Income (New),975,08/31/2025,38473,Hestan Winery,2519,Aug 25 delivery revenue in SPS,,8645.00
AUGREVENUE-38606/2,1190,A11001 - Accounts Receivable (New),950,,#VALUE!,08/31/2025,38606/2,Grand Sierra Resort & Casino,546,Aug 25 delivery revenue in SPS,135.00,
AUGREVENUE-38606/2,1190.5,,975,A40006 - Delivery Income (New),975,08/31/2025,38606/2,Grand Sierra Resort & Casino,546,Aug 25 delivery revenue in SPS,,135.00
AUGREVENUE-38607,1191,A11001 - Accounts Receivable (New),950,,#VALUE!,08/31/2025,38607,GROSE & MANZ BUILDERS LLC,1553,Aug 25 delivery revenue in SPS,1400.00,
AUGREVENUE-38607,1191.5,,975,A40006 - Delivery Income (New),975,08/31/2025,38607,GROSE & MANZ BUILDERS LLC,1553,Aug 25 delivery revenue in SPS,,1400.00
AUGREVENUE-38621,1192,A11001 - Accounts Receivable (New),950,,#VALUE!,08/31/2025,38621,Two one two,3397,Aug 25 delivery revenue in SPS,5537.50,
AUGREVENUE-38621,1192.5,,975,A40006 - Delivery Income (New),975,08/31/2025,38621,Two one two,3397,Aug 25 delivery revenue in SPS,,5537.50
AUGREVENUE-38627,1193,A11001 - Accounts Receivable (New),950,,#VALUE!,08/31/2025,38627,"Las Vegas Resort Holdings, LLC",3368,Aug 25 delivery revenue in SPS,307.21,
AUGREVENUE-38627,1193.5,,975,A40006 - Delivery Income (New),975,08/31/2025,38627,"Las Vegas Resort Holdings, LLC",3368,Aug 25 delivery revenue in SPS,,307.21
AUGREVENUE-38636,1194,A11001 - Accounts Receivable (New),950,,#VALUE!,08/31/2025,38636,"HFD HAWTHORN/LA QUINTA, MEBANE, NC",2623,Aug 25 delivery revenue in SPS,1850.00,
AUGREVENUE-38636,1194.5,,975,A40006 - Delivery Income (New),975,08/31/2025,38636,"HFD HAWTHORN/LA QUINTA, MEBANE, NC",2623,Aug 25 delivery revenue in SPS,,1850.00
AUGREVENUE-38643/4,1195,A11001 - Accounts Receivable (New),950,,#VALUE!,08/31/2025,38643/4,Mehr Consultancy,1934,Aug 25 delivery revenue in SPS,2700.00,
AUGREVENUE-38643/4,1195.5,,975,A40006 - Delivery Income (New),975,08/31/2025,38643/4,Mehr Consultancy,1934,Aug 25 delivery revenue in SPS,,2700.00
AUGREVENUE-38670,1196,A11001 - Accounts Receivable (New),950,,#VALUE!,08/31/2025,38670,SKIMS Retail,2597,Aug 25 delivery revenue in SPS,0.00,
AUGREVENUE-38670,1196.5,,975,A40006 - Delivery Income (New),975,08/31/2025,38670,SKIMS Retail,2597,Aug 25 delivery revenue in SPS,,0.00
AUGREVENUE-38671/5,1197,A11001 - Accounts Receivable (New),950,,#VALUE!,08/31/2025,38671/5,Monsoon Flower LLC,1720,Aug 25 delivery revenue in SPS,25843.30,
AUGREVENUE-38671/5,1197.5,,975,A40006 - Delivery Income (New),975,08/31/2025,38671/5,Monsoon Flower LLC,1720,Aug 25 delivery revenue in SPS,,25843.30
AUGREVENUE-38684/3,1198,A11001 - Accounts Receivable (New),950,,#VALUE!,08/31/2025,38684/3,"H-M Tile, Marble and Hardwood Floor",2417,Aug 25 delivery revenue in SPS,0.01,
AUGREVENUE-38684/3,1198.5,,975,A40006 - Delivery Income (New),975,08/31/2025,38684/3,"H-M Tile, Marble and Hardwood Floor",2417,Aug 25 delivery revenue in SPS,,0.01
AUGREVENUE-38701,1199,A11001 - Accounts Receivable (New),950,,#VALUE!,08/31/2025,38701,AQUATERRA OUTDOORS,454,Aug 25 delivery revenue in SPS,1975.00,
AUGREVENUE-38701,1199.5,,975,A40006 - Delivery Income (New),975,08/31/2025,38701,AQUATERRA OUTDOORS,454,Aug 25 delivery revenue in SPS,,1975.00
AUGREVENUE-38718,1200,A11001 - Accounts Receivable (New),950,,#VALUE!,08/31/2025,38718,Schoenfelder Renovations,2599,Aug 25 delivery revenue in SPS,750.00,
AUGREVENUE-38718,1200.5,,975,A40006 - Delivery Income (New),975,08/31/2025,38718,Schoenfelder Renovations,2599,Aug 25 delivery revenue in SPS,,750.00
AUGREVENUE-38726,1201,A11001 - Accounts Receivable (New),950,,#VALUE!,08/31/2025,38726,Hampton Inn Corpus Christi,1933,Aug 25 delivery revenue in SPS,1250.00,
AUGREVENUE-38726,1201.5,,975,A40006 - Delivery Income (New),975,08/31/2025,38726,Hampton Inn Corpus Christi,1933,Aug 25 delivery revenue in SPS,,1250.00
AUGREVENUE-38758,1202,A11001 - Accounts Receivable (New),950,,#VALUE!,08/31/2025,38758,The DOI Residence/ DEAZLY INC.,2346,Aug 25 delivery revenue in SPS,700.00,
AUGREVENUE-38758,1202.5,,975,A40006 - Delivery Income (New),975,08/31/2025,38758,The DOI Residence/ DEAZLY INC.,2346,Aug 25 delivery revenue in SPS,,700.00
AUGREVENUE-38785,1203,A11001 - Accounts Receivable (New),950,,#VALUE!,08/31/2025,38785,Vedi Hospitality LLC,2316,Aug 25 delivery revenue in SPS,857.38,
AUGREVENUE-38785,1203.5,,975,A40006 - Delivery Income (New),975,08/31/2025,38785,Vedi Hospitality LLC,2316,Aug 25 delivery revenue in SPS,,857.38
AUGREVENUE-38793,1204,A11001 - Accounts Receivable (New),950,,#VALUE!,08/31/2025,38793,LQ Kingston,2358,Aug 25 delivery revenue in SPS,25.00,
AUGREVENUE-38793,1204.5,,975,A40006 - Delivery Income (New),975,08/31/2025,38793,LQ Kingston,2358,Aug 25 delivery revenue in SPS,,25.00
AUGREVENUE-38795,1205,A11001 - Accounts Receivable (New),950,,#VALUE!,08/31/2025,38795,My Grout Guyz Inc,2377,Aug 25 delivery revenue in SPS,286.63,
AUGREVENUE-38795,1205.5,,975,A40006 - Delivery Income (New),975,08/31/2025,38795,My Grout Guyz Inc,2377,Aug 25 delivery revenue in SPS,,286.63
AUGREVENUE-38796,1206,A11001 - Accounts Receivable (New),950,,#VALUE!,08/31/2025,38796,Trinity Contract Flooring,2379,Aug 25 delivery revenue in SPS,285.00,
AUGREVENUE-38796,1206.5,,975,A40006 - Delivery Income (New),975,08/31/2025,38796,Trinity Contract Flooring,2379,Aug 25 delivery revenue in SPS,,285.00
AUGREVENUE-38799,1207,A11001 - Accounts Receivable (New),950,,#VALUE!,08/31/2025,38799,ASHWIN PATEL,2440,Aug 25 delivery revenue in SPS,75.34,
AUGREVENUE-38799,1207.5,,975,A40006 - Delivery Income (New),975,08/31/2025,38799,ASHWIN PATEL,2440,Aug 25 delivery revenue in SPS,,75.34
AUGREVENUE-38800,1208,A11001 - Accounts Receivable (New),950,,#VALUE!,08/31/2025,38800,SSC Construction,2415,Aug 25 delivery revenue in SPS,3170.00,
AUGREVENUE-38800,1208.5,,975,A40006 - Delivery Income (New),975,08/31/2025,38800,SSC Construction,2415,Aug 25 delivery revenue in SPS,,3170.00
AUGREVENUE-38801,1209,A11001 - Accounts Receivable (New),950,,#VALUE!,08/31/2025,38801,Southwest Contracting LP,2334,Aug 25 delivery revenue in SPS,652.53,
AUGREVENUE-38801,1209.5,,975,A40006 - Delivery Income (New),975,08/31/2025,38801,Southwest Contracting LP,2334,Aug 25 delivery revenue in SPS,,652.53
AUGREVENUE-38803,1210,A11001 - Accounts Receivable (New),950,,#VALUE!,08/31/2025,38803,"La Quinta Inn & Suites-Mansfield, OH",2349,Aug 25 delivery revenue in SPS,1616.60,
AUGREVENUE-38803,1210.5,,975,A40006 - Delivery Income (New),975,08/31/2025,38803,"La Quinta Inn & Suites-Mansfield, OH",2349,Aug 25 delivery revenue in SPS,,1616.60
AUGREVENUE-38809,1211,A11001 - Accounts Receivable (New),950,,#VALUE!,08/31/2025,38809,Homewood Suites Fayetteville,2330,Aug 25 delivery revenue in SPS,1529.19,
AUGREVENUE-38809,1211.5,,975,A40006 - Delivery Income (New),975,08/31/2025,38809,Homewood Suites Fayetteville,2330,Aug 25 delivery revenue in SPS,,1529.19
AUGREVENUE-38815,1212,A11001 - Accounts Receivable (New),950,,#VALUE!,08/31/2025,38815,Hampton Inn & Suite - NM,2048,Aug 25 delivery revenue in SPS,2180.00,
AUGREVENUE-38815,1212.5,,975,A40006 - Delivery Income (New),975,08/31/2025,38815,Hampton Inn & Suite - NM,2048,Aug 25 delivery revenue in SPS,,2180.00
AUGREVENUE-38820,1213,A11001 - Accounts Receivable (New),950,,#VALUE!,08/31/2025,38820,Iannacone Residence,2347,Aug 25 delivery revenue in SPS,9000.00,
AUGREVENUE-38820,1213.5,,975,A40006 - Delivery Income (New),975,08/31/2025,38820,Iannacone Residence,2347,Aug 25 delivery revenue in SPS,,9000.00
AUGREVENUE-38822,1214,A11001 - Accounts Receivable (New),950,,#VALUE!,08/31/2025,38822,"Pinnacle Marble & Granite, Inc.",2273,Aug 25 delivery revenue in SPS,325.03,
AUGREVENUE-38822,1214.5,,975,A40006 - Delivery Income (New),975,08/31/2025,38822,"Pinnacle Marble & Granite, Inc.",2273,Aug 25 delivery revenue in SPS,,325.03
AUGREVENUE-38853,1215,A11001 - Accounts Receivable (New),950,,#VALUE!,08/31/2025,38853,"L Peters Construction, Inc.",2524,Aug 25 delivery revenue in SPS,672.97,
AUGREVENUE-38853,1215.5,,975,A40006 - Delivery Income (New),975,08/31/2025,38853,"L Peters Construction, Inc.",2524,Aug 25 delivery revenue in SPS,,672.97
AUGREVENUE-38854,1216,A11001 - Accounts Receivable (New),950,,#VALUE!,08/31/2025,38854,Days Inn in Georgetown,2441,Aug 25 delivery revenue in SPS,3779.52,
AUGREVENUE-38854,1216.5,,975,A40006 - Delivery Income (New),975,08/31/2025,38854,Days Inn in Georgetown,2441,Aug 25 delivery revenue in SPS,,3779.52
AUGREVENUE-38855,1217,A11001 - Accounts Receivable (New),950,,#VALUE!,08/31/2025,38855,STONERIDGE HOSPITALITY GROUP,693,Aug 25 delivery revenue in SPS,1663.75,
AUGREVENUE-38855,1217.5,,975,A40006 - Delivery Income (New),975,08/31/2025,38855,STONERIDGE HOSPITALITY GROUP,693,Aug 25 delivery revenue in SPS,,1663.75
AUGREVENUE-38868,1218,A11001 - Accounts Receivable (New),950,,#VALUE!,08/31/2025,38868,Triton Stone,2437,Aug 25 delivery revenue in SPS,500.00,
AUGREVENUE-38868,1218.5,,975,A40006 - Delivery Income (New),975,08/31/2025,38868,Triton Stone,2437,Aug 25 delivery revenue in SPS,,500.00
AUGREVENUE-38871,1219,A11001 - Accounts Receivable (New),950,,#VALUE!,08/31/2025,38871,Intertech Flooring,2191,Aug 25 delivery revenue in SPS,1165.35,
AUGREVENUE-38871,1219.5,,975,A40006 - Delivery Income (New),975,08/31/2025,38871,Intertech Flooring,2191,Aug 25 delivery revenue in SPS,,1165.35
AUGREVENUE-38880,1220,A11001 - Accounts Receivable (New),950,,#VALUE!,08/31/2025,38880,"Holiday Inn Express - Zion, IL",3343,Aug 25 delivery revenue in SPS,900.00,
AUGREVENUE-38880,1220.5,,975,A40006 - Delivery Income (New),975,08/31/2025,38880,"Holiday Inn Express - Zion, IL",3343,Aug 25 delivery revenue in SPS,,900.00
AUGREVENUE-38884,1221,A11001 - Accounts Receivable (New),950,,#VALUE!,08/31/2025,38884,Soma construction,2306,Aug 25 delivery revenue in SPS,0.00,
AUGREVENUE-38884,1221.5,,975,A40006 - Delivery Income (New),975,08/31/2025,38884,Soma construction,2306,Aug 25 delivery revenue in SPS,,0.00
AUGREVENUE-38904,1222,A11001 - Accounts Receivable (New),950,,#VALUE!,08/31/2025,38904,Davaco - Chilies Restroom remodel Woodlands. TX,3568,Aug 25 delivery revenue in SPS,1420.00,
AUGREVENUE-38904,1222.5,,975,A40006 - Delivery Income (New),975,08/31/2025,38904,Davaco - Chilies Restroom remodel Woodlands. TX,3568,Aug 25 delivery revenue in SPS,,1420.00
AUGREVENUE-38909,1223,A11001 - Accounts Receivable (New),950,,#VALUE!,08/31/2025,38909,FLOORSCAPES,2172,Aug 25 delivery revenue in SPS,1625.00,
AUGREVENUE-38909,1223.5,,975,A40006 - Delivery Income (New),975,08/31/2025,38909,FLOORSCAPES,2172,Aug 25 delivery revenue in SPS,,1625.00
AUGREVENUE-38912,1224,A11001 - Accounts Receivable (New),950,,#VALUE!,08/31/2025,38912,La Quinta Albq West,2188,Aug 25 delivery revenue in SPS,5464.81,
AUGREVENUE-38912,1224.5,,975,A40006 - Delivery Income (New),975,08/31/2025,38912,La Quinta Albq West,2188,Aug 25 delivery revenue in SPS,,5464.81
AUGREVENUE-38913,1225,A11001 - Accounts Receivable (New),950,,#VALUE!,08/31/2025,38913,Home 2 Suite by Hilton,2186,Aug 25 delivery revenue in SPS,27.17,
AUGREVENUE-38913,1225.5,,975,A40006 - Delivery Income (New),975,08/31/2025,38913,Home 2 Suite by Hilton,2186,Aug 25 delivery revenue in SPS,,27.17
AUGREVENUE-38915,1226,A11001 - Accounts Receivable (New),950,,#VALUE!,08/31/2025,38915,"Gulf Coast Hotel Group,LLC DBA Doubletree by Hilton",2193,Aug 25 delivery revenue in SPS,409.90,
AUGREVENUE-38915,1226.5,,975,A40006 - Delivery Income (New),975,08/31/2025,38915,"Gulf Coast Hotel Group,LLC DBA Doubletree by Hilton",2193,Aug 25 delivery revenue in SPS,,409.90
AUGREVENUE-38916,1227,A11001 - Accounts Receivable (New),950,,#VALUE!,08/31/2025,38916,Apex Imaging Services,2194,Aug 25 delivery revenue in SPS,553.87,
AUGREVENUE-38916,1227.5,,975,A40006 - Delivery Income (New),975,08/31/2025,38916,Apex Imaging Services,2194,Aug 25 delivery revenue in SPS,,553.87
AUGREVENUE-38921,1228,A11001 - Accounts Receivable (New),950,,#VALUE!,08/31/2025,38921,Rock River Valley Flooring Inc,2288,Aug 25 delivery revenue in SPS,180.95,
AUGREVENUE-38921,1228.5,,975,A40006 - Delivery Income (New),975,08/31/2025,38921,Rock River Valley Flooring Inc,2288,Aug 25 delivery revenue in SPS,,180.95
AUGREVENUE-38942,1229,A11001 - Accounts Receivable (New),950,,#VALUE!,08/31/2025,38942,Anish Patel,2413,Aug 25 delivery revenue in SPS,40.00,
AUGREVENUE-38942,1229.5,,975,A40006 - Delivery Income (New),975,08/31/2025,38942,Anish Patel,2413,Aug 25 delivery revenue in SPS,,40.00
AUGREVENUE-38946,1230,A11001 - Accounts Receivable (New),950,,#VALUE!,08/31/2025,38946,Queen City Winnelson,2336,Aug 25 delivery revenue in SPS,965.50,
AUGREVENUE-38946,1230.5,,975,A40006 - Delivery Income (New),975,08/31/2025,38946,Queen City Winnelson,2336,Aug 25 delivery revenue in SPS,,965.50
AUGREVENUE-38959,1231,A11001 - Accounts Receivable (New),950,,#VALUE!,08/31/2025,38959,Mehr Consultancy,1934,Aug 25 delivery revenue in SPS,1329.00,
AUGREVENUE-38959,1231.5,,975,A40006 - Delivery Income (New),975,08/31/2025,38959,Mehr Consultancy,1934,Aug 25 delivery revenue in SPS,,1329.00
AUGREVENUE-38965,1232,A11001 - Accounts Receivable (New),950,,#VALUE!,08/31/2025,38965,AAA Hotel Company/ Home2Suties Springdale OH,2164,Aug 25 delivery revenue in SPS,569.25,
AUGREVENUE-38965,1232.5,,975,A40006 - Delivery Income (New),975,08/31/2025,38965,AAA Hotel Company/ Home2Suties Springdale OH,2164,Aug 25 delivery revenue in SPS,,569.25
AUGREVENUE-38974,1233,A11001 - Accounts Receivable (New),950,,#VALUE!,08/31/2025,38974,Medallion Hospitality,2445,Aug 25 delivery revenue in SPS,487.85,
AUGREVENUE-38974,1233.5,,975,A40006 - Delivery Income (New),975,08/31/2025,38974,Medallion Hospitality,2445,Aug 25 delivery revenue in SPS,,487.85
AUGREVENUE-38985,1234,A11001 - Accounts Receivable (New),950,,#VALUE!,08/31/2025,38985,Apple Investments LLC,453,Aug 25 delivery revenue in SPS,434.92,
AUGREVENUE-38985,1234.5,,975,A40006 - Delivery Income (New),975,08/31/2025,38985,Apple Investments LLC,453,Aug 25 delivery revenue in SPS,,434.92
AUGREVENUE-38992,1235,A11001 - Accounts Receivable (New),950,,#VALUE!,08/31/2025,38992,Nick Platt Construction,2457,Aug 25 delivery revenue in SPS,980.00,
AUGREVENUE-38992,1235.5,,975,A40006 - Delivery Income (New),975,08/31/2025,38992,Nick Platt Construction,2457,Aug 25 delivery revenue in SPS,,980.00
AUGREVENUE-38997,1236,A11001 - Accounts Receivable (New),950,,#VALUE!,08/31/2025,38997,La Quinta Athens Alabama,2442,Aug 25 delivery revenue in SPS,1687.00,
AUGREVENUE-38997,1236.5,,975,A40006 - Delivery Income (New),975,08/31/2025,38997,La Quinta Athens Alabama,2442,Aug 25 delivery revenue in SPS,,1687.00
AUGREVENUE-38998,1237,A11001 - Accounts Receivable (New),950,,#VALUE!,08/31/2025,38998,"Jerry Osborne & Associates, LLC",575,Aug 25 delivery revenue in SPS,646.12,
AUGREVENUE-38998,1237.5,,975,A40006 - Delivery Income (New),975,08/31/2025,38998,"Jerry Osborne & Associates, LLC",575,Aug 25 delivery revenue in SPS,,646.12
AUGREVENUE-38999,1238,A11001 - Accounts Receivable (New),950,,#VALUE!,08/31/2025,38999,SUPREME BRIGHT ATLANTIC CITY LLC (TRIBUTE SEAHAUS),3393,Aug 25 delivery revenue in SPS,3060.00,
AUGREVENUE-38999,1238.5,,975,A40006 - Delivery Income (New),975,08/31/2025,38999,SUPREME BRIGHT ATLANTIC CITY LLC (TRIBUTE SEAHAUS),3393,Aug 25 delivery revenue in SPS,,3060.00
AUGREVENUE-39003,1239,A11001 - Accounts Receivable (New),950,,#VALUE!,08/31/2025,39003,MTZ Tile Stone LLC,2357,Aug 25 delivery revenue in SPS,2575.75,
AUGREVENUE-39003,1239.5,,975,A40006 - Delivery Income (New),975,08/31/2025,39003,MTZ Tile Stone LLC,2357,Aug 25 delivery revenue in SPS,,2575.75
AUGREVENUE-39009,1240,A11001 - Accounts Receivable (New),950,,#VALUE!,08/31/2025,39009,"Jerry Osborne & Associates, LLC",575,Aug 25 delivery revenue in SPS,1649.25,
AUGREVENUE-39009,1240.5,,975,A40006 - Delivery Income (New),975,08/31/2025,39009,"Jerry Osborne & Associates, LLC",575,Aug 25 delivery revenue in SPS,,1649.25
AUGREVENUE-39063,1241,A11001 - Accounts Receivable (New),950,,#VALUE!,08/31/2025,39063,Texas Floor Covering,2541,Aug 25 delivery revenue in SPS,781.00,
AUGREVENUE-39063,1241.5,,975,A40006 - Delivery Income (New),975,08/31/2025,39063,Texas Floor Covering,2541,Aug 25 delivery revenue in SPS,,781.00
AUGREVENUE-39073,1242,A11001 - Accounts Receivable (New),950,,#VALUE!,08/31/2025,39073,STONERIDGE HOSPITALITY GROUP,693,Aug 25 delivery revenue in SPS,629.22,
AUGREVENUE-39073,1242.5,,975,A40006 - Delivery Income (New),975,08/31/2025,39073,STONERIDGE HOSPITALITY GROUP,693,Aug 25 delivery revenue in SPS,,629.22
AUGREVENUE-39074,1243,A11001 - Accounts Receivable (New),950,,#VALUE!,08/31/2025,39074,STONERIDGE HOSPITALITY GROUP,693,Aug 25 delivery revenue in SPS,862.50,
AUGREVENUE-39074,1243.5,,975,A40006 - Delivery Income (New),975,08/31/2025,39074,STONERIDGE HOSPITALITY GROUP,693,Aug 25 delivery revenue in SPS,,862.50
AUGREVENUE-39084,1244,A11001 - Accounts Receivable (New),950,,#VALUE!,08/31/2025,39084,Two one two,3397,Aug 25 delivery revenue in SPS,4500.00,
AUGREVENUE-39084,1244.5,,975,A40006 - Delivery Income (New),975,08/31/2025,39084,Two one two,3397,Aug 25 delivery revenue in SPS,,4500.00
AUGREVENUE-39085,1245,A11001 - Accounts Receivable (New),950,,#VALUE!,08/31/2025,39085,Bridgerland Group,2574,Aug 25 delivery revenue in SPS,1331.91,
AUGREVENUE-39085,1245.5,,975,A40006 - Delivery Income (New),975,08/31/2025,39085,Bridgerland Group,2574,Aug 25 delivery revenue in SPS,,1331.91
AUGREVENUE-39087,1246,A11001 - Accounts Receivable (New),950,,#VALUE!,08/31/2025,39087,"Comfort Inn, Rebrand, Princeton IL",3325,Aug 25 delivery revenue in SPS,11.76,
AUGREVENUE-39087,1246.5,,975,A40006 - Delivery Income (New),975,08/31/2025,39087,"Comfort Inn, Rebrand, Princeton IL",3325,Aug 25 delivery revenue in SPS,,11.76
AUGREVENUE-39088,1247,A11001 - Accounts Receivable (New),950,,#VALUE!,08/31/2025,39088,PREDOCK,2162,Aug 25 delivery revenue in SPS,2230.00,
AUGREVENUE-39088,1247.5,,975,A40006 - Delivery Income (New),975,08/31/2025,39088,PREDOCK,2162,Aug 25 delivery revenue in SPS,,2230.00
AUGREVENUE-39089,1248,A11001 - Accounts Receivable (New),950,,#VALUE!,08/31/2025,39089,Intertech Flooring,2191,Aug 25 delivery revenue in SPS,200.00,
AUGREVENUE-39089,1248.5,,975,A40006 - Delivery Income (New),975,08/31/2025,39089,Intertech Flooring,2191,Aug 25 delivery revenue in SPS,,200.00
AUGREVENUE-39102,1249,A11001 - Accounts Receivable (New),950,,#VALUE!,08/31/2025,39102,Hampton 801 Walnut,3569,Aug 25 delivery revenue in SPS,0.02,
AUGREVENUE-39102,1249.5,,975,A40006 - Delivery Income (New),975,08/31/2025,39102,Hampton 801 Walnut,3569,Aug 25 delivery revenue in SPS,,0.02
AUGREVENUE-39107,1250,A11001 - Accounts Receivable (New),950,,#VALUE!,08/31/2025,39107,Wyndham Garden Newark,3543,Aug 25 delivery revenue in SPS,0.13,
AUGREVENUE-39107,1250.5,,975,A40006 - Delivery Income (New),975,08/31/2025,39107,Wyndham Garden Newark,3543,Aug 25 delivery revenue in SPS,,0.13
AUGREVENUE-39111,1251,A11001 - Accounts Receivable (New),950,,#VALUE!,08/31/2025,39111,"La Quinta Hawthorn - Miamisburg, OH",3358,Aug 25 delivery revenue in SPS,1.00,
AUGREVENUE-39111,1251.5,,975,A40006 - Delivery Income (New),975,08/31/2025,39111,"La Quinta Hawthorn - Miamisburg, OH",3358,Aug 25 delivery revenue in SPS,,1.00
AUGREVENUE-39115,1252,A11001 - Accounts Receivable (New),950,,#VALUE!,08/31/2025,39115,"La Quinta, Huntsville AL",3362,Aug 25 delivery revenue in SPS,0.08,
AUGREVENUE-39115,1252.5,,975,A40006 - Delivery Income (New),975,08/31/2025,39115,"La Quinta, Huntsville AL",3362,Aug 25 delivery revenue in SPS,,0.08
AUGREVENUE-39122,1253,A11001 - Accounts Receivable (New),950,,#VALUE!,08/31/2025,39122,Two one two,3397,Aug 25 delivery revenue in SPS,0.01,
AUGREVENUE-39122,1253.5,,975,A40006 - Delivery Income (New),975,08/31/2025,39122,Two one two,3397,Aug 25 delivery revenue in SPS,,0.01
AUGREVENUE-39124,1254,A11001 - Accounts Receivable (New),950,,#VALUE!,08/31/2025,39124,"Someshwar Motel LLC - Comfort Inn Ogallala, NE",3388,Aug 25 delivery revenue in SPS,0.01,
AUGREVENUE-39124,1254.5,,975,A40006 - Delivery Income (New),975,08/31/2025,39124,"Someshwar Motel LLC - Comfort Inn Ogallala, NE",3388,Aug 25 delivery revenue in SPS,,0.01
