External ID,Item,Item Internal ID,Customer,cust internal id,inv created,Invoice#,Cust. PO#,Job Name,Memo#,Invoice Dt.,Due Dt.,Balance Due,Account,Account Internal ID,Line description,Bin ID,Serial/Lot number
OPENINV10280,Item (Revenue/COGS),40391,001 Customer Deposits/Dummy Customer,3308,#N/A,43983,,,43983,01/31/2024,01/31/2024,9868.79,A11001,950,Import SPS data by Invoice in NetSuite,17,INV00051
OPENINV10281,Item (Revenue/COGS),40391,001 Customer Deposits/Dummy Customer,3308,#N/A,44348,,,44348,04/30/2024,04/30/2024,5700,A11001,950,Import SPS data by Invoice in NetSuite,17,INV00052
OPENINV10282,Item (Revenue/COGS),40391,AAA Hospitality - Embassy Suites Las Colinas TX,3309,#N/A,33396,,,33396,05/24/2023,05/24/2023,6365.1,A11001,950,Import SPS data by Invoice in NetSuite,17,INV00053
OPENINV10283,Item (Revenue/COGS),40391,AAA Hospitality - Embassy Suites Las Colinas TX,3309,#N/A,35203,,,35203,10/03/2023,10-03-2023,43.88,A11001,950,Import SPS data by Invoice in NetSuite,17,INV00054
OPENINV10284,Item (Revenue/COGS),40391,AAA Hospitality - Embassy Suites Las Colinas TX,3309,#N/A,33050,,ESLC - Corridor Lobby Carpet,33050ESLC - Corridor Lobby Carpet,10/05/2023,10-05-2023,44076.56,A11001,950,Import SPS data by Invoice in NetSuite,17,INV00055
OPENINV10285,Item (Revenue/COGS),40391,AAA Hospitality - Embassy Suites Las Colinas TX,3309,#N/A,33396/2,,,33396/2,10/05/2023,10-05-2023,36008.56,A11001,950,Import SPS data by Invoice in NetSuite,17,INV00056
OPENINV10286,Item (Revenue/COGS),40391,AAA Hospitality - Embassy Suites Las Colinas TX,3309,#N/A,36933,,ATTIC STOCK MATERIAL,36933ATTIC STOCK MATERIAL,02/19/2025,02/19/2025,3661.7,A11001,950,Import SPS data by Invoice in NetSuite,17,INV00057
OPENINV10287,Item (Revenue/COGS),40391,"AAA Hotel Management, LLC",2380,#N/A,33645,,Embassy Suites - Irving Additional Trim PCS,33645Embassy Suites - Irving Additional Trim PCS,03/23/2023,03/23/2023,4667.95,A11001,950,Import SPS data by Invoice in NetSuite,17,INV00058
OPENINV10288,Item (Revenue/COGS),40391,"AAA Hotel Management, Inc.",3310,#N/A,33145/12,,TILES,33145/12TILES,04/11/2023,04-11-2023,3723.97,A11001,950,Import SPS data by Invoice in NetSuite,17,INV00059
OPENINV10289,Item (Revenue/COGS),40391,"AAA Hotel Management, Inc.",3310,#N/A,33133,,WINDOW TREATMENT,33133WINDOW TREATMENT,04/12/2023,04-12-2023,6873.43,A11001,950,Import SPS data by Invoice in NetSuite,17,INV00060
OPENINV10290,Item (Revenue/COGS),40391,"AAA Hotel Management, Inc.",3310,#N/A,33145/11,,TILES,33145/11TILES,05/24/2023,05/24/2023,3048.15,A11001,950,Import SPS data by Invoice in NetSuite,17,INV00061
OPENINV10291,Item (Revenue/COGS),40391,"AAA Hotel Management, Inc.",3310,#N/A,33142/2,,BEDDDING,33142/2BEDDDING,06/01/2023,06-01-2023,1568.36,A11001,950,Import SPS data by Invoice in NetSuite,17,INV00062
OPENINV10292,Item (Revenue/COGS),40391,"AAA Hotel Management, Inc.",3310,#N/A,34575,,,34575,06/05/2023,06-05-2023,3826.46,A11001,950,Import SPS data by Invoice in NetSuite,17,INV00063
OPENINV10293,Item (Revenue/COGS),40391,"AAA Hotel Management, Inc.",3310,#N/A,33131/7,,LIGHTING,33131/7LIGHTING,06/19/2023,06/19/2023,8287.09,A11001,950,Import SPS data by Invoice in NetSuite,17,INV00064
OPENINV10294,Item (Revenue/COGS),40391,"AAA Hotel Management, Inc.",3310,#N/A,33132/2,,ARTWORK & MIRRORS,33132/2ARTWORK & MIRRORS,07/06/2023,07-06-2023,2029.69,A11001,950,Import SPS data by Invoice in NetSuite,17,INV00065
OPENINV10295,Item (Revenue/COGS),40391,"AAA Hotel Management, Inc.",3310,#N/A,33132/6,,ARTWORK & MIRRORS,33132/6ARTWORK & MIRRORS,07/06/2023,07-06-2023,3066.88,A11001,950,Import SPS data by Invoice in NetSuite,17,INV00066
OPENINV10296,Item (Revenue/COGS),40391,"AAA Hotel Management, Inc.",3310,#N/A,33148/5,,WALLCOVERING,33148/5WALLCOVERING,07/06/2023,07-06-2023,6858.7,A11001,950,Import SPS data by Invoice in NetSuite,17,INV00067
OPENINV10297,Item (Revenue/COGS),40391,"AAA Hotel Management, Inc.",3310,#N/A,34869,,,34869,08/03/2023,08-03-2023,6727.66,A11001,950,Import SPS data by Invoice in NetSuite,17,INV00068
OPENINV10298,Item (Revenue/COGS),40391,"AAA Hotel Management, Inc.",3310,#N/A,34944,,,34944,08/16/2023,08/16/2023,1306,A11001,950,Import SPS data by Invoice in NetSuite,17,INV00069
OPENINV10299,Item (Revenue/COGS),40391,"AAA Hotel Management, Inc.",3310,#N/A,33129/24,,SEATING,33129/24SEATING,09/29/2023,09/29/2023,16044.7,A11001,950,Import SPS data by Invoice in NetSuite,17,INV00070
OPENINV10300,Item (Revenue/COGS),40391,"AAA Hotel Management, Inc.",3310,#N/A,33130/22,,CASEGOODS,33130/22CASEGOODS,09/30/2023,09/30/2023,26388.67,A11001,950,Import SPS data by Invoice in NetSuite,17,INV00071
OPENINV10301,Item (Revenue/COGS),40391,"Angles Contractor, INC./Carlton Apartments",3311,#N/A,33760,,,33760,04/30/2024,04/30/2024,103222.57,A11001,950,Import SPS data by Invoice in NetSuite,17,INV00072
OPENINV10302,Item (Revenue/COGS),40391,"Angles Contractor, INC./Carlton Apartments",3311,#N/A,33760/2,,,33760/2,08/31/2024,08/31/2024,43296.04,A11001,950,Import SPS data by Invoice in NetSuite,17,INV00073
OPENINV10303,Item (Revenue/COGS),40391,APD Construction - The Place,3312,#N/A,37855/4,,The Place Port Aransas TX - GC SCOPE,37855/4The Place Port Aransas TX - GC SCOPE,03/11/2025,03-11-2025,16385.82,A11001,950,Import SPS data by Invoice in NetSuite,17,INV00074
OPENINV10304,Item (Revenue/COGS),40391,APD Construction - The Place,3312,#N/A,37855/8,,The Place Port Aransas TX - GC SCOPE,37855/8The Place Port Aransas TX - GC SCOPE,04/11/2025,04-11-2025,5978.27,A11001,950,Import SPS data by Invoice in NetSuite,17,INV00075
OPENINV10305,Item (Revenue/COGS),40391,APD Construction - The Place,3312,#N/A,37855/9,,The Place Port Aransas TX - GC SCOPE,37855/9The Place Port Aransas TX - GC SCOPE,06/30/2025,06/30/2025,28146.76,A11001,950,Import SPS data by Invoice in NetSuite,17,INV00076
OPENINV10306,Item (Revenue/COGS),40391,Ascent Home2 Montgomery,2571,#N/A,,,,,02/13/2025,02/13/2025,-14239.62,A11001,950,Import SPS data by Invoice in NetSuite,17,INV00077
OPENINV10307,Item (Revenue/COGS),40391,Ascent Home2 Montgomery,2571,#N/A,36775/2,,GR CASEGOODS,36775/2GR CASEGOODS,02/24/2025,02/24/2025,139872.05,A11001,950,Import SPS data by Invoice in NetSuite,17,INV00078
OPENINV10308,Item (Revenue/COGS),40391,Ascent Home2 Montgomery,2571,#N/A,36789/2,,PA OUTDOOR,36789/2PA OUTDOOR,04/25/2025,04/25/2025,2679.52,A11001,950,Import SPS data by Invoice in NetSuite,17,INV00079
OPENINV10309,Item (Revenue/COGS),40391,Ascent Home2 Montgomery,2571,#N/A,36788/2,,PA ARTWORK,36788/2PA ARTWORK,04/28/2025,04/28/2025,798.23,A11001,950,Import SPS data by Invoice in NetSuite,17,INV00080
OPENINV10310,Item (Revenue/COGS),40391,Ascent Home2 Montgomery,2571,#N/A,36793/9,,PA FINISHES,36793/9PA FINISHES,04/28/2025,04/28/2025,121.56,A11001,950,Import SPS data by Invoice in NetSuite,17,INV00081
OPENINV10311,Item (Revenue/COGS),40391,Ascent Home2 Montgomery,2571,#N/A,36776/3,,GR QUARTZ COUNTERTOPS,36776/3GR QUARTZ COUNTERTOPS,05/13/2025,05/13/2025,1268.25,A11001,950,Import SPS data by Invoice in NetSuite,17,INV00082
OPENINV10312,Item (Revenue/COGS),40391,Ascent Home2 Montgomery,2571,#N/A,36791/2,,PA OUTLETS,36791/2PA OUTLETS,05/13/2025,05/13/2025,447.36,A11001,950,Import SPS data by Invoice in NetSuite,17,INV00083
OPENINV10313,Item (Revenue/COGS),40391,Ascent Home2 Montgomery,2571,#N/A,36776/2,,GR QUARTZ COUNTERTOPS,36776/2GR QUARTZ COUNTERTOPS,05/15/2025,05/15/2025,6200.56,A11001,950,Import SPS data by Invoice in NetSuite,17,INV00084
OPENINV10314,Item (Revenue/COGS),40391,Ascent Home2 Montgomery,2571,#N/A,36786,,PA QUARTZ COUNTERTOPS,36786PA QUARTZ COUNTERTOPS,05/15/2025,05/15/2025,4707.43,A11001,950,Import SPS data by Invoice in NetSuite,17,INV00085
OPENINV10315,Item (Revenue/COGS),40391,Ascent Home2 Montgomery,2571,#N/A,37090,,,37090,06/04/2025,06-04-2025,58.28,A11001,950,Import SPS data by Invoice in NetSuite,17,INV00086
OPENINV10316,Item (Revenue/COGS),40391,Ascent Home2 Montgomery,2571,#N/A,37090/3,,,37090/3,06/16/2025,06/16/2025,5566.67,A11001,950,Import SPS data by Invoice in NetSuite,17,INV00087
OPENINV10317,Item (Revenue/COGS),40391,Ascent Home2 Montgomery,2571,#N/A,36773/6,,GR SEATING,36773/6GR SEATING,06/30/2025,06/30/2025,14239.62,A11001,950,Import SPS data by Invoice in NetSuite,17,INV00088
OPENINV10318,Item (Revenue/COGS),40391,Ascent Home2 Montgomery,2571,#N/A,36779/3,,GR BEDSET/BEDDING,36779/3GR BEDSET/BEDDING,06/30/2025,06/30/2025,1243.05,A11001,950,Import SPS data by Invoice in NetSuite,17,INV00089
OPENINV10319,Item (Revenue/COGS),40391,Ascent Home2 Montgomery,2571,#N/A,36785/3,,PA CASEGOODS,36785/3PA CASEGOODS,06/30/2025,06/30/2025,9219.68,A11001,950,Import SPS data by Invoice in NetSuite,17,INV00090
OPENINV10320,Item (Revenue/COGS),40391,Ascent Home2 Montgomery,2571,#N/A,36789/3,,PA OUTDOOR,36789/3PA OUTDOOR,06/30/2025,06/30/2025,1497.2,A11001,950,Import SPS data by Invoice in NetSuite,17,INV00091
OPENINV10321,Item (Revenue/COGS),40391,Ascent Home2 Montgomery,2571,#N/A,36789/4,,PA OUTDOOR,36789/4PA OUTDOOR,06/30/2025,06/30/2025,5930.4,A11001,950,Import SPS data by Invoice in NetSuite,17,INV00092
OPENINV10322,Item (Revenue/COGS),40391,Ascent Home2 Montgomery,2571,#N/A,36792,,PA BATH ACCESSORIES,36792PA BATH ACCESSORIES,06/30/2025,06/30/2025,447.13,A11001,950,Import SPS data by Invoice in NetSuite,17,INV00093
OPENINV10323,Item (Revenue/COGS),40391,Ascent Hospitality Element Carmel Indiana,3314,#N/A,35786,,Change order Element Carmel,35786Change order Element Carmel,01/31/2024,01/31/2024,2730.98,A11001,950,Import SPS data by Invoice in NetSuite,17,INV00094
OPENINV10324,Item (Revenue/COGS),40391,Ascent Hospitality Element Carmel Indiana,3314,#N/A,36748,,add on pool floor tiles & pavers,36748add on pool floor tiles & pavers,05/01/2024,05-01-2024,25575,A11001,950,Import SPS data by Invoice in NetSuite,17,INV00095
OPENINV10325,Item (Revenue/COGS),40391,Ascent Hospitality Element Carmel Indiana,3314,#N/A,36748/2,,add on pool floor tiles & pavers,36748/2add on pool floor tiles & pavers,05/08/2024,05-08-2024,13014.66,A11001,950,Import SPS data by Invoice in NetSuite,17,INV00096
OPENINV10326,Item (Revenue/COGS),40391,Ascent Hospitality Element Carmel Indiana,3314,#N/A,36748/3,,add on pool floor tiles & pavers,36748/3add on pool floor tiles & pavers,05/08/2024,05-08-2024,360.06,A11001,950,Import SPS data by Invoice in NetSuite,17,INV00097
OPENINV10327,Item (Revenue/COGS),40391,Ascent Hospitality Element Carmel Indiana,3314,#N/A,35786/2,,Change order Element Carmel,35786/2Change order Element Carmel,05/13/2024,05/13/2024,1221.01,A11001,950,Import SPS data by Invoice in NetSuite,17,INV00098
OPENINV10328,Item (Revenue/COGS),40391,Ascent Hospitality Element Carmel Indiana,3314,#N/A,36748/4,,add on pool floor tiles & pavers,36748/4add on pool floor tiles & pavers,05/16/2024,05/16/2024,398,A11001,950,Import SPS data by Invoice in NetSuite,17,INV00099
OPENINV10329,Item (Revenue/COGS),40391,Ascent Hospitality Element Carmel Indiana,3314,#N/A,36748/5,,add on pool floor tiles & pavers,36748/5add on pool floor tiles & pavers,06/04/2024,06-04-2024,255.36,A11001,950,Import SPS data by Invoice in NetSuite,17,INV00100
OPENINV10330,Item (Revenue/COGS),40391,Ascent Hospitality Element Carmel Indiana,3314,#N/A,36407,,PA QUARTZ,36407PA QUARTZ,08/13/2024,08/13/2024,3070.91,A11001,950,Import SPS data by Invoice in NetSuite,17,INV00101
OPENINV10331,Item (Revenue/COGS),40391,Ascent Hospitality Element Carmel Indiana,3314,#N/A,35786/4,,Change order Element Carmel,35786/4Change order Element Carmel,10/02/2024,10-02-2024,417.17,A11001,950,Import SPS data by Invoice in NetSuite,17,INV00102
OPENINV10332,Item (Revenue/COGS),40391,Ascent Hospitality Element Carmel Indiana,3314,#N/A,38009,,,38009,10/18/2024,10/18/2024,552,A11001,950,Import SPS data by Invoice in NetSuite,17,INV00103
OPENINV10333,Item (Revenue/COGS),40391,Ascent Hospitality Element Carmel Indiana,3314,#N/A,35786/6,,Change order Element Carmel,35786/6Change order Element Carmel,11/07/2024,11-07-2024,1754.7,A11001,950,Import SPS data by Invoice in NetSuite,17,INV00104
OPENINV10334,Item (Revenue/COGS),40391,Ascent Hospitality Element Carmel Indiana,3314,#N/A,35610/4,,PA BATH ACCESSORIES,35610/4PA BATH ACCESSORIES,11/21/2024,11/21/2024,37.9,A11001,950,Import SPS data by Invoice in NetSuite,17,INV00105
OPENINV10335,Item (Revenue/COGS),40391,Ascent Hospitality Element Carmel Indiana,3314,#N/A,35606,,PA WINDOW TREATMENT,35606PA WINDOW TREATMENT,11/29/2024,11/29/2024,10983.77,A11001,950,Import SPS data by Invoice in NetSuite,17,INV00106
OPENINV10336,Item (Revenue/COGS),40391,Ascent Hospitality Element Carmel Indiana,3314,#N/A,35602/7,,PA SEATING,35602/7PA SEATING,06/30/2025,06/30/2025,6288.24,A11001,950,Import SPS data by Invoice in NetSuite,17,INV00107
OPENINV10337,Item (Revenue/COGS),40391,Ascent Hospitality Element Carmel Indiana,3314,#N/A,35786/7,,Change order Element Carmel,35786/7Change order Element Carmel,06/30/2025,06/30/2025,834.34,A11001,950,Import SPS data by Invoice in NetSuite,17,INV00108
OPENINV10338,Item (Revenue/COGS),40391,Ascent Hospitality Element Carmel Indiana,3314,#N/A,37812,,,37812,06/30/2025,06/30/2025,836,A11001,950,Import SPS data by Invoice in NetSuite,17,INV00109
OPENINV10339,Item (Revenue/COGS),40391,"Ascent Hospitality Hampton Inn & Suites Montgomery-South Airport,AL",3315,#N/A,38626,,,38626,01/30/2025,01/30/2025,1700,A11001,950,Import SPS data by Invoice in NetSuite,17,INV00110
OPENINV10340,Item (Revenue/COGS),40391,"Ascent Hospitality Hampton Inn & Suites Montgomery-South Airport,AL",3315,#N/A,38626/2,,,38626/2,01/30/2025,01/30/2025,6345.26,A11001,950,Import SPS data by Invoice in NetSuite,17,INV00111
OPENINV10341,Item (Revenue/COGS),40391,Ascent hospitality Home2 Suites Fairburn GA,3316,#N/A,37358,,,37358,09/05/2024,09-05-2024,6323.98,A11001,950,Import SPS data by Invoice in NetSuite,17,INV00112
OPENINV10342,Item (Revenue/COGS),40391,Ascent hospitality Home2 Suites Fairburn GA,3316,#N/A,37854,,,37854,10/07/2024,10-07-2024,1692.4,A11001,950,Import SPS data by Invoice in NetSuite,17,INV00113
OPENINV10343,Item (Revenue/COGS),40391,Ascent hospitality Home2 Suites Fairburn GA,3316,#N/A,36012/3,,Ascent hospitality Home2 Suites Fairburn GA-Additional items(1),36012/3Ascent hospitality Home2 Suites Fairburn GA-Additional items(1),10/10/2024,10-10-2024,6.56,A11001,950,Import SPS data by Invoice in NetSuite,17,INV00114
OPENINV10344,Item (Revenue/COGS),40391,Ascent hospitality Home2 Suites Fairburn GA,3316,#N/A,36012/4,,Ascent hospitality Home2 Suites Fairburn GA-Additional items(1),36012/4Ascent hospitality Home2 Suites Fairburn GA-Additional items(1),11/11/2024,11-11-2024,3158.76,A11001,950,Import SPS data by Invoice in NetSuite,17,INV00115
OPENINV10345,Item (Revenue/COGS),40391,Ascent hospitality Home2 Suites Fairburn GA,3316,#N/A,35714/6,,GR BATH,35714/6GR BATH,06/30/2025,06/30/2025,8396.4,A11001,950,Import SPS data by Invoice in NetSuite,17,INV00116
OPENINV10346,Item (Revenue/COGS),40391,Ascent hospitality Home2 Suites Fairburn GA,3316,#N/A,35715,,GR FINISHES,35715GR FINISHES,06/30/2025,06/30/2025,4011.84,A11001,950,Import SPS data by Invoice in NetSuite,17,INV00117
OPENINV10347,Item (Revenue/COGS),40391,Ascent hospitality Home2 Suites Fairburn GA,3316,#N/A,36012/6,,Ascent hospitality Home2 Suites Fairburn GA-Additional items(1),36012/6Ascent hospitality Home2 Suites Fairburn GA-Additional items(1),06/30/2025,06/30/2025,4750,A11001,950,Import SPS data by Invoice in NetSuite,17,INV00118
OPENINV10348,Item (Revenue/COGS),40391,Ascent hospitality Home2 West Lafayette IN,3317,#N/A,36005,,PUBLIC AREAS MILLWORK,36005PUBLIC AREAS MILLWORK,07/31/2024,07/31/2024,11591.35,A11001,950,Import SPS data by Invoice in NetSuite,17,INV00119
OPENINV10349,Item (Revenue/COGS),40391,Ascent hospitality Home2 West Lafayette IN,3317,#N/A,35700/2,,PA - Casegoods,35700/2PA - Casegoods,08/31/2024,08/31/2024,14119.57,A11001,950,Import SPS data by Invoice in NetSuite,17,INV00120
OPENINV10350,Item (Revenue/COGS),40391,Ascent hospitality Home2 West Lafayette IN,3317,#N/A,35704/2,,PA - Outdoor,35704/2PA - Outdoor,12/19/2024,12/19/2024,20745.28,A11001,950,Import SPS data by Invoice in NetSuite,17,INV00121
OPENINV10351,Item (Revenue/COGS),40391,Ascent hospitality Home2 West Lafayette IN,3317,#N/A,37450,,,37450,01/01/2025,01-01-2025,1692.4,A11001,950,Import SPS data by Invoice in NetSuite,17,INV00122
OPENINV10352,Item (Revenue/COGS),40391,Ascent hospitality Home2 West Lafayette IN,3317,#N/A,35995,,GUEST ROOMS BATH,35995GUEST ROOMS BATH,01/20/2025,01/20/2025,4340.53,A11001,950,Import SPS data by Invoice in NetSuite,17,INV00123
OPENINV10353,Item (Revenue/COGS),40391,Ascent Hospitality- Autograph Huntsville,3318,#N/A,38478/2,,,38478/2,12/06/2024,12-06-2024,10896,A11001,950,Import SPS data by Invoice in NetSuite,17,INV00124
OPENINV10354,Item (Revenue/COGS),40391,Ascent Hospitality- Autograph Huntsville,3318,#N/A,38630/6,,2nd & 8TH FLOOR FINISHES,38630/62nd & 8TH FLOOR FINISHES,02/18/2025,02/18/2025,17425.58,A11001,950,Import SPS data by Invoice in NetSuite,17,INV00125
OPENINV10355,Item (Revenue/COGS),40391,Ascent Hospitality- Autograph Huntsville,3318,#N/A,38630/7,,2nd & 8TH FLOOR FINISHES,38630/72nd & 8TH FLOOR FINISHES,02/20/2025,02/20/2025,7184.18,A11001,950,Import SPS data by Invoice in NetSuite,17,INV00126
OPENINV10356,Item (Revenue/COGS),40391,Ascent Hospitality- Autograph Huntsville,3318,#N/A,38630/9,,2nd & 8TH FLOOR FINISHES,38630/92nd & 8TH FLOOR FINISHES,03/04/2025,03-04-2025,1594.8,A11001,950,Import SPS data by Invoice in NetSuite,17,INV00127
OPENINV10357,Item (Revenue/COGS),40391,Ascent Hospitality- Autograph Huntsville,3318,#N/A,38630/8,,2nd & 8TH FLOOR FINISHES,38630/82nd & 8TH FLOOR FINISHES,03/05/2025,03-05-2025,1929.6,A11001,950,Import SPS data by Invoice in NetSuite,17,INV00128
OPENINV10358,Item (Revenue/COGS),40391,Ascent Hospitality- Autograph Huntsville,3318,#N/A,38630/10,,2nd & 8TH FLOOR FINISHES,38630/102nd & 8TH FLOOR FINISHES,03/24/2025,03/24/2025,16459.9,A11001,950,Import SPS data by Invoice in NetSuite,17,INV00129
OPENINV10359,Item (Revenue/COGS),40391,Ascent Hospitality- Autograph Huntsville,3318,#N/A,38630/11,,2nd & 8TH FLOOR FINISHES,38630/112nd & 8TH FLOOR FINISHES,03/21/2025,03/27/2025,239.2,A11001,950,Import SPS data by Invoice in NetSuite,17,INV00130
OPENINV10360,Item (Revenue/COGS),40391,Ascent Hospitality- Autograph Huntsville,3318,#N/A,38747,,1st floor finishes,387471st floor finishes,03/31/2025,03/31/2025,6524.75,A11001,950,Import SPS data by Invoice in NetSuite,17,INV00131
OPENINV10361,Item (Revenue/COGS),40391,Ascent Hospitality- Autograph Huntsville,3318,#N/A,38747/2,,1st floor finishes,38747/21st floor finishes,03/31/2025,03/31/2025,23632.96,A11001,950,Import SPS data by Invoice in NetSuite,17,INV00132
OPENINV10362,Item (Revenue/COGS),40391,Ascent Hospitality- Autograph Huntsville,3318,#N/A,38747/3,,1st floor finishes,38747/31st floor finishes,04/01/2025,04-01-2025,3638.99,A11001,950,Import SPS data by Invoice in NetSuite,17,INV00133
OPENINV10363,Item (Revenue/COGS),40391,Ascent Hospitality- Autograph Huntsville,3318,#N/A,38630/12,,2nd & 8TH FLOOR FINISHES,38630/122nd & 8TH FLOOR FINISHES,04/09/2025,04-09-2025,1012.3,A11001,950,Import SPS data by Invoice in NetSuite,17,INV00134
OPENINV10364,Item (Revenue/COGS),40391,Ascent Hospitality- Autograph Huntsville,3318,#N/A,38630/14,,2nd & 8TH FLOOR FINISHES,38630/142nd & 8TH FLOOR FINISHES,04/10/2025,04-10-2025,2023.5,A11001,950,Import SPS data by Invoice in NetSuite,17,INV00135
OPENINV10365,Item (Revenue/COGS),40391,Ascent Hospitality- Autograph Huntsville,3318,#N/A,38478/3,,,38478/3,04/12/2025,04-12-2025,28800,A11001,950,Import SPS data by Invoice in NetSuite,17,INV00136
OPENINV10366,Item (Revenue/COGS),40391,Ascent Hospitality- Autograph Huntsville,3318,#N/A,38630/15,,2nd & 8TH FLOOR FINISHES,38630/152nd & 8TH FLOOR FINISHES,04/17/2025,04/17/2025,11019.6,A11001,950,Import SPS data by Invoice in NetSuite,17,INV00137
OPENINV10367,Item (Revenue/COGS),40391,Ascent Hospitality- Autograph Huntsville,3318,#N/A,38630/16,,2nd & 8TH FLOOR FINISHES,38630/162nd & 8TH FLOOR FINISHES,04/25/2025,04/25/2025,2022.73,A11001,950,Import SPS data by Invoice in NetSuite,17,INV00138
OPENINV10368,Item (Revenue/COGS),40391,Ascent Hospitality- Autograph Huntsville,3318,#N/A,38630/17,,2nd & 8TH FLOOR FINISHES,38630/172nd & 8TH FLOOR FINISHES,04/29/2025,04/29/2025,2463,A11001,950,Import SPS data by Invoice in NetSuite,17,INV00139
OPENINV10369,Item (Revenue/COGS),40391,Ascent Hospitality- Autograph Huntsville,3318,#N/A,38630/20,,2nd & 8TH FLOOR FINISHES,38630/202nd & 8TH FLOOR FINISHES,04/29/2025,04/29/2025,2636.04,A11001,950,Import SPS data by Invoice in NetSuite,17,INV00140
OPENINV10370,Item (Revenue/COGS),40391,Ascent Hospitality- Autograph Huntsville,3318,#N/A,38630/18,,2nd & 8TH FLOOR FINISHES,38630/182nd & 8TH FLOOR FINISHES,05/06/2025,05-06-2025,6855.6,A11001,950,Import SPS data by Invoice in NetSuite,17,INV00141
OPENINV10371,Item (Revenue/COGS),40391,Ascent Hospitality- Autograph Huntsville,3318,#N/A,38630/19,,2nd & 8TH FLOOR FINISHES,38630/192nd & 8TH FLOOR FINISHES,05/14/2025,05/14/2025,14351.27,A11001,950,Import SPS data by Invoice in NetSuite,17,INV00142
OPENINV10372,Item (Revenue/COGS),40391,Ascent Hospitality- Autograph Huntsville,3318,#N/A,38630/21,,2nd & 8TH FLOOR FINISHES,38630/212nd & 8TH FLOOR FINISHES,06/05/2025,06-05-2025,4665.6,A11001,950,Import SPS data by Invoice in NetSuite,17,INV00143
OPENINV10373,Item (Revenue/COGS),40391,Ascent Hospitality- Autograph Huntsville,3318,#N/A,38341,,"Autograph Huntsville - Stairs, Sculpture and Benches","38341Autograph Huntsville - Stairs, Sculpture and Benches",06/30/2025,06/30/2025,243619.64,A11001,950,Import SPS data by Invoice in NetSuite,17,INV00144
OPENINV10374,Item (Revenue/COGS),40391,Ascent Hospitality- Autograph Huntsville,3318,#N/A,38478/4,,,38478/4,06/30/2025,06/30/2025,13860,A11001,950,Import SPS data by Invoice in NetSuite,17,INV00145
OPENINV10375,Item (Revenue/COGS),40391,Ascent Hospitality- Autograph Huntsville,3318,#N/A,38747/13,,1st floor finishes,38747/131st floor finishes,06/30/2025,06/30/2025,20005.16,A11001,950,Import SPS data by Invoice in NetSuite,17,INV00146
OPENINV10376,Item (Revenue/COGS),40391,Ascent Hospitality- Autograph Huntsville,3318,#N/A,39081,,,39081,06/30/2025,06/30/2025,2884.01,A11001,950,Import SPS data by Invoice in NetSuite,17,INV00147
OPENINV10377,Item (Revenue/COGS),40391,Ascent hospitality/Fairfield Inn & Suites,3319,#N/A,36056,,,36056,12/09/2024,12-09-2024,54204.82,A11001,950,Import SPS data by Invoice in NetSuite,17,INV00148
OPENINV10378,Item (Revenue/COGS),40391,Ascent Residence inn Montgomery,3320,#N/A,37676/5,,GR CASEGOODS,37676/5GR CASEGOODS,06/30/2025,06/30/2025,7713.81,A11001,950,Import SPS data by Invoice in NetSuite,17,INV00149
OPENINV10379,Item (Revenue/COGS),40391,Ascent Residence inn Montgomery,3320,#N/A,37692/6,,PA FLOOR FINISHES,37692/6PA FLOOR FINISHES,06/30/2025,06/30/2025,173006.26,A11001,950,Import SPS data by Invoice in NetSuite,17,INV00150
OPENINV10380,Item (Revenue/COGS),40391,Ascent Residence inn Montgomery,3320,#N/A,37693/2,,PA VINYL WALLCOVERING-FF,37693/2PA VINYL WALLCOVERING-FF,06/30/2025,06/30/2025,334.2,A11001,950,Import SPS data by Invoice in NetSuite,17,INV00151
OPENINV10381,Item (Revenue/COGS),40391,"Brighter Vision Group, LP",3321,#N/A,37641,,PA VINYL WALLCOVERINGS-FF,37641PA VINYL WALLCOVERINGS-FF,06/30/2025,06/30/2025,6514.06,A11001,950,Import SPS data by Invoice in NetSuite,17,INV00152
OPENINV10382,Item (Revenue/COGS),40391,CAMBRIA NASHVILLE,3322,#N/A,33909,,WINDOWS SILL,33909WINDOWS SILL,05/19/2023,05/19/2023,16136.18,A11001,950,Import SPS data by Invoice in NetSuite,17,INV00153
OPENINV10383,Item (Revenue/COGS),40391,CAMBRIA NASHVILLE,3322,#N/A,33644,,Missed or extra items,33644Missed or extra items,06/09/2023,06-09-2023,36576.73,A11001,950,Import SPS data by Invoice in NetSuite,17,INV00154
OPENINV10384,Item (Revenue/COGS),40391,CAMBRIA NASHVILLE,3322,#N/A,33794,,Add on lighting,33794Add on lighting,06/13/2023,06/13/2023,4147.36,A11001,950,Import SPS data by Invoice in NetSuite,17,INV00155
OPENINV10385,Item (Revenue/COGS),40391,CAMBRIA NASHVILLE,3322,#N/A,33309/9,,PUBLIC AREAS FINISHES,33309/9PUBLIC AREAS FINISHES,07/28/2023,07/28/2023,-10252.32,A11001,950,Import SPS data by Invoice in NetSuite,17,INV00156
OPENINV10386,Item (Revenue/COGS),40391,CAMBRIA NASHVILLE,3322,#N/A,34423/2,,Add on tiles,34423/2Add on tiles,08/07/2023,08-07-2023,30988.8,A11001,950,Import SPS data by Invoice in NetSuite,17,INV00157
OPENINV10387,Item (Revenue/COGS),40391,CAMBRIA NASHVILLE,3322,#N/A,34237,,Add on tiles,34237Add on tiles,08/10/2023,08-10-2023,4870.99,A11001,950,Import SPS data by Invoice in NetSuite,17,INV00158
OPENINV10388,Item (Revenue/COGS),40391,CAMBRIA NASHVILLE,3322,#N/A,33318/4,,PUBLIC AREAS MILLWORK,33318/4PUBLIC AREAS MILLWORK,08/16/2023,08/16/2023,106307,A11001,950,Import SPS data by Invoice in NetSuite,17,INV00159
OPENINV10389,Item (Revenue/COGS),40391,CAMBRIA NASHVILLE,3322,#N/A,34423,,Add on tiles,34423Add on tiles,08/16/2023,08/16/2023,-15740.79,A11001,950,Import SPS data by Invoice in NetSuite,17,INV00160
OPENINV10390,Item (Revenue/COGS),40391,CAMBRIA NASHVILLE,3322,#N/A,34959/2,,Add on tiles,34959/2Add on tiles,08/22/2023,08/22/2023,3098.88,A11001,950,Import SPS data by Invoice in NetSuite,17,INV00161
OPENINV10391,Item (Revenue/COGS),40391,CAMBRIA NASHVILLE,3322,#N/A,33315/7,,PUBLIC AREAS SEATING,33315/7PUBLIC AREAS SEATING,09/14/2023,09/14/2023,6959.86,A11001,950,Import SPS data by Invoice in NetSuite,17,INV00162
OPENINV10392,Item (Revenue/COGS),40391,CAMBRIA NASHVILLE,3322,#N/A,35093,,Add on tiles /Flooring,35093Add on tiles /Flooring,09/14/2023,09/14/2023,2145.04,A11001,950,Import SPS data by Invoice in NetSuite,17,INV00163
OPENINV10393,Item (Revenue/COGS),40391,CAMBRIA NASHVILLE,3322,#N/A,35093/2,,Add on tiles /Flooring,35093/2Add on tiles /Flooring,09/14/2023,09/14/2023,6968.64,A11001,950,Import SPS data by Invoice in NetSuite,17,INV00164
OPENINV10394,Item (Revenue/COGS),40391,CAMBRIA NASHVILLE,3322,#N/A,35093/3,,Add on tiles /Flooring,35093/3Add on tiles /Flooring,09/14/2023,09/14/2023,145.49,A11001,950,Import SPS data by Invoice in NetSuite,17,INV00165
OPENINV10395,Item (Revenue/COGS),40391,CAMBRIA NASHVILLE,3322,#N/A,34959/3,,Add on tiles,34959/3Add on tiles,09/19/2023,09/19/2023,3775,A11001,950,Import SPS data by Invoice in NetSuite,17,INV00166
OPENINV10396,Item (Revenue/COGS),40391,CAMBRIA NASHVILLE,3322,#N/A,33312/5,,GUEST ROOMS QUARTZ,33312/5GUEST ROOMS QUARTZ,09/29/2023,09/29/2023,38369.64,A11001,950,Import SPS data by Invoice in NetSuite,17,INV00167
OPENINV10397,Item (Revenue/COGS),40391,CAMBRIA NASHVILLE,3322,#N/A,33313/6,,GUEST ROOMS BATH,33313/6GUEST ROOMS BATH,09/30/2023,09/30/2023,57019.7,A11001,950,Import SPS data by Invoice in NetSuite,17,INV00168
OPENINV10398,Item (Revenue/COGS),40391,CAMBRIA NASHVILLE,3322,#N/A,33314/23,,GUEST ROOMS FINISHES,33314/23GUEST ROOMS FINISHES,09/30/2023,09/30/2023,126680.94,A11001,950,Import SPS data by Invoice in NetSuite,17,INV00169
OPENINV10399,Item (Revenue/COGS),40391,CAMBRIA NASHVILLE,3322,#N/A,33315/8,,PUBLIC AREAS SEATING,33315/8PUBLIC AREAS SEATING,09/30/2023,09/30/2023,8657.69,A11001,950,Import SPS data by Invoice in NetSuite,17,INV00170
OPENINV10400,Item (Revenue/COGS),40391,CAMBRIA NASHVILLE,3322,#N/A,35040,,Add on pavers,35040Add on pavers,09/30/2023,09/30/2023,1168.13,A11001,950,Import SPS data by Invoice in NetSuite,17,INV00171
OPENINV10401,Item (Revenue/COGS),40391,CAMBRIA NASHVILLE,3322,#N/A,33309/13,,PUBLIC AREAS FINISHES,33309/13PUBLIC AREAS FINISHES,10/09/2023,10-09-2023,1679.12,A11001,950,Import SPS data by Invoice in NetSuite,17,INV00172
OPENINV10402,Item (Revenue/COGS),40391,CAMBRIA NASHVILLE,3322,#N/A,34424,,Add on wall coverings,34424Add on wall coverings,10/09/2023,10-09-2023,22216.5,A11001,950,Import SPS data by Invoice in NetSuite,17,INV00173
OPENINV10403,Item (Revenue/COGS),40391,CAMBRIA NASHVILLE,3322,#N/A,34959/4,,Add on tiles,34959/4Add on tiles,10/09/2023,10-09-2023,1511.25,A11001,950,Import SPS data by Invoice in NetSuite,17,INV00174
OPENINV10404,Item (Revenue/COGS),40391,CAMBRIA NASHVILLE,3322,#N/A,35093/4,,Add on tiles /Flooring,35093/4Add on tiles /Flooring,10/09/2023,10-09-2023,1103.69,A11001,950,Import SPS data by Invoice in NetSuite,17,INV00175
OPENINV10405,Item (Revenue/COGS),40391,CAMBRIA NASHVILLE,3322,#N/A,33318/5,,PUBLIC AREAS MILLWORK,33318/5PUBLIC AREAS MILLWORK,10/19/2023,10/19/2023,31953.85,A11001,950,Import SPS data by Invoice in NetSuite,17,INV00176
OPENINV10406,Item (Revenue/COGS),40391,CAMBRIA NASHVILLE,3322,#N/A,34701,,Add on meeting room table & chairs,34701Add on meeting room table & chairs,10/19/2023,10/19/2023,8788,A11001,950,Import SPS data by Invoice in NetSuite,17,INV00177
OPENINV10407,Item (Revenue/COGS),40391,CAMBRIA NASHVILLE,3322,#N/A,35040/2,,Add on pavers,35040/2Add on pavers,10/31/2023,10/31/2023,300,A11001,950,Import SPS data by Invoice in NetSuite,17,INV00178
OPENINV10408,Item (Revenue/COGS),40391,CAMBRIA NASHVILLE,3322,#N/A,35093/6,,Add on tiles /Flooring,35093/6Add on tiles /Flooring,11/13/2023,11/13/2023,1849.02,A11001,950,Import SPS data by Invoice in NetSuite,17,INV00179
OPENINV10409,Item (Revenue/COGS),40391,CAMBRIA NASHVILLE,3322,#N/A,35185,,led strips for bed bases,35185led strips for bed bases,11/17/2023,11/17/2023,11554.9,A11001,950,Import SPS data by Invoice in NetSuite,17,INV00180
OPENINV10410,Item (Revenue/COGS),40391,CAMBRIA NASHVILLE,3322,#N/A,35174,,Fireplace panel,35174Fireplace panel,01/24/2024,01/24/2024,1500,A11001,950,Import SPS data by Invoice in NetSuite,17,INV00181
OPENINV10411,Item (Revenue/COGS),40391,CAMBRIA NASHVILLE,3322,#N/A,35093/7,,Add on tiles /Flooring,35093/7Add on tiles /Flooring,02/02/2024,02-02-2024,3894.8,A11001,950,Import SPS data by Invoice in NetSuite,17,INV00182
OPENINV10412,Item (Revenue/COGS),40391,CAMBRIA NASHVILLE,3322,#N/A,35461,,Add on corridor lights,35461Add on corridor lights,04/02/2024,04-02-2024,1630.6,A11001,950,Import SPS data by Invoice in NetSuite,17,INV00183
OPENINV10413,Item (Revenue/COGS),40391,CAMBRIA NASHVILLE,3322,#N/A,33319/3,,PUBLIC AREAS QUARTZ,33319/3PUBLIC AREAS QUARTZ,06/24/2024,06/24/2024,4216.83,A11001,950,Import SPS data by Invoice in NetSuite,17,INV00184
OPENINV10414,Item (Revenue/COGS),40391,CAMBRIA NASHVILLE,3322,#N/A,35093/8,,Add on tiles /Flooring,35093/8Add on tiles /Flooring,06/25/2024,06/25/2024,3000,A11001,950,Import SPS data by Invoice in NetSuite,17,INV00185
OPENINV10415,Item (Revenue/COGS),40391,CAMBRIA NASHVILLE,3322,#N/A,35185/2,,led strips for bed bases,35185/2led strips for bed bases,06/25/2024,06/25/2024,9425.18,A11001,950,Import SPS data by Invoice in NetSuite,17,INV00186
OPENINV10416,Item (Revenue/COGS),40391,CANDLEWOOD EASTRIDGE TN,3323,#N/A,34726,,Added on items or Missing,34726Added on items or Missing,10/25/2023,10/25/2023,4865.88,A11001,950,Import SPS data by Invoice in NetSuite,17,INV00187
OPENINV10417,Item (Revenue/COGS),40391,CANDLEWOOD EASTRIDGE TN,3323,#N/A,34726/3,,Added on items or Missing,34726/3Added on items or Missing,12/05/2023,12-05-2023,4545.1,A11001,950,Import SPS data by Invoice in NetSuite,17,INV00188
OPENINV10418,Item (Revenue/COGS),40391,CANDLEWOOD EASTRIDGE TN,3323,#N/A,34726/4,,Added on items or Missing,34726/4Added on items or Missing,12/22/2023,12/22/2023,21686.08,A11001,950,Import SPS data by Invoice in NetSuite,17,INV00189
OPENINV10419,Item (Revenue/COGS),40391,CANDLEWOOD EASTRIDGE TN,3323,#N/A,34726/6,,Added on items or Missing,34726/6Added on items or Missing,02/28/2024,02/28/2024,1995.43,A11001,950,Import SPS data by Invoice in NetSuite,17,INV00190
OPENINV10420,Item (Revenue/COGS),40391,CANDLEWOOD EASTRIDGE TN,3323,#N/A,34726/7,,Added on items or Missing,34726/7Added on items or Missing,02/28/2024,02/28/2024,288.55,A11001,950,Import SPS data by Invoice in NetSuite,17,INV00191
OPENINV10421,Item (Revenue/COGS),40391,CANDLEWOOD EASTRIDGE TN,3323,#N/A,34726/8,,Added on items or Missing,34726/8Added on items or Missing,03/07/2024,03-07-2024,5686.44,A11001,950,Import SPS data by Invoice in NetSuite,17,INV00192
OPENINV10422,Item (Revenue/COGS),40391,CANDLEWOOD EASTRIDGE TN,3323,#N/A,34726/10,,Added on items or Missing,34726/10Added on items or Missing,05/06/2024,05-06-2024,81717.94,A11001,950,Import SPS data by Invoice in NetSuite,17,INV00193
OPENINV10423,Item (Revenue/COGS),40391,"Candlewood Suites -Columbus,Oh-Kautilya group",3324,#N/A,35341/5,,PA FINISHES,35341/5PA FINISHES,08/21/2024,08/21/2024,7490.11,A11001,950,Import SPS data by Invoice in NetSuite,17,INV00194
OPENINV10424,Item (Revenue/COGS),40391,"Candlewood Suites -Columbus,Oh-Kautilya group",3324,#N/A,35343/2,,PA MILLWORK,35343/2PA MILLWORK,08/21/2024,08/21/2024,3243.64,A11001,950,Import SPS data by Invoice in NetSuite,17,INV00195
OPENINV10425,Item (Revenue/COGS),40391,"Candlewood Suites -Columbus,Oh-Kautilya group",3324,#N/A,37620,,,37620,08/23/2024,08/23/2024,3400,A11001,950,Import SPS data by Invoice in NetSuite,17,INV00196
OPENINV10426,Item (Revenue/COGS),40391,"Candlewood Suites -Columbus,Oh-Kautilya group",3324,#N/A,37211/2,,Candlewood Suites -GR & PA,37211/2Candlewood Suites -GR & PA,10/02/2024,10-02-2024,500,A11001,950,Import SPS data by Invoice in NetSuite,17,INV00197
OPENINV10427,Item (Revenue/COGS),40391,"Candlewood Suites -Columbus,Oh-Kautilya group",3324,#N/A,34989/2,,"Candlewood Suites Columbus, OH","34989/2Candlewood Suites Columbus, OH",06/30/2025,06/30/2025,1990,A11001,950,Import SPS data by Invoice in NetSuite,17,INV00198
OPENINV10428,Item (Revenue/COGS),40391,"Candlewood Suites -Columbus,Oh-Kautilya group",3324,#N/A,35327/4,,GR LIGHTING (Light Bulbs Not Included),35327/4GR LIGHTING (Light Bulbs Not Included),06/30/2025,06/30/2025,2568.36,A11001,950,Import SPS data by Invoice in NetSuite,17,INV00199
OPENINV10429,Item (Revenue/COGS),40391,"Candlewood Suites -Columbus,Oh-Kautilya group",3324,#N/A,35334/2,,GR BATH,35334/2GR BATH,06/30/2025,06/30/2025,346.29,A11001,950,Import SPS data by Invoice in NetSuite,17,INV00200
OPENINV10430,Item (Revenue/COGS),40391,"Candlewood Suites -Columbus,Oh-Kautilya group",3324,#N/A,35338/2,,PA CASEGOODS,35338/2PA CASEGOODS,06/30/2025,06/30/2025,3101.03,A11001,950,Import SPS data by Invoice in NetSuite,17,INV00201
OPENINV10431,Item (Revenue/COGS),40391,"Candlewood Suites -Columbus,Oh-Kautilya group",3324,#N/A,35344/2,,PA QUARTZ,35344/2PA QUARTZ,06/30/2025,06/30/2025,88.69,A11001,950,Import SPS data by Invoice in NetSuite,17,INV00202
OPENINV10432,Item (Revenue/COGS),40391,"Candlewood Suites -Columbus,Oh-Kautilya group",3324,#N/A,37241/2,,Candlewood Suites -GR & PA,37241/2Candlewood Suites -GR & PA,06/30/2025,06/30/2025,8248.17,A11001,950,Import SPS data by Invoice in NetSuite,17,INV00203
OPENINV10433,Item (Revenue/COGS),40391,"Candlewood Suites -Columbus,Oh-Kautilya group",3324,#N/A,38012,,,38012,06/30/2025,06/30/2025,317.97,A11001,950,Import SPS data by Invoice in NetSuite,17,INV00204
OPENINV10434,Item (Revenue/COGS),40391,"Comfort Inn, Rebrand, Princeton IL",3325,#N/A,37238,,,37238,01/03/2025,01-03-2025,5161.77,A11001,950,Import SPS data by Invoice in NetSuite,17,INV00205
OPENINV10435,Item (Revenue/COGS),40391,"Comfort Inn, Rebrand, Princeton IL",3325,#N/A,37238/2,,,37238/2,06/16/2025,06/16/2025,10319.63,A11001,950,Import SPS data by Invoice in NetSuite,17,INV00206
OPENINV10436,Item (Revenue/COGS),40391,COURY HOSPITALITY (TRIBUTE SEAHAUS),3326,#N/A,37747/2,1025.3044,,37747/21025.3044,03/14/2025,03/14/2025,54734.37,A11001,950,Import SPS data by Invoice in NetSuite,17,INV00207
OPENINV10437,Item (Revenue/COGS),40391,COURY HOSPITALITY (TRIBUTE SEAHAUS),3326,#N/A,37747/3,1025.3044,,37747/31025.3044,03/24/2025,03/24/2025,37689.36,A11001,950,Import SPS data by Invoice in NetSuite,17,INV00208
OPENINV10438,Item (Revenue/COGS),40391,COURY HOSPITALITY (TRIBUTE SEAHAUS),3326,#N/A,37747/4,1025.3044,,37747/41025.3044,03/27/2025,03/27/2025,36348.03,A11001,950,Import SPS data by Invoice in NetSuite,17,INV00209
OPENINV10439,Item (Revenue/COGS),40391,COURY HOSPITALITY (TRIBUTE SEAHAUS),3326,#N/A,,1025.3057,Tribute Seahaus Atlantic City NJ - Public Area,1025.3057Tribute Seahaus Atlantic City NJ - Public Area,04/25/2025,04/25/2025,-33427.65,A11001,950,Import SPS data by Invoice in NetSuite,17,INV00210
OPENINV10440,Item (Revenue/COGS),40391,COURY HOSPITALITY (TRIBUTE SEAHAUS),3326,#N/A,37811/14,1025.3057,Tribute Seahaus Atlantic City NJ - Public Area,37811/141025.3057Tribute Seahaus Atlantic City NJ - Public Area,06/30/2025,06/30/2025,0.01,A11001,950,Import SPS data by Invoice in NetSuite,17,INV00211
OPENINV10441,Item (Revenue/COGS),40391,Daniel Van Dyke Construction Inc,3327,#N/A,32021/4,,The cottages at blackwood Groves: Cabinets / Tops,32021/4The cottages at blackwood Groves: Cabinets / Tops,04/12/2024,04-12-2024,37133.24,A11001,950,Import SPS data by Invoice in NetSuite,17,INV00212
OPENINV10442,Item (Revenue/COGS),40391,Daren R Snider Construction,3328,#N/A,34711,,CANDLEWOOD SUITES,34711CANDLEWOOD SUITES,07/05/2023,07-05-2023,35.82,A11001,950,Import SPS data by Invoice in NetSuite,17,INV00213
OPENINV10443,Item (Revenue/COGS),40391,DFW Joseph Investments LLC,1708,#N/A,,,,,12/19/2024,12/19/2024,-14072.5,A11001,950,Import SPS data by Invoice in NetSuite,17,INV00214
OPENINV10444,Item (Revenue/COGS),40391,DFW Joseph Investments LLC,1708,#N/A,,,,,01/24/2025,01/24/2025,-14072.5,A11001,950,Import SPS data by Invoice in NetSuite,17,INV00215
OPENINV10445,Item (Revenue/COGS),40391,"ECHO SUITES /MCP Development, Inc",3329,#N/A,35170,,Echo Fort Worth,35170Echo Fort Worth,05/31/2024,05/31/2024,26462.71,A11001,950,Import SPS data by Invoice in NetSuite,17,INV00216
OPENINV10446,Item (Revenue/COGS),40391,"ECHO SUITES /MCP Development, Inc",3329,#N/A,35171/2,,Echo Gateway,35171/2Echo Gateway,06/06/2024,06-06-2024,703.63,A11001,950,Import SPS data by Invoice in NetSuite,17,INV00217
OPENINV10447,Item (Revenue/COGS),40391,"ECHO SUITES /MCP Development, Inc",3329,#N/A,35170/2,,Echo Fort Worth,35170/2Echo Fort Worth,08/26/2024,08/26/2024,-339544.55,A11001,950,Import SPS data by Invoice in NetSuite,17,INV00218
OPENINV10448,Item (Revenue/COGS),40391,"ECHO SUITES /MCP Development, Inc",3329,#N/A,35171/8,,Echo Gateway,35171/8Echo Gateway,09/17/2024,09/17/2024,2977.98,A11001,950,Import SPS data by Invoice in NetSuite,17,INV00219
OPENINV10449,Item (Revenue/COGS),40391,"ECHO SUITES /MCP Development, Inc",3329,#N/A,35171/11,,Echo Gateway,35171/11Echo Gateway,09/30/2024,09/30/2024,765.99,A11001,950,Import SPS data by Invoice in NetSuite,17,INV00220
OPENINV10450,Item (Revenue/COGS),40391,"ECHO SUITES /MCP Development, Inc",3329,#N/A,38173/3,,Echo - Pasadena,38173/3Echo - Pasadena,04/28/2025,04/28/2025,10337.88,A11001,950,Import SPS data by Invoice in NetSuite,17,INV00221
OPENINV10451,Item (Revenue/COGS),40391,"ECHO SUITES /MCP Development, Inc",3329,#N/A,35170/5,,Echo Fort Worth,35170/5Echo Fort Worth,06/30/2025,06/30/2025,-26462.7,A11001,950,Import SPS data by Invoice in NetSuite,17,INV00222
OPENINV10452,Item (Revenue/COGS),40391,"ECHO SUITES /MCP Development, Inc",3329,#N/A,38752,,Echo - Pasadena,38752Echo - Pasadena,06/30/2025,06/30/2025,893.06,A11001,950,Import SPS data by Invoice in NetSuite,17,INV00223
OPENINV10453,Item (Revenue/COGS),40391,"ECHO SUITES /MCP Development, Inc",3329,#N/A,38753,,Echo Katy,38753Echo Katy,06/30/2025,06/30/2025,893.06,A11001,950,Import SPS data by Invoice in NetSuite,17,INV00224
OPENINV10454,Item (Revenue/COGS),40391,"ELEMENT FORTSMITH, ARKANSAS",3330,#N/A,36942/2,,,36942/2,08/26/2024,08/26/2024,10590,A11001,950,Import SPS data by Invoice in NetSuite,17,INV00225
OPENINV10455,Item (Revenue/COGS),40391,"ELEMENT FORTSMITH, ARKANSAS",3330,#N/A,36942/3,,,36942/3,09/11/2024,09-11-2024,755.95,A11001,950,Import SPS data by Invoice in NetSuite,17,INV00226
OPENINV10456,Item (Revenue/COGS),40391,"ELEMENT FORTSMITH, ARKANSAS",3330,#N/A,36942/4,,,36942/4,09/24/2024,09/24/2024,1626.74,A11001,950,Import SPS data by Invoice in NetSuite,17,INV00227
OPENINV10457,Item (Revenue/COGS),40391,"ELEMENT FORTSMITH, ARKANSAS",3330,#N/A,36942/5,,,36942/5,10/04/2024,10-04-2024,210.31,A11001,950,Import SPS data by Invoice in NetSuite,17,INV00228
OPENINV10458,Item (Revenue/COGS),40391,"ELEMENT FORTSMITH, ARKANSAS",3330,#N/A,36942/7,,,36942/7,10/04/2024,10-04-2024,1200,A11001,950,Import SPS data by Invoice in NetSuite,17,INV00229
OPENINV10459,Item (Revenue/COGS),40391,"ELEMENT FORTSMITH, ARKANSAS",3330,#N/A,36942/6,,,36942/6,10/07/2024,10-07-2024,715.68,A11001,950,Import SPS data by Invoice in NetSuite,17,INV00230
OPENINV10460,Item (Revenue/COGS),40391,"ELEMENT FORTSMITH, ARKANSAS",3330,#N/A,36942/10,,,36942/10,10/22/2024,10/22/2024,942.48,A11001,950,Import SPS data by Invoice in NetSuite,17,INV00231
OPENINV10461,Item (Revenue/COGS),40391,"ELEMENT FORTSMITH, ARKANSAS",3330,#N/A,36942/8,,,36942/8,10/22/2024,10/22/2024,115.72,A11001,950,Import SPS data by Invoice in NetSuite,17,INV00232
OPENINV10462,Item (Revenue/COGS),40391,"ELEMENT FORTSMITH, ARKANSAS",3330,#N/A,36942/9,,,36942/9,10/22/2024,10/22/2024,92.57,A11001,950,Import SPS data by Invoice in NetSuite,17,INV00233
OPENINV10463,Item (Revenue/COGS),40391,"ELEMENT FORTSMITH, ARKANSAS",3330,#N/A,36942/11,,,36942/11,11/19/2024,11/19/2024,11832,A11001,950,Import SPS data by Invoice in NetSuite,17,INV00234
OPENINV10464,Item (Revenue/COGS),40391,"ELEMENT FORTSMITH, ARKANSAS",3330,#N/A,36942/12,,,36942/12,11/25/2024,11/25/2024,16930.32,A11001,950,Import SPS data by Invoice in NetSuite,17,INV00235
OPENINV10465,Item (Revenue/COGS),40391,"ELEMENT FORTSMITH, ARKANSAS",3330,#N/A,36726,,GR BATH ACCESSORIES,36726GR BATH ACCESSORIES,11/29/2024,11/29/2024,7206.78,A11001,950,Import SPS data by Invoice in NetSuite,17,INV00236
OPENINV10466,Item (Revenue/COGS),40391,"ELEMENT FORTSMITH, ARKANSAS",3330,#N/A,36727/7,,GR FINISHES,36727/7GR FINISHES,11/29/2024,11/29/2024,29777.13,A11001,950,Import SPS data by Invoice in NetSuite,17,INV00237
OPENINV10467,Item (Revenue/COGS),40391,"ELEMENT FORTSMITH, ARKANSAS",3330,#N/A,36730/6,,PA CASEGOODS,36730/6PA CASEGOODS,11/29/2024,11/29/2024,15352.86,A11001,950,Import SPS data by Invoice in NetSuite,17,INV00238
OPENINV10468,Item (Revenue/COGS),40391,"ELEMENT FORTSMITH, ARKANSAS",3330,#N/A,36731/5,,PA SEATING,36731/5PA SEATING,11/29/2024,11/29/2024,6650.64,A11001,950,Import SPS data by Invoice in NetSuite,17,INV00239
OPENINV10469,Item (Revenue/COGS),40391,"ELEMENT FORTSMITH, ARKANSAS",3330,#N/A,36732/2,,PA LIGHTING,36732/2PA LIGHTING,11/29/2024,11/29/2024,132.33,A11001,950,Import SPS data by Invoice in NetSuite,17,INV00240
OPENINV10470,Item (Revenue/COGS),40391,"ELEMENT FORTSMITH, ARKANSAS",3330,#N/A,36733,,PA DECORATIVE PILLOWS,36733PA DECORATIVE PILLOWS,11/29/2024,11/29/2024,922.79,A11001,950,Import SPS data by Invoice in NetSuite,17,INV00241
OPENINV10471,Item (Revenue/COGS),40391,"ELEMENT FORTSMITH, ARKANSAS",3330,#N/A,36735/2,,PA ACCESSORIES,36735/2PA ACCESSORIES,11/29/2024,11/29/2024,3718.02,A11001,950,Import SPS data by Invoice in NetSuite,17,INV00242
OPENINV10472,Item (Revenue/COGS),40391,"ELEMENT FORTSMITH, ARKANSAS",3330,#N/A,36739/2,,PA BATH ACCESSORIES,36739/2PA BATH ACCESSORIES,11/29/2024,11/29/2024,1267.58,A11001,950,Import SPS data by Invoice in NetSuite,17,INV00243
OPENINV10473,Item (Revenue/COGS),40391,"ELEMENT FORTSMITH, ARKANSAS",3330,#N/A,36740/7,,PA FINISHES,36740/7PA FINISHES,11/29/2024,11/29/2024,23198.27,A11001,950,Import SPS data by Invoice in NetSuite,17,INV00244
OPENINV10474,Item (Revenue/COGS),40391,"ELEMENT FORTSMITH, ARKANSAS",3330,#N/A,36942/14,,,36942/14,06/30/2025,06/30/2025,57633.73,A11001,950,Import SPS data by Invoice in NetSuite,17,INV00245
OPENINV10475,Item (Revenue/COGS),40391,Fairfield Denver,3331,#N/A,38690/2,,GR - Wallcovering Change Order,38690/2GR - Wallcovering Change Order,02/19/2025,02/19/2025,12799.92,A11001,950,Import SPS data by Invoice in NetSuite,17,INV00246
OPENINV10476,Item (Revenue/COGS),40391,Fairfield Denver,3331,#N/A,39075,,,39075,06/30/2025,06/30/2025,14364.57,A11001,950,Import SPS data by Invoice in NetSuite,17,INV00247
OPENINV10477,Item (Revenue/COGS),40391,"Fairfield Inn - Jeffersonville, OH",3332,#N/A,36273,,ART WORK,36273ART WORK,06/30/2025,06/30/2025,5444.27,A11001,950,Import SPS data by Invoice in NetSuite,17,INV00248
OPENINV10478,Item (Revenue/COGS),40391,"Fairfield Inn - Jeffersonville, OH",3332,#N/A,36274,,CASEGOODS,36274CASEGOODS,06/30/2025,06/30/2025,7805.93,A11001,950,Import SPS data by Invoice in NetSuite,17,INV00249
OPENINV10479,Item (Revenue/COGS),40391,"Fairfield Inn - Jeffersonville, OH",3332,#N/A,36275,,SEATING,36275SEATING,06/30/2025,06/30/2025,1156.71,A11001,950,Import SPS data by Invoice in NetSuite,17,INV00250
OPENINV10480,Item (Revenue/COGS),40391,Fairfield Inn Gadsden AL,3333,#N/A,37750/4,,,37750/4,12/03/2024,12-03-2024,4036.69,A11001,950,Import SPS data by Invoice in NetSuite,17,INV00251
OPENINV10481,Item (Revenue/COGS),40391,Fairfield Inn Gadsden AL,3333,#N/A,38650/4,,Public Area - Tiles,38650/4Public Area - Tiles,02/14/2025,02/14/2025,6260.34,A11001,950,Import SPS data by Invoice in NetSuite,17,INV00252
OPENINV10482,Item (Revenue/COGS),40391,Fairfield Inn Gadsden AL,3333,#N/A,38282,,,38282,04/04/2025,04-04-2025,1004.46,A11001,950,Import SPS data by Invoice in NetSuite,17,INV00253
OPENINV10483,Item (Revenue/COGS),40391,Fairfield Inn Gadsden AL,3333,#N/A,38282/2,,,38282/2,04/04/2025,04-04-2025,776.99,A11001,950,Import SPS data by Invoice in NetSuite,17,INV00254
OPENINV10484,Item (Revenue/COGS),40391,Fairfield Inn Gadsden AL,3333,#N/A,38282/3,,,38282/3,04/04/2025,04-04-2025,3044.93,A11001,950,Import SPS data by Invoice in NetSuite,17,INV00255
OPENINV10485,Item (Revenue/COGS),40391,Fairfield Inn Gadsden AL,3333,#N/A,38282/5,,,38282/5,04/04/2025,04-04-2025,166.27,A11001,950,Import SPS data by Invoice in NetSuite,17,INV00256
OPENINV10486,Item (Revenue/COGS),40391,Fairfield Inn Gadsden AL,3333,#N/A,38282/4,,,38282/4,04/04/2025,04-08-2025,117.33,A11001,950,Import SPS data by Invoice in NetSuite,17,INV00257
OPENINV10487,Item (Revenue/COGS),40391,Fairfield Inn Gadsden AL,3333,#N/A,38282/6,,,38282/6,04/15/2025,04/15/2025,74.3,A11001,950,Import SPS data by Invoice in NetSuite,17,INV00258
OPENINV10488,Item (Revenue/COGS),40391,Fairfield Inn Gadsden AL,3333,#N/A,38282/9,,,38282/9,06/16/2025,06/16/2025,103.08,A11001,950,Import SPS data by Invoice in NetSuite,17,INV00259
OPENINV10489,Item (Revenue/COGS),40391,Fairfield Inn Gadsden AL,3333,#N/A,38282/10,,,38282/10,06/30/2025,06/30/2025,575.48,A11001,950,Import SPS data by Invoice in NetSuite,17,INV00260
OPENINV10490,Item (Revenue/COGS),40391,Fairfield Inn Gadsden AL,3333,#N/A,38282/7,,,38282/7,06/30/2025,06/30/2025,845.58,A11001,950,Import SPS data by Invoice in NetSuite,17,INV00261
OPENINV10491,Item (Revenue/COGS),40391,"Fairfield Inn GV HEADQUARTERS, HOUSTON",3334,#N/A,33872,,FAIRFIELD INN- MODEL ROOM,33872FAIRFIELD INN- MODEL ROOM,06/30/2025,06/30/2025,2,A11001,950,Import SPS data by Invoice in NetSuite,17,INV00262
OPENINV10492,Item (Revenue/COGS),40391,Fairfield Townplace East Hartford,3335,#N/A,38682,,,38682,02/03/2025,02-03-2025,40000,A11001,950,Import SPS data by Invoice in NetSuite,17,INV00263
OPENINV10493,Item (Revenue/COGS),40391,Fairfield Townplace East Hartford,3335,#N/A,37579,,,37579,06/24/2025,06/24/2025,2437.45,A11001,950,Import SPS data by Invoice in NetSuite,17,INV00264
OPENINV10494,Item (Revenue/COGS),40391,Fairfield Townplace East Hartford,3335,#N/A,35809,,PA SEATING- FF,35809PA SEATING- FF,06/30/2025,06/30/2025,33522.59,A11001,950,Import SPS data by Invoice in NetSuite,17,INV00265
OPENINV10495,Item (Revenue/COGS),40391,"Hampton Inn & Suites Enterprise,AL",3336,#N/A,34358,,GUEST ROOMS ARTWORK/MIRROR,34358GUEST ROOMS ARTWORK/MIRROR,03/18/2025,03/18/2025,22311.76,A11001,950,Import SPS data by Invoice in NetSuite,17,INV00266
OPENINV10496,Item (Revenue/COGS),40391,"Hampton Inn & Suites Enterprise,AL",3336,#N/A,34357,,GUEST ROOMS LIGHTING,34357GUEST ROOMS LIGHTING,03/19/2025,03/19/2025,19694.75,A11001,950,Import SPS data by Invoice in NetSuite,17,INV00267
OPENINV10497,Item (Revenue/COGS),40391,"Hampton Inn & Suites Enterprise,AL",3336,#N/A,34363/4,,GUEST ROOMS BATH,34363/4GUEST ROOMS BATH,03/24/2025,03/24/2025,3321.44,A11001,950,Import SPS data by Invoice in NetSuite,17,INV00268
OPENINV10498,Item (Revenue/COGS),40391,"Hampton Inn & Suites Enterprise,AL",3336,#N/A,34364/2,,GUEST ROOMS FINISHES,34364/2GUEST ROOMS FINISHES,03/24/2025,03/24/2025,24094.14,A11001,950,Import SPS data by Invoice in NetSuite,17,INV00269
OPENINV10499,Item (Revenue/COGS),40391,"Hampton Inn & Suites Enterprise,AL",3336,#N/A,34364/6,,GUEST ROOMS FINISHES,34364/6GUEST ROOMS FINISHES,04/21/2025,04/21/2025,20281.24,A11001,950,Import SPS data by Invoice in NetSuite,17,INV00270
OPENINV10500,Item (Revenue/COGS),40391,"Hampton Inn & Suites Enterprise,AL",3336,#N/A,34356,,GUEST ROOMS SEATING,34356GUEST ROOMS SEATING,04/23/2025,04/23/2025,7630.5,A11001,950,Import SPS data by Invoice in NetSuite,17,INV00271
OPENINV10501,Item (Revenue/COGS),40391,"Hampton Inn & Suites Enterprise,AL",3336,#N/A,34363/7,,GUEST ROOMS BATH,34363/7GUEST ROOMS BATH,04/25/2025,04/25/2025,18872.76,A11001,950,Import SPS data by Invoice in NetSuite,17,INV00272
OPENINV10502,Item (Revenue/COGS),40391,"Hampton Inn & Suites Enterprise,AL",3336,#N/A,34363/8,,GUEST ROOMS BATH,34363/8GUEST ROOMS BATH,05/12/2025,05-12-2025,350,A11001,950,Import SPS data by Invoice in NetSuite,17,INV00273
OPENINV10503,Item (Revenue/COGS),40391,"Hampton Inn & Suites Enterprise,AL",3336,#N/A,34358/2,,GUEST ROOMS ARTWORK/MIRROR,34358/2GUEST ROOMS ARTWORK/MIRROR,05/27/2025,05/27/2025,75.54,A11001,950,Import SPS data by Invoice in NetSuite,17,INV00274
OPENINV10504,Item (Revenue/COGS),40391,"Hampton Inn & Suites Enterprise,AL",3336,#N/A,34364/7,,GUEST ROOMS FINISHES,34364/7GUEST ROOMS FINISHES,05/27/2025,05/27/2025,8498,A11001,950,Import SPS data by Invoice in NetSuite,17,INV00275
OPENINV10505,Item (Revenue/COGS),40391,"Hampton Inn & Suites Enterprise,AL",3336,#N/A,34356/2,,GUEST ROOMS SEATING,34356/2GUEST ROOMS SEATING,06/30/2025,06/30/2025,5762.22,A11001,950,Import SPS data by Invoice in NetSuite,17,INV00276
OPENINV10506,Item (Revenue/COGS),40391,"Hampton Inn & Suites Enterprise,AL",3336,#N/A,34357/2,,GUEST ROOMS LIGHTING,34357/2GUEST ROOMS LIGHTING,06/30/2025,06/30/2025,261.6,A11001,950,Import SPS data by Invoice in NetSuite,17,INV00277
OPENINV10507,Item (Revenue/COGS),40391,"Hampton Inn & Suites Enterprise,AL",3336,#N/A,34364/8,,GUEST ROOMS FINISHES,34364/8GUEST ROOMS FINISHES,06/30/2025,06/30/2025,17160.14,A11001,950,Import SPS data by Invoice in NetSuite,17,INV00278
OPENINV10508,Item (Revenue/COGS),40391,Hampton Inn Katy TX,3337,#N/A,37930/4,,,37930/4,02/05/2025,03-07-2025,18846.41,A11001,950,Import SPS data by Invoice in NetSuite,17,INV00279
OPENINV10509,Item (Revenue/COGS),40391,Hampton Inn Katy TX,3337,#N/A,36367/11,,FINISHES -GR,36367/11FINISHES -GR,04/23/2025,05/23/2025,33670.87,A11001,950,Import SPS data by Invoice in NetSuite,17,INV00280
OPENINV10510,Item (Revenue/COGS),40391,Hampton Inn Katy TX,3337,#N/A,36374/2,,OUTDOOR - PA,36374/2OUTDOOR - PA,04/23/2025,05/23/2025,7338.91,A11001,950,Import SPS data by Invoice in NetSuite,17,INV00281
OPENINV10511,Item (Revenue/COGS),40391,Hampton Inn Katy TX,3337,#N/A,36357/6,,SEATING - GR,36357/6SEATING - GR,06/16/2025,07/16/2025,5604.97,A11001,950,Import SPS data by Invoice in NetSuite,17,INV00282
OPENINV10512,Item (Revenue/COGS),40391,Hampton Inn Katy TX,3337,#N/A,36365/3,,QUARTZ - GR,36365/3QUARTZ - GR,06/16/2025,07/16/2025,9022.04,A11001,950,Import SPS data by Invoice in NetSuite,17,INV00283
OPENINV10513,Item (Revenue/COGS),40391,Hampton Inn Katy TX,3337,#N/A,36368/4,,SEATING -PA,36368/4SEATING -PA,06/16/2025,07/16/2025,3735.91,A11001,950,Import SPS data by Invoice in NetSuite,17,INV00284
OPENINV10514,Item (Revenue/COGS),40391,Hampton Inn Katy TX,3337,#N/A,36374,,OUTDOOR - PA,36374OUTDOOR - PA,06/30/2025,07/30/2025,2278.08,A11001,950,Import SPS data by Invoice in NetSuite,17,INV00285
OPENINV10515,Item (Revenue/COGS),40391,Hampton Inn Katy TX,3337,#N/A,39070,,,39070,06/30/2025,07/30/2025,-251.88,A11001,950,Import SPS data by Invoice in NetSuite,17,INV00286
OPENINV10516,Item (Revenue/COGS),40391,Hampton Inn Nashville,3338,#N/A,38613/2,,,38613/2,03/06/2025,03-06-2025,4811.44,A11001,950,Import SPS data by Invoice in NetSuite,17,INV00287
OPENINV10517,Item (Revenue/COGS),40391,Hampton Inn Nashville,3338,#N/A,38613,,,38613,06/30/2025,06/30/2025,8542.3,A11001,950,Import SPS data by Invoice in NetSuite,17,INV00288
OPENINV10518,Item (Revenue/COGS),40391,Hampton Inn Nashville,3338,#N/A,38637/2,,Hampton Inn Nashville - Public Area,38637/2Hampton Inn Nashville - Public Area,06/30/2025,06/30/2025,10151,A11001,950,Import SPS data by Invoice in NetSuite,17,INV00289
OPENINV10519,Item (Revenue/COGS),40391,HAMPTON INN PEARLAND,3339,#N/A,34826/2,,,34826/2,07/21/2023,07/21/2023,1043.7,A11001,950,Import SPS data by Invoice in NetSuite,17,INV00290
OPENINV10520,Item (Revenue/COGS),40391,HAMPTON INN PEARLAND,3339,#N/A,33807/6,,FINISHES - TILES,33807/6FINISHES - TILES,08/25/2023,08/25/2023,1598.56,A11001,950,Import SPS data by Invoice in NetSuite,17,INV00291
OPENINV10521,Item (Revenue/COGS),40391,HAMPTON INN PEARLAND,3339,#N/A,36102,,,36102,07/31/2024,09/29/2024,13808.21,A11001,950,Import SPS data by Invoice in NetSuite,17,INV00292
OPENINV10522,Item (Revenue/COGS),40391,HAMPTON INN PEARLAND,3339,#N/A,37434,,,37434,11/25/2024,11/25/2024,1212.87,A11001,950,Import SPS data by Invoice in NetSuite,17,INV00293
OPENINV10523,Item (Revenue/COGS),40391,HAMPTON INN PEARLAND,3339,#N/A,34554/3,,PUBLIC AREAS SEATING,34554/3PUBLIC AREAS SEATING,11/29/2024,11/29/2024,8703.17,A11001,950,Import SPS data by Invoice in NetSuite,17,INV00294
OPENINV10524,Item (Revenue/COGS),40391,HAMPTON INN PEARLAND,3339,#N/A,34557/2,,PUBLIC AREAS WINDOW TREATMENTS,34557/2PUBLIC AREAS WINDOW TREATMENTS,11/29/2024,11/29/2024,531.16,A11001,950,Import SPS data by Invoice in NetSuite,17,INV00295
OPENINV10525,Item (Revenue/COGS),40391,HAMPTON INN PEARLAND,3339,#N/A,34558/3,,PUBLIC AREAS ARTWORK,34558/3PUBLIC AREAS ARTWORK,11/29/2024,11/29/2024,280.75,A11001,950,Import SPS data by Invoice in NetSuite,17,INV00296
OPENINV10526,Item (Revenue/COGS),40391,HAMPTON INN PEARLAND,3339,#N/A,34559/5,,PUBLIC AREAS FINISHES,34559/5PUBLIC AREAS FINISHES,11/29/2024,11/29/2024,485.47,A11001,950,Import SPS data by Invoice in NetSuite,17,INV00297
OPENINV10527,Item (Revenue/COGS),40391,HAMPTON INN PEARLAND,3339,#N/A,34559/6,,PUBLIC AREAS FINISHES,34559/6PUBLIC AREAS FINISHES,11/29/2024,11/29/2024,3048.68,A11001,950,Import SPS data by Invoice in NetSuite,17,INV00298
OPENINV10528,Item (Revenue/COGS),40391,HAMPTON INN PEARLAND,3339,#N/A,34561/3,,PUBLIC AREAS QUARTZ,34561/3PUBLIC AREAS QUARTZ,11/29/2024,11/29/2024,61.38,A11001,950,Import SPS data by Invoice in NetSuite,17,INV00299
OPENINV10529,Item (Revenue/COGS),40391,HAMPTON INN PEARLAND,3339,#N/A,35036/3,,BATH ACCESSORIES ADDS,35036/3BATH ACCESSORIES ADDS,11/29/2024,11/29/2024,4670.33,A11001,950,Import SPS data by Invoice in NetSuite,,
OPENINV10530,Item (Revenue/COGS),40391,HAMPTON INN PEARLAND,3339,#N/A,35036/4,,BATH ACCESSORIES ADDS,35036/4BATH ACCESSORIES ADDS,11/29/2024,11/29/2024,1727.67,A11001,950,Import SPS data by Invoice in NetSuite,,
OPENINV10531,Item (Revenue/COGS),40391,HAMPTON INN PEARLAND,3339,#N/A,37434/5,,,37434/5,01/15/2025,01/15/2025,655.76,A11001,950,Import SPS data by Invoice in NetSuite,,
OPENINV10532,Item (Revenue/COGS),40391,HAMPTON INN PEARLAND,3339,#N/A,34559/7,,PUBLIC AREAS FINISHES,34559/7PUBLIC AREAS FINISHES,06/30/2025,06/30/2025,2995.22,A11001,950,Import SPS data by Invoice in NetSuite,,
OPENINV10533,Item (Revenue/COGS),40391,HAMPTON INN PEARLAND,3339,#N/A,37434/2,,,37434/2,06/30/2025,06/30/2025,331.54,A11001,950,Import SPS data by Invoice in NetSuite,,
OPENINV10534,Item (Revenue/COGS),40391,HAMPTON INN PEARLAND,3339,#N/A,37434/3,,,37434/3,06/30/2025,06/30/2025,1810.19,A11001,950,Import SPS data by Invoice in NetSuite,,
OPENINV10535,Item (Revenue/COGS),40391,Hampton Inn Rosenberg,2520,#N/A,34037/10,,BATH,34037/10BATH,08/16/2024,08/16/2024,75.78,A11001,950,Import SPS data by Invoice in NetSuite,,
OPENINV10536,Item (Revenue/COGS),40391,Hampton Inn Rosenberg,2520,#N/A,38445,,,38445,01/31/2025,01/31/2025,410.27,A11001,950,Import SPS data by Invoice in NetSuite,,
OPENINV10537,Item (Revenue/COGS),40391,Hampton Inn Rosenberg,2520,#N/A,37972,,SEATING -PA,37972SEATING -PA,04/08/2025,04-08-2025,13291.63,A11001,950,Import SPS data by Invoice in NetSuite,,
OPENINV10538,Item (Revenue/COGS),40391,Hampton Inn Rosenberg,2520,#N/A,37977/3,,MILLWORK - PA,37977/3MILLWORK - PA,04/08/2025,04-08-2025,26640.93,A11001,950,Import SPS data by Invoice in NetSuite,,
OPENINV10539,Item (Revenue/COGS),40391,Hampton Inn Rosenberg,2520,#N/A,37972/2,,SEATING -PA,37972/2SEATING -PA,05/13/2025,05/13/2025,16689.75,A11001,950,Import SPS data by Invoice in NetSuite,,
OPENINV10540,Item (Revenue/COGS),40391,Hampton Inn Rosenberg,2520,#N/A,34038/10,,FINISHES,34038/10FINISHES,06/30/2025,06/30/2025,0.02,A11001,950,Import SPS data by Invoice in NetSuite,,
OPENINV10541,Item (Revenue/COGS),40391,Hampton Inn Rosenberg,2520,#N/A,37972/3,,SEATING -PA,37972/3SEATING -PA,06/30/2025,06/30/2025,5763.23,A11001,950,Import SPS data by Invoice in NetSuite,,
OPENINV10542,Item (Revenue/COGS),40391,Hampton Inn Rosenberg,2520,#N/A,37976/10,,FINISHES - PA,37976/10FINISHES - PA,06/30/2025,06/30/2025,5771.24,A11001,950,Import SPS data by Invoice in NetSuite,,
OPENINV10543,Item (Revenue/COGS),40391,Hampton Inn Rosenberg,2520,#N/A,37976/11,,FINISHES - PA,37976/11FINISHES - PA,06/30/2025,06/30/2025,14057.35,A11001,950,Import SPS data by Invoice in NetSuite,,
OPENINV10544,Item (Revenue/COGS),40391,Hampton Inn Rosenberg,2520,#N/A,37976/5,,FINISHES - PA,37976/5FINISHES - PA,06/30/2025,06/30/2025,232.74,A11001,950,Import SPS data by Invoice in NetSuite,,
OPENINV10545,Item (Revenue/COGS),40391,Hampton Inn Rosenberg,2520,#N/A,37977,,MILLWORK - PA,37977MILLWORK - PA,06/30/2025,06/30/2025,19649.75,A11001,950,Import SPS data by Invoice in NetSuite,,
OPENINV10546,Item (Revenue/COGS),40391,Hampton Inn Rosenberg,2520,#N/A,37978,,QUARTZ-PA,37978QUARTZ-PA,06/30/2025,06/30/2025,531.64,A11001,950,Import SPS data by Invoice in NetSuite,,
OPENINV10547,Item (Revenue/COGS),40391,Hampton Inn Rosenberg,2520,#N/A,37978/2,,QUARTZ-PA,37978/2QUARTZ-PA,06/30/2025,06/30/2025,12930.94,A11001,950,Import SPS data by Invoice in NetSuite,,
OPENINV10548,Item (Revenue/COGS),40391,Hampton Inn Rosenberg,2520,#N/A,38548,,PA Lighting,38548PA Lighting,06/30/2025,06/30/2025,7748.36,A11001,950,Import SPS data by Invoice in NetSuite,,
OPENINV10549,Item (Revenue/COGS),40391,Hawthorn Suites.,3341,#N/A,38520/7,,,38520/7,06/09/2025,06-09-2025,26475.24,A11001,950,Import SPS data by Invoice in NetSuite,,
OPENINV10550,Item (Revenue/COGS),40391,HILTON WARWICK,3342,#N/A,37137,PO-HILTON WARWICK,Sanjay Patel,37137PO-HILTON WARWICKSanjay Patel,08/01/2024,08-01-2024,270.63,A11001,950,Import SPS data by Invoice in NetSuite,,
OPENINV10551,Item (Revenue/COGS),40391,"Holiday Inn Express - Zion, IL",3343,#N/A,33668/2,,Holiday Inn Express,33668/2Holiday Inn Express,03/24/2023,03/24/2023,-9360,A11001,950,Import SPS data by Invoice in NetSuite,,
OPENINV10552,Item (Revenue/COGS),40391,Holiday Inn Pauls Valley - Pete Patel,3344,#N/A,35022/2,,Holiday Inn Express - Surrounds,35022/2Holiday Inn Express - Surrounds,08/25/2023,08/25/2023,2770,A11001,950,Import SPS data by Invoice in NetSuite,,
OPENINV10553,Item (Revenue/COGS),40391,Holiday Inn Pauls Valley - Pete Patel,3344,#N/A,36298,,,36298,03/12/2024,03-12-2024,1723.71,A11001,950,Import SPS data by Invoice in NetSuite,,
OPENINV10554,Item (Revenue/COGS),40391,Home 2 Suites Phoenix AZ,3345,#N/A,34493,,,34493,06/28/2023,06/28/2023,7282.5,A11001,950,Import SPS data by Invoice in NetSuite,,
OPENINV10555,Item (Revenue/COGS),40391,"Hometown Inn & Suites, Memphis TN",3346,#N/A,36617,,GR SEATING,36617GR SEATING,04/19/2024,04/19/2024,796,A11001,950,Import SPS data by Invoice in NetSuite,,
OPENINV10556,Item (Revenue/COGS),40391,"Hometown Inn & Suites, Memphis TN",3346,#N/A,37415,,,37415,08/30/2024,08/30/2024,3971.91,A11001,950,Import SPS data by Invoice in NetSuite,,
OPENINV10557,Item (Revenue/COGS),40391,"Hometown Inn & Suites, Memphis TN",3346,#N/A,38010,,,38010,10/21/2024,10/21/2024,251.88,A11001,950,Import SPS data by Invoice in NetSuite,,
OPENINV10558,Item (Revenue/COGS),40391,"Hometown Inn & Suites, Memphis TN",3346,#N/A,36798,,PA DECORATIVE PANELS,36798PA DECORATIVE PANELS,10/23/2024,10/23/2024,10941.57,A11001,950,Import SPS data by Invoice in NetSuite,,
OPENINV10559,Item (Revenue/COGS),40391,"Hometown Inn & Suites, Memphis TN",3346,#N/A,36801/2,,PA CASEGOODS,36801/2PA CASEGOODS,11/29/2024,11/29/2024,10711.73,A11001,950,Import SPS data by Invoice in NetSuite,,
OPENINV10560,Item (Revenue/COGS),40391,"Hometown Inn & Suites, Memphis TN",3346,#N/A,36797,,PA ARTWORK,36797PA ARTWORK,06/30/2025,06/30/2025,143.61,A11001,950,Import SPS data by Invoice in NetSuite,,
OPENINV10561,Item (Revenue/COGS),40391,Homewood Suites by Hilton,3347,#N/A,38757,,Chairs,38757Chairs,03/17/2025,03/17/2025,11357.89,A11001,950,Import SPS data by Invoice in NetSuite,,
OPENINV10562,Item (Revenue/COGS),40391,Hotel Beacon NYC,3348,#N/A,38064/3,,GR CASEGOODS,38064/3GR CASEGOODS,06/16/2025,06/16/2025,2656.25,A11001,950,Import SPS data by Invoice in NetSuite,,
OPENINV10563,Item (Revenue/COGS),40391,Hotel Beacon NYC,3348,#N/A,38078,,GR COUNTERTOP @ WET BARS - V.I.F,38078GR COUNTERTOP @ WET BARS - V.I.F,06/16/2025,06/16/2025,4746.2,A11001,950,Import SPS data by Invoice in NetSuite,,
OPENINV10564,Item (Revenue/COGS),40391,Hotel Beacon NYC,3348,#N/A,38072,,GR UPHOLSTERY SEATING,38072GR UPHOLSTERY SEATING,06/30/2025,06/30/2025,10717.11,A11001,950,Import SPS data by Invoice in NetSuite,,
OPENINV10565,Item (Revenue/COGS),40391,Hotel Beacon NYC,3348,#N/A,38074,,GR LAQUER DOORS- V.I.F,38074GR LAQUER DOORS- V.I.F,06/30/2025,06/30/2025,1504.84,A11001,950,Import SPS data by Invoice in NetSuite,,
OPENINV10566,Item (Revenue/COGS),40391,Hotel Beacon NYC,3348,#N/A,38075/2,,GR KITCHEN CABINETRY - V.I.F,38075/2GR KITCHEN CABINETRY - V.I.F,06/30/2025,06/30/2025,3051.67,A11001,950,Import SPS data by Invoice in NetSuite,,
OPENINV10567,Item (Revenue/COGS),40391,Hotel Beacon NYC,3348,#N/A,38077/2,,GR WET BAR CABINETRY - V.I.F,38077/2GR WET BAR CABINETRY - V.I.F,06/30/2025,06/30/2025,6195.86,A11001,950,Import SPS data by Invoice in NetSuite,,
OPENINV10568,Item (Revenue/COGS),40391,Hotel Beacon NYC,3348,#N/A,38105/3,,GR CASEGOODS,38105/3GR CASEGOODS,06/30/2025,06/30/2025,48695.45,A11001,950,Import SPS data by Invoice in NetSuite,,
OPENINV10569,Item (Revenue/COGS),40391,Hotel Beacon NYC,3348,#N/A,38112,,GR UPHOLSTERY SEATING,38112GR UPHOLSTERY SEATING,06/30/2025,06/30/2025,26077.23,A11001,950,Import SPS data by Invoice in NetSuite,,
OPENINV10570,Item (Revenue/COGS),40391,"Hotel Tops USA/La Quinta Albany, GA",3349,#N/A,36049,,LIGHTING- FF&E,36049LIGHTING- FF&E,06/30/2025,06/30/2025,31678.37,A11001,950,Import SPS data by Invoice in NetSuite,,
OPENINV10571,Item (Revenue/COGS),40391,Innovativo Design,3350,#N/A,33620,,Offices,33620Offices,11/21/2022,11/21/2022,1674.08,A11001,950,Import SPS data by Invoice in NetSuite,,
OPENINV10572,Item (Revenue/COGS),40391,Innovativo Design,3350,#N/A,33613,,Nancy Paolino - Lounge Chairs (Personal),33613Nancy Paolino - Lounge Chairs (Personal),03/16/2023,03/16/2023,1012,A11001,950,Import SPS data by Invoice in NetSuite,,
OPENINV10573,Item (Revenue/COGS),40391,"Jay Sun Hospitality LLC / La Quinta La Habra,CA",3351,#N/A,37095,,,37095,06/03/2024,06-03-2024,613.83,A11001,950,Import SPS data by Invoice in NetSuite,,
OPENINV10574,Item (Revenue/COGS),40391,"Jay Sun Hospitality LLC / La Quinta La Habra,CA",3351,#N/A,36231/2,,GR SEATING - FF&E,36231/2GR SEATING - FF&E,10/31/2024,10/31/2024,5421.8,A11001,950,Import SPS data by Invoice in NetSuite,,
OPENINV10575,Item (Revenue/COGS),40391,"Jay Sun Hospitality LLC / La Quinta La Habra,CA",3351,#N/A,36235/2,,PA SEATING- FF&E,36235/2PA SEATING- FF&E,10/31/2024,10/31/2024,2403.4,A11001,950,Import SPS data by Invoice in NetSuite,,
OPENINV10576,Item (Revenue/COGS),40391,"Jay Sun Hospitality LLC / La Quinta La Habra,CA",3351,#N/A,36235,,PA SEATING- FF&E,36235PA SEATING- FF&E,11/11/2024,11-11-2024,4080.9,A11001,950,Import SPS data by Invoice in NetSuite,,
OPENINV10577,Item (Revenue/COGS),40391,"Jay Sun Hospitality LLC / La Quinta La Habra,CA",3351,#N/A,36231/3,,GR SEATING - FF&E,36231/3GR SEATING - FF&E,12/02/2024,12-02-2024,7620.4,A11001,950,Import SPS data by Invoice in NetSuite,,
OPENINV10578,Item (Revenue/COGS),40391,"Jay Sun Hospitality LLC / La Quinta La Habra,CA",3351,#N/A,36233,,GR FINISHES - FF,36233GR FINISHES - FF,06/16/2025,06/16/2025,6318.06,A11001,950,Import SPS data by Invoice in NetSuite,,
OPENINV10579,Item (Revenue/COGS),40391,"Jay Sun Hospitality LLC / La Quinta La Habra,CA",3351,#N/A,36234,,GR BEDDING & BEDDING FABRICATION - OS&E,36234GR BEDDING & BEDDING FABRICATION - OS&E,06/16/2025,06/16/2025,11522.61,A11001,950,Import SPS data by Invoice in NetSuite,,
OPENINV10580,Item (Revenue/COGS),40391,"Jay Sun Hospitality LLC / La Quinta La Habra,CA",3351,#N/A,36237,,PA FLOOR FINISHES - FF&E,36237PA FLOOR FINISHES - FF&E,06/16/2025,06/16/2025,122.98,A11001,950,Import SPS data by Invoice in NetSuite,,
OPENINV10581,Item (Revenue/COGS),40391,"Jay Sun Hospitality LLC / La Quinta La Habra,CA",3351,#N/A,35429/6,,GE CASEGOODS - FF,35429/6GE CASEGOODS - FF,06/30/2025,06/30/2025,9520.06,A11001,950,Import SPS data by Invoice in NetSuite,,
OPENINV10582,Item (Revenue/COGS),40391,"Jay Sun Hospitality LLC / La Quinta La Habra,CA",3351,#N/A,35438/4,,PA CASEGOODS - FF,35438/4PA CASEGOODS - FF,06/30/2025,06/30/2025,496.86,A11001,950,Import SPS data by Invoice in NetSuite,,
OPENINV10583,Item (Revenue/COGS),40391,"Jay Sun Hospitality LLC / La Quinta La Habra,CA",3351,#N/A,35440/6,,PA SEATING- FF,35440/6PA SEATING- FF,06/30/2025,06/30/2025,483.44,A11001,950,Import SPS data by Invoice in NetSuite,,
OPENINV10584,Item (Revenue/COGS),40391,"Jay Sun Hospitality LLC / La Quinta La Habra,CA",3351,#N/A,36231/4,,GR SEATING - FF&E,36231/4GR SEATING - FF&E,06/30/2025,06/30/2025,2080,A11001,950,Import SPS data by Invoice in NetSuite,,
OPENINV10585,Item (Revenue/COGS),40391,"Jay Sun Hospitality LLC / La Quinta La Habra,CA",3351,#N/A,36235/3,,PA SEATING- FF&E,36235/3PA SEATING- FF&E,06/30/2025,06/30/2025,2569.22,A11001,950,Import SPS data by Invoice in NetSuite,,
OPENINV10586,Item (Revenue/COGS),40391,JERRY OSBOURNE ASSOCIATES HAMPTOM INN HAZARD KY,3352,#N/A,32572/5,24841,Hampton Inn & Suites,32572/524841Hampton Inn & Suites,07/06/2023,07-06-2023,13576.4,A11001,950,Import SPS data by Invoice in NetSuite,,
OPENINV10587,Item (Revenue/COGS),40391,Kanti kusum Inc,576,#N/A,34519/2,,WINDOW TREATMENT & WINDOW TREATMENT FABRIC,34519/2WINDOW TREATMENT & WINDOW TREATMENT FABRIC,06/30/2025,06/30/2025,3003.75,A11001,950,Import SPS data by Invoice in NetSuite,,
OPENINV10588,Item (Revenue/COGS),40391,Kanti kusum Inc,576,#N/A,34520/5,,FINISHES,34520/5FINISHES,06/30/2025,06/30/2025,236.35,A11001,950,Import SPS data by Invoice in NetSuite,,
OPENINV10589,Item (Revenue/COGS),40391,Kanti kusum Inc,576,#N/A,34520/6,,FINISHES,34520/6FINISHES,06/30/2025,06/30/2025,11755.35,A11001,950,Import SPS data by Invoice in NetSuite,,
OPENINV10590,Item (Revenue/COGS),40391,Kanti kusum Inc,576,#N/A,34521/5,,Wingate Augusta - GUEST BATH ITEMS,34521/5Wingate Augusta - GUEST BATH ITEMS,06/30/2025,06/30/2025,1053,A11001,950,Import SPS data by Invoice in NetSuite,,
OPENINV10591,Item (Revenue/COGS),40391,Kanti kusum Inc,576,#N/A,34847/3,,PUBLIC AREA SEATING,34847/3PUBLIC AREA SEATING,06/30/2025,06/30/2025,6772.33,A11001,950,Import SPS data by Invoice in NetSuite,,
OPENINV10592,Item (Revenue/COGS),40391,Kanti kusum Inc,576,#N/A,34848/3,,PUBLIC AREA LIGHTING,34848/3PUBLIC AREA LIGHTING,06/30/2025,06/30/2025,892.96,A11001,950,Import SPS data by Invoice in NetSuite,,
OPENINV10593,Item (Revenue/COGS),40391,Kanti kusum Inc,576,#N/A,34850/4,,PUBLIC AREA MILLWORK,34850/4PUBLIC AREA MILLWORK,06/30/2025,06/30/2025,3021.42,A11001,950,Import SPS data by Invoice in NetSuite,,
OPENINV10594,Item (Revenue/COGS),40391,Kanti kusum Inc,576,#N/A,34851/3,,PUBLIC AREA QUARTZ TOP - GC ITEMS,34851/3PUBLIC AREA QUARTZ TOP - GC ITEMS,06/30/2025,06/30/2025,991.68,A11001,950,Import SPS data by Invoice in NetSuite,,
OPENINV10595,Item (Revenue/COGS),40391,Kanti kusum Inc,576,#N/A,34852,,PUBLIC AREA BATHROOM ACCESSORIES,34852PUBLIC AREA BATHROOM ACCESSORIES,06/30/2025,06/30/2025,62.81,A11001,950,Import SPS data by Invoice in NetSuite,,
OPENINV10596,Item (Revenue/COGS),40391,Kanti kusum Inc,576,#N/A,34852/2,,PUBLIC AREA BATHROOM ACCESSORIES,34852/2PUBLIC AREA BATHROOM ACCESSORIES,06/30/2025,06/30/2025,59.22,A11001,950,Import SPS data by Invoice in NetSuite,,
OPENINV10597,Item (Revenue/COGS),40391,Kanti kusum Inc,576,#N/A,34853/3,,PUBLIC AREA FINISHES,34853/3PUBLIC AREA FINISHES,06/30/2025,06/30/2025,283.86,A11001,950,Import SPS data by Invoice in NetSuite,,
OPENINV10598,Item (Revenue/COGS),40391,Kanti kusum Inc,576,#N/A,34853/4,,PUBLIC AREA FINISHES,34853/4PUBLIC AREA FINISHES,06/30/2025,06/30/2025,10730.66,A11001,950,Import SPS data by Invoice in NetSuite,,
OPENINV10599,Item (Revenue/COGS),40391,Kanti kusum Inc,576,#N/A,35289/2,,WINGATE AUGUSTA EXTRA ITEMS,35289/2WINGATE AUGUSTA EXTRA ITEMS,06/30/2025,06/30/2025,4651.78,A11001,950,Import SPS data by Invoice in NetSuite,,
OPENINV10600,Item (Revenue/COGS),40391,Kanti kusum Inc,576,#N/A,35289/3,,WINGATE AUGUSTA EXTRA ITEMS,35289/3WINGATE AUGUSTA EXTRA ITEMS,06/30/2025,06/30/2025,59.91,A11001,950,Import SPS data by Invoice in NetSuite,,
OPENINV10601,Item (Revenue/COGS),40391,Kanti kusum Inc,576,#N/A,35289/4,,WINGATE AUGUSTA EXTRA ITEMS,35289/4WINGATE AUGUSTA EXTRA ITEMS,06/30/2025,06/30/2025,324.29,A11001,950,Import SPS data by Invoice in NetSuite,,
OPENINV10602,Item (Revenue/COGS),40391,Kanti kusum Inc,576,#N/A,37042,,Wingate Augusta Additional Lighting Item,37042Wingate Augusta Additional Lighting Item,06/30/2025,06/30/2025,1688.12,A11001,950,Import SPS data by Invoice in NetSuite,,
OPENINV10603,Item (Revenue/COGS),40391,Kimpton Monaco Baltimore,3353,#N/A,38735,,,38735,05/19/2025,05/19/2025,276.74,A11001,950,Import SPS data by Invoice in NetSuite,,
OPENINV10604,Item (Revenue/COGS),40391,Kimpton Monaco Baltimore,3353,#N/A,38735/2,,,38735/2,06/30/2025,06/30/2025,1070,A11001,950,Import SPS data by Invoice in NetSuite,,
OPENINV10605,Item (Revenue/COGS),40391,Kings Bay Coastal Hotel Management LLC / Wingate Kingsland,3354,#N/A,,,,,06/13/2025,06/13/2025,30000,A11001,950,Import SPS data by Invoice in NetSuite,,
OPENINV10606,Item (Revenue/COGS),40391,Kings Construction,580,#N/A,29008/2,,,29008/2,12/31/2021,12/31/2021,191.92,A11001,950,Import SPS data by Invoice in NetSuite,,
OPENINV10607,Item (Revenue/COGS),40391,Kings Construction,580,#N/A,25968/2,,,25968/2,03/08/2022,03-08-2022,313.57,A11001,950,Import SPS data by Invoice in NetSuite,,
OPENINV10608,Item (Revenue/COGS),40391,Kings Construction,580,#N/A,32296/2,,,32296/2,04/28/2022,04/28/2022,465.12,A11001,950,Import SPS data by Invoice in NetSuite,,
OPENINV10609,Item (Revenue/COGS),40391,Kings Construction,580,#N/A,32296/3,,,32296/3,04/28/2022,04/28/2022,106.59,A11001,950,Import SPS data by Invoice in NetSuite,,
OPENINV10610,Item (Revenue/COGS),40391,Kings Construction,580,#N/A,32296,,,32296,04/29/2022,04/29/2022,232.56,A11001,950,Import SPS data by Invoice in NetSuite,,
OPENINV10611,Item (Revenue/COGS),40391,Kings Construction,580,#N/A,30036/4,,Gas Station Port Arthur,30036/4Gas Station Port Arthur,05/12/2022,05-12-2022,3250,A11001,950,Import SPS data by Invoice in NetSuite,,
OPENINV10612,Item (Revenue/COGS),40391,Kings Construction,580,#N/A,31872,,Port Arthur Gas Station Additional Items,31872Port Arthur Gas Station Additional Items,06/10/2022,06-10-2022,2164.29,A11001,950,Import SPS data by Invoice in NetSuite,,
OPENINV10613,Item (Revenue/COGS),40391,Kings Construction,580,#N/A,32645,,FM 529,32645FM 529,06/29/2022,06/29/2022,4506.84,A11001,950,Import SPS data by Invoice in NetSuite,,
OPENINV10614,Item (Revenue/COGS),40391,Kings Construction,580,#N/A,32667,,,32667,07/02/2022,07-02-2022,2507.83,A11001,950,Import SPS data by Invoice in NetSuite,,
OPENINV10615,Item (Revenue/COGS),40391,Kings Construction,580,#N/A,32818,,,32818,07/13/2022,07/13/2022,182.52,A11001,950,Import SPS data by Invoice in NetSuite,,
OPENINV10616,Item (Revenue/COGS),40391,Kings Construction,580,#N/A,31256,,Als House Finalized,31256Als House Finalized,07/18/2022,07/18/2022,25147.47,A11001,950,Import SPS data by Invoice in NetSuite,,
OPENINV10617,Item (Revenue/COGS),40391,Kings Construction,580,#N/A,32538/2,,,32538/2,07/20/2022,07/20/2022,8347.86,A11001,950,Import SPS data by Invoice in NetSuite,,
OPENINV10618,Item (Revenue/COGS),40391,Kings Construction,580,#N/A,32998,,,32998,08/23/2022,08/23/2022,1787.5,A11001,950,Import SPS data by Invoice in NetSuite,,
OPENINV10619,Item (Revenue/COGS),40391,Kings Construction,580,#N/A,33005,,,33005,08/23/2022,08/23/2022,2179.6,A11001,950,Import SPS data by Invoice in NetSuite,,
OPENINV10620,Item (Revenue/COGS),40391,Kings Construction,580,#N/A,33021,,,33021,08/24/2022,08/24/2022,463.91,A11001,950,Import SPS data by Invoice in NetSuite,,
OPENINV10621,Item (Revenue/COGS),40391,Kings Construction,580,#N/A,33164,,,33164,09/09/2022,09-09-2022,2940.75,A11001,950,Import SPS data by Invoice in NetSuite,,
OPENINV10622,Item (Revenue/COGS),40391,Kings Construction,580,#N/A,33164/2,,,33164/2,09/10/2022,09-10-2022,2662.77,A11001,950,Import SPS data by Invoice in NetSuite,,
OPENINV10623,Item (Revenue/COGS),40391,Kings Construction,580,#N/A,33194,,,33194,09/19/2022,09/19/2022,4874.96,A11001,950,Import SPS data by Invoice in NetSuite,,
OPENINV10624,Item (Revenue/COGS),40391,Kings Construction,580,#N/A,33271,,,33271,09/29/2022,09/29/2022,463.32,A11001,950,Import SPS data by Invoice in NetSuite,,
OPENINV10625,Item (Revenue/COGS),40391,Kings Construction,580,#N/A,33230,,,33230,10/25/2022,10/25/2022,8152.39,A11001,950,Import SPS data by Invoice in NetSuite,,
OPENINV10626,Item (Revenue/COGS),40391,Kings Construction,580,#N/A,33463,,,33463,11/01/2022,11-01-2022,6763.72,A11001,950,Import SPS data by Invoice in NetSuite,,
OPENINV10627,Item (Revenue/COGS),40391,Kings Construction,580,#N/A,33490,,,33490,11/04/2022,11-04-2022,3568.5,A11001,950,Import SPS data by Invoice in NetSuite,,
OPENINV10628,Item (Revenue/COGS),40391,Kings Construction,580,#N/A,33601,,,33601,11/15/2022,11/15/2022,742.83,A11001,950,Import SPS data by Invoice in NetSuite,,
OPENINV10629,Item (Revenue/COGS),40391,Kings Construction,580,#N/A,33609,,,33609,11/17/2022,11/17/2022,751.93,A11001,950,Import SPS data by Invoice in NetSuite,,
OPENINV10630,Item (Revenue/COGS),40391,Kings Construction,580,#N/A,31256/2,,Als House Finalized,31256/2Als House Finalized,12/20/2022,12/20/2022,17164.4,A11001,950,Import SPS data by Invoice in NetSuite,,
OPENINV10631,Item (Revenue/COGS),40391,Kings Construction,580,#N/A,33742,,,33742,01/19/2023,01/19/2023,2709.72,A11001,950,Import SPS data by Invoice in NetSuite,,
OPENINV10632,Item (Revenue/COGS),40391,Kings Construction,580,#N/A,31256/3,,Als House Finalized,31256/3Als House Finalized,01/20/2023,01/20/2023,3181.49,A11001,950,Import SPS data by Invoice in NetSuite,,
OPENINV10633,Item (Revenue/COGS),40391,Kings Construction,580,#N/A,33966,,,33966,02/13/2023,02/13/2023,551.28,A11001,950,Import SPS data by Invoice in NetSuite,,
OPENINV10634,Item (Revenue/COGS),40391,Kings Construction,580,#N/A,33966/2,,,33966/2,02/14/2023,02/14/2023,346.53,A11001,950,Import SPS data by Invoice in NetSuite,,
OPENINV10635,Item (Revenue/COGS),40391,Kings Construction,580,#N/A,31256/4,,Als House Finalized,31256/4Als House Finalized,02/15/2023,02/15/2023,1948.91,A11001,950,Import SPS data by Invoice in NetSuite,,
OPENINV10636,Item (Revenue/COGS),40391,Kings Construction,580,#N/A,34499,,Als House Additional Tiles,34499Als House Additional Tiles,05/15/2023,05/15/2023,6478.06,A11001,950,Import SPS data by Invoice in NetSuite,,
OPENINV10637,Item (Revenue/COGS),40391,Kings Construction,580,#N/A,34687,,,34687,06/21/2023,06/21/2023,3604.19,A11001,950,Import SPS data by Invoice in NetSuite,,
OPENINV10638,Item (Revenue/COGS),40391,Kings Construction,580,#N/A,34716,,,34716,06/26/2023,06/26/2023,2966.08,A11001,950,Import SPS data by Invoice in NetSuite,,
OPENINV10639,Item (Revenue/COGS),40391,Kings Construction,580,#N/A,34687/2,,,34687/2,06/29/2023,06/29/2023,1131.9,A11001,950,Import SPS data by Invoice in NetSuite,,
OPENINV10640,Item (Revenue/COGS),40391,Kings Construction,580,#N/A,34716/2,,,34716/2,06/29/2023,06/29/2023,3614.91,A11001,950,Import SPS data by Invoice in NetSuite,,
OPENINV10641,Item (Revenue/COGS),40391,Kings Construction,580,#N/A,34576,,Als House Additional Tiles,34576Als House Additional Tiles,07/03/2023,07-03-2023,1546.9,A11001,950,Import SPS data by Invoice in NetSuite,,
OPENINV10642,Item (Revenue/COGS),40391,Kings Construction,580,#N/A,34746,,,34746,07/05/2023,07-05-2023,5097.95,A11001,950,Import SPS data by Invoice in NetSuite,,
OPENINV10643,Item (Revenue/COGS),40391,Kings Construction,580,#N/A,34784,,249,34784249,07/25/2023,07/25/2023,6603,A11001,950,Import SPS data by Invoice in NetSuite,,
OPENINV10644,Item (Revenue/COGS),40391,Kings Construction,580,#N/A,34883,,,34883,07/28/2023,07/28/2023,1054,A11001,950,Import SPS data by Invoice in NetSuite,,
OPENINV10645,Item (Revenue/COGS),40391,Kings Construction,580,#N/A,34883/2,,,34883/2,08/04/2023,08-04-2023,341,A11001,950,Import SPS data by Invoice in NetSuite,,
OPENINV10646,Item (Revenue/COGS),40391,Kings Construction,580,#N/A,34961,,,34961,08/10/2023,08-10-2023,574.63,A11001,950,Import SPS data by Invoice in NetSuite,,
OPENINV10647,Item (Revenue/COGS),40391,Kings Construction,580,#N/A,34986,,,34986,08/11/2023,08-11-2023,84.45,A11001,950,Import SPS data by Invoice in NetSuite,,
OPENINV10648,Item (Revenue/COGS),40391,Kings Construction,580,#N/A,34576/2,,Als House Additional Tiles,34576/2Als House Additional Tiles,08/14/2023,08/14/2023,773.45,A11001,950,Import SPS data by Invoice in NetSuite,,
OPENINV10649,Item (Revenue/COGS),40391,Kings Construction,580,#N/A,34576/3,,Als House Additional Tiles,34576/3Als House Additional Tiles,08/14/2023,08/14/2023,1701.59,A11001,950,Import SPS data by Invoice in NetSuite,,
OPENINV10650,Item (Revenue/COGS),40391,Kings Construction,580,#N/A,34576/4,,Als House Additional Tiles,34576/4Als House Additional Tiles,08/24/2023,08/24/2023,23729.32,A11001,950,Import SPS data by Invoice in NetSuite,,
OPENINV10651,Item (Revenue/COGS),40391,Kings Construction,580,#N/A,34576/5,,Als House Additional Tiles,34576/5Als House Additional Tiles,09/26/2023,09/26/2023,494.76,A11001,950,Import SPS data by Invoice in NetSuite,,
OPENINV10652,Item (Revenue/COGS),40391,Kings Construction,580,#N/A,34499/2,,Als House Additional Tiles,34499/2Als House Additional Tiles,09/29/2023,09/29/2023,4398.58,A11001,950,Import SPS data by Invoice in NetSuite,,
OPENINV10653,Item (Revenue/COGS),40391,Kings Construction,580,#N/A,31256/5,,Als House Finalized,31256/5Als House Finalized,10/04/2023,10-04-2023,2783.32,A11001,950,Import SPS data by Invoice in NetSuite,,
OPENINV10654,Item (Revenue/COGS),40391,Kings Construction,580,#N/A,34499/3,,Als House Additional Tiles,34499/3Als House Additional Tiles,10/19/2023,10/19/2023,8150.17,A11001,950,Import SPS data by Invoice in NetSuite,,
OPENINV10655,Item (Revenue/COGS),40391,Kings Construction,580,#N/A,34499/4,,Als House Additional Tiles,34499/4Als House Additional Tiles,10/20/2023,10/20/2023,33262.47,A11001,950,Import SPS data by Invoice in NetSuite,,
OPENINV10656,Item (Revenue/COGS),40391,Kings Construction,580,#N/A,35031,,,35031,12/11/2023,12-11-2023,6996.98,A11001,950,Import SPS data by Invoice in NetSuite,,
OPENINV10657,Item (Revenue/COGS),40391,Kings Construction,580,#N/A,35199,,Als House Additional tile,35199Als House Additional tile,12/11/2023,12-11-2023,13312.67,A11001,950,Import SPS data by Invoice in NetSuite,,
OPENINV10658,Item (Revenue/COGS),40391,Kings Construction,580,#N/A,35199/2,,Als House Additional tile,35199/2Als House Additional tile,02/09/2024,02-09-2024,44936.98,A11001,950,Import SPS data by Invoice in NetSuite,,
OPENINV10659,Item (Revenue/COGS),40391,Kings Construction,580,#N/A,36413,,Additional Pavers,36413Additional Pavers,03/26/2024,03/26/2024,17335.2,A11001,950,Import SPS data by Invoice in NetSuite,,
OPENINV10660,Item (Revenue/COGS),40391,Kings Construction,580,#N/A,36010,,Als House Additional Tiles,36010Als House Additional Tiles,04/18/2024,04/18/2024,865.83,A11001,950,Import SPS data by Invoice in NetSuite,,
OPENINV10661,Item (Revenue/COGS),40391,Kings Construction,580,#N/A,34576/6,,Als House Additional Tiles,34576/6Als House Additional Tiles,04/25/2024,04/25/2024,6187.8,A11001,950,Import SPS data by Invoice in NetSuite,,
OPENINV10662,Item (Revenue/COGS),40391,Kings Construction,580,#N/A,36613,,Pavers & Slabs,36613Pavers & Slabs,06/28/2024,06/28/2024,13369.8,A11001,950,Import SPS data by Invoice in NetSuite,,
OPENINV10663,Item (Revenue/COGS),40391,Kings Construction,580,#N/A,36613/2,,Pavers & Slabs,36613/2Pavers & Slabs,09/18/2024,09/18/2024,7613.17,A11001,950,Import SPS data by Invoice in NetSuite,,
OPENINV10664,Item (Revenue/COGS),40391,Kings Construction,580,#N/A,38155,,Als House Additional Boost White Slabs,38155Als House Additional Boost White Slabs,10/23/2024,10/23/2024,6684.84,A11001,950,Import SPS data by Invoice in NetSuite,,
OPENINV10665,Item (Revenue/COGS),40391,Kings Construction,580,#N/A,38484,,Clay Rd,38484Clay Rd,12/05/2024,12-05-2024,3336.84,A11001,950,Import SPS data by Invoice in NetSuite,,
OPENINV10666,Item (Revenue/COGS),40391,Kings Construction,580,#N/A,38485,,Al House Additional Slabs,38485Al House Additional Slabs,12/05/2024,12-05-2024,2413.97,A11001,950,Import SPS data by Invoice in NetSuite,,
OPENINV10667,Item (Revenue/COGS),40391,Kings Construction,580,#N/A,38484/2,,Clay Rd,38484/2Clay Rd,12/16/2024,12/16/2024,7995.63,A11001,950,Import SPS data by Invoice in NetSuite,,
OPENINV10668,Item (Revenue/COGS),40391,Kings Construction,580,#N/A,36010/3,,Als House Additional Tiles,36010/3Als House Additional Tiles,12/31/2024,12/31/2024,1113.72,A11001,950,Import SPS data by Invoice in NetSuite,,
OPENINV10669,Item (Revenue/COGS),40391,Kings Construction,580,#N/A,36613/3,,Pavers & Slabs,36613/3Pavers & Slabs,12/31/2024,12/31/2024,2600,A11001,950,Import SPS data by Invoice in NetSuite,,
OPENINV10670,Item (Revenue/COGS),40391,Kings Construction,580,#N/A,38648,,,38648,01/23/2025,01/23/2025,740.95,A11001,950,Import SPS data by Invoice in NetSuite,,
OPENINV10671,Item (Revenue/COGS),40391,Kings Construction,580,#N/A,39024,,,39024,06/30/2025,07/30/2025,1146.01,A11001,950,Import SPS data by Invoice in NetSuite,,
OPENINV10672,Item (Revenue/COGS),40391,"La Quinta - Chelsea,AL",3355,#N/A,37459,,GUEST ROOMS & PUBLIC AREAS WINDOW TREATMENT,37459GUEST ROOMS & PUBLIC AREAS WINDOW TREATMENT,09/30/2024,09/30/2024,52217.91,A11001,950,Import SPS data by Invoice in NetSuite,,
OPENINV10673,Item (Revenue/COGS),40391,"La Quinta - Chelsea,AL",3355,#N/A,37459/2,,GUEST ROOMS & PUBLIC AREAS WINDOW TREATMENT,37459/2GUEST ROOMS & PUBLIC AREAS WINDOW TREATMENT,10/10/2024,10-10-2024,4110.8,A11001,950,Import SPS data by Invoice in NetSuite,,
OPENINV10674,Item (Revenue/COGS),40391,La Quinta Athens Alabama,2442,#N/A,36752/3,,GR CASEGOODS - FF,36752/3GR CASEGOODS - FF,06/30/2025,06/30/2025,29173.53,A11001,950,Import SPS data by Invoice in NetSuite,,
OPENINV10675,Item (Revenue/COGS),40391,La Quinta Athens Alabama,2442,#N/A,36762/10,,PA FLOOR FINISHES - FF,36762/10PA FLOOR FINISHES - FF,06/30/2025,06/30/2025,19393.63,A11001,950,Import SPS data by Invoice in NetSuite,,
OPENINV10676,Item (Revenue/COGS),40391,La Quinta Athens Alabama,2442,#N/A,36763/5,,PA VINYL WALLCOVERING - FF,36763/5PA VINYL WALLCOVERING - FF,06/30/2025,06/30/2025,10941.8,A11001,950,Import SPS data by Invoice in NetSuite,,
OPENINV10677,Item (Revenue/COGS),40391,La Quinta by Wyndham,3356,#N/A,,,,,06/30/2025,06/30/2025,-4500,A11001,950,Import SPS data by Invoice in NetSuite,,
OPENINV10678,Item (Revenue/COGS),40391,La Quinta by Wyndham Dallas DFW Airport N,3357,#N/A,36041/2,,,36041/2,06/30/2024,06/30/2024,745.84,A11001,950,Import SPS data by Invoice in NetSuite,,
OPENINV10679,Item (Revenue/COGS),40391,La Quinta by Wyndham Dallas DFW Airport N,3357,#N/A,36554,,,36554,07/02/2024,07-02-2024,3481.91,A11001,950,Import SPS data by Invoice in NetSuite,,
OPENINV10680,Item (Revenue/COGS),40391,La Quinta by Wyndham Dallas DFW Airport N,3357,#N/A,34794/10,,CASEGOODS - FF&E,34794/10CASEGOODS - FF&E,11/29/2024,11/29/2024,274.24,A11001,950,Import SPS data by Invoice in NetSuite,,
OPENINV10681,Item (Revenue/COGS),40391,La Quinta by Wyndham Dallas DFW Airport N,3357,#N/A,34795/8,,LIGHTING - FF&E,34795/8LIGHTING - FF&E,11/29/2024,11/29/2024,30524.14,A11001,950,Import SPS data by Invoice in NetSuite,,
OPENINV10682,Item (Revenue/COGS),40391,La Quinta by Wyndham Dallas DFW Airport N,3357,#N/A,34798/7,,FINISHES - GR,34798/7FINISHES - GR,11/29/2024,11/29/2024,62836.2,A11001,950,Import SPS data by Invoice in NetSuite,,
OPENINV10683,Item (Revenue/COGS),40391,La Quinta by Wyndham Dallas DFW Airport N,3357,#N/A,34809/15,,PA FLOOR FINISHES - FF&E,34809/15PA FLOOR FINISHES - FF&E,11/29/2024,11/29/2024,5968.97,A11001,950,Import SPS data by Invoice in NetSuite,,
OPENINV10684,Item (Revenue/COGS),40391,La Quinta by Wyndham Dallas DFW Airport N,3357,#N/A,34810/10,,PA VINYL WALLCOVERING - FF&E,34810/10PA VINYL WALLCOVERING - FF&E,11/29/2024,11/29/2024,3634.11,A11001,950,Import SPS data by Invoice in NetSuite,,
OPENINV10685,Item (Revenue/COGS),40391,La Quinta by Wyndham Dallas DFW Airport N,3357,#N/A,34810/11,,PA VINYL WALLCOVERING - FF&E,34810/11PA VINYL WALLCOVERING - FF&E,11/29/2024,11/29/2024,3054.27,A11001,950,Import SPS data by Invoice in NetSuite,,
OPENINV10686,Item (Revenue/COGS),40391,La Quinta by Wyndham Dallas DFW Airport N,3357,#N/A,34805/7,,PA CASEGOODS - FF&E,34805/7PA CASEGOODS - FF&E,06/30/2025,06/30/2025,1668.13,A11001,950,Import SPS data by Invoice in NetSuite,,
OPENINV10687,Item (Revenue/COGS),40391,"La Quinta Hawthorn - DeSoto,TX",3119,#N/A,35802,,BATH-ACCESSORIES,35802BATH-ACCESSORIES,03/25/2024,03/25/2024,26270.39,A11001,950,Import SPS data by Invoice in NetSuite,,
OPENINV10688,Item (Revenue/COGS),40391,"La Quinta Hawthorn - DeSoto,TX",3119,#N/A,35780,,"La Quinta -Desoto, Tx","35780La Quinta -Desoto, Tx",04/04/2024,04-04-2024,10504,A11001,950,Import SPS data by Invoice in NetSuite,,
OPENINV10689,Item (Revenue/COGS),40391,"La Quinta Hawthorn - DeSoto,TX",3119,#N/A,35782,,LA QUINTA - Hawthorne,35782LA QUINTA - Hawthorne,04/04/2024,04-04-2024,28421,A11001,950,Import SPS data by Invoice in NetSuite,,
OPENINV10690,Item (Revenue/COGS),40391,"La Quinta Hawthorn - DeSoto,TX",3119,#N/A,35780/2,,"La Quinta -Desoto, Tx","35780/2La Quinta -Desoto, Tx",05/30/2024,05/30/2024,29344,A11001,950,Import SPS data by Invoice in NetSuite,,
OPENINV10691,Item (Revenue/COGS),40391,"La Quinta Hawthorn - DeSoto,TX",3119,#N/A,37619,,,37619,08/26/2024,08/26/2024,971,A11001,950,Import SPS data by Invoice in NetSuite,,
OPENINV10692,Item (Revenue/COGS),40391,"La Quinta Hawthorn - DeSoto,TX",3119,#N/A,37619/2,,,37619/2,10/03/2024,10-03-2024,6305.02,A11001,950,Import SPS data by Invoice in NetSuite,,
OPENINV10693,Item (Revenue/COGS),40391,"La Quinta Hawthorn - DeSoto,TX",3119,#N/A,37619/3,,,37619/3,10/09/2024,10-09-2024,1614.96,A11001,950,Import SPS data by Invoice in NetSuite,,
OPENINV10694,Item (Revenue/COGS),40391,"La Quinta Hawthorn - DeSoto,TX",3119,#N/A,37047,,PA - WALL TILE - FF&E,37047PA - WALL TILE - FF&E,11/01/2024,11-01-2024,970.85,A11001,950,Import SPS data by Invoice in NetSuite,,
OPENINV10695,Item (Revenue/COGS),40391,"La Quinta Hawthorn - DeSoto,TX",3119,#N/A,37619/4,,,37619/4,11/19/2024,11/19/2024,1840.25,A11001,950,Import SPS data by Invoice in NetSuite,,
OPENINV10696,Item (Revenue/COGS),40391,"La Quinta Hawthorn - DeSoto,TX",3119,#N/A,37619/5,,,37619/5,11/19/2024,11/19/2024,251.87,A11001,950,Import SPS data by Invoice in NetSuite,,
OPENINV10697,Item (Revenue/COGS),40391,"La Quinta Hawthorn - DeSoto,TX",3119,#N/A,37619/6,,,37619/6,12/02/2024,12-02-2024,733.49,A11001,950,Import SPS data by Invoice in NetSuite,,
OPENINV10698,Item (Revenue/COGS),40391,"La Quinta Hawthorn - DeSoto,TX",3119,#N/A,35780/3,,"La Quinta -Desoto, Tx","35780/3La Quinta -Desoto, Tx",06/30/2025,06/30/2025,8230,A11001,950,Import SPS data by Invoice in NetSuite,,
OPENINV10699,Item (Revenue/COGS),40391,"La Quinta Hawthorn - DeSoto,TX",3119,#N/A,35782/2,,LA QUINTA - Hawthorne,35782/2LA QUINTA - Hawthorne,06/30/2025,06/30/2025,148,A11001,950,Import SPS data by Invoice in NetSuite,,
OPENINV10700,Item (Revenue/COGS),40391,"La Quinta Hawthorn - DeSoto,TX",3119,#N/A,35945/2,,GR MILLWORK,35945/2GR MILLWORK,06/30/2025,06/30/2025,15785.98,A11001,950,Import SPS data by Invoice in NetSuite,,
OPENINV10701,Item (Revenue/COGS),40391,"La Quinta Hawthorn - DeSoto,TX",3119,#N/A,35946/5,,GR _ HS ARTWORK,35946/5GR _ HS ARTWORK,06/30/2025,06/30/2025,1743.03,A11001,950,Import SPS data by Invoice in NetSuite,,
OPENINV10702,Item (Revenue/COGS),40391,"La Quinta Hawthorn - DeSoto,TX",3119,#N/A,35947/5,,GR _ HS CASEGOODS - FF,35947/5GR _ HS CASEGOODS - FF,06/30/2025,06/30/2025,2051.77,A11001,950,Import SPS data by Invoice in NetSuite,,
OPENINV10703,Item (Revenue/COGS),40391,"La Quinta Hawthorn - DeSoto,TX",3119,#N/A,35947/6,,GR _ HS CASEGOODS - FF,35947/6GR _ HS CASEGOODS - FF,06/30/2025,06/30/2025,736.53,A11001,950,Import SPS data by Invoice in NetSuite,,
OPENINV10704,Item (Revenue/COGS),40391,"La Quinta Hawthorn - DeSoto,TX",3119,#N/A,35949/2,,GR _ HS SEATING - FF,35949/2GR _ HS SEATING - FF,06/30/2025,06/30/2025,5577.58,A11001,950,Import SPS data by Invoice in NetSuite,,
OPENINV10705,Item (Revenue/COGS),40391,"La Quinta Hawthorn - DeSoto,TX",3119,#N/A,35951/5,,GR _ HS FINISHES - FF,35951/5GR _ HS FINISHES - FF,06/30/2025,06/30/2025,12404.15,A11001,950,Import SPS data by Invoice in NetSuite,,
OPENINV10706,Item (Revenue/COGS),40391,"La Quinta Hawthorn - DeSoto,TX",3119,#N/A,35952/3,,GR _ HS QUARTZ - FF,35952/3GR _ HS QUARTZ - FF,06/30/2025,06/30/2025,8553.53,A11001,950,Import SPS data by Invoice in NetSuite,,
OPENINV10707,Item (Revenue/COGS),40391,"La Quinta Hawthorn - DeSoto,TX",3119,#N/A,35953,,GR _ HS BEDDING,35953GR _ HS BEDDING,06/30/2025,06/30/2025,10305.52,A11001,950,Import SPS data by Invoice in NetSuite,,
OPENINV10708,Item (Revenue/COGS),40391,"La Quinta Hawthorn - DeSoto,TX",3119,#N/A,35954/3,,PA ARTWORK,35954/3PA ARTWORK,06/30/2025,06/30/2025,5292.27,A11001,950,Import SPS data by Invoice in NetSuite,,
OPENINV10709,Item (Revenue/COGS),40391,"La Quinta Hawthorn - DeSoto,TX",3119,#N/A,35955/6,,PA - CASEGOODS - FF,35955/6PA - CASEGOODS - FF,06/30/2025,06/30/2025,4965.74,A11001,950,Import SPS data by Invoice in NetSuite,,
OPENINV10710,Item (Revenue/COGS),40391,"La Quinta Hawthorn - DeSoto,TX",3119,#N/A,35956/3,,PA - LIGHTING - FF,35956/3PA - LIGHTING - FF,06/30/2025,06/30/2025,1346.8,A11001,950,Import SPS data by Invoice in NetSuite,,
OPENINV10711,Item (Revenue/COGS),40391,"La Quinta Hawthorn - DeSoto,TX",3119,#N/A,35957/7,,PA - SEATING - FF,35957/7PA - SEATING - FF,06/30/2025,06/30/2025,900.1,A11001,950,Import SPS data by Invoice in NetSuite,,
OPENINV10712,Item (Revenue/COGS),40391,"La Quinta Hawthorn - DeSoto,TX",3119,#N/A,35959/4,,PA FLOOR FINISHES,35959/4PA FLOOR FINISHES,06/30/2025,06/30/2025,5198.17,A11001,950,Import SPS data by Invoice in NetSuite,,
OPENINV10713,Item (Revenue/COGS),40391,"La Quinta Hawthorn - DeSoto,TX",3119,#N/A,35959/6,,PA FLOOR FINISHES,35959/6PA FLOOR FINISHES,06/30/2025,06/30/2025,27414.56,A11001,950,Import SPS data by Invoice in NetSuite,,
OPENINV10714,Item (Revenue/COGS),40391,"La Quinta Hawthorn - DeSoto,TX",3119,#N/A,35960/5,,PA VINYL WALLCOVERINGS-FF,35960/5PA VINYL WALLCOVERINGS-FF,06/30/2025,06/30/2025,6035.67,A11001,950,Import SPS data by Invoice in NetSuite,,
OPENINV10715,Item (Revenue/COGS),40391,"La Quinta Hawthorn - DeSoto,TX",3119,#N/A,35961/4,,PA - WALL TILE - FF,35961/4PA - WALL TILE - FF,06/30/2025,06/30/2025,2328.46,A11001,950,Import SPS data by Invoice in NetSuite,,
OPENINV10716,Item (Revenue/COGS),40391,"La Quinta Hawthorn - DeSoto,TX",3119,#N/A,35962/3,,PA - ACCESSORIES,35962/3PA - ACCESSORIES,06/30/2025,06/30/2025,1323.89,A11001,950,Import SPS data by Invoice in NetSuite,,
OPENINV10717,Item (Revenue/COGS),40391,"La Quinta Hawthorn - DeSoto,TX",3119,#N/A,35964/2,,PA QUARTZ - GC ITEMS,35964/2PA QUARTZ - GC ITEMS,06/30/2025,06/30/2025,10278.51,A11001,950,Import SPS data by Invoice in NetSuite,,
OPENINV10718,Item (Revenue/COGS),40391,"La Quinta Hawthorn - DeSoto,TX",3119,#N/A,37397,,,37397,06/30/2025,06/30/2025,1621.78,A11001,950,Import SPS data by Invoice in NetSuite,,
OPENINV10719,Item (Revenue/COGS),40391,"La Quinta Hawthorn - DeSoto,TX",3119,#N/A,37619/7,,,37619/7,06/30/2025,06/30/2025,11263.06,A11001,950,Import SPS data by Invoice in NetSuite,,
OPENINV10720,Item (Revenue/COGS),40391,"La Quinta Hawthorn - DeSoto,TX",3119,#N/A,37979,,,37979,06/30/2025,06/30/2025,54803.85,A11001,950,Import SPS data by Invoice in NetSuite,,
OPENINV10721,Item (Revenue/COGS),40391,"La Quinta Hawthorn - Miamisburg, OH",3358,#N/A,35756/3,,GR -LQ CASEGOODS - FF&E,35756/3GR -LQ CASEGOODS - FF&E,12/30/2024,12/30/2024,101268.44,A11001,950,Import SPS data by Invoice in NetSuite,,
OPENINV10722,Item (Revenue/COGS),40391,"La Quinta Hawthorn - Miamisburg, OH",3358,#N/A,35758/3,,GR -LQ SEATING - FF&E,35758/3GR -LQ SEATING - FF&E,12/30/2024,12/30/2024,5380,A11001,950,Import SPS data by Invoice in NetSuite,,
OPENINV10723,Item (Revenue/COGS),40391,"La Quinta Hawthorn - Miamisburg, OH",3358,#N/A,35760/5,,GR -LQ FINISHES - FF,35760/5GR -LQ FINISHES - FF,12/30/2024,12/30/2024,15073.73,A11001,950,Import SPS data by Invoice in NetSuite,,
OPENINV10724,Item (Revenue/COGS),40391,"La Quinta Hawthorn - Miamisburg, OH",3358,#N/A,35763/4,,GR -LQ SHOWER/BATH ACCESSORIES - OS,35763/4GR -LQ SHOWER/BATH ACCESSORIES - OS,12/30/2024,12/30/2024,4270.82,A11001,950,Import SPS data by Invoice in NetSuite,,
OPENINV10725,Item (Revenue/COGS),40391,"La Quinta Hawthorn - Miamisburg, OH",3358,#N/A,35766/3,,GR -HS CASEGOODS - FF&E,35766/3GR -HS CASEGOODS - FF&E,12/30/2024,12/30/2024,43643.31,A11001,950,Import SPS data by Invoice in NetSuite,,
OPENINV10726,Item (Revenue/COGS),40391,"La Quinta Hawthorn - Miamisburg, OH",3358,#N/A,35769,,GR -HS WINDOW TREATMENT,35769GR -HS WINDOW TREATMENT,12/31/2024,12/31/2024,16125.28,A11001,950,Import SPS data by Invoice in NetSuite,,
OPENINV10727,Item (Revenue/COGS),40391,"La Quinta Inn- Galveston, TX",3359,#N/A,26974/3,,WALL TILE # 12019.059,26974/3WALL TILE # 12019.059,02/18/2022,02/18/2022,4432.18,A11001,950,Import SPS data by Invoice in NetSuite,,
OPENINV10728,Item (Revenue/COGS),40391,"La Quinta Inn- Galveston, TX",3359,#N/A,26967/4,,MILLWORK # 12019.059,26967/4MILLWORK # 12019.059,08/01/2022,08-01-2022,10550.24,A11001,950,Import SPS data by Invoice in NetSuite,,
OPENINV10729,Item (Revenue/COGS),40391,"La Quinta Inn- Galveston, TX",3359,#N/A,31355/5,,,31355/5,11/30/2022,11/30/2022,2713.56,A11001,950,Import SPS data by Invoice in NetSuite,,
OPENINV10730,Item (Revenue/COGS),40391,La Quinta INN-Springdale OH,2956,#N/A,37758,,La Quinta INN-Springdale OH,37758La Quinta INN-Springdale OH,02/19/2025,02/19/2025,360,A11001,950,Import SPS data by Invoice in NetSuite,,
OPENINV10731,Item (Revenue/COGS),40391,LA QUINTA ORLANDO,2678,#N/A,33951/4,,PA VINYL WALLCOVERING - FF,33951/4PA VINYL WALLCOVERING - FF,05/12/2025,05-12-2025,327.11,A11001,950,Import SPS data by Invoice in NetSuite,,
OPENINV10732,Item (Revenue/COGS),40391,LA QUINTA ORLANDO,2678,#N/A,33945/3,,PA ARTWORK,33945/3PA ARTWORK,06/06/2025,06-06-2025,750,A11001,950,Import SPS data by Invoice in NetSuite,,
OPENINV10733,Item (Revenue/COGS),40391,LA QUINTA ORLANDO,2678,#N/A,33569/7,,GUEST ROOMS WINDOW TREATMENT,33569/7GUEST ROOMS WINDOW TREATMENT,06/30/2025,06/30/2025,4000,A11001,950,Import SPS data by Invoice in NetSuite,,
OPENINV10734,Item (Revenue/COGS),40391,LA QUINTA ORLANDO,2678,#N/A,33953/3,,PA ACCESSORIES - FF,33953/3PA ACCESSORIES - FF,06/30/2025,06/30/2025,11636.5,A11001,950,Import SPS data by Invoice in NetSuite,,
OPENINV10735,Item (Revenue/COGS),40391,LA QUINTA SHONTO AZ,3360,#N/A,37833,,Headboard wall vinyl,37833Headboard wall vinyl,11/21/2024,11/21/2024,6549.98,A11001,950,Import SPS data by Invoice in NetSuite,,
OPENINV10736,Item (Revenue/COGS),40391,LA QUINTA SHONTO AZ,3360,#N/A,38154,,Additional carpets,38154Additional carpets,12/09/2024,12-09-2024,3532.37,A11001,950,Import SPS data by Invoice in NetSuite,,
OPENINV10737,Item (Revenue/COGS),40391,LA QUINTA SHONTO AZ,3360,#N/A,38481,,,38481,12/12/2024,12-12-2024,766.8,A11001,950,Import SPS data by Invoice in NetSuite,,
OPENINV10738,Item (Revenue/COGS),40391,"La Quinta, Anaheim CA",3361,#N/A,34013/2,,SEATING - FF,34013/2SEATING - FF,09/04/2023,09-04-2023,15286.4,A11001,950,Import SPS data by Invoice in NetSuite,,
OPENINV10739,Item (Revenue/COGS),40391,"La Quinta, Anaheim CA",3361,#N/A,33983/3,,Guest Bath Items,33983/3Guest Bath Items,09/29/2023,09/29/2023,170029.57,A11001,950,Import SPS data by Invoice in NetSuite,,
OPENINV10740,Item (Revenue/COGS),40391,"La Quinta, Anaheim CA",3361,#N/A,33983/4,,Guest Bath Items,33983/4Guest Bath Items,10/12/2023,10-12-2023,17413.35,A11001,950,Import SPS data by Invoice in NetSuite,,
OPENINV10741,Item (Revenue/COGS),40391,"La Quinta, Anaheim CA",3361,#N/A,34010,,ARTWORK & MIRRORS - FF&E,34010ARTWORK & MIRRORS - FF&E,10/12/2023,10-12-2023,15419.9,A11001,950,Import SPS data by Invoice in NetSuite,,
OPENINV10742,Item (Revenue/COGS),40391,"La Quinta, Anaheim CA",3361,#N/A,34011/3,,CASEGOODS - FF,34011/3CASEGOODS - FF,10/12/2023,10-12-2023,55851.62,A11001,950,Import SPS data by Invoice in NetSuite,,
OPENINV10743,Item (Revenue/COGS),40391,"La Quinta, Anaheim CA",3361,#N/A,34012,,LIGHTING - FF&E,34012LIGHTING - FF&E,10/12/2023,10-12-2023,24483.8,A11001,950,Import SPS data by Invoice in NetSuite,,
OPENINV10744,Item (Revenue/COGS),40391,"La Quinta, Anaheim CA",3361,#N/A,34013/3,,SEATING - FF,34013/3SEATING - FF,10/12/2023,10-12-2023,7560,A11001,950,Import SPS data by Invoice in NetSuite,,
OPENINV10745,Item (Revenue/COGS),40391,"La Quinta, Anaheim CA",3361,#N/A,34016,,BED BASES,34016BED BASES,10/12/2023,10-12-2023,39216.12,A11001,950,Import SPS data by Invoice in NetSuite,,
OPENINV10746,Item (Revenue/COGS),40391,"La Quinta, Anaheim CA",3361,#N/A,34112/2,,PA CASEGOODS - FF&E,34112/2PA CASEGOODS - FF&E,10/12/2023,10-12-2023,12147.75,A11001,950,Import SPS data by Invoice in NetSuite,,
OPENINV10747,Item (Revenue/COGS),40391,"La Quinta, Anaheim CA",3361,#N/A,34113,,PA LIGHTING- FF,34113PA LIGHTING- FF,10/12/2023,10-12-2023,23993.46,A11001,950,Import SPS data by Invoice in NetSuite,,
OPENINV10748,Item (Revenue/COGS),40391,"La Quinta, Anaheim CA",3361,#N/A,34114/2,,PA SEATING- FF,34114/2PA SEATING- FF,10/12/2023,10-12-2023,11204.81,A11001,950,Import SPS data by Invoice in NetSuite,,
OPENINV10749,Item (Revenue/COGS),40391,"La Quinta, Anaheim CA",3361,#N/A,34120,,PA MILLWORK - GC ITEMS,34120PA MILLWORK - GC ITEMS,10/12/2023,10-12-2023,32158.12,A11001,950,Import SPS data by Invoice in NetSuite,,
OPENINV10750,Item (Revenue/COGS),40391,"La Quinta, Anaheim CA",3361,#N/A,34013/5,,SEATING - FF,34013/5SEATING - FF,12/22/2023,12/22/2023,29341.05,A11001,950,Import SPS data by Invoice in NetSuite,,
OPENINV10751,Item (Revenue/COGS),40391,"La Quinta, Anaheim CA",3361,#N/A,34114/3,,PA SEATING- FF,34114/3PA SEATING- FF,12/22/2023,12/22/2023,7723.3,A11001,950,Import SPS data by Invoice in NetSuite,,
OPENINV10752,Item (Revenue/COGS),40391,"La Quinta, Anaheim CA",3361,#N/A,34011/4,,CASEGOODS - FF,34011/4CASEGOODS - FF,04/03/2024,04-03-2024,431.39,A11001,950,Import SPS data by Invoice in NetSuite,,
OPENINV10753,Item (Revenue/COGS),40391,"La Quinta, Anaheim CA",3361,#N/A,33983/8,,Guest Bath Items,33983/8Guest Bath Items,06/05/2024,06-05-2024,-1584,A11001,950,Import SPS data by Invoice in NetSuite,,
OPENINV10754,Item (Revenue/COGS),40391,"La Quinta, Anaheim CA",3361,#N/A,33983/9,,Guest Bath Items,33983/9Guest Bath Items,08/31/2024,08/31/2024,24995.51,A11001,950,Import SPS data by Invoice in NetSuite,,
OPENINV10755,Item (Revenue/COGS),40391,"La Quinta, Anaheim CA",3361,#N/A,34013/7,,SEATING - FF,34013/7SEATING - FF,08/31/2024,08/31/2024,11626.16,A11001,950,Import SPS data by Invoice in NetSuite,,
OPENINV10756,Item (Revenue/COGS),40391,"La Quinta, Anaheim CA",3361,#N/A,34017,,MILLWORK,34017MILLWORK,08/31/2024,08/31/2024,2497.89,A11001,950,Import SPS data by Invoice in NetSuite,,
OPENINV10757,Item (Revenue/COGS),40391,"La Quinta, Anaheim CA",3361,#N/A,34119/2,,PA ACCESSORIES - FF,34119/2PA ACCESSORIES - FF,12/31/2024,12/31/2024,246.24,A11001,950,Import SPS data by Invoice in NetSuite,,
OPENINV10758,Item (Revenue/COGS),40391,"La Quinta, Anaheim CA",3361,#N/A,34013/8,,SEATING - FF,34013/8SEATING - FF,06/30/2025,06/30/2025,20763.92,A11001,950,Import SPS data by Invoice in NetSuite,,
OPENINV10759,Item (Revenue/COGS),40391,"La Quinta, Anaheim CA",3361,#N/A,34016/2,,BED BASES,34016/2BED BASES,06/30/2025,06/30/2025,7310.13,A11001,950,Import SPS data by Invoice in NetSuite,,
OPENINV10760,Item (Revenue/COGS),40391,"La Quinta, Anaheim CA",3361,#N/A,34112/4,,PA CASEGOODS - FF,34112/4PA CASEGOODS - FF,06/30/2025,06/30/2025,1408.32,A11001,950,Import SPS data by Invoice in NetSuite,,
OPENINV10761,Item (Revenue/COGS),40391,"La Quinta, Anaheim CA",3361,#N/A,34114/5,,PA SEATING- FF,34114/5PA SEATING- FF,06/30/2025,06/30/2025,800,A11001,950,Import SPS data by Invoice in NetSuite,,
OPENINV10762,Item (Revenue/COGS),40391,"La Quinta, Anaheim CA",3361,#N/A,34120/2,,PA MILLWORK - GC ITEMS,34120/2PA MILLWORK - GC ITEMS,06/30/2025,06/30/2025,6979.5,A11001,950,Import SPS data by Invoice in NetSuite,,
OPENINV10763,Item (Revenue/COGS),40391,"La Quinta, Huntsville AL",3362,#N/A,34735/4,,,34735/4,01/19/2024,01/19/2024,-645.97,A11001,950,Import SPS data by Invoice in NetSuite,,
OPENINV10764,Item (Revenue/COGS),40391,"La Quinta, Huntsville AL",3362,#N/A,,,,,04/19/2024,04/19/2024,88927.09,A11001,950,Import SPS data by Invoice in NetSuite,,
OPENINV10765,Item (Revenue/COGS),40391,"La Quinta, Huntsville AL",3362,#N/A,31910/10,,La Quinta Huntsville AL (Bath Scope),31910/10La Quinta Huntsville AL (Bath Scope),10/15/2024,10/15/2024,-19863.04,A11001,950,Import SPS data by Invoice in NetSuite,,
OPENINV10766,Item (Revenue/COGS),40391,"La Quinta, Huntsville AL",3362,#N/A,32688/2,,WINDOW TREATMENT - FF&E,32688/2WINDOW TREATMENT - FF&E,10/15/2024,10/15/2024,-12800,A11001,950,Import SPS data by Invoice in NetSuite,,
OPENINV10767,Item (Revenue/COGS),40391,"La Quinta- Santa Rosa, CA",2645,#N/A,38742,,,38742,06/30/2025,06/30/2025,1247.88,A11001,950,Import SPS data by Invoice in NetSuite,,
OPENINV10768,Item (Revenue/COGS),40391,Lansdowne Resort & Spa,3363,#N/A,33487/3,,,33487/3,07/25/2023,07/25/2023,2372.52,A11001,950,Import SPS data by Invoice in NetSuite,,
OPENINV10769,Item (Revenue/COGS),40391,Laquinta Homewood Alabama,3364,#N/A,37511,,,37511,01/24/2025,01/24/2025,4806.35,A11001,950,Import SPS data by Invoice in NetSuite,,
OPENINV10770,Item (Revenue/COGS),40391,LaQuinta Inn & Suites Oxford AL,2752,#N/A,38371,,,38371,11/22/2024,11/22/2024,5083,A11001,950,Import SPS data by Invoice in NetSuite,,
OPENINV10771,Item (Revenue/COGS),40391,LaQuinta Inn & Suites Oxford AL,2752,#N/A,38371/2,,,38371/2,12/09/2024,12-09-2024,1357.04,A11001,950,Import SPS data by Invoice in NetSuite,,
OPENINV10772,Item (Revenue/COGS),40391,LaQuinta Inn & Suites Oxford AL,2752,#N/A,38371/4,,,38371/4,12/17/2024,12/17/2024,239,A11001,950,Import SPS data by Invoice in NetSuite,,
OPENINV10773,Item (Revenue/COGS),40391,LaQuinta Inn & Suites Oxford AL,2752,#N/A,37420/2,,,37420/2,01/07/2025,01-07-2025,3169.98,A11001,950,Import SPS data by Invoice in NetSuite,,
OPENINV10774,Item (Revenue/COGS),40391,LaQuinta Inn & Suites Oxford AL,2752,#N/A,37420/3,,,37420/3,02/10/2025,02-10-2025,3169.98,A11001,950,Import SPS data by Invoice in NetSuite,,
OPENINV10775,Item (Revenue/COGS),40391,LaQuinta Inn & Suites Oxford AL,2752,#N/A,37420/4,,,37420/4,05/28/2025,05/28/2025,2562.7,A11001,950,Import SPS data by Invoice in NetSuite,,
OPENINV10776,Item (Revenue/COGS),40391,LaQuinta Inn Pharr TX,3365,#N/A,33753,,,33753,12/29/2022,01/28/2023,13408.99,A11001,950,Import SPS data by Invoice in NetSuite,,
OPENINV10777,Item (Revenue/COGS),40391,LaQuinta Inn Pharr TX,3365,#N/A,33822/3,,,33822/3,09/30/2023,10/30/2023,324.75,A11001,950,Import SPS data by Invoice in NetSuite,,
OPENINV10778,Item (Revenue/COGS),40391,LaQuinta Inn Pharr TX,3365,#N/A,,,,,10/30/2024,10/30/2024,0.01,A11001,950,Import SPS data by Invoice in NetSuite,,
OPENINV10779,Item (Revenue/COGS),40391,LaQuinta Inn Pharr TX,3365,#N/A,37363,,,37363,02/04/2025,03-06-2025,2101.08,A11001,950,Import SPS data by Invoice in NetSuite,,
OPENINV10780,Item (Revenue/COGS),40391,LaQuinta McAllen,3366,#N/A,36644,,,36644,08/06/2024,08-06-2024,1248.74,A11001,950,Import SPS data by Invoice in NetSuite,,
OPENINV10781,Item (Revenue/COGS),40391,Laquinta Memphis,3002,#N/A,33340/2,,PUBLIC AREAS LIGHTING - FF,33340/2PUBLIC AREAS LIGHTING - FF,06/30/2024,06/30/2024,2822.04,A11001,950,Import SPS data by Invoice in NetSuite,,
OPENINV10782,Item (Revenue/COGS),40391,Laquinta Memphis,3002,#N/A,33344/3,,PUBLIC AREAS VINYL WALLCOVERING - FF&E,33344/3PUBLIC AREAS VINYL WALLCOVERING - FF&E,06/30/2024,06/30/2024,4172.34,A11001,950,Import SPS data by Invoice in NetSuite,,
OPENINV10783,Item (Revenue/COGS),40391,Laquinta Memphis,3002,#N/A,33345/3,,PUBLIC AREAS WALL TILE - FF,33345/3PUBLIC AREAS WALL TILE - FF,06/30/2024,06/30/2024,15044.9,A11001,950,Import SPS data by Invoice in NetSuite,,
OPENINV10784,Item (Revenue/COGS),40391,Laquinta Memphis,3002,#N/A,34765,,,34765,06/30/2024,06/30/2024,942.84,A11001,950,Import SPS data by Invoice in NetSuite,,
OPENINV10785,Item (Revenue/COGS),40391,Laquinta Memphis,3002,#N/A,36128,,La Quinta Memphis Additional Bath Items,36128La Quinta Memphis Additional Bath Items,06/30/2024,06/30/2024,1530,A11001,950,Import SPS data by Invoice in NetSuite,,
OPENINV10786,Item (Revenue/COGS),40391,Laquinta Memphis,3002,#N/A,36128/2,,La Quinta Memphis Additional Bath Items,36128/2La Quinta Memphis Additional Bath Items,06/30/2024,06/30/2024,6706,A11001,950,Import SPS data by Invoice in NetSuite,,
OPENINV10787,Item (Revenue/COGS),40391,Laquinta Memphis,3002,#N/A,36855/6,,,36855/6,09/17/2024,09/17/2024,1745.6,A11001,950,Import SPS data by Invoice in NetSuite,,
OPENINV10788,Item (Revenue/COGS),40391,Laquinta Memphis,3002,#N/A,33346/2,,PUBLIC AREAS ACCESSORIES - GC ITEMS,33346/2PUBLIC AREAS ACCESSORIES - GC ITEMS,10/30/2024,10/30/2024,22.44,A11001,950,Import SPS data by Invoice in NetSuite,,
OPENINV10789,Item (Revenue/COGS),40391,Laquinta Memphis,3002,#N/A,33328/5,,GUEST ROOMS CASEGOODS - FF&E,33328/5GUEST ROOMS CASEGOODS - FF&E,11/29/2024,11/29/2024,52285.14,A11001,950,Import SPS data by Invoice in NetSuite,,
OPENINV10790,Item (Revenue/COGS),40391,Laquinta Memphis,3002,#N/A,33330/7,,GUEST ROOMS SEATING - FF&E,33330/7GUEST ROOMS SEATING - FF&E,11/29/2024,11/29/2024,22021.84,A11001,950,Import SPS data by Invoice in NetSuite,,
OPENINV10791,Item (Revenue/COGS),40391,Laquinta Memphis,3002,#N/A,33331/3,,GUEST ROOMS WINDOW TREATMENT,33331/3GUEST ROOMS WINDOW TREATMENT,11/29/2024,11/29/2024,520.36,A11001,950,Import SPS data by Invoice in NetSuite,,
OPENINV10792,Item (Revenue/COGS),40391,Laquinta Memphis,3002,#N/A,33332/2,,GUEST ROOMS FINISHES - FF&E,33332/2GUEST ROOMS FINISHES - FF&E,11/29/2024,11/29/2024,35161.41,A11001,950,Import SPS data by Invoice in NetSuite,,
OPENINV10793,Item (Revenue/COGS),40391,Laquinta Memphis,3002,#N/A,33337/7,,GUEST ROOMS MILLWORK & COUNTERTOPS - GC ITEMS,33337/7GUEST ROOMS MILLWORK & COUNTERTOPS - GC ITEMS,11/29/2024,11/29/2024,7506.78,A11001,950,Import SPS data by Invoice in NetSuite,,
OPENINV10794,Item (Revenue/COGS),40391,Laquinta Memphis,3002,#N/A,33339/4,,PUBLIC AREAS CASEGOODS - FF,33339/4PUBLIC AREAS CASEGOODS - FF,06/30/2025,06/30/2025,1250.55,A11001,950,Import SPS data by Invoice in NetSuite,,
OPENINV10795,Item (Revenue/COGS),40391,Laquinta Memphis,3002,#N/A,33340/3,,PUBLIC AREAS LIGHTING - FF,33340/3PUBLIC AREAS LIGHTING - FF,06/30/2025,06/30/2025,10664.16,A11001,950,Import SPS data by Invoice in NetSuite,,
OPENINV10796,Item (Revenue/COGS),40391,Laquinta Memphis,3002,#N/A,33341/8,,PUBLIC AREAS SEATING - FF,33341/8PUBLIC AREAS SEATING - FF,06/30/2025,06/30/2025,4586.04,A11001,950,Import SPS data by Invoice in NetSuite,,
OPENINV10797,Item (Revenue/COGS),40391,Laquinta Memphis,3002,#N/A,33342/3,,PUBLIC AREAS WINDOW TREATMENT - TBD - FF,33342/3PUBLIC AREAS WINDOW TREATMENT - TBD - FF,06/30/2025,06/30/2025,151.08,A11001,950,Import SPS data by Invoice in NetSuite,,
OPENINV10798,Item (Revenue/COGS),40391,Laquinta Memphis,3002,#N/A,33343/8,,PUBLIC AREA,33343/8PUBLIC AREA,06/30/2025,06/30/2025,5134.98,A11001,950,Import SPS data by Invoice in NetSuite,,
OPENINV10799,Item (Revenue/COGS),40391,Laquinta Memphis,3002,#N/A,33346/3,,PUBLIC AREAS ACCESSORIES - GC ITEMS,33346/3PUBLIC AREAS ACCESSORIES - GC ITEMS,06/30/2025,06/30/2025,399.97,A11001,950,Import SPS data by Invoice in NetSuite,,
OPENINV10800,Item (Revenue/COGS),40391,Laquinta Memphis,3002,#N/A,33347/4,,PUBLIC AREAS MILLWORK - GC ITEMS,33347/4PUBLIC AREAS MILLWORK - GC ITEMS,06/30/2025,06/30/2025,7471.17,A11001,950,Import SPS data by Invoice in NetSuite,,
OPENINV10801,Item (Revenue/COGS),40391,Laquinta Memphis,3002,#N/A,33348/2,,PUBLIC AREAS QUARTZ TOP - GC ITEMS,33348/2PUBLIC AREAS QUARTZ TOP - GC ITEMS,06/30/2025,06/30/2025,80.16,A11001,950,Import SPS data by Invoice in NetSuite,,
OPENINV10802,Item (Revenue/COGS),40391,Laquinta Memphis,3002,#N/A,36128/5,,La Quinta Memphis Additional Bath Items,36128/5La Quinta Memphis Additional Bath Items,06/30/2025,06/30/2025,6750,A11001,950,Import SPS data by Invoice in NetSuite,,
OPENINV10803,Item (Revenue/COGS),40391,Laquinta Memphis,3002,#N/A,36855/7,,,36855/7,06/30/2025,06/30/2025,6797.11,A11001,950,Import SPS data by Invoice in NetSuite,,
OPENINV10804,Item (Revenue/COGS),40391,Laquinta Memphis,3002,#N/A,36855/8,,,36855/8,06/30/2025,06/30/2025,19352.78,A11001,950,Import SPS data by Invoice in NetSuite,,
OPENINV10805,Item (Revenue/COGS),40391,LaQuinta/Hawthone - Knoxville TN - AMit,3367,#N/A,33702/3,,GUEST ROOMS _ LQ ARTWORK,33702/3GUEST ROOMS _ LQ ARTWORK,06/01/2024,06-01-2024,3280.49,A11001,950,Import SPS data by Invoice in NetSuite,,
OPENINV10806,Item (Revenue/COGS),40391,LaQuinta/Hawthone - Knoxville TN - AMit,3367,#N/A,33705/4,,GUEST ROOMS _ LQ SEATING - FF,33705/4GUEST ROOMS _ LQ SEATING - FF,06/16/2024,06/16/2024,2240,A11001,950,Import SPS data by Invoice in NetSuite,,
OPENINV10807,Item (Revenue/COGS),40391,LaQuinta/Hawthone - Knoxville TN - AMit,3367,#N/A,33721,,PUBLIC AREAS CASEGOODS - FF&E,33721PUBLIC AREAS CASEGOODS - FF&E,06/16/2024,06/16/2024,2680.32,A11001,950,Import SPS data by Invoice in NetSuite,,
OPENINV10808,Item (Revenue/COGS),40391,LaQuinta/Hawthone - Knoxville TN - AMit,3367,#N/A,33724,,PUBLIC AREAS WINDOW TREATMENT - TBD - FF&E,33724PUBLIC AREAS WINDOW TREATMENT - TBD - FF&E,06/16/2024,06/16/2024,1883.24,A11001,950,Import SPS data by Invoice in NetSuite,,
OPENINV10809,Item (Revenue/COGS),40391,LaQuinta/Hawthone - Knoxville TN - AMit,3367,#N/A,33729/2,,PUBLIC AREAS MILLWORK - GC ITEMS,33729/2PUBLIC AREAS MILLWORK - GC ITEMS,06/16/2024,06/16/2024,13956.99,A11001,950,Import SPS data by Invoice in NetSuite,,
OPENINV10810,Item (Revenue/COGS),40391,LaQuinta/Hawthone - Knoxville TN - AMit,3367,#N/A,33707/6,,GUEST ROOMS _ LQ FINISHES - FF&E,33707/6GUEST ROOMS _ LQ FINISHES - FF&E,06/17/2024,06/17/2024,10175.59,A11001,950,Import SPS data by Invoice in NetSuite,,
OPENINV10811,Item (Revenue/COGS),40391,"Las Vegas Resort Holdings, LLC",3368,#N/A,35727,227334,noodle den chairs,35727227334noodle den chairs,04/03/2024,04-03-2024,18971.2,A11001,950,Import SPS data by Invoice in NetSuite,,
OPENINV10812,Item (Revenue/COGS),40391,"Las Vegas Resort Holdings, LLC",3368,#N/A,36746,P0240431,Restroom Tiles,36746P0240431Restroom Tiles,07/05/2024,07-05-2024,939.03,A11001,950,Import SPS data by Invoice in NetSuite,,
OPENINV10813,Item (Revenue/COGS),40391,"Las Vegas Resort Holdings, LLC",3368,#N/A,26630/7,148928,Sahara Marra Tower FF&E,26630/7148928Sahara Marra Tower FF&E,08/01/2024,08-01-2024,124053.85,A11001,950,Import SPS data by Invoice in NetSuite,,
OPENINV10814,Item (Revenue/COGS),40391,"Las Vegas Resort Holdings, LLC",3368,#N/A,33017,,Bazaar Meats Restaurant Dining Chairs Fabrication,33017Bazaar Meats Restaurant Dining Chairs Fabrication,08/01/2024,08-01-2024,17829.5,A11001,950,Import SPS data by Invoice in NetSuite,,
OPENINV10815,Item (Revenue/COGS),40391,"Las Vegas Resort Holdings, LLC",3368,#N/A,35257,221314,Gold Outlets,35257221314Gold Outlets,01/23/2024,09-05-2024,650,A11001,950,Import SPS data by Invoice in NetSuite,,
OPENINV10816,Item (Revenue/COGS),40391,"Las Vegas Resort Holdings, LLC",3368,#N/A,37621/3,P0253441,Azilo Cocktail Club,37621/3P0253441Azilo Cocktail Club,11/07/2024,11-07-2024,18325.19,A11001,950,Import SPS data by Invoice in NetSuite,,
OPENINV10817,Item (Revenue/COGS),40391,"Las Vegas Resort Holdings, LLC",3368,#N/A,36746/2,P0240431,Restroom Tiles,36746/2P0240431Restroom Tiles,12/18/2024,12/18/2024,9470.71,A11001,950,Import SPS data by Invoice in NetSuite,,
OPENINV10818,Item (Revenue/COGS),40391,"Las Vegas Resort Holdings, LLC",3368,#N/A,36746/3,P0240431,Restroom Tiles,36746/3P0240431Restroom Tiles,01/31/2025,01/31/2025,6693.45,A11001,950,Import SPS data by Invoice in NetSuite,,
OPENINV10819,Item (Revenue/COGS),40391,"Las Vegas Resort Holdings, LLC",3368,#N/A,38273/5,,SLV Alexandria MUR,38273/5SLV Alexandria MUR,02/25/2025,02/25/2025,2000,A11001,950,Import SPS data by Invoice in NetSuite,,
OPENINV10820,Item (Revenue/COGS),40391,"Las Vegas Resort Holdings, LLC",3368,#N/A,38273,,SLV Alexandria MUR,38273SLV Alexandria MUR,02/26/2025,02/26/2025,3935.75,A11001,950,Import SPS data by Invoice in NetSuite,,
OPENINV10821,Item (Revenue/COGS),40391,"Las Vegas Resort Holdings, LLC",3368,#N/A,38273/3,,SLV Alexandria MUR,38273/3SLV Alexandria MUR,02/26/2025,02/26/2025,2034,A11001,950,Import SPS data by Invoice in NetSuite,,
OPENINV10822,Item (Revenue/COGS),40391,"Las Vegas Resort Holdings, LLC",3368,#N/A,38273/9,,SLV Alexandria MUR,38273/9SLV Alexandria MUR,03/07/2025,03-07-2025,17161.82,A11001,950,Import SPS data by Invoice in NetSuite,,
OPENINV10823,Item (Revenue/COGS),40391,"Las Vegas Resort Holdings, LLC",3368,#N/A,38273/7,,SLV Alexandria MUR,38273/7SLV Alexandria MUR,03/14/2025,03/14/2025,990,A11001,950,Import SPS data by Invoice in NetSuite,,
OPENINV10824,Item (Revenue/COGS),40391,"Las Vegas Resort Holdings, LLC",3368,#N/A,38273/8,,SLV Alexandria MUR,38273/8SLV Alexandria MUR,03/14/2025,03/14/2025,78535.2,A11001,950,Import SPS data by Invoice in NetSuite,,
OPENINV10825,Item (Revenue/COGS),40391,"Las Vegas Resort Holdings, LLC",3368,#N/A,38273/4,,SLV Alexandria MUR,38273/4SLV Alexandria MUR,03/22/2025,03/22/2025,5148,A11001,950,Import SPS data by Invoice in NetSuite,,
OPENINV10826,Item (Revenue/COGS),40391,"Las Vegas Resort Holdings, LLC",3368,#N/A,38273/6,,SLV Alexandria MUR,38273/6SLV Alexandria MUR,03/22/2025,03/22/2025,33570.13,A11001,950,Import SPS data by Invoice in NetSuite,,
OPENINV10827,Item (Revenue/COGS),40391,"Las Vegas Resort Holdings, LLC",3368,#N/A,38273/10,,SLV Alexandria MUR,38273/10SLV Alexandria MUR,04/24/2025,04/24/2025,4980,A11001,950,Import SPS data by Invoice in NetSuite,,
OPENINV10828,Item (Revenue/COGS),40391,"Las Vegas Resort Holdings, LLC",3368,#N/A,37904,P0252878,Marra Room Tiles,37904P0252878Marra Room Tiles,05/30/2025,05/30/2025,2738.08,A11001,950,Import SPS data by Invoice in NetSuite,,
OPENINV10829,Item (Revenue/COGS),40391,"Las Vegas Resort Holdings, LLC",3368,#N/A,38273/11,,SLV Alexandria MUR,38273/11SLV Alexandria MUR,06/16/2025,06/16/2025,700,A11001,950,Import SPS data by Invoice in NetSuite,,
OPENINV10830,Item (Revenue/COGS),40391,"Las Vegas Resort Holdings, LLC",3368,#N/A,38273/12,,SLV Alexandria MUR,38273/12SLV Alexandria MUR,06/16/2025,06/16/2025,17895.76,A11001,950,Import SPS data by Invoice in NetSuite,,
OPENINV10831,Item (Revenue/COGS),40391,"Las Vegas Resort Holdings, LLC",3368,#N/A,38273/2,,SLV Alexandria MUR,38273/2SLV Alexandria MUR,06/16/2025,06/16/2025,807.5,A11001,950,Import SPS data by Invoice in NetSuite,,
OPENINV10832,Item (Revenue/COGS),40391,"Las Vegas Resort Holdings, LLC",3368,#N/A,37904/2,P0252878,Marra Room Tiles,37904/2P0252878Marra Room Tiles,06/20/2025,06/20/2025,83544,A11001,950,Import SPS data by Invoice in NetSuite,,
OPENINV10833,Item (Revenue/COGS),40391,"Las Vegas Resort Holdings, LLC",3368,#N/A,37904/3,P0252878,Marra Room Tiles,37904/3P0252878Marra Room Tiles,06/30/2025,06/30/2025,13122.19,A11001,950,Import SPS data by Invoice in NetSuite,,
OPENINV10834,Item (Revenue/COGS),40391,"Las Vegas Resort Holdings, LLC",3368,#N/A,38273/13,,SLV Alexandria MUR,38273/13SLV Alexandria MUR,06/30/2025,06/30/2025,8676,A11001,950,Import SPS data by Invoice in NetSuite,,
OPENINV10835,Item (Revenue/COGS),40391,"Las Vegas Resort Holdings, LLC",3368,#N/A,38273/14,,SLV Alexandria MUR,38273/14SLV Alexandria MUR,06/30/2025,06/30/2025,4778.74,A11001,950,Import SPS data by Invoice in NetSuite,,
OPENINV10836,Item (Revenue/COGS),40391,"Las Vegas Resort Holdings, LLC",3368,#N/A,38890,,,38890,06/30/2025,06/30/2025,18727.2,A11001,950,Import SPS data by Invoice in NetSuite,,
OPENINV10837,Item (Revenue/COGS),40391,"Las Vegas Resort Holdings, LLC",3368,#N/A,35620,P0256547,SLS Phase 3,35620P0256547SLS Phase 3,06/30/2025,07/30/2025,204365.27,A11001,950,Import SPS data by Invoice in NetSuite,,
OPENINV10838,Item (Revenue/COGS),40391,"Las Vegas Resort Holdings, LLC",3368,#N/A,37621/2,P0253441,Azilo Cocktail Club,37621/2P0253441Azilo Cocktail Club,06/30/2025,08-07-2025,311.11,A11001,950,Import SPS data by Invoice in NetSuite,,
OPENINV10839,Item (Revenue/COGS),40391,LQ Kingston,2358,#N/A,34993/10,,,34993/10,10/24/2024,10/24/2024,589.79,A11001,950,Import SPS data by Invoice in NetSuite,,
OPENINV10840,Item (Revenue/COGS),40391,LQ Kingston,2358,#N/A,34885/2,,Additional - GUEST ROOMS SHOWER BATH ACCESSORIES,34885/2Additional - GUEST ROOMS SHOWER BATH ACCESSORIES,12/31/2024,12/31/2024,5111.85,A11001,950,Import SPS data by Invoice in NetSuite,,
OPENINV10841,Item (Revenue/COGS),40391,"LQ Management, LLC C/o HSI Design Group",3369,#N/A,17311/2,92658,Inn#1029 CLEVELAND,17311/292658Inn#1029 CLEVELAND,08/01/2024,08-01-2024,3200,A11001,950,Import SPS data by Invoice in NetSuite,,
OPENINV10842,Item (Revenue/COGS),40391,Magnolia LXR Dallas TX -,3370,#N/A,33495,,"LXR Magnolia Dallas, TX - Mock Up Room","33495LXR Magnolia Dallas, TX - Mock Up Room",03/09/2023,03-09-2023,1385.6,A11001,950,Import SPS data by Invoice in NetSuite,,
OPENINV10843,Item (Revenue/COGS),40391,Magnolia LXR Dallas TX -,3370,#N/A,34086,,,34086,06/27/2023,06/27/2023,1049.72,A11001,950,Import SPS data by Invoice in NetSuite,,
OPENINV10844,Item (Revenue/COGS),40391,Magnolia LXR Dallas TX -,3370,#N/A,33495/3,,"LXR Magnolia Dallas, TX - Mock Up Room","33495/3LXR Magnolia Dallas, TX - Mock Up Room",07/10/2023,07-10-2023,3167.12,A11001,950,Import SPS data by Invoice in NetSuite,,
OPENINV10845,Item (Revenue/COGS),40391,Magnolia LXR Dallas TX -,3370,#N/A,33495/4,,"LXR Magnolia Dallas, TX - Mock Up Room","33495/4LXR Magnolia Dallas, TX - Mock Up Room",12/04/2023,12-04-2023,2708.21,A11001,950,Import SPS data by Invoice in NetSuite,,
OPENINV10846,Item (Revenue/COGS),40391,Magnolia LXR Dallas TX -,3370,#N/A,34086/4,,,34086/4,01/01/2024,01-01-2024,3788.75,A11001,950,Import SPS data by Invoice in NetSuite,,
OPENINV10847,Item (Revenue/COGS),40391,Magnolia LXR Dallas TX -,3370,#N/A,33495/5,,"LXR Magnolia Dallas, TX - Mock Up Room","33495/5LXR Magnolia Dallas, TX - Mock Up Room",06/28/2024,06/28/2024,1328.32,A11001,950,Import SPS data by Invoice in NetSuite,,
OPENINV10848,Item (Revenue/COGS),40391,Mesquite Gaming,1554,#N/A,38577/3,,CORRIDORS FINISHES,38577/3CORRIDORS FINISHES,06/30/2025,06/30/2025,498.55,A11001,950,Import SPS data by Invoice in NetSuite,,
OPENINV10849,Item (Revenue/COGS),40391,Mesquite Gaming,1554,#N/A,39077,,,39077,06/30/2025,06/30/2025,28013.11,A11001,950,Import SPS data by Invoice in NetSuite,,
OPENINV10850,Item (Revenue/COGS),40391,Microtel - Tracy Ca,3371,#N/A,36590,,Wall Tiles,36590Wall Tiles,05/08/2024,05-08-2024,11145.34,A11001,950,Import SPS data by Invoice in NetSuite,,
OPENINV10851,Item (Revenue/COGS),40391,Milender-White,3372,#N/A,37072,,Milender-White 1430 Lincoln Boulevard,37072Milender-White 1430 Lincoln Boulevard,03/12/2025,03-12-2025,21323.6,A11001,950,Import SPS data by Invoice in NetSuite,,
OPENINV10852,Item (Revenue/COGS),40391,Milender-White,3372,#N/A,38099,,501 Broadway,38099501 Broadway,03/12/2025,03-12-2025,102739.81,A11001,950,Import SPS data by Invoice in NetSuite,,
OPENINV10853,Item (Revenue/COGS),40391,Milender-White,3372,#N/A,37071,,Milender-White 1650 Lincoln Blvd,37071Milender-White 1650 Lincoln Blvd,06/30/2025,06/30/2025,266195.31,A11001,950,Import SPS data by Invoice in NetSuite,,
OPENINV10854,Item (Revenue/COGS),40391,Milender-White,3372,#N/A,37072/2,,Milender-White 1430 Lincoln Boulevard,37072/2Milender-White 1430 Lincoln Boulevard,06/30/2025,06/30/2025,84220.35,A11001,950,Import SPS data by Invoice in NetSuite,,
OPENINV10855,Item (Revenue/COGS),40391,Monsoon Flower LLC,1720,#N/A,37960/2,,QUARTZ,37960/2QUARTZ,05/01/2025,05/16/2025,14144.31,A11001,950,Import SPS data by Invoice in NetSuite,,
OPENINV10856,Item (Revenue/COGS),40391,Monsoon Flower LLC,1720,#N/A,37959,,LIGHTING,37959LIGHTING,05/08/2025,05/23/2025,10270.42,A11001,950,Import SPS data by Invoice in NetSuite,,
OPENINV10857,Item (Revenue/COGS),40391,Monsoon Flower LLC,1720,#N/A,37957/2,,CASEGOODS,37957/2CASEGOODS,05/14/2025,05/29/2025,361814.91,A11001,950,Import SPS data by Invoice in NetSuite,,
OPENINV10858,Item (Revenue/COGS),40391,Monsoon Flower LLC,1720,#N/A,37961/3,,SEATING,37961/3SEATING,05/14/2025,05/29/2025,19111.77,A11001,950,Import SPS data by Invoice in NetSuite,,
OPENINV10859,Item (Revenue/COGS),40391,Monsoon Flower LLC,1720,#N/A,37961/4,,SEATING,37961/4SEATING,05/14/2025,05/29/2025,45465,A11001,950,Import SPS data by Invoice in NetSuite,,
OPENINV10860,Item (Revenue/COGS),40391,Monsoon Flower LLC,1720,#N/A,37955/3,,ARTWORKS,37955/3ARTWORKS,06/24/2025,07-09-2025,32502.51,A11001,950,Import SPS data by Invoice in NetSuite,,
OPENINV10861,Item (Revenue/COGS),40391,Monsoon Flower LLC,1720,#N/A,37956,,BEDDING,37956BEDDING,06/24/2025,07-09-2025,63190.28,A11001,950,Import SPS data by Invoice in NetSuite,,
OPENINV10862,Item (Revenue/COGS),40391,Monsoon Flower LLC,1720,#N/A,37957/3,,CASEGOODS,37957/3CASEGOODS,06/24/2025,07-09-2025,12371.33,A11001,950,Import SPS data by Invoice in NetSuite,,
OPENINV10863,Item (Revenue/COGS),40391,Nancy Paolino,2702,#N/A,32559/2,,,32559/2,08/18/2022,08/18/2022,664.32,A11001,950,Import SPS data by Invoice in NetSuite,,
OPENINV10864,Item (Revenue/COGS),40391,Nancy Paolino,2702,#N/A,32303,,Palm Beach house,32303Palm Beach house,09/02/2022,09-02-2022,37448.5,A11001,950,Import SPS data by Invoice in NetSuite,,
OPENINV10865,Item (Revenue/COGS),40391,Nancy Paolino,2702,#N/A,32303/2,,Palm Beach house,32303/2Palm Beach house,09/19/2022,09/19/2022,3192.19,A11001,950,Import SPS data by Invoice in NetSuite,,
OPENINV10866,Item (Revenue/COGS),40391,Nancy Paolino,2702,#N/A,33261,,Palm Beach House Additional Tile,33261Palm Beach House Additional Tile,10/06/2022,10-06-2022,2285.04,A11001,950,Import SPS data by Invoice in NetSuite,,
OPENINV10867,Item (Revenue/COGS),40391,Nancy Paolino,2702,#N/A,32303/3,,Palm Beach house,32303/3Palm Beach house,10/10/2022,10-10-2022,3085.75,A11001,950,Import SPS data by Invoice in NetSuite,,
OPENINV10868,Item (Revenue/COGS),40391,Nancy Paolino,2702,#N/A,33233,,Palm Beach Slabs,33233Palm Beach Slabs,10/10/2022,10-10-2022,8435,A11001,950,Import SPS data by Invoice in NetSuite,,
OPENINV10869,Item (Revenue/COGS),40391,Nancy Paolino,2702,#N/A,33506,,Palm Beach House Additional Tile,33506Palm Beach House Additional Tile,11/09/2022,11-09-2022,386.88,A11001,950,Import SPS data by Invoice in NetSuite,,
OPENINV10870,Item (Revenue/COGS),40391,Nancy Paolino,2702,#N/A,33506/2,,Palm Beach House Additional Tile,33506/2Palm Beach House Additional Tile,02/13/2023,02/13/2023,968.6,A11001,950,Import SPS data by Invoice in NetSuite,,
OPENINV10871,Item (Revenue/COGS),40391,Nancy Paolino,2702,#N/A,36512/2,,Palm Beach House,36512/2Palm Beach House,06/07/2024,06-07-2024,11072.66,A11001,950,Import SPS data by Invoice in NetSuite,,
OPENINV10872,Item (Revenue/COGS),40391,New crest image Magnolia Dallas,3373,#N/A,31522,,,31522,03/14/2023,04/13/2023,34898.16,A11001,950,Import SPS data by Invoice in NetSuite,,
OPENINV10873,Item (Revenue/COGS),40391,New Rock Tile,603,#N/A,36931/2,,TILE,36931/2TILE,06/30/2025,06/30/2025,0.01,A11001,950,Import SPS data by Invoice in NetSuite,,
OPENINV10874,Item (Revenue/COGS),40391,Newcrest Image,604,#N/A,36439/3,,Days Inn by Wyndham Atlantic City Oceanfront-Boardwalk,36439/3Days Inn by Wyndham Atlantic City Oceanfront-Boardwalk,04/02/2024,04-02-2024,2513.63,A11001,950,Import SPS data by Invoice in NetSuite,,
OPENINV10875,Item (Revenue/COGS),40391,Newcrest Image,604,#N/A,35972,,screen,35972screen,05/01/2024,05-01-2024,4438.25,A11001,950,Import SPS data by Invoice in NetSuite,,
OPENINV10876,Item (Revenue/COGS),40391,"Newcrest Management, LLC",3374,#N/A,37140,,Warwick Hotel,37140Warwick Hotel,07/10/2024,07-10-2024,14801.42,A11001,950,Import SPS data by Invoice in NetSuite,,
OPENINV10877,Item (Revenue/COGS),40391,Nick Platt Construction,2457,#N/A,,,,,01/14/2025,01/14/2025,-1938.25,A11001,950,Import SPS data by Invoice in NetSuite,,
OPENINV10878,Item (Revenue/COGS),40391,NICOLE BAILEY INTERIORS,605,#N/A,30358,po-630 hedwig,,30358po-630 hedwig,07/13/2021,07/15/2021,530,A11001,950,Import SPS data by Invoice in NetSuite,,
OPENINV10879,Item (Revenue/COGS),40391,NICOLE BAILEY INTERIORS,605,#N/A,30358/2,po-630 hedwig,,30358/2po-630 hedwig,02/18/2022,02/18/2022,644.2,A11001,950,Import SPS data by Invoice in NetSuite,,
OPENINV10880,Item (Revenue/COGS),40391,Noordin Prasla,607,#N/A,35348,,Noordin Kitchen,35348Noordin Kitchen,07/01/2024,07-01-2024,443.75,A11001,950,Import SPS data by Invoice in NetSuite,,
OPENINV10881,Item (Revenue/COGS),40391,Northlake Innkeepers I Ltd.,3375,#N/A,37285,,PA LIGHTING,37285PA LIGHTING,06/10/2025,06-10-2025,3582.94,A11001,950,Import SPS data by Invoice in NetSuite,,
OPENINV10882,Item (Revenue/COGS),40391,Northlake Innkeepers I Ltd.,3375,#N/A,37271/14,,"Cambria, North Lake TX_Conference Centre_","37271/14Cambria, North Lake TX_Conference Centre_",06/30/2025,06/30/2025,195746.35,A11001,950,Import SPS data by Invoice in NetSuite,,
OPENINV10883,Item (Revenue/COGS),40391,Northlake Innkeepers I Ltd.,3375,#N/A,37279/3,,GR SEATING,37279/3GR SEATING,06/30/2025,06/30/2025,9170.71,A11001,950,Import SPS data by Invoice in NetSuite,,
OPENINV10884,Item (Revenue/COGS),40391,Overland Park KS,612,#N/A,33157,PO-Overland Park KS,,33157PO-Overland Park KS,09/13/2022,09/13/2022,10000,A11001,950,Import SPS data by Invoice in NetSuite,,
OPENINV10885,Item (Revenue/COGS),40391,Padua Realty Company,3376,#N/A,38950,,,38950,06/30/2025,07/30/2025,35.54,A11001,950,Import SPS data by Invoice in NetSuite,,
OPENINV10886,Item (Revenue/COGS),40391,"Pitt-Cran Hospitality, LLC/ Wingate Cranberry",3377,#N/A,38123/4,,GR CASEGOODS,38123/4GR CASEGOODS,02/28/2025,02/28/2025,42902.7,A11001,950,Import SPS data by Invoice in NetSuite,,
OPENINV10887,Item (Revenue/COGS),40391,"Pitt-Cran Hospitality, LLC/ Wingate Cranberry",3377,#N/A,38123/5,,GR CASEGOODS,38123/5GR CASEGOODS,03/18/2025,03/18/2025,34756.56,A11001,950,Import SPS data by Invoice in NetSuite,,
OPENINV10888,Item (Revenue/COGS),40391,"Pitt-Cran Hospitality, LLC/ Wingate Cranberry",3377,#N/A,38126,,GR DECORATIVE PILLOW,38126GR DECORATIVE PILLOW,03/18/2025,03/18/2025,1919.56,A11001,950,Import SPS data by Invoice in NetSuite,,
OPENINV10889,Item (Revenue/COGS),40391,"Pitt-Cran Hospitality, LLC/ Wingate Cranberry",3377,#N/A,38132/2,,PA SEATING,38132/2PA SEATING,03/18/2025,03/18/2025,10049.55,A11001,950,Import SPS data by Invoice in NetSuite,,
OPENINV10890,Item (Revenue/COGS),40391,"Pitt-Cran Hospitality, LLC/ Wingate Cranberry",3377,#N/A,38122/3,,GR SEATING,38122/3GR SEATING,03/27/2025,03/27/2025,9014.52,A11001,950,Import SPS data by Invoice in NetSuite,,
OPENINV10891,Item (Revenue/COGS),40391,"Pitt-Cran Hospitality, LLC/ Wingate Cranberry",3377,#N/A,38128/2,,PA ARTWORK,38128/2PA ARTWORK,04/08/2025,04-08-2025,-103.64,A11001,950,Import SPS data by Invoice in NetSuite,,
OPENINV10892,Item (Revenue/COGS),40391,"Pitt-Cran Hospitality, LLC/ Wingate Cranberry",3377,#N/A,38121/2,,GR ARTWORK,38121/2GR ARTWORK,04/10/2025,04-10-2025,-263.76,A11001,950,Import SPS data by Invoice in NetSuite,,
OPENINV10893,Item (Revenue/COGS),40391,"Pitt-Cran Hospitality, LLC/ Wingate Cranberry",3377,#N/A,38124/3,,GR LIGHTING,38124/3GR LIGHTING,04/10/2025,04-10-2025,-364.5,A11001,950,Import SPS data by Invoice in NetSuite,,
OPENINV10894,Item (Revenue/COGS),40391,"Pitt-Cran Hospitality, LLC/ Wingate Cranberry",3377,#N/A,38121/3,,GR ARTWORK,38121/3GR ARTWORK,04/21/2025,04/21/2025,752.76,A11001,950,Import SPS data by Invoice in NetSuite,,
OPENINV10895,Item (Revenue/COGS),40391,"Pitt-Cran Hospitality, LLC/ Wingate Cranberry",3377,#N/A,38123/3,,GR CASEGOODS,38123/3GR CASEGOODS,04/21/2025,04/21/2025,4896,A11001,950,Import SPS data by Invoice in NetSuite,,
OPENINV10896,Item (Revenue/COGS),40391,"Pitt-Cran Hospitality, LLC/ Wingate Cranberry",3377,#N/A,38124/2,,GR LIGHTING,38124/2GR LIGHTING,04/21/2025,04/21/2025,253.26,A11001,950,Import SPS data by Invoice in NetSuite,,
OPENINV10897,Item (Revenue/COGS),40391,"Pitt-Cran Hospitality, LLC/ Wingate Cranberry",3377,#N/A,38122/4,,GR SEATING,38122/4GR SEATING,06/30/2025,06/30/2025,2223,A11001,950,Import SPS data by Invoice in NetSuite,,
OPENINV10898,Item (Revenue/COGS),40391,Prince Preferred Hotels,649,#N/A,36567/4,,GR CASEGOODS - FF,36567/4GR CASEGOODS - FF,06/30/2025,06/30/2025,1931.91,A11001,950,Import SPS data by Invoice in NetSuite,,
OPENINV10899,Item (Revenue/COGS),40391,Prince Preferred Hotels,649,#N/A,36567/6,,GR CASEGOODS - FF,36567/6GR CASEGOODS - FF,06/30/2025,06/30/2025,18422.96,A11001,950,Import SPS data by Invoice in NetSuite,,
OPENINV10900,Item (Revenue/COGS),40391,Prince Preferred Hotels,649,#N/A,36568/3,,GR LIGHTING - FF,36568/3GR LIGHTING - FF,06/30/2025,06/30/2025,5338.41,A11001,950,Import SPS data by Invoice in NetSuite,,
OPENINV10901,Item (Revenue/COGS),40391,Prince Preferred Hotels,649,#N/A,36580/4,,PA SEATING- FF,36580/4PA SEATING- FF,06/30/2025,06/30/2025,8143.74,A11001,950,Import SPS data by Invoice in NetSuite,,
OPENINV10902,Item (Revenue/COGS),40391,Prince Preferred Hotels,649,#N/A,36585,,PA ACCESSORIES - FF,36585PA ACCESSORIES - FF,06/30/2025,06/30/2025,503.32,A11001,950,Import SPS data by Invoice in NetSuite,,
OPENINV10903,Item (Revenue/COGS),40391,Prince Preferred Hotels,649,#N/A,36585/4,,PA ACCESSORIES - FF,36585/4PA ACCESSORIES - FF,06/30/2025,06/30/2025,1995.08,A11001,950,Import SPS data by Invoice in NetSuite,,
OPENINV10904,Item (Revenue/COGS),40391,Ramada Plaza Resort &amp; Suites Orlando/ MIC Hotel Corp,3556,#N/A,37651,,LIGHTING & LIGHTING FABRIC,37651LIGHTING & LIGHTING FABRIC,09/09/2024,09-09-2024,300,A11001,950,Import SPS data by Invoice in NetSuite,,
OPENINV10905,Item (Revenue/COGS),40391,Ramada Plaza Resort &amp; Suites Orlando/ MIC Hotel Corp,3556,#N/A,38543,,,38543,04/04/2025,04-04-2025,10639.49,A11001,950,Import SPS data by Invoice in NetSuite,,
OPENINV10906,Item (Revenue/COGS),40391,Ramada Plaza Resort &amp; Suites Orlando/ MIC Hotel Corp,3556,#N/A,38543/2,,,38543/2,04/04/2025,04-04-2025,4345.2,A11001,950,Import SPS data by Invoice in NetSuite,,
OPENINV10907,Item (Revenue/COGS),40391,Ramada Plaza Resort &amp; Suites Orlando/ MIC Hotel Corp,3556,#N/A,38093,,GR WINDOW TREATMENT,38093GR WINDOW TREATMENT,06/30/2025,06/30/2025,130153.59,A11001,950,Import SPS data by Invoice in NetSuite,,
OPENINV10908,Item (Revenue/COGS),40391,Ramada Plaza Resort &amp; Suites Orlando/ MIC Hotel Corp,3556,#N/A,38096/4,,GR FINISHES,38096/4GR FINISHES,06/30/2025,06/30/2025,125190.78,A11001,950,Import SPS data by Invoice in NetSuite,,
OPENINV10909,Item (Revenue/COGS),40391,Ramada Plaza Resort &amp; Suites Orlando/ MIC Hotel Corp,3556,#N/A,38543/3,,,38543/3,06/30/2025,06/30/2025,34620.09,A11001,950,Import SPS data by Invoice in NetSuite,,
OPENINV10910,Item (Revenue/COGS),40391,Ramada Plaza Resort &amp; Suites Orlando/ MIC Hotel Corp,3556,#N/A,38543/4,,,38543/4,06/30/2025,06/30/2025,1181.21,A11001,950,Import SPS data by Invoice in NetSuite,,
OPENINV10911,Item (Revenue/COGS),40391,Ray Dayal,665,#N/A,31363,Clar,CLARION HOTEL NASHVILLE,31363ClarCLARION HOTEL NASHVILLE,01/25/2022,01/25/2022,1971.02,A11001,950,Import SPS data by Invoice in NetSuite,,
OPENINV10912,Item (Revenue/COGS),40391,Red Roof Plus-Manassas,3379,#N/A,33283,,,33283,12/29/2022,12/29/2022,1289,A11001,950,Import SPS data by Invoice in NetSuite,,
OPENINV10913,Item (Revenue/COGS),40391,"Residence Inn Indianapolis,IN",2609,#N/A,38296,,Residence Inn Indianapolis Guestrooms & Public Area,38296Residence Inn Indianapolis Guestrooms & Public Area,01/31/2025,01/31/2025,-116117.22,A11001,950,Import SPS data by Invoice in NetSuite,,
OPENINV10914,Item (Revenue/COGS),40391,"Residence Inn Indianapolis,IN",2609,#N/A,37765/2,,GR CASEGOODS,37765/2GR CASEGOODS,06/30/2025,06/30/2025,1838.84,A11001,950,Import SPS data by Invoice in NetSuite,,
OPENINV10915,Item (Revenue/COGS),40391,"Residence Inn Indianapolis,IN",2609,#N/A,37765/3,,GR CASEGOODS,37765/3GR CASEGOODS,06/30/2025,06/30/2025,41422.96,A11001,950,Import SPS data by Invoice in NetSuite,,
OPENINV10916,Item (Revenue/COGS),40391,"Residence Inn Indianapolis,IN",2609,#N/A,37765/6,,GR CASEGOODS,37765/6GR CASEGOODS,06/30/2025,06/30/2025,39948.48,A11001,950,Import SPS data by Invoice in NetSuite,,
OPENINV10917,Item (Revenue/COGS),40391,"Residence Inn Indianapolis,IN",2609,#N/A,37765/7,,GR CASEGOODS,37765/7GR CASEGOODS,06/30/2025,06/30/2025,12856.35,A11001,950,Import SPS data by Invoice in NetSuite,,
OPENINV10918,Item (Revenue/COGS),40391,"Residence Inn Indianapolis,IN",2609,#N/A,37767/3,,GR SEATING,37767/3GR SEATING,06/30/2025,06/30/2025,4442.2,A11001,950,Import SPS data by Invoice in NetSuite,,
OPENINV10919,Item (Revenue/COGS),40391,"Residence Inn Indianapolis,IN",2609,#N/A,37767/5,,GR SEATING,37767/5GR SEATING,06/30/2025,06/30/2025,3135,A11001,950,Import SPS data by Invoice in NetSuite,,
OPENINV10920,Item (Revenue/COGS),40391,"Residence Inn Indianapolis,IN",2609,#N/A,37768,,GR WINDOW TREATMENT,37768GR WINDOW TREATMENT,06/30/2025,06/30/2025,114737.31,A11001,950,Import SPS data by Invoice in NetSuite,,
OPENINV10921,Item (Revenue/COGS),40391,"Residence Inn Indianapolis,IN",2609,#N/A,37769/4,,GR FINISHES,37769/4GR FINISHES,06/30/2025,06/30/2025,39081.9,A11001,950,Import SPS data by Invoice in NetSuite,,
OPENINV10922,Item (Revenue/COGS),40391,"Residence Inn Indianapolis,IN",2609,#N/A,37769/6,,GR FINISHES,37769/6GR FINISHES,06/30/2025,06/30/2025,57956.13,A11001,950,Import SPS data by Invoice in NetSuite,,
OPENINV10923,Item (Revenue/COGS),40391,"Residence Inn Indianapolis,IN",2609,#N/A,37769/7,,GR FINISHES,37769/7GR FINISHES,06/30/2025,06/30/2025,33898.8,A11001,950,Import SPS data by Invoice in NetSuite,,
OPENINV10924,Item (Revenue/COGS),40391,"Residence Inn Indianapolis,IN",2609,#N/A,37771,,GR BED BASES,37771GR BED BASES,06/30/2025,06/30/2025,14607,A11001,950,Import SPS data by Invoice in NetSuite,,
OPENINV10925,Item (Revenue/COGS),40391,"Residence Inn Indianapolis,IN",2609,#N/A,37772/2,,GR SHOWER BATH ACCESSORIES,37772/2GR SHOWER BATH ACCESSORIES,06/30/2025,06/30/2025,14776.49,A11001,950,Import SPS data by Invoice in NetSuite,,
OPENINV10926,Item (Revenue/COGS),40391,"Residence Inn Indianapolis,IN",2609,#N/A,37772/5,,GR SHOWER BATH ACCESSORIES,37772/5GR SHOWER BATH ACCESSORIES,06/30/2025,06/30/2025,85608.7,A11001,950,Import SPS data by Invoice in NetSuite,,
OPENINV10927,Item (Revenue/COGS),40391,"Residence Inn Indianapolis,IN",2609,#N/A,37774/3,,GR QUARTZ,37774/3GR QUARTZ,06/30/2025,06/30/2025,2480.58,A11001,950,Import SPS data by Invoice in NetSuite,,
OPENINV10928,Item (Revenue/COGS),40391,"Residence Inn Indianapolis,IN",2609,#N/A,37774/4,,GR QUARTZ,37774/4GR QUARTZ,06/30/2025,06/30/2025,147.12,A11001,950,Import SPS data by Invoice in NetSuite,,
OPENINV10929,Item (Revenue/COGS),40391,"Residence Inn Indianapolis,IN",2609,#N/A,37777/3,,PA CASEGOOD,37777/3PA CASEGOOD,06/30/2025,06/30/2025,7881.56,A11001,950,Import SPS data by Invoice in NetSuite,,
OPENINV10930,Item (Revenue/COGS),40391,"Residence Inn Indianapolis,IN",2609,#N/A,37779,,PA SEATING -FF,37779PA SEATING -FF,06/30/2025,06/30/2025,6302.98,A11001,950,Import SPS data by Invoice in NetSuite,,
OPENINV10931,Item (Revenue/COGS),40391,"Residence Inn Indianapolis,IN",2609,#N/A,37779/2,,PA SEATING -FF,37779/2PA SEATING -FF,06/30/2025,06/30/2025,24708.5,A11001,950,Import SPS data by Invoice in NetSuite,,
OPENINV10932,Item (Revenue/COGS),40391,"Residence Inn Indianapolis,IN",2609,#N/A,37780,,PA WINDOW TREATMENT,37780PA WINDOW TREATMENT,06/30/2025,06/30/2025,20962.76,A11001,950,Import SPS data by Invoice in NetSuite,,
OPENINV10933,Item (Revenue/COGS),40391,"Residence Inn Indianapolis,IN",2609,#N/A,37781/10,,PA FLOOR FINISHES,37781/10PA FLOOR FINISHES,06/30/2025,06/30/2025,1859.74,A11001,950,Import SPS data by Invoice in NetSuite,,
OPENINV10934,Item (Revenue/COGS),40391,"Residence Inn Indianapolis,IN",2609,#N/A,37781/9,,PA FLOOR FINISHES,37781/9PA FLOOR FINISHES,06/30/2025,06/30/2025,2820.93,A11001,950,Import SPS data by Invoice in NetSuite,,
OPENINV10935,Item (Revenue/COGS),40391,"Residence Inn Indianapolis,IN",2609,#N/A,37782,,PA VINYL WALLCOVERING-FF,37782PA VINYL WALLCOVERING-FF,06/30/2025,06/30/2025,17911.11,A11001,950,Import SPS data by Invoice in NetSuite,,
OPENINV10936,Item (Revenue/COGS),40391,"Residence Inn Indianapolis,IN",2609,#N/A,37782/2,,PA VINYL WALLCOVERING-FF,37782/2PA VINYL WALLCOVERING-FF,06/30/2025,06/30/2025,328.63,A11001,950,Import SPS data by Invoice in NetSuite,,
OPENINV10937,Item (Revenue/COGS),40391,"Residence Inn Indianapolis,IN",2609,#N/A,37785,,PA MILLWORK,37785PA MILLWORK,06/30/2025,06/30/2025,117691.88,A11001,950,Import SPS data by Invoice in NetSuite,,
OPENINV10938,Item (Revenue/COGS),40391,"Residence Inn Indianapolis,IN",2609,#N/A,38296/4,,Residence Inn Indianapolis Guestrooms & Public Area,38296/4Residence Inn Indianapolis Guestrooms & Public Area,06/30/2025,06/30/2025,116117.22,A11001,950,Import SPS data by Invoice in NetSuite,,
OPENINV10939,Item (Revenue/COGS),40391,Rio Vista Holdings LLC,678,#N/A,35119/2,,,35119/2,03/20/2025,03/20/2025,-10000,A11001,950,Import SPS data by Invoice in NetSuite,,
OPENINV10940,Item (Revenue/COGS),40391,"Ritzway Group, LLC / Crowne Plaza Galleria Area",3381,#N/A,35785,,,35785,02/06/2024,02-06-2024,6875.35,A11001,950,Import SPS data by Invoice in NetSuite,,
OPENINV10941,Item (Revenue/COGS),40391,"Ritzway Group, LLC / Crowne Plaza Galleria Area",3381,#N/A,35785/2,,,35785/2,06/30/2025,06/30/2025,-6875.35,A11001,950,Import SPS data by Invoice in NetSuite,,
OPENINV10942,Item (Revenue/COGS),40391,RMZ Construction,681,#N/A,35267,,,35267,11/02/2023,11-02-2023,11342.62,A11001,950,Import SPS data by Invoice in NetSuite,,
OPENINV10943,Item (Revenue/COGS),40391,Sam Shah,3382,#N/A,36306,,Comfort Inn Renovation,36306Comfort Inn Renovation,03/04/2024,03-07-2024,35148.45,A11001,950,Import SPS data by Invoice in NetSuite,,
OPENINV10944,Item (Revenue/COGS),40391,Sam Shah,3382,#N/A,36306/2,,Comfort Inn Renovation,36306/2Comfort Inn Renovation,03/20/2024,03/20/2024,17219.33,A11001,950,Import SPS data by Invoice in NetSuite,,
OPENINV10945,Item (Revenue/COGS),40391,Sam Shah,3382,#N/A,36306/3,,Comfort Inn Renovation,36306/3Comfort Inn Renovation,03/27/2024,03/27/2024,13286.61,A11001,950,Import SPS data by Invoice in NetSuite,,
OPENINV10946,Item (Revenue/COGS),40391,Sam Shah,3382,#N/A,36529,,,36529,04/15/2024,04/15/2024,1007.16,A11001,950,Import SPS data by Invoice in NetSuite,,
OPENINV10947,Item (Revenue/COGS),40391,Sam Shah,3382,#N/A,36529/2,,,36529/2,04/25/2024,04/25/2024,1353.56,A11001,950,Import SPS data by Invoice in NetSuite,,
OPENINV10948,Item (Revenue/COGS),40391,Sam Shah,3382,#N/A,36847,,,36847,05/06/2024,05-06-2024,1190.75,A11001,950,Import SPS data by Invoice in NetSuite,,
OPENINV10949,Item (Revenue/COGS),40391,Sam Shah,3382,#N/A,36529/3,,,36529/3,06/12/2024,06-12-2024,611.83,A11001,950,Import SPS data by Invoice in NetSuite,,
OPENINV10950,Item (Revenue/COGS),40391,Sam Shah,3382,#N/A,36529/4,,,36529/4,06/20/2024,06/20/2024,255.56,A11001,950,Import SPS data by Invoice in NetSuite,,
OPENINV10951,Item (Revenue/COGS),40391,Sam Shah,3382,#N/A,36529/5,,,36529/5,06/28/2024,06/28/2024,75.54,A11001,950,Import SPS data by Invoice in NetSuite,,
OPENINV10952,Item (Revenue/COGS),40391,Sam Shah,3382,#N/A,37666,PO-Sparkling white,,37666PO-Sparkling white,08/28/2024,08/28/2024,7306.88,A11001,950,Import SPS data by Invoice in NetSuite,,
OPENINV10953,Item (Revenue/COGS),40391,Sam Shah,3382,#N/A,36306/4,,Comfort Inn Renovation,36306/4Comfort Inn Renovation,11/30/2024,11/30/2024,25885.26,A11001,950,Import SPS data by Invoice in NetSuite,,
OPENINV10954,Item (Revenue/COGS),40391,Sam Shah,3382,#N/A,38518,,,38518,12/11/2024,12-11-2024,12009.9,A11001,950,Import SPS data by Invoice in NetSuite,,
OPENINV10955,Item (Revenue/COGS),40391,SAM SHAH / ISHA REALTY INC. -COMFORT INN - GALVESTON,3383,#N/A,31858,,SAM SHAH / ISHA REALTY INC. -COMFORT INN - GALVESTON,31858SAM SHAH / ISHA REALTY INC. -COMFORT INN - GALVESTON,02/22/2022,02/22/2022,3077.28,A11001,950,Import SPS data by Invoice in NetSuite,,
OPENINV10956,Item (Revenue/COGS),40391,SAM SHAH / ISHA REALTY INC. -COMFORT INN - GALVESTON,3383,#N/A,34457,,,34457,05/08/2023,05-08-2023,348.53,A11001,950,Import SPS data by Invoice in NetSuite,,
OPENINV10957,Item (Revenue/COGS),40391,Sam Shah Residence,3384,#N/A,32075,,home kitchen,32075home kitchen,10/18/2022,10/18/2022,12963.09,A11001,950,Import SPS data by Invoice in NetSuite,,
OPENINV10958,Item (Revenue/COGS),40391,Sam Shah Residence,3384,#N/A,33692,,,33692,12/12/2022,12-12-2022,3788.75,A11001,950,Import SPS data by Invoice in NetSuite,,
OPENINV10959,Item (Revenue/COGS),40391,Sam Shah Residence,3384,#N/A,32075/3,,home kitchen,32075/3home kitchen,07/31/2024,07/31/2024,4871.25,A11001,950,Import SPS data by Invoice in NetSuite,,
OPENINV10960,Item (Revenue/COGS),40391,SAPIEN STONE INC,3385,#N/A,30711,PO-SUBLIME DISPLAY,SUBLIME CUSTONM STONE,30711PO-SUBLIME DISPLAYSUBLIME CUSTONM STONE,07/30/2021,08/29/2021,3368.72,A11001,950,Import SPS data by Invoice in NetSuite,,
OPENINV10961,Item (Revenue/COGS),40391,Shri Omkara LLC,2554,#N/A,38848,,,38848,06/30/2025,07/30/2025,161,A11001,950,Import SPS data by Invoice in NetSuite,,
OPENINV10962,Item (Revenue/COGS),40391,Sigma Marble Granite and Tile,3386,#N/A,26086/3,C.O# 73052,55 WAUGH,26086/3C.O# 7305255 WAUGH,02/12/2020,02-12-2020,-6958.88,A11001,950,Import SPS data by Invoice in NetSuite,,
OPENINV10963,Item (Revenue/COGS),40391,Sigma Marble Granite and Tile,3386,#N/A,,,,,09/25/2024,09/25/2024,625.59,A11001,950,Import SPS data by Invoice in NetSuite,,
OPENINV10964,Item (Revenue/COGS),40391,SKIMS Retail,2597,#N/A,38406/4,,Skims retail projects,38406/4Skims retail projects,04/14/2025,04/14/2025,0.01,A11001,950,Import SPS data by Invoice in NetSuite,,
OPENINV10965,Item (Revenue/COGS),40391,"SMD Contracting, Inc",3387,#N/A,38336,,Chilis Orange City,38336Chilis Orange City,06/30/2025,06/30/2025,0.04,A11001,950,Import SPS data by Invoice in NetSuite,,
OPENINV10966,Item (Revenue/COGS),40391,"Someshwar Motel LLC - Comfort Inn Ogallala, NE",3388,#N/A,37914/5,,GR FINISHES,37914/5GR FINISHES,06/30/2025,07/15/2025,25532.44,A11001,950,Import SPS data by Invoice in NetSuite,,
OPENINV10967,Item (Revenue/COGS),40391,"Someshwar Motel LLC - Comfort Inn Ogallala, NE",3388,#N/A,37918/2,,PA SEATINGS,37918/2PA SEATINGS,06/30/2025,07/15/2025,1871.28,A11001,950,Import SPS data by Invoice in NetSuite,,
OPENINV10968,Item (Revenue/COGS),40391,Stay Bridge - Manteca - CA - Aman Dhillon,3389,#N/A,34654,,PA MISCELLANEOUS,34654PA MISCELLANEOUS,06/24/2024,06/24/2024,759.41,A11001,950,Import SPS data by Invoice in NetSuite,,
OPENINV10969,Item (Revenue/COGS),40391,Stay Bridge - Manteca - CA - Aman Dhillon,3389,#N/A,34660/9,,PA FINISHES,34660/9PA FINISHES,08/12/2024,08-12-2024,3174,A11001,950,Import SPS data by Invoice in NetSuite,,
OPENINV10970,Item (Revenue/COGS),40391,Stay Bridge - Manteca - CA - Aman Dhillon,3389,#N/A,34655,,PA ARTWORK,34655PA ARTWORK,10/07/2024,10-07-2024,2586.81,A11001,950,Import SPS data by Invoice in NetSuite,,
OPENINV10971,Item (Revenue/COGS),40391,Stay Bridge - Manteca - CA - Aman Dhillon,3389,#N/A,34650/4,,PA SEATING,34650/4PA SEATING,11/22/2024,11/22/2024,5680.32,A11001,950,Import SPS data by Invoice in NetSuite,,
OPENINV10972,Item (Revenue/COGS),40391,Stay Bridge - Manteca - CA - Aman Dhillon,3389,#N/A,34657/4,,PA MILLWORK,34657/4PA MILLWORK,11/22/2024,11/22/2024,996.75,A11001,950,Import SPS data by Invoice in NetSuite,,
OPENINV10973,Item (Revenue/COGS),40391,Stay Bridge - Manteca - CA - Aman Dhillon,3389,#N/A,34443/8,,GUESTROOM FIXTURES AND EQUIPMENT,34443/8GUESTROOM FIXTURES AND EQUIPMENT,06/30/2025,06/30/2025,45347.25,A11001,950,Import SPS data by Invoice in NetSuite,,
OPENINV10974,Item (Revenue/COGS),40391,Stay Bridge - Manteca - CA - Aman Dhillon,3389,#N/A,34446/6,,SEATING,34446/6SEATING,06/30/2025,06/30/2025,1262.37,A11001,950,Import SPS data by Invoice in NetSuite,,
OPENINV10975,Item (Revenue/COGS),40391,Stay Bridge - Manteca - CA - Aman Dhillon,3389,#N/A,34452/3,,QUARTZ- TOP,34452/3QUARTZ- TOP,06/30/2025,06/30/2025,13197.29,A11001,950,Import SPS data by Invoice in NetSuite,,
OPENINV10976,Item (Revenue/COGS),40391,Stay Bridge - Manteca - CA - Aman Dhillon,3389,#N/A,34454/11,,FINISHES,34454/11FINISHES,06/30/2025,06/30/2025,56460.99,A11001,950,Import SPS data by Invoice in NetSuite,,
OPENINV10977,Item (Revenue/COGS),40391,Stay Bridge - Manteca - CA - Aman Dhillon,3389,#N/A,34649/2,,PA CASEGOODS,34649/2PA CASEGOODS,06/30/2025,06/30/2025,6715.99,A11001,950,Import SPS data by Invoice in NetSuite,,
OPENINV10978,Item (Revenue/COGS),40391,Stay Bridge - Manteca - CA - Aman Dhillon,3389,#N/A,34650/5,,PA SEATING,34650/5PA SEATING,06/30/2025,06/30/2025,4006.6,A11001,950,Import SPS data by Invoice in NetSuite,,
OPENINV10979,Item (Revenue/COGS),40391,Stay Bridge - Manteca - CA - Aman Dhillon,3389,#N/A,34653,,PA MIRRORS,34653PA MIRRORS,06/30/2025,06/30/2025,356.52,A11001,950,Import SPS data by Invoice in NetSuite,,
OPENINV10980,Item (Revenue/COGS),40391,Stay Bridge - Manteca - CA - Aman Dhillon,3389,#N/A,34656/3,,PA OUTDOOR FURNITURE,34656/3PA OUTDOOR FURNITURE,06/30/2025,06/30/2025,2148.56,A11001,950,Import SPS data by Invoice in NetSuite,,
OPENINV10981,Item (Revenue/COGS),40391,Stay Bridge - Manteca - CA - Aman Dhillon,3389,#N/A,34657/5,,PA MILLWORK,34657/5PA MILLWORK,06/30/2025,06/30/2025,8962.57,A11001,950,Import SPS data by Invoice in NetSuite,,
OPENINV10982,Item (Revenue/COGS),40391,Stay Bridge - Manteca - CA - Aman Dhillon,3389,#N/A,34658/2,,PA QUARTZ,34658/2PA QUARTZ,06/30/2025,06/30/2025,33464.95,A11001,950,Import SPS data by Invoice in NetSuite,,
OPENINV10983,Item (Revenue/COGS),40391,Stay Bridge - Manteca - CA - Aman Dhillon,3389,#N/A,34659,,PA ACCESSORIES,34659PA ACCESSORIES,06/30/2025,06/30/2025,160.37,A11001,950,Import SPS data by Invoice in NetSuite,,
OPENINV10984,Item (Revenue/COGS),40391,Stay Bridge - Manteca - CA - Aman Dhillon,3389,#N/A,34660/10,,PA FINISHES,34660/10PA FINISHES,06/30/2025,06/30/2025,63267.32,A11001,950,Import SPS data by Invoice in NetSuite,,
OPENINV10985,Item (Revenue/COGS),40391,Stay Bridge - Manteca - CA - Aman Dhillon,3389,#N/A,35784/2,,,35784/2,06/30/2025,06/30/2025,5595,A11001,950,Import SPS data by Invoice in NetSuite,,
OPENINV10986,Item (Revenue/COGS),40391,STONE EDGE COUNTERTTOPS,3390,#N/A,33012,po-cruz 8/23/ uni ice,,33012po-cruz 8/23/ uni ice,08/25/2022,08/25/2022,4546.5,A11001,950,Import SPS data by Invoice in NetSuite,,
OPENINV10987,Item (Revenue/COGS),40391,"StonePeak Ceramics, INC.",3391,#N/A,30574,,201 79th street New York Tile - Truck #12 - West Shipment 2,30574201 79th street New York Tile - Truck #12 - West Shipment 2,12/29/2021,12/29/2021,1168.97,A11001,950,Import SPS data by Invoice in NetSuite,,
OPENINV10988,Item (Revenue/COGS),40391,Sunray Group / Holiday Inn Burlington Hotel & Conference Centre CANADA,3392,#N/A,34843/4,HICWDBURPA2023-0025-R01,Seating,34843/4HICWDBURPA2023-0025-R01Seating,11/29/2024,11/29/2024,1875.02,A11001,950,Import SPS data by Invoice in NetSuite,,
OPENINV10989,Item (Revenue/COGS),40391,Sunray Group / Holiday Inn Burlington Hotel & Conference Centre CANADA,3392,#N/A,34843/5,HICWDBURPA2023-0025-R01,Seating,34843/5HICWDBURPA2023-0025-R01Seating,06/30/2025,06/30/2025,-1875.02,A11001,950,Import SPS data by Invoice in NetSuite,,
OPENINV10990,Item (Revenue/COGS),40391,SUPREME BRIGHT ATLANTIC CITY LLC (TRIBUTE SEAHAUS),3393,#N/A,37467/8,,Tribute Seahaus Atlantic City NJ - GR FINISHES,37467/8Tribute Seahaus Atlantic City NJ - GR FINISHES,12/31/2024,12/31/2024,675.76,A11001,950,Import SPS data by Invoice in NetSuite,,
OPENINV10991,Item (Revenue/COGS),40391,SUPREME BRIGHT ATLANTIC CITY LLC (TRIBUTE SEAHAUS),3393,#N/A,38047/13,,TSAC - GC Scope Public Area,38047/13TSAC - GC Scope Public Area,03/27/2025,03/27/2025,181056.49,A11001,950,Import SPS data by Invoice in NetSuite,,
OPENINV10992,Item (Revenue/COGS),40391,SUPREME BRIGHT ATLANTIC CITY LLC (TRIBUTE SEAHAUS),3393,#N/A,38047/19,,TSAC - GC Scope Public Area,38047/19TSAC - GC Scope Public Area,06/30/2025,06/30/2025,49583.87,A11001,950,Import SPS data by Invoice in NetSuite,,
OPENINV10993,Item (Revenue/COGS),40391,SUPREME BRIGHT ATLANTIC CITY LLC (TRIBUTE SEAHAUS),3393,#N/A,39078,,,39078,06/30/2025,06/30/2025,9667.66,A11001,950,Import SPS data by Invoice in NetSuite,,
OPENINV10994,Item (Revenue/COGS),40391,SUPREME BRIGHT ATLANTIC CITY LLC (TRIBUTE SEAHAUS),3393,#N/A,39079,,,39079,06/30/2025,06/30/2025,7885.21,A11001,950,Import SPS data by Invoice in NetSuite,,
OPENINV10995,Item (Revenue/COGS),40391,Supreme Bright Westlake I LLC,3394,#N/A,34927,,Taj mahal flooring and wall tiles in guest bath,34927Taj mahal flooring and wall tiles in guest bath,12/31/2024,12/31/2024,19769.75,A11001,950,Import SPS data by Invoice in NetSuite,,
OPENINV10996,Item (Revenue/COGS),40391,Supreme Bright Westlake I LLC,3394,#N/A,34842/4,,WADTX - Mock Up Room FF&E,34842/4WADTX - Mock Up Room FF&E,06/30/2025,06/30/2025,13868.19,A11001,950,Import SPS data by Invoice in NetSuite,,
OPENINV10997,Item (Revenue/COGS),40391,SWINERTON,696,#N/A,38181/3,,,38181/3,06/30/2025,06/30/2025,0.01,A11001,950,Import SPS data by Invoice in NetSuite,,
OPENINV10998,Item (Revenue/COGS),40391,"The C.A. Harrison Companies, LLC",700,#N/A,31238,,Tabacco - LED Mirrors,31238Tabacco - LED Mirrors,12/31/2021,01/30/2022,19962.5,A11001,950,Import SPS data by Invoice in NetSuite,,
OPENINV10999,Item (Revenue/COGS),40391,The Eden,3395,#N/A,34502/7,,,34502/7,12/31/2024,12/31/2024,49535.86,A11001,950,Import SPS data by Invoice in NetSuite,,
OPENINV11000,Item (Revenue/COGS),40391,The Place Port Aransas TX,3396,#N/A,37859/4,,GR FINISHES ARCHITECTURAL,37859/4GR FINISHES ARCHITECTURAL,06/30/2025,06/30/2025,37258.82,A11001,950,Import SPS data by Invoice in NetSuite,,
OPENINV11001,Item (Revenue/COGS),40391,The Place Port Aransas TX,3396,#N/A,37861/3,,GR SEATING,37861/3GR SEATING,06/30/2025,06/30/2025,6091.56,A11001,950,Import SPS data by Invoice in NetSuite,,
OPENINV11002,Item (Revenue/COGS),40391,The Place Port Aransas TX,3396,#N/A,37865/7,,PA FINISHES ARCHITECTURAL,37865/7PA FINISHES ARCHITECTURAL,06/30/2025,06/30/2025,7637.55,A11001,950,Import SPS data by Invoice in NetSuite,,
OPENINV11003,Item (Revenue/COGS),40391,Trilogy Autograph Huntsville,2453,#N/A,39040,,,39040,06/30/2025,06/30/2025,15000,A11001,950,Import SPS data by Invoice in NetSuite,,
OPENINV11004,Item (Revenue/COGS),40391,Trylon LLC/ RJ Construction LTD,1688,#N/A,38675,,PA - PLANTERS,38675PA - PLANTERS,06/30/2025,07/30/2025,15153.57,A11001,950,Import SPS data by Invoice in NetSuite,,
OPENINV11005,Item (Revenue/COGS),40391,Two one two,3397,#N/A,38622,,"Amiri Beverly Center, CA project","38622Amiri Beverly Center, CA project",04/23/2025,04/23/2025,2461.27,A11001,950,Import SPS data by Invoice in NetSuite,,
OPENINV11006,Item (Revenue/COGS),40391,Urban Atelier Group LLC,714,#N/A,36072/5,,Cabinets/Bath Accessories/Decorative Lighting,36072/5Cabinets/Bath Accessories/Decorative Lighting,06/30/2025,06/30/2025,155431.38,A11001,950,Import SPS data by Invoice in NetSuite,,
OPENINV11007,Item (Revenue/COGS),40391,Urban Atelier Group LLC,714,#N/A,36095,,Countertops,36095Countertops,06/30/2025,06/30/2025,29310.88,A11001,950,Import SPS data by Invoice in NetSuite,,
OPENINV11008,Item (Revenue/COGS),40391,Watermark Commercial Contractors LLC,3398,#N/A,33991/2,,Fishpond Living at Alice,33991/2Fishpond Living at Alice,09/30/2023,09/30/2023,15,A11001,950,Import SPS data by Invoice in NetSuite,,
OPENINV11009,Item (Revenue/COGS),40391,Watermark Commercial Contractors LLC,3398,#N/A,33443/4,,VERNON PIONEER CROSSING,33443/4VERNON PIONEER CROSSING,10/06/2023,10-06-2023,322.57,A11001,950,Import SPS data by Invoice in NetSuite,,
OPENINV11010,Item (Revenue/COGS),40391,Watermark Commercial Contractors LLC,3398,#N/A,38049/2,,Millpond Alice,38049/2Millpond Alice,06/30/2025,06/30/2025,31379,A11001,950,Import SPS data by Invoice in NetSuite,,
OPENINV11011,Item (Revenue/COGS),40391,"Weaver Cooke Construction, LLC>",3399,#N/A,30816/3,,The Lofts at Whitaker Park - Multi-family,30816/3The Lofts at Whitaker Park - Multi-family,06/30/2022,07/30/2022,134966.34,A11001,950,Import SPS data by Invoice in NetSuite,,
OPENINV11012,Item (Revenue/COGS),40391,Westport KC,723,#N/A,33154,PO-WESTPORT KC,,33154PO-WESTPORT KC,09/27/2022,09/27/2022,5412.5,A11001,950,Import SPS data by Invoice in NetSuite,,
OPENINV11013,Item (Revenue/COGS),40391,"Wingate - Erlanger, KY",2712,#N/A,35981/4,,,35981/4,08/23/2024,08/23/2024,54310.09,A11001,950,Import SPS data by Invoice in NetSuite,,
OPENINV11014,Item (Revenue/COGS),40391,"Wingate - Erlanger, KY",2712,#N/A,36952,,"Wingate - Erlanger, KY- Window Treament","36952Wingate - Erlanger, KY- Window Treament",09/25/2024,09/25/2024,25737.62,A11001,950,Import SPS data by Invoice in NetSuite,,
OPENINV11015,Item (Revenue/COGS),40391,"Wingate - Erlanger, KY",2712,#N/A,35981/5,,,35981/5,06/30/2025,06/30/2025,10098.27,A11001,950,Import SPS data by Invoice in NetSuite,,
OPENINV11016,Item (Revenue/COGS),40391,"Wingate - Erlanger, KY",2712,#N/A,35981/6,,,35981/6,06/30/2025,06/30/2025,2672.88,A11001,950,Import SPS data by Invoice in NetSuite,,
OPENINV11017,Item (Revenue/COGS),40391,"Wingate - Erlanger, KY",2712,#N/A,36952/2,,"Wingate - Erlanger, KY- Window Treament","36952/2Wingate - Erlanger, KY- Window Treament",06/30/2025,06/30/2025,-22379.72,A11001,950,Import SPS data by Invoice in NetSuite,,
OPENINV11018,Item (Revenue/COGS),40391,"Wingate by Wyndham-Farmington, NM.",3268,#N/A,36143/6,,PA CASEGOODS,36143/6PA CASEGOODS,10/30/2024,10/30/2024,930.92,A11001,950,Import SPS data by Invoice in NetSuite,,
OPENINV11019,Item (Revenue/COGS),40391,"Wingate by Wyndham-Farmington, NM.",3268,#N/A,36143/7,,PA CASEGOODS,36143/7PA CASEGOODS,10/30/2024,10/30/2024,5442.69,A11001,950,Import SPS data by Invoice in NetSuite,,
OPENINV11020,Item (Revenue/COGS),40391,"Wingate by Wyndham-Farmington, NM.",3268,#N/A,36147/2,,PA SEATING & SEATING FABRIC,36147/2PA SEATING & SEATING FABRIC,10/30/2024,10/30/2024,5565.95,A11001,950,Import SPS data by Invoice in NetSuite,,
OPENINV11021,Item (Revenue/COGS),40391,"Wingate by Wyndham-Farmington, NM.",3268,#N/A,36148,,PA VINYL WALLCOVERING,36148PA VINYL WALLCOVERING,10/30/2024,10/30/2024,1812.01,A11001,950,Import SPS data by Invoice in NetSuite,,
OPENINV11022,Item (Revenue/COGS),40391,"Wingate by Wyndham-Farmington, NM.",3268,#N/A,36151/2,,PUBLIC RESTROOM ACCESSORIES,36151/2PUBLIC RESTROOM ACCESSORIES,10/30/2024,10/30/2024,76,A11001,950,Import SPS data by Invoice in NetSuite,,
OPENINV11023,Item (Revenue/COGS),40391,"Wingate by Wyndham-Farmington, NM.",3268,#N/A,36147/3,,PA SEATING & SEATING FABRIC,36147/3PA SEATING & SEATING FABRIC,10/30/2024,11-01-2024,1440,A11001,950,Import SPS data by Invoice in NetSuite,,
OPENINV11024,Item (Revenue/COGS),40391,"Wingate by Wyndham-Farmington, NM.",3268,#N/A,36143/8,,PA CASEGOODS,36143/8PA CASEGOODS,11/14/2024,11/14/2024,4756.36,A11001,950,Import SPS data by Invoice in NetSuite,,
OPENINV11025,Item (Revenue/COGS),40391,"Wingate by Wyndham-Farmington, NM.",3268,#N/A,36136,,GR BEDDING,36136GR BEDDING,02/21/2025,02/21/2025,3462.85,A11001,950,Import SPS data by Invoice in NetSuite,,
OPENINV11026,Item (Revenue/COGS),40391,"Wingate by Wyndham-Farmington, NM.",3268,#N/A,36138/2,,GR DECORATIVE PILLOW,36138/2GR DECORATIVE PILLOW,06/16/2025,06/16/2025,56.92,A11001,950,Import SPS data by Invoice in NetSuite,,
OPENINV11027,Item (Revenue/COGS),40391,"Wingate by Wyndham-Farmington, NM.",3268,#N/A,36140/5,,GR GUEST BATH ITEMS,36140/5GR GUEST BATH ITEMS,06/16/2025,06/16/2025,756,A11001,950,Import SPS data by Invoice in NetSuite,,
OPENINV11028,Item (Revenue/COGS),40391,"Wingate by Wyndham-Farmington, NM.",3268,#N/A,36520/2,,CARPET,36520/2CARPET,06/16/2025,06/16/2025,12306,A11001,950,Import SPS data by Invoice in NetSuite,,
OPENINV11029,Item (Revenue/COGS),40391,"Wingate by Wyndham-Farmington, NM.",3268,#N/A,36132/4,,GR SEATING,36132/4GR SEATING,06/30/2025,06/30/2025,4633.87,A11001,950,Import SPS data by Invoice in NetSuite,,
OPENINV11030,Item (Revenue/COGS),40391,"Wingate by Wyndham-Farmington, NM.",3268,#N/A,36133/7,,GR CASE GOODS,36133/7GR CASE GOODS,06/30/2025,06/30/2025,5647.5,A11001,950,Import SPS data by Invoice in NetSuite,,
OPENINV11031,Item (Revenue/COGS),40391,"Wingate by Wyndham-Farmington, NM.",3268,#N/A,36134/2,,GR WINDOW TREATMENT,36134/2GR WINDOW TREATMENT,06/30/2025,06/30/2025,21573,A11001,950,Import SPS data by Invoice in NetSuite,,
OPENINV11032,Item (Revenue/COGS),40391,"Wingate by Wyndham-Farmington, NM.",3268,#N/A,36141,,PA ACCESSORIES,36141PA ACCESSORIES,06/30/2025,06/30/2025,1750.35,A11001,950,Import SPS data by Invoice in NetSuite,,
OPENINV11033,Item (Revenue/COGS),40391,"Wingate by Wyndham-Farmington, NM.",3268,#N/A,36144,,PA DECORATIVE PILLOW & PILLOW FABRIC,36144PA DECORATIVE PILLOW & PILLOW FABRIC,06/30/2025,06/30/2025,122.24,A11001,950,Import SPS data by Invoice in NetSuite,,
OPENINV11034,Item (Revenue/COGS),40391,"Wingate by Wyndham-Farmington, NM.",3268,#N/A,36147/4,,PA SEATING & SEATING FABRIC,36147/4PA SEATING & SEATING FABRIC,06/30/2025,06/30/2025,3045,A11001,950,Import SPS data by Invoice in NetSuite,,
OPENINV11035,Item (Revenue/COGS),40391,"Wingate by Wyndham-Farmington, NM.",3268,#N/A,36149/2,,PA WINDOW TREATMENT,36149/2PA WINDOW TREATMENT,06/30/2025,06/30/2025,1818.2,A11001,950,Import SPS data by Invoice in NetSuite,,
OPENINV11036,Item (Revenue/COGS),40391,"Wingate by Wyndham-Farmington, NM.",3268,#N/A,36153,,PA QUARTZ TOP,36153PA QUARTZ TOP,06/30/2025,06/30/2025,1706.76,A11001,950,Import SPS data by Invoice in NetSuite,,
OPENINV11037,Item (Revenue/COGS),40391,Wingate Owensboro_KY,3400,#N/A,35528/3,,GUEST ROOMS SEATING,35528/3GUEST ROOMS SEATING,06/30/2025,06/30/2025,1485,A11001,950,Import SPS data by Invoice in NetSuite,,
OPENINV11038,Item (Revenue/COGS),40391,Wingate Owensboro_KY,3400,#N/A,35529/5,,GUEST ROOMS CASEGOODS,35529/5GUEST ROOMS CASEGOODS,06/30/2025,06/30/2025,19380.42,A11001,950,Import SPS data by Invoice in NetSuite,,
OPENINV11039,Item (Revenue/COGS),40391,Wingate Owensboro_KY,3400,#N/A,35529/7,,GUEST ROOMS CASEGOODS,35529/7GUEST ROOMS CASEGOODS,06/30/2025,06/30/2025,1687.5,A11001,950,Import SPS data by Invoice in NetSuite,,
OPENINV11040,Item (Revenue/COGS),40391,Wingate Owensboro_KY,3400,#N/A,36550,,PUBLIC AREAS CARPET & CARPET PAD,36550PUBLIC AREAS CARPET & CARPET PAD,06/30/2025,06/30/2025,10661.59,A11001,950,Import SPS data by Invoice in NetSuite,,
OPENINV11041,Item (Revenue/COGS),40391,Wingate/ Hawthorne Kingman,3401,#N/A,35318,,Add tiles short from SO#34894,35318Add tiles short from SO#34894,11/07/2023,12-07-2023,6145.97,A11001,950,Import SPS data by Invoice in NetSuite,,
OPENINV11042,Item (Revenue/COGS),40391,Wingate/ Hawthorne Kingman,3401,#N/A,35318/2,,Add tiles short from SO#34894,35318/2Add tiles short from SO#34894,01/30/2024,02/29/2024,7045.4,A11001,950,Import SPS data by Invoice in NetSuite,,
OPENINV11043,Item (Revenue/COGS),40391,Wingate/ Hawthorne Kingman,3401,#N/A,35104,,,35104,02/09/2024,03-10-2024,3120,A11001,950,Import SPS data by Invoice in NetSuite,,
OPENINV11044,Item (Revenue/COGS),40391,Wingate/ Hawthorne Kingman,3401,#N/A,35104/2,,,35104/2,02/09/2024,03-10-2024,22971.26,A11001,950,Import SPS data by Invoice in NetSuite,,
OPENINV11045,Item (Revenue/COGS),40391,Wingate/ Hawthorne Kingman,3401,#N/A,35104/3,,,35104/3,03/15/2024,04/14/2024,1335.87,A11001,950,Import SPS data by Invoice in NetSuite,,
OPENINV11046,Item (Revenue/COGS),40391,Wingate/ Hawthorne Kingman,3401,#N/A,36295,,additional wall vinyl,36295additional wall vinyl,06/13/2024,07/13/2024,3572.25,A11001,950,Import SPS data by Invoice in NetSuite,,
OPENINV11047,Item (Revenue/COGS),40391,Wingate/ Hawthorne Kingman,3401,#N/A,35104/6,,,35104/6,06/30/2025,07/30/2025,3004.74,A11001,950,Import SPS data by Invoice in NetSuite,,
OPENINV11048,Item (Revenue/COGS),40391,WYNDHAM D&C CONFERENCE BOOTH / WYNDHAM BRAND,3402,#N/A,34731,,,34731,01/01/2024,01-01-2024,220,A11001,950,Import SPS data by Invoice in NetSuite,,
OPENINV11049,Item (Revenue/COGS),40391,WYNDHAM D&C CONFERENCE BOOTH / WYNDHAM BRAND,3402,#N/A,34731/2,,,34731/2,06/30/2025,06/30/2025,6795.61,A11001,950,Import SPS data by Invoice in NetSuite,,
OPENINV11050,Item (Revenue/COGS),40391,Wyndham Garden Ann Arbor,2632,#N/A,38228,,,38228,03/11/2025,03-11-2025,1039.5,A11001,950,Import SPS data by Invoice in NetSuite,,
OPENINV11051,Item (Revenue/COGS),40391,"WYNDHAM GARDEN INN- MANASSAS, VA",3403,#N/A,38449/3,,GR SEATING & SEATING FABRIC,38449/3GR SEATING & SEATING FABRIC,03/25/2025,03/25/2025,5828.44,A11001,950,Import SPS data by Invoice in NetSuite,,
OPENINV11052,Item (Revenue/COGS),40391,"WYNDHAM GARDEN INN- MANASSAS, VA",3403,#N/A,38449/2,,GR SEATING & SEATING FABRIC,38449/2GR SEATING & SEATING FABRIC,03/27/2025,03/27/2025,8200.75,A11001,950,Import SPS data by Invoice in NetSuite,,
OPENINV11053,Item (Revenue/COGS),40391,Wyndham Trademark Fredericksburg,3404,#N/A,35965/2,,,35965/2,07/31/2024,07/31/2024,445.38,A11001,950,Import SPS data by Invoice in NetSuite,,
OPENINV11054,Item (Revenue/COGS),40391,"Yale Tile & Stone, LLC",727,#N/A,37350,,300 E 50th St - Shower Jambs,37350300 E 50th St - Shower Jambs,06/30/2025,06/30/2025,16349.99,A11001,950,Import SPS data by Invoice in NetSuite,,
OPENINV11055,Item (Revenue/COGS),40391,YLH CONSTRUCTION COMPANY,728,#N/A,32239/3,,DREWRY / ROYCRAFT CONDO,32239/3DREWRY / ROYCRAFT CONDO,10/12/2023,10-12-2023,6500,A11001,950,Import SPS data by Invoice in NetSuite,,
