External ID,No,Debit Acc,Account Internal ID,Credit Acc #,Date,Entity,Entity ID,Invoice #,Memo,Debit Amt,Credit Amt
AUGCOGS-37684/3,1,A50001 - Cost Of Goods Sold (New),977,,08/01/2025,Ascent Residence inn Montgomery,3320,37684/3,Ascent Residence inn Montgomery - Aug  material cost transferred from sps,45093.10,
AUGCOGS-37684/3,1.5,,953,A12001 - Inventory (New),08/01/2025,Ascent Residence inn Montgomery,3320,37684/3,Ascent Residence inn Montgomery - Aug  material cost transferred from sps,,45093.10
AUGCOGS-41188101,2,A50001 - Cost Of Goods Sold (New),977,,08/01/2025,MDC Interior Solutions,1267,41188101,MDC Interior Solutions - Aug  material cost transferred from sps,113.40,
AUGCOGS-41188101,2.5,,953,A12001 - Inventory (New),08/01/2025,MDC Interior Solutions,1267,41188101,MDC Interior Solutions - Aug  material cost transferred from sps,,113.40
AUGCOGS-35804/4,3,A50001 - Cost Of Goods Sold (New),977,,08/04/2025,Fairfield Townplace East Hartford,3335,35804/4,Fairfield Townplace East Hartford - Aug  material cost transferred from sps,21564.59,
AUGCOGS-35804/4,3.5,,953,A12001 - Inventory (New),08/04/2025,Fairfield Townplace East Hartford,3335,35804/4,Fairfield Townplace East Hartford - Aug  material cost transferred from sps,,21564.59
AUGCOGS-38633,4,A50001 - Cost Of Goods Sold (New),977,,08/04/2025,Classic American Homes & Renovations,2708,38633,Classic American Homes & Renovations - Aug  material cost transferred from sps,996.55,
AUGCOGS-38633,4.5,,953,A12001 - Inventory (New),08/04/2025,Classic American Homes & Renovations,2708,38633,Classic American Homes & Renovations - Aug  material cost transferred from sps,,996.55
AUGCOGS-38235/6,5,A50001 - Cost Of Goods Sold (New),977,,08/05/2025,Hampton Inn Nashville,3338,38235/6,Hampton Inn Nashville - Aug  material cost transferred from sps,14077.81,
AUGCOGS-38235/6,5.5,,953,A12001 - Inventory (New),08/05/2025,Hampton Inn Nashville,3338,38235/6,Hampton Inn Nashville - Aug  material cost transferred from sps,,14077.81
AUGCOGS-38299/3,6,A50001 - Cost Of Goods Sold (New),977,,08/05/2025,"Chesterfield Hospitality, Inc.",1558,38299/3,"Chesterfield Hospitality, Inc. - Aug  material cost transferred from sps",11730.06,
AUGCOGS-38299/3,6.5,,953,A12001 - Inventory (New),08/05/2025,"Chesterfield Hospitality, Inc.",1558,38299/3,"Chesterfield Hospitality, Inc. - Aug  material cost transferred from sps",,11730.06
AUGCOGS-38301/4,7,A50001 - Cost Of Goods Sold (New),977,,08/05/2025,"Chesterfield Hospitality, Inc.",1558,38301/4,"Chesterfield Hospitality, Inc. - Aug  material cost transferred from sps",7314.78,
AUGCOGS-38301/4,7.5,,953,A12001 - Inventory (New),08/05/2025,"Chesterfield Hospitality, Inc.",1558,38301/4,"Chesterfield Hospitality, Inc. - Aug  material cost transferred from sps",,7314.78
AUGCOGS-38304/3,8,A50001 - Cost Of Goods Sold (New),977,,08/05/2025,"Chesterfield Hospitality, Inc.",1558,38304/3,"Chesterfield Hospitality, Inc. - Aug  material cost transferred from sps",1256.79,
AUGCOGS-38304/3,8.5,,953,A12001 - Inventory (New),08/05/2025,"Chesterfield Hospitality, Inc.",1558,38304/3,"Chesterfield Hospitality, Inc. - Aug  material cost transferred from sps",,1256.79
AUGCOGS-37687,9,A50001 - Cost Of Goods Sold (New),977,,08/07/2025,Ascent Residence inn Montgomery,3320,37687,Ascent Residence inn Montgomery - Aug  material cost transferred from sps,222.07,
AUGCOGS-37687,9.5,,953,A12001 - Inventory (New),08/07/2025,Ascent Residence inn Montgomery,3320,37687,Ascent Residence inn Montgomery - Aug  material cost transferred from sps,,222.07
AUGCOGS-37697/3,10,A50001 - Cost Of Goods Sold (New),977,,08/07/2025,Ascent Residence inn Montgomery,3320,37697/3,Ascent Residence inn Montgomery - Aug  material cost transferred from sps,708.57,
AUGCOGS-37697/3,10.5,,953,A12001 - Inventory (New),08/07/2025,Ascent Residence inn Montgomery,3320,37697/3,Ascent Residence inn Montgomery - Aug  material cost transferred from sps,,708.57
AUGCOGS-38661,11,A50001 - Cost Of Goods Sold (New),977,,08/07/2025,Comfort suites NC330,2640,38661,Comfort suites NC330 - Aug  material cost transferred from sps,2966.73,
AUGCOGS-38661,11.5,,953,A12001 - Inventory (New),08/07/2025,Comfort suites NC330,2640,38661,Comfort suites NC330 - Aug  material cost transferred from sps,,2966.73
AUGCOGS-36248,12,A50001 - Cost Of Goods Sold (New),977,,08/08/2025,Kings Bay Coastal Hotel Management LLC / Wingate Kingsland,3354,36248,Kings Bay Coastal Hotel Management LLC / Wingate Kingsland - Aug  material cost transferred from sps,20.00,
AUGCOGS-36248,12.5,,953,A12001 - Inventory (New),08/08/2025,Kings Bay Coastal Hotel Management LLC / Wingate Kingsland,3354,36248,Kings Bay Coastal Hotel Management LLC / Wingate Kingsland - Aug  material cost transferred from sps,,20.00
AUGCOGS-36250,13,A50001 - Cost Of Goods Sold (New),977,,08/08/2025,Kings Bay Coastal Hotel Management LLC / Wingate Kingsland,3354,36250,Kings Bay Coastal Hotel Management LLC / Wingate Kingsland - Aug  material cost transferred from sps,7206.63,
AUGCOGS-36250,13.5,,953,A12001 - Inventory (New),08/08/2025,Kings Bay Coastal Hotel Management LLC / Wingate Kingsland,3354,36250,Kings Bay Coastal Hotel Management LLC / Wingate Kingsland - Aug  material cost transferred from sps,,7206.63
AUGCOGS-37412/2,14,A50001 - Cost Of Goods Sold (New),977,,08/08/2025,Ascent Hospitality Element Carmel Indiana,3314,37412/2,Ascent Hospitality Element Carmel Indiana - Aug  material cost transferred from sps,708.08,
AUGCOGS-37412/2,14.5,,953,A12001 - Inventory (New),08/08/2025,Ascent Hospitality Element Carmel Indiana,3314,37412/2,Ascent Hospitality Element Carmel Indiana - Aug  material cost transferred from sps,,708.08
AUGCOGS-38292,15,A50001 - Cost Of Goods Sold (New),977,,08/08/2025,Veranda Homes,2275,38292,Veranda Homes - Aug  material cost transferred from sps,24766.76,
AUGCOGS-38292,15.5,,953,A12001 - Inventory (New),08/08/2025,Veranda Homes,2275,38292,Veranda Homes - Aug  material cost transferred from sps,,24766.76
AUGCOGS-38292/2,16,A50001 - Cost Of Goods Sold (New),977,,08/08/2025,Veranda Homes,2275,38292/2,Veranda Homes - Aug  material cost transferred from sps,9768.70,
AUGCOGS-38292/2,16.5,,953,A12001 - Inventory (New),08/08/2025,Veranda Homes,2275,38292/2,Veranda Homes - Aug  material cost transferred from sps,,9768.70
AUGCOGS-36663/2,17,A50001 - Cost Of Goods Sold (New),977,,08/11/2025,Ascent Hospitality Tribute Carmel Indiana,2628,36663/2,Ascent Hospitality Tribute Carmel Indiana - Aug  material cost transferred from sps,566.78,
AUGCOGS-36663/2,17.5,,953,A12001 - Inventory (New),08/11/2025,Ascent Hospitality Tribute Carmel Indiana,2628,36663/2,Ascent Hospitality Tribute Carmel Indiana - Aug  material cost transferred from sps,,566.78
AUGCOGS-38579,20,A50001 - Cost Of Goods Sold (New),977,,08/11/2025,Mesquite Gaming,1554,38579,Mesquite Gaming - Aug  material cost transferred from sps,990.31,
AUGCOGS-38579,20.5,,953,A12001 - Inventory (New),08/11/2025,Mesquite Gaming,1554,38579,Mesquite Gaming - Aug  material cost transferred from sps,,990.31
AUGCOGS-36681/10,21,A50001 - Cost Of Goods Sold (New),977,,08/12/2025,Ascent Hospitality Tribute Carmel Indiana,2628,36681/10,Ascent Hospitality Tribute Carmel Indiana - Aug  material cost transferred from sps,147.48,
AUGCOGS-36681/10,21.5,,953,A12001 - Inventory (New),08/12/2025,Ascent Hospitality Tribute Carmel Indiana,2628,36681/10,Ascent Hospitality Tribute Carmel Indiana - Aug  material cost transferred from sps,,147.48
AUGCOGS-36681/9,22,A50001 - Cost Of Goods Sold (New),977,,08/12/2025,Ascent Hospitality Tribute Carmel Indiana,2628,36681/9,Ascent Hospitality Tribute Carmel Indiana - Aug  material cost transferred from sps,2222.38,
AUGCOGS-36681/9,22.5,,953,A12001 - Inventory (New),08/12/2025,Ascent Hospitality Tribute Carmel Indiana,2628,36681/9,Ascent Hospitality Tribute Carmel Indiana - Aug  material cost transferred from sps,,2222.38
AUGCOGS-36782/2,23,A50001 - Cost Of Goods Sold (New),977,,08/12/2025,Ascent Home2 Montgomery,2571,36782/2,Ascent Home2 Montgomery - Aug  material cost transferred from sps,838.15,
AUGCOGS-36782/2,23.5,,953,A12001 - Inventory (New),08/12/2025,Ascent Home2 Montgomery,2571,36782/2,Ascent Home2 Montgomery - Aug  material cost transferred from sps,,838.15
AUGCOGS-36782/4,24,A50001 - Cost Of Goods Sold (New),977,,08/12/2025,Ascent Home2 Montgomery,2571,36782/4,Ascent Home2 Montgomery - Aug  material cost transferred from sps,6753.36,
AUGCOGS-36782/4,24.5,,953,A12001 - Inventory (New),08/12/2025,Ascent Home2 Montgomery,2571,36782/4,Ascent Home2 Montgomery - Aug  material cost transferred from sps,,6753.36
AUGCOGS-36786/3,25,A50001 - Cost Of Goods Sold (New),977,,08/12/2025,Ascent Home2 Montgomery,2571,36786/3,Ascent Home2 Montgomery - Aug  material cost transferred from sps,9522.39,
AUGCOGS-36786/3,25.5,,953,A12001 - Inventory (New),08/12/2025,Ascent Home2 Montgomery,2571,36786/3,Ascent Home2 Montgomery - Aug  material cost transferred from sps,,9522.39
AUGCOGS-37676/4,26,A50001 - Cost Of Goods Sold (New),977,,08/12/2025,Ascent Residence inn Montgomery,3320,37676/4,Ascent Residence inn Montgomery - Aug  material cost transferred from sps,20317.56,
AUGCOGS-37676/4,26.5,,953,A12001 - Inventory (New),08/12/2025,Ascent Residence inn Montgomery,3320,37676/4,Ascent Residence inn Montgomery - Aug  material cost transferred from sps,,20317.56
AUGCOGS-37677/3,27,A50001 - Cost Of Goods Sold (New),977,,08/12/2025,Ascent Residence inn Montgomery,3320,37677/3,Ascent Residence inn Montgomery - Aug  material cost transferred from sps,1973.79,
AUGCOGS-37677/3,27.5,,953,A12001 - Inventory (New),08/12/2025,Ascent Residence inn Montgomery,3320,37677/3,Ascent Residence inn Montgomery - Aug  material cost transferred from sps,,1973.79
AUGCOGS-37678/3,28,A50001 - Cost Of Goods Sold (New),977,,08/12/2025,Ascent Residence inn Montgomery,3320,37678/3,Ascent Residence inn Montgomery - Aug  material cost transferred from sps,1232.29,
AUGCOGS-37678/3,28.5,,953,A12001 - Inventory (New),08/12/2025,Ascent Residence inn Montgomery,3320,37678/3,Ascent Residence inn Montgomery - Aug  material cost transferred from sps,,1232.29
AUGCOGS-37678/7,29,A50001 - Cost Of Goods Sold (New),977,,08/12/2025,Ascent Residence inn Montgomery,3320,37678/7,Ascent Residence inn Montgomery - Aug  material cost transferred from sps,34212.08,
AUGCOGS-37678/7,29.5,,953,A12001 - Inventory (New),08/12/2025,Ascent Residence inn Montgomery,3320,37678/7,Ascent Residence inn Montgomery - Aug  material cost transferred from sps,,34212.08
AUGCOGS-37683/10,30,A50001 - Cost Of Goods Sold (New),977,,08/12/2025,Ascent Residence inn Montgomery,3320,37683/10,Ascent Residence inn Montgomery - Aug  material cost transferred from sps,29639.67,
AUGCOGS-37683/10,30.5,,953,A12001 - Inventory (New),08/12/2025,Ascent Residence inn Montgomery,3320,37683/10,Ascent Residence inn Montgomery - Aug  material cost transferred from sps,,29639.67
AUGCOGS-37683/9,31,A50001 - Cost Of Goods Sold (New),977,,08/12/2025,Ascent Residence inn Montgomery,3320,37683/9,Ascent Residence inn Montgomery - Aug  material cost transferred from sps,1750.49,
AUGCOGS-37683/9,31.5,,953,A12001 - Inventory (New),08/12/2025,Ascent Residence inn Montgomery,3320,37683/9,Ascent Residence inn Montgomery - Aug  material cost transferred from sps,,1750.49
AUGCOGS-37688/3,32,A50001 - Cost Of Goods Sold (New),977,,08/12/2025,Ascent Residence inn Montgomery,3320,37688/3,Ascent Residence inn Montgomery - Aug  material cost transferred from sps,12495.01,
AUGCOGS-37688/3,32.5,,953,A12001 - Inventory (New),08/12/2025,Ascent Residence inn Montgomery,3320,37688/3,Ascent Residence inn Montgomery - Aug  material cost transferred from sps,,12495.01
AUGCOGS-37690/2,33,A50001 - Cost Of Goods Sold (New),977,,08/12/2025,Ascent Residence inn Montgomery,3320,37690/2,Ascent Residence inn Montgomery - Aug  material cost transferred from sps,25083.95,
AUGCOGS-37690/2,33.5,,953,A12001 - Inventory (New),08/12/2025,Ascent Residence inn Montgomery,3320,37690/2,Ascent Residence inn Montgomery - Aug  material cost transferred from sps,,25083.95
AUGCOGS-37697/4,34,A50001 - Cost Of Goods Sold (New),977,,08/12/2025,Ascent Residence inn Montgomery,3320,37697/4,Ascent Residence inn Montgomery - Aug  material cost transferred from sps,136.87,
AUGCOGS-37697/4,34.5,,953,A12001 - Inventory (New),08/12/2025,Ascent Residence inn Montgomery,3320,37697/4,Ascent Residence inn Montgomery - Aug  material cost transferred from sps,,136.87
AUGCOGS-37698/3,35,A50001 - Cost Of Goods Sold (New),977,,08/12/2025,Ascent Residence inn Montgomery,3320,37698/3,Ascent Residence inn Montgomery - Aug  material cost transferred from sps,2454.74,
AUGCOGS-37698/3,35.5,,953,A12001 - Inventory (New),08/12/2025,Ascent Residence inn Montgomery,3320,37698/3,Ascent Residence inn Montgomery - Aug  material cost transferred from sps,,2454.74
AUGCOGS-38331,43,A50001 - Cost Of Goods Sold (New),977,,08/12/2025,"Residence Inn Pearland, TX",2466,38331,"Residence Inn Pearland, TX - Aug  material cost transferred from sps",4247.36,
AUGCOGS-38331,43.5,,953,A12001 - Inventory (New),08/12/2025,"Residence Inn Pearland, TX",2466,38331,"Residence Inn Pearland, TX - Aug  material cost transferred from sps",,4247.36
AUGCOGS-33948/4,45,A50001 - Cost Of Goods Sold (New),977,,08/13/2025,LA QUINTA ORLANDO,2678,33948/4,LA QUINTA ORLANDO - Aug  material cost transferred from sps,30.74,
AUGCOGS-33948/4,45.5,,953,A12001 - Inventory (New),08/13/2025,LA QUINTA ORLANDO,2678,33948/4,LA QUINTA ORLANDO - Aug  material cost transferred from sps,,30.74
AUGCOGS-33951/5,46,A50001 - Cost Of Goods Sold (New),977,,08/13/2025,LA QUINTA ORLANDO,2678,33951/5,LA QUINTA ORLANDO - Aug  material cost transferred from sps,240.54,
AUGCOGS-33951/5,46.5,,953,A12001 - Inventory (New),08/13/2025,LA QUINTA ORLANDO,2678,33951/5,LA QUINTA ORLANDO - Aug  material cost transferred from sps,,240.54
AUGCOGS-37685/5,47,A50001 - Cost Of Goods Sold (New),977,,08/13/2025,Ascent Residence inn Montgomery,3320,37685/5,Ascent Residence inn Montgomery - Aug  material cost transferred from sps,716.95,
AUGCOGS-37685/5,47.5,,953,A12001 - Inventory (New),08/13/2025,Ascent Residence inn Montgomery,3320,37685/5,Ascent Residence inn Montgomery - Aug  material cost transferred from sps,,716.95
AUGCOGS-38204/2,48,A50001 - Cost Of Goods Sold (New),977,,08/13/2025,LQ Hawthorne Leavenworth,3412,38204/2,LQ Hawthorne Leavenworth - Aug  material cost transferred from sps,4807.85,
AUGCOGS-38204/2,48.5,,953,A12001 - Inventory (New),08/13/2025,LQ Hawthorne Leavenworth,3412,38204/2,LQ Hawthorne Leavenworth - Aug  material cost transferred from sps,,4807.85
AUGCOGS-38857,49,A50001 - Cost Of Goods Sold (New),977,,08/18/2025,"White River Flooring, Inc.",2553,38857,"White River Flooring, Inc. - Aug  material cost transferred from sps",8947.15,
AUGCOGS-38857,49.5,,953,A12001 - Inventory (New),08/18/2025,"White River Flooring, Inc.",2553,38857,"White River Flooring, Inc. - Aug  material cost transferred from sps",,8947.15
AUGCOGS-35795/2,50,A50001 - Cost Of Goods Sold (New),977,,08/21/2025,Fairfield Townplace East Hartford,3335,35795/2,Fairfield Townplace East Hartford - Aug  material cost transferred from sps,33567.36,
AUGCOGS-35795/2,50.5,,953,A12001 - Inventory (New),08/21/2025,Fairfield Townplace East Hartford,3335,35795/2,Fairfield Townplace East Hartford - Aug  material cost transferred from sps,,33567.36
AUGCOGS-38403/5,51,A50001 - Cost Of Goods Sold (New),977,,08/23/2025,Auburn Hospitality Group,1548,38403/5,Auburn Hospitality Group - Aug  material cost transferred from sps,34804.40,
AUGCOGS-38403/5,51.5,,953,A12001 - Inventory (New),08/23/2025,Auburn Hospitality Group,1548,38403/5,Auburn Hospitality Group - Aug  material cost transferred from sps,,34804.40
AUGCOGS-33565/11,52,A50001 - Cost Of Goods Sold (New),977,,08/25/2025,LA QUINTA ORLANDO,2678,33565/11,LA QUINTA ORLANDO - Aug  material cost transferred from sps,5718.97,
AUGCOGS-33565/11,52.5,,953,A12001 - Inventory (New),08/25/2025,LA QUINTA ORLANDO,2678,33565/11,LA QUINTA ORLANDO - Aug  material cost transferred from sps,,5718.97
AUGCOGS-33565/12,53,A50001 - Cost Of Goods Sold (New),977,,08/25/2025,LA QUINTA ORLANDO,2678,33565/12,LA QUINTA ORLANDO - Aug  material cost transferred from sps,4424.85,
AUGCOGS-33565/12,53.5,,953,A12001 - Inventory (New),08/25/2025,LA QUINTA ORLANDO,2678,33565/12,LA QUINTA ORLANDO - Aug  material cost transferred from sps,,4424.85
AUGCOGS-33566/7,54,A50001 - Cost Of Goods Sold (New),977,,08/25/2025,LA QUINTA ORLANDO,2678,33566/7,LA QUINTA ORLANDO - Aug  material cost transferred from sps,200.40,
AUGCOGS-33566/7,54.5,,953,A12001 - Inventory (New),08/25/2025,LA QUINTA ORLANDO,2678,33566/7,LA QUINTA ORLANDO - Aug  material cost transferred from sps,,200.40
AUGCOGS-33566/9,55,A50001 - Cost Of Goods Sold (New),977,,08/25/2025,LA QUINTA ORLANDO,2678,33566/9,LA QUINTA ORLANDO - Aug  material cost transferred from sps,442.60,
AUGCOGS-33566/9,55.5,,953,A12001 - Inventory (New),08/25/2025,LA QUINTA ORLANDO,2678,33566/9,LA QUINTA ORLANDO - Aug  material cost transferred from sps,,442.60
AUGCOGS-33569/4,56,A50001 - Cost Of Goods Sold (New),977,,08/25/2025,LA QUINTA ORLANDO,2678,33569/4,LA QUINTA ORLANDO - Aug  material cost transferred from sps,21347.89,
AUGCOGS-33569/4,56.5,,953,A12001 - Inventory (New),08/25/2025,LA QUINTA ORLANDO,2678,33569/4,LA QUINTA ORLANDO - Aug  material cost transferred from sps,,21347.89
AUGCOGS-33569/5,57,A50001 - Cost Of Goods Sold (New),977,,08/25/2025,LA QUINTA ORLANDO,2678,33569/5,LA QUINTA ORLANDO - Aug  material cost transferred from sps,35534.57,
AUGCOGS-33569/5,57.5,,953,A12001 - Inventory (New),08/25/2025,LA QUINTA ORLANDO,2678,33569/5,LA QUINTA ORLANDO - Aug  material cost transferred from sps,,35534.57
AUGCOGS-33571,58,A50001 - Cost Of Goods Sold (New),977,,08/25/2025,LA QUINTA ORLANDO,2678,33571,LA QUINTA ORLANDO - Aug  material cost transferred from sps,1368.69,
AUGCOGS-33571,58.5,,953,A12001 - Inventory (New),08/25/2025,LA QUINTA ORLANDO,2678,33571,LA QUINTA ORLANDO - Aug  material cost transferred from sps,,1368.69
AUGCOGS-33575/6,59,A50001 - Cost Of Goods Sold (New),977,,08/25/2025,LA QUINTA ORLANDO,2678,33575/6,LA QUINTA ORLANDO - Aug  material cost transferred from sps,46390.27,
AUGCOGS-33575/6,59.5,,953,A12001 - Inventory (New),08/25/2025,LA QUINTA ORLANDO,2678,33575/6,LA QUINTA ORLANDO - Aug  material cost transferred from sps,,46390.27
AUGCOGS-33945/4,60,A50001 - Cost Of Goods Sold (New),977,,08/25/2025,LA QUINTA ORLANDO,2678,33945/4,LA QUINTA ORLANDO - Aug  material cost transferred from sps,736.03,
AUGCOGS-33945/4,60.5,,953,A12001 - Inventory (New),08/25/2025,LA QUINTA ORLANDO,2678,33945/4,LA QUINTA ORLANDO - Aug  material cost transferred from sps,,736.03
AUGCOGS-33946/3,61,A50001 - Cost Of Goods Sold (New),977,,08/25/2025,LA QUINTA ORLANDO,2678,33946/3,LA QUINTA ORLANDO - Aug  material cost transferred from sps,15799.10,
AUGCOGS-33946/3,61.5,,953,A12001 - Inventory (New),08/25/2025,LA QUINTA ORLANDO,2678,33946/3,LA QUINTA ORLANDO - Aug  material cost transferred from sps,,15799.10
AUGCOGS-33948/5,62,A50001 - Cost Of Goods Sold (New),977,,08/25/2025,LA QUINTA ORLANDO,2678,33948/5,LA QUINTA ORLANDO - Aug  material cost transferred from sps,3652.14,
AUGCOGS-33948/5,62.5,,953,A12001 - Inventory (New),08/25/2025,LA QUINTA ORLANDO,2678,33948/5,LA QUINTA ORLANDO - Aug  material cost transferred from sps,,3652.14
AUGCOGS-33950,63,A50001 - Cost Of Goods Sold (New),977,,08/25/2025,LA QUINTA ORLANDO,2678,33950,LA QUINTA ORLANDO - Aug  material cost transferred from sps,492.94,
AUGCOGS-33950,63.5,,953,A12001 - Inventory (New),08/25/2025,LA QUINTA ORLANDO,2678,33950,LA QUINTA ORLANDO - Aug  material cost transferred from sps,,492.94
AUGCOGS-33950/2,64,A50001 - Cost Of Goods Sold (New),977,,08/25/2025,LA QUINTA ORLANDO,2678,33950/2,LA QUINTA ORLANDO - Aug  material cost transferred from sps,93.02,
AUGCOGS-33950/2,64.5,,953,A12001 - Inventory (New),08/25/2025,LA QUINTA ORLANDO,2678,33950/2,LA QUINTA ORLANDO - Aug  material cost transferred from sps,,93.02
AUGCOGS-33950/8,65,A50001 - Cost Of Goods Sold (New),977,,08/25/2025,LA QUINTA ORLANDO,2678,33950/8,LA QUINTA ORLANDO - Aug  material cost transferred from sps,455.18,
AUGCOGS-33950/8,65.5,,953,A12001 - Inventory (New),08/25/2025,LA QUINTA ORLANDO,2678,33950/8,LA QUINTA ORLANDO - Aug  material cost transferred from sps,,455.18
AUGCOGS-33951/6,66,A50001 - Cost Of Goods Sold (New),977,,08/25/2025,LA QUINTA ORLANDO,2678,33951/6,LA QUINTA ORLANDO - Aug  material cost transferred from sps,1122.45,
AUGCOGS-33951/6,66.5,,953,A12001 - Inventory (New),08/25/2025,LA QUINTA ORLANDO,2678,33951/6,LA QUINTA ORLANDO - Aug  material cost transferred from sps,,1122.45
AUGCOGS-33958/4,67,A50001 - Cost Of Goods Sold (New),977,,08/25/2025,LA QUINTA ORLANDO,2678,33958/4,LA QUINTA ORLANDO - Aug  material cost transferred from sps,7346.59,
AUGCOGS-33958/4,67.5,,953,A12001 - Inventory (New),08/25/2025,LA QUINTA ORLANDO,2678,33958/4,LA QUINTA ORLANDO - Aug  material cost transferred from sps,,7346.59
AUGCOGS-33959/8,68,A50001 - Cost Of Goods Sold (New),977,,08/25/2025,LA QUINTA ORLANDO,2678,33959/8,LA QUINTA ORLANDO - Aug  material cost transferred from sps,11782.91,
AUGCOGS-33959/8,68.5,,953,A12001 - Inventory (New),08/25/2025,LA QUINTA ORLANDO,2678,33959/8,LA QUINTA ORLANDO - Aug  material cost transferred from sps,,11782.91
AUGCOGS-36943,70,A50001 - Cost Of Goods Sold (New),977,,08/25/2025,AUTOGRAPH MAYA-PS,464,36943,AUTOGRAPH MAYA-PS - Aug  material cost transferred from sps,3983.00,
AUGCOGS-36943,70.5,,953,A12001 - Inventory (New),08/25/2025,AUTOGRAPH MAYA-PS,464,36943,AUTOGRAPH MAYA-PS - Aug  material cost transferred from sps,,3983.00
AUGCOGS-38391/9,71,A50001 - Cost Of Goods Sold (New),977,,08/25/2025,Auburn Hospitality Group,1548,38391/9,Auburn Hospitality Group - Aug  material cost transferred from sps,6832.57,
AUGCOGS-38391/9,71.5,,953,A12001 - Inventory (New),08/25/2025,Auburn Hospitality Group,1548,38391/9,Auburn Hospitality Group - Aug  material cost transferred from sps,,6832.57
AUGCOGS-33950/13,72,A50001 - Cost Of Goods Sold (New),977,,08/26/2025,LA QUINTA ORLANDO,2678,33950/13,LA QUINTA ORLANDO - Aug  material cost transferred from sps,0.00,
AUGCOGS-33950/13,72.5,,953,A12001 - Inventory (New),08/26/2025,LA QUINTA ORLANDO,2678,33950/13,LA QUINTA ORLANDO - Aug  material cost transferred from sps,,0.00
AUGCOGS-37092/3,73,A50001 - Cost Of Goods Sold (New),977,,08/26/2025,La Quinta San Antonio 1,2618,37092/3,La Quinta San Antonio 1 - Aug  material cost transferred from sps,1716.13,
AUGCOGS-37092/3,73.5,,953,A12001 - Inventory (New),08/26/2025,La Quinta San Antonio 1,2618,37092/3,La Quinta San Antonio 1 - Aug  material cost transferred from sps,,1716.13
AUGCOGS-37412/3,74,A50001 - Cost Of Goods Sold (New),977,,08/27/2025,Ascent Hospitality Element Carmel Indiana,3314,37412/3,Ascent Hospitality Element Carmel Indiana - Aug  material cost transferred from sps,350.73,
AUGCOGS-37412/3,74.5,,953,A12001 - Inventory (New),08/27/2025,Ascent Hospitality Element Carmel Indiana,3314,37412/3,Ascent Hospitality Element Carmel Indiana - Aug  material cost transferred from sps,,350.73
AUGCOGS-38643/3,75,A50001 - Cost Of Goods Sold (New),977,,08/28/2025,Mehr Consultancy,1934,38643/3,Mehr Consultancy - Aug  material cost transferred from sps,5458.24,
AUGCOGS-38643/3,75.5,,953,A12001 - Inventory (New),08/28/2025,Mehr Consultancy,1934,38643/3,Mehr Consultancy - Aug  material cost transferred from sps,,5458.24
AUGCOGS-33951/7,76,A50001 - Cost Of Goods Sold (New),977,,08/29/2025,LA QUINTA ORLANDO,2678,33951/7,LA QUINTA ORLANDO - Aug  material cost transferred from sps,142.42,
AUGCOGS-33951/7,76.5,,953,A12001 - Inventory (New),08/29/2025,LA QUINTA ORLANDO,2678,33951/7,LA QUINTA ORLANDO - Aug  material cost transferred from sps,,142.42
AUGCOGS-34411/3,77,A50001 - Cost Of Goods Sold (New),977,,08/29/2025,La Quinta San Antonio 1,2618,34411/3,La Quinta San Antonio 1 - Aug  material cost transferred from sps,643.68,
AUGCOGS-34411/3,77.5,,953,A12001 - Inventory (New),08/29/2025,La Quinta San Antonio 1,2618,34411/3,La Quinta San Antonio 1 - Aug  material cost transferred from sps,,643.68
AUGCOGS-35309/2,78,A50001 - Cost Of Goods Sold (New),977,,08/29/2025,Ascent Hospitality- Autograph Huntsville,3318,35309/2,Ascent Hospitality- Autograph Huntsville - Aug  material cost transferred from sps,1619.48,
AUGCOGS-35309/2,78.5,,953,A12001 - Inventory (New),08/29/2025,Ascent Hospitality- Autograph Huntsville,3318,35309/2,Ascent Hospitality- Autograph Huntsville - Aug  material cost transferred from sps,,1619.48
AUGCOGS-36801/5,79,A50001 - Cost Of Goods Sold (New),977,,08/29/2025,"Hometown Inn & Suites, Memphis TN",3346,36801/5,"Hometown Inn & Suites, Memphis TN - Aug  material cost transferred from sps",2580.70,
AUGCOGS-36801/5,79.5,,953,A12001 - Inventory (New),08/29/2025,"Hometown Inn & Suites, Memphis TN",3346,36801/5,"Hometown Inn & Suites, Memphis TN - Aug  material cost transferred from sps",,2580.70
AUGCOGS-36913/5,80,A50001 - Cost Of Goods Sold (New),977,,08/29/2025,Ascent hospitality Towneplace West Lafayette IN,2705,36913/5,Ascent hospitality Towneplace West Lafayette IN - Aug  material cost transferred from sps,109.08,
AUGCOGS-36913/5,80.5,,953,A12001 - Inventory (New),08/29/2025,Ascent hospitality Towneplace West Lafayette IN,2705,36913/5,Ascent hospitality Towneplace West Lafayette IN - Aug  material cost transferred from sps,,109.08
AUGCOGS-38185,81,A50001 - Cost Of Goods Sold (New),977,,08/29/2025,LQ Hawthorne Leavenworth,3412,38185,LQ Hawthorne Leavenworth - Aug  material cost transferred from sps,45494.93,
AUGCOGS-38185,81.5,,953,A12001 - Inventory (New),08/29/2025,LQ Hawthorne Leavenworth,3412,38185,LQ Hawthorne Leavenworth - Aug  material cost transferred from sps,,45494.93
AUGCOGS-38199,82,A50001 - Cost Of Goods Sold (New),977,,08/29/2025,LQ Hawthorne Leavenworth,3412,38199,LQ Hawthorne Leavenworth - Aug  material cost transferred from sps,44628.06,
AUGCOGS-38199,82.5,,953,A12001 - Inventory (New),08/29/2025,LQ Hawthorne Leavenworth,3412,38199,LQ Hawthorne Leavenworth - Aug  material cost transferred from sps,,44628.06
AUGCOGS-38206/2,83,A50001 - Cost Of Goods Sold (New),977,,08/29/2025,LQ Hawthorne Leavenworth,3412,38206/2,LQ Hawthorne Leavenworth - Aug  material cost transferred from sps,26511.03,
AUGCOGS-38206/2,83.5,,953,A12001 - Inventory (New),08/29/2025,LQ Hawthorne Leavenworth,3412,38206/2,LQ Hawthorne Leavenworth - Aug  material cost transferred from sps,,26511.03
AUGCOGS-38724/2,84,A50001 - Cost Of Goods Sold (New),977,,08/29/2025,Ascent hospitality Townplace Suites Fairburn IN,2713,38724/2,Ascent hospitality Townplace Suites Fairburn IN - Aug  material cost transferred from sps,284.68,
AUGCOGS-38724/2,84.5,,953,A12001 - Inventory (New),08/29/2025,Ascent hospitality Townplace Suites Fairburn IN,2713,38724/2,Ascent hospitality Townplace Suites Fairburn IN - Aug  material cost transferred from sps,,284.68
AUGCOGS-38832,85,A50001 - Cost Of Goods Sold (New),977,,08/29/2025,Veranda Homes,2275,38832,Veranda Homes - Aug  material cost transferred from sps,1305.43,
AUGCOGS-38832,85.5,,953,A12001 - Inventory (New),08/29/2025,Veranda Homes,2275,38832,Veranda Homes - Aug  material cost transferred from sps,,1305.43
AUGCOGS-38851,86,A50001 - Cost Of Goods Sold (New),977,,08/29/2025,CAMARATA MASONRY SYSTEMS,487,38851,CAMARATA MASONRY SYSTEMS - Aug  material cost transferred from sps,1780.67,
AUGCOGS-38851,86.5,,953,A12001 - Inventory (New),08/29/2025,CAMARATA MASONRY SYSTEMS,487,38851,CAMARATA MASONRY SYSTEMS - Aug  material cost transferred from sps,,1780.67
AUGCOGS-38881,87,A50001 - Cost Of Goods Sold (New),977,,08/29/2025,First Capital Advisors,2485,38881,First Capital Advisors - Aug  material cost transferred from sps,440.00,
AUGCOGS-38881,87.5,,953,A12001 - Inventory (New),08/29/2025,First Capital Advisors,2485,38881,First Capital Advisors - Aug  material cost transferred from sps,,440.00
AUGCOGS-38893,88,A50001 - Cost Of Goods Sold (New),977,,08/29/2025,First Capital Advisors,2485,38893,First Capital Advisors - Aug  material cost transferred from sps,413.33,
AUGCOGS-38893,88.5,,953,A12001 - Inventory (New),08/29/2025,First Capital Advisors,2485,38893,First Capital Advisors - Aug  material cost transferred from sps,,413.33
AUGCOGS-31154/2,91,A50001 - Cost Of Goods Sold (New),977,,08/30/2025,LaQuinta Yakima WA,2619,31154/2,LaQuinta Yakima WA - Aug  material cost transferred from sps,300.00,
AUGCOGS-31154/2,91.5,,953,A12001 - Inventory (New),08/30/2025,LaQuinta Yakima WA,2619,31154/2,LaQuinta Yakima WA - Aug  material cost transferred from sps,,300.00
AUGCOGS-31461/9,92,A50001 - Cost Of Goods Sold (New),977,,08/30/2025,Urban Atelier Group LLC,714,31461/9,Urban Atelier Group LLC - Aug  material cost transferred from sps,17875.93,
AUGCOGS-31461/9,92.5,,953,A12001 - Inventory (New),08/30/2025,Urban Atelier Group LLC,714,31461/9,Urban Atelier Group LLC - Aug  material cost transferred from sps,,17875.93
AUGCOGS-31464/7,93,A50001 - Cost Of Goods Sold (New),977,,08/30/2025,Urban Atelier Group LLC,714,31464/7,Urban Atelier Group LLC - Aug  material cost transferred from sps,72339.86,
AUGCOGS-31464/7,93.5,,953,A12001 - Inventory (New),08/30/2025,Urban Atelier Group LLC,714,31464/7,Urban Atelier Group LLC - Aug  material cost transferred from sps,,72339.86
AUGCOGS-31651/6,94,A50001 - Cost Of Goods Sold (New),977,,08/30/2025,CANDLEWOOD LAFAYETTE,3409,31651/6,CANDLEWOOD LAFAYETTE - Aug  material cost transferred from sps,0.00,
AUGCOGS-31651/6,94.5,,953,A12001 - Inventory (New),08/30/2025,CANDLEWOOD LAFAYETTE,3409,31651/6,CANDLEWOOD LAFAYETTE - Aug  material cost transferred from sps,,0.00
AUGCOGS-31847/4,96,A50001 - Cost Of Goods Sold (New),977,,08/30/2025,Homewood Suites Beaumont,2348,31847/4,Homewood Suites Beaumont - Aug  material cost transferred from sps,259.33,
AUGCOGS-31847/4,96.5,,953,A12001 - Inventory (New),08/30/2025,Homewood Suites Beaumont,2348,31847/4,Homewood Suites Beaumont - Aug  material cost transferred from sps,,259.33
AUGCOGS-31877/6,97,A50001 - Cost Of Goods Sold (New),977,,08/30/2025,Graniti Vicentia,1938,31877/6,Graniti Vicentia - Aug  material cost transferred from sps,200.38,
AUGCOGS-31877/6,97.5,,953,A12001 - Inventory (New),08/30/2025,Graniti Vicentia,1938,31877/6,Graniti Vicentia - Aug  material cost transferred from sps,,200.38
AUGCOGS-31877/7,98,A50001 - Cost Of Goods Sold (New),977,,08/30/2025,Graniti Vicentia,1938,31877/7,Graniti Vicentia - Aug  material cost transferred from sps,1966.00,
AUGCOGS-31877/7,98.5,,953,A12001 - Inventory (New),08/30/2025,Graniti Vicentia,1938,31877/7,Graniti Vicentia - Aug  material cost transferred from sps,,1966.00
AUGCOGS-32086/21,99,A50001 - Cost Of Goods Sold (New),977,,08/30/2025,Graniti Vicentia,1938,32086/21,Graniti Vicentia - Aug  material cost transferred from sps,85.00,
AUGCOGS-32086/21,99.5,,953,A12001 - Inventory (New),08/30/2025,Graniti Vicentia,1938,32086/21,Graniti Vicentia - Aug  material cost transferred from sps,,85.00
AUGCOGS-32302/9,100,A50001 - Cost Of Goods Sold (New),977,,08/30/2025,Grand Sierra Resort & Casino,546,32302/9,Grand Sierra Resort & Casino - Aug  material cost transferred from sps,3427.91,
AUGCOGS-32302/9,100.5,,953,A12001 - Inventory (New),08/30/2025,Grand Sierra Resort & Casino,546,32302/9,Grand Sierra Resort & Casino - Aug  material cost transferred from sps,,3427.91
AUGCOGS-32388/4,101,A50001 - Cost Of Goods Sold (New),977,,08/30/2025,Ascent Hospitality- Autograph Montogmery,2676,32388/4,Ascent Hospitality- Autograph Montogmery - Aug  material cost transferred from sps,126.68,
AUGCOGS-32388/4,101.5,,953,A12001 - Inventory (New),08/30/2025,Ascent Hospitality- Autograph Montogmery,2676,32388/4,Ascent Hospitality- Autograph Montogmery - Aug  material cost transferred from sps,,126.68
AUGCOGS-32401/5,102,A50001 - Cost Of Goods Sold (New),977,,08/30/2025,Sunbridge Venetian LP Inc.,736,32401/5,Sunbridge Venetian LP Inc. - Aug  material cost transferred from sps,790.50,
AUGCOGS-32401/5,102.5,,953,A12001 - Inventory (New),08/30/2025,Sunbridge Venetian LP Inc.,736,32401/5,Sunbridge Venetian LP Inc. - Aug  material cost transferred from sps,,790.50
AUGCOGS-32691/2,104,A50001 - Cost Of Goods Sold (New),977,,08/30/2025,"La Quinta, Huntsville AL",3362,32691/2,"La Quinta, Huntsville AL - Aug  material cost transferred from sps",6207.38,
AUGCOGS-32691/2,104.5,,953,A12001 - Inventory (New),08/30/2025,"La Quinta, Huntsville AL",3362,32691/2,"La Quinta, Huntsville AL - Aug  material cost transferred from sps",,6207.38
AUGCOGS-32847/2,107,A50001 - Cost Of Goods Sold (New),977,,08/30/2025,Urban Atelier Group LLC,714,32847/2,Urban Atelier Group LLC - Aug  material cost transferred from sps,2352.48,
AUGCOGS-32847/2,107.5,,953,A12001 - Inventory (New),08/30/2025,Urban Atelier Group LLC,714,32847/2,Urban Atelier Group LLC - Aug  material cost transferred from sps,,2352.48
AUGCOGS-33257/20,114,A50001 - Cost Of Goods Sold (New),977,,08/30/2025,LaQuinta Yakima WA,2619,33257/20,LaQuinta Yakima WA - Aug  material cost transferred from sps,218.71,
AUGCOGS-33257/20,114.5,,953,A12001 - Inventory (New),08/30/2025,LaQuinta Yakima WA,2619,33257/20,LaQuinta Yakima WA - Aug  material cost transferred from sps,,218.71
AUGCOGS-33309/14,115,A50001 - Cost Of Goods Sold (New),977,,08/30/2025,CAMBRIA NASHVILLE,3322,33309/14,CAMBRIA NASHVILLE - Aug  material cost transferred from sps,1374.37,
AUGCOGS-33309/14,115.5,,953,A12001 - Inventory (New),08/30/2025,CAMBRIA NASHVILLE,3322,33309/14,CAMBRIA NASHVILLE - Aug  material cost transferred from sps,,1374.37
AUGCOGS-33309/15,116,A50001 - Cost Of Goods Sold (New),977,,08/30/2025,CAMBRIA NASHVILLE,3322,33309/15,CAMBRIA NASHVILLE - Aug  material cost transferred from sps,843.92,
AUGCOGS-33309/15,116.5,,953,A12001 - Inventory (New),08/30/2025,CAMBRIA NASHVILLE,3322,33309/15,CAMBRIA NASHVILLE - Aug  material cost transferred from sps,,843.92
AUGCOGS-33314/24,117,A50001 - Cost Of Goods Sold (New),977,,08/30/2025,CAMBRIA NASHVILLE,3322,33314/24,CAMBRIA NASHVILLE - Aug  material cost transferred from sps,55.88,
AUGCOGS-33314/24,117.5,,953,A12001 - Inventory (New),08/30/2025,CAMBRIA NASHVILLE,3322,33314/24,CAMBRIA NASHVILLE - Aug  material cost transferred from sps,,55.88
AUGCOGS-33314/25,118,A50001 - Cost Of Goods Sold (New),977,,08/30/2025,CAMBRIA NASHVILLE,3322,33314/25,CAMBRIA NASHVILLE - Aug  material cost transferred from sps,181.61,
AUGCOGS-33314/25,118.5,,953,A12001 - Inventory (New),08/30/2025,CAMBRIA NASHVILLE,3322,33314/25,CAMBRIA NASHVILLE - Aug  material cost transferred from sps,,181.61
AUGCOGS-33315/10,119,A50001 - Cost Of Goods Sold (New),977,,08/30/2025,CAMBRIA NASHVILLE,3322,33315/10,CAMBRIA NASHVILLE - Aug  material cost transferred from sps,3933.18,
AUGCOGS-33315/10,119.5,,953,A12001 - Inventory (New),08/30/2025,CAMBRIA NASHVILLE,3322,33315/10,CAMBRIA NASHVILLE - Aug  material cost transferred from sps,,3933.18
AUGCOGS-33343/9,120,A50001 - Cost Of Goods Sold (New),977,,08/30/2025,Laquinta Memphis,3002,33343/9,Laquinta Memphis - Aug  material cost transferred from sps,26.73,
AUGCOGS-33343/9,120.5,,953,A12001 - Inventory (New),08/30/2025,Laquinta Memphis,3002,33343/9,Laquinta Memphis - Aug  material cost transferred from sps,,26.73
AUGCOGS-33374/14,121,A50001 - Cost Of Goods Sold (New),977,,08/30/2025,"Las Vegas Resort Holdings, LLC",3368,33374/14,"Las Vegas Resort Holdings, LLC - Aug  material cost transferred from sps",1759.90,
AUGCOGS-33374/14,121.5,,953,A12001 - Inventory (New),08/30/2025,"Las Vegas Resort Holdings, LLC",3368,33374/14,"Las Vegas Resort Holdings, LLC - Aug  material cost transferred from sps",,1759.90
AUGCOGS-33374/15,122,A50001 - Cost Of Goods Sold (New),977,,08/30/2025,"Las Vegas Resort Holdings, LLC",3368,33374/15,"Las Vegas Resort Holdings, LLC - Aug  material cost transferred from sps",933.40,
AUGCOGS-33374/15,122.5,,953,A12001 - Inventory (New),08/30/2025,"Las Vegas Resort Holdings, LLC",3368,33374/15,"Las Vegas Resort Holdings, LLC - Aug  material cost transferred from sps",,933.40
AUGCOGS-33385/8,123,A50001 - Cost Of Goods Sold (New),977,,08/30/2025,LQ Kingston,2358,33385/8,LQ Kingston - Aug  material cost transferred from sps,4.66,
AUGCOGS-33385/8,123.5,,953,A12001 - Inventory (New),08/30/2025,LQ Kingston,2358,33385/8,LQ Kingston - Aug  material cost transferred from sps,,4.66
AUGCOGS-33385/9,124,A50001 - Cost Of Goods Sold (New),977,,08/30/2025,LQ Kingston,2358,33385/9,LQ Kingston - Aug  material cost transferred from sps,239.00,
AUGCOGS-33385/9,124.5,,953,A12001 - Inventory (New),08/30/2025,LQ Kingston,2358,33385/9,LQ Kingston - Aug  material cost transferred from sps,,239.00
AUGCOGS-33495/8,128,A50001 - Cost Of Goods Sold (New),977,,08/30/2025,Magnolia LXR Dallas TX -,3370,33495/8,Magnolia LXR Dallas TX - - Aug  material cost transferred from sps,25931.25,
AUGCOGS-33495/8,128.5,,953,A12001 - Inventory (New),08/30/2025,Magnolia LXR Dallas TX -,3370,33495/8,Magnolia LXR Dallas TX - - Aug  material cost transferred from sps,,25931.25
AUGCOGS-33570/6,133,A50001 - Cost Of Goods Sold (New),977,,08/30/2025,LA QUINTA ORLANDO,2678,33570/6,LA QUINTA ORLANDO - Aug  material cost transferred from sps,1.71,
AUGCOGS-33570/6,133.5,,953,A12001 - Inventory (New),08/30/2025,LA QUINTA ORLANDO,2678,33570/6,LA QUINTA ORLANDO - Aug  material cost transferred from sps,,1.71
AUGCOGS-33644/4,134,A50001 - Cost Of Goods Sold (New),977,,08/30/2025,CAMBRIA NASHVILLE,3322,33644/4,CAMBRIA NASHVILLE - Aug  material cost transferred from sps,5439.72,
AUGCOGS-33644/4,134.5,,953,A12001 - Inventory (New),08/30/2025,CAMBRIA NASHVILLE,3322,33644/4,CAMBRIA NASHVILLE - Aug  material cost transferred from sps,,5439.72
AUGCOGS-33725/11,135,A50001 - Cost Of Goods Sold (New),977,,08/30/2025,LaQuinta/Hawthone - Knoxville TN - AMit,3367,33725/11,LaQuinta/Hawthone - Knoxville TN - AMit - Aug  material cost transferred from sps,462.60,
AUGCOGS-33725/11,135.5,,953,A12001 - Inventory (New),08/30/2025,LaQuinta/Hawthone - Knoxville TN - AMit,3367,33725/11,LaQuinta/Hawthone - Knoxville TN - AMit - Aug  material cost transferred from sps,,462.60
AUGCOGS-33760/3,136,A50001 - Cost Of Goods Sold (New),977,,08/30/2025,"Angles Contractor, INC./Carlton Apartments",3311,33760/3,"Angles Contractor, INC./Carlton Apartments - Aug  material cost transferred from sps",2635.29,
AUGCOGS-33760/3,136.5,,953,A12001 - Inventory (New),08/30/2025,"Angles Contractor, INC./Carlton Apartments",3311,33760/3,"Angles Contractor, INC./Carlton Apartments - Aug  material cost transferred from sps",,2635.29
AUGCOGS-33856/7,138,A50001 - Cost Of Goods Sold (New),977,,08/30/2025,CANDLEWOOD LAFAYETTE,3409,33856/7,CANDLEWOOD LAFAYETTE - Aug  material cost transferred from sps,333.92,
AUGCOGS-33856/7,138.5,,953,A12001 - Inventory (New),08/30/2025,CANDLEWOOD LAFAYETTE,3409,33856/7,CANDLEWOOD LAFAYETTE - Aug  material cost transferred from sps,,333.92
AUGCOGS-33884/4,139,A50001 - Cost Of Goods Sold (New),977,,08/30/2025,Graniti Vicentia,1938,33884/4,Graniti Vicentia - Aug  material cost transferred from sps,147.00,
AUGCOGS-33884/4,139.5,,953,A12001 - Inventory (New),08/30/2025,Graniti Vicentia,1938,33884/4,Graniti Vicentia - Aug  material cost transferred from sps,,147.00
AUGCOGS-33948/7,140,A50001 - Cost Of Goods Sold (New),977,,08/30/2025,LA QUINTA ORLANDO,2678,33948/7,LA QUINTA ORLANDO - Aug  material cost transferred from sps,81.03,
AUGCOGS-33948/7,140.5,,953,A12001 - Inventory (New),08/30/2025,LA QUINTA ORLANDO,2678,33948/7,LA QUINTA ORLANDO - Aug  material cost transferred from sps,,81.03
AUGCOGS-33950/14,141,A50001 - Cost Of Goods Sold (New),977,,08/30/2025,LA QUINTA ORLANDO,2678,33950/14,LA QUINTA ORLANDO - Aug  material cost transferred from sps,641.17,
AUGCOGS-33950/14,141.5,,953,A12001 - Inventory (New),08/30/2025,LA QUINTA ORLANDO,2678,33950/14,LA QUINTA ORLANDO - Aug  material cost transferred from sps,,641.17
AUGCOGS-33950/15,142,A50001 - Cost Of Goods Sold (New),977,,08/30/2025,LA QUINTA ORLANDO,2678,33950/15,LA QUINTA ORLANDO - Aug  material cost transferred from sps,24.68,
AUGCOGS-33950/15,142.5,,953,A12001 - Inventory (New),08/30/2025,LA QUINTA ORLANDO,2678,33950/15,LA QUINTA ORLANDO - Aug  material cost transferred from sps,,24.68
AUGCOGS-33951/8,143,A50001 - Cost Of Goods Sold (New),977,,08/30/2025,LA QUINTA ORLANDO,2678,33951/8,LA QUINTA ORLANDO - Aug  material cost transferred from sps,64.54,
AUGCOGS-33951/8,143.5,,953,A12001 - Inventory (New),08/30/2025,LA QUINTA ORLANDO,2678,33951/8,LA QUINTA ORLANDO - Aug  material cost transferred from sps,,64.54
AUGCOGS-33953/5,144,A50001 - Cost Of Goods Sold (New),977,,08/30/2025,LA QUINTA ORLANDO,2678,33953/5,LA QUINTA ORLANDO - Aug  material cost transferred from sps,152.85,
AUGCOGS-33953/5,144.5,,953,A12001 - Inventory (New),08/30/2025,LA QUINTA ORLANDO,2678,33953/5,LA QUINTA ORLANDO - Aug  material cost transferred from sps,,152.85
AUGCOGS-33959/9,145,A50001 - Cost Of Goods Sold (New),977,,08/30/2025,LA QUINTA ORLANDO,2678,33959/9,LA QUINTA ORLANDO - Aug  material cost transferred from sps,1211.03,
AUGCOGS-33959/9,145.5,,953,A12001 - Inventory (New),08/30/2025,LA QUINTA ORLANDO,2678,33959/9,LA QUINTA ORLANDO - Aug  material cost transferred from sps,,1211.03
AUGCOGS-33967/2,146,A50001 - Cost Of Goods Sold (New),977,,08/30/2025,Graniti Vicentia,1938,33967/2,Graniti Vicentia - Aug  material cost transferred from sps,270.76,
AUGCOGS-33967/2,146.5,,953,A12001 - Inventory (New),08/30/2025,Graniti Vicentia,1938,33967/2,Graniti Vicentia - Aug  material cost transferred from sps,,270.76
AUGCOGS-33974/7,147,A50001 - Cost Of Goods Sold (New),977,,08/30/2025,The Stroud Group,704,33974/7,The Stroud Group - Aug  material cost transferred from sps,761.29,
AUGCOGS-33974/7,147.5,,953,A12001 - Inventory (New),08/30/2025,The Stroud Group,704,33974/7,The Stroud Group - Aug  material cost transferred from sps,,761.29
AUGCOGS-34012/3,148,A50001 - Cost Of Goods Sold (New),977,,08/30/2025,"La Quinta, Anaheim CA",3361,34012/3,"La Quinta, Anaheim CA - Aug  material cost transferred from sps",708.77,
AUGCOGS-34012/3,148.5,,953,A12001 - Inventory (New),08/30/2025,"La Quinta, Anaheim CA",3361,34012/3,"La Quinta, Anaheim CA - Aug  material cost transferred from sps",,708.77
AUGCOGS-34012/4,149,A50001 - Cost Of Goods Sold (New),977,,08/30/2025,"La Quinta, Anaheim CA",3361,34012/4,"La Quinta, Anaheim CA - Aug  material cost transferred from sps",0.00,
AUGCOGS-34012/4,149.5,,953,A12001 - Inventory (New),08/30/2025,"La Quinta, Anaheim CA",3361,34012/4,"La Quinta, Anaheim CA - Aug  material cost transferred from sps",,0.00
AUGCOGS-34013/9,150,A50001 - Cost Of Goods Sold (New),977,,08/30/2025,"La Quinta, Anaheim CA",3361,34013/9,"La Quinta, Anaheim CA - Aug  material cost transferred from sps",498.78,
AUGCOGS-34013/9,150.5,,953,A12001 - Inventory (New),08/30/2025,"La Quinta, Anaheim CA",3361,34013/9,"La Quinta, Anaheim CA - Aug  material cost transferred from sps",,498.78
AUGCOGS-34036/5,151,A50001 - Cost Of Goods Sold (New),977,,08/30/2025,Hampton Inn Rosenberg,2520,34036/5,Hampton Inn Rosenberg - Aug  material cost transferred from sps,1287.00,
AUGCOGS-34036/5,151.5,,953,A12001 - Inventory (New),08/30/2025,Hampton Inn Rosenberg,2520,34036/5,Hampton Inn Rosenberg - Aug  material cost transferred from sps,,1287.00
AUGCOGS-34063/5,152,A50001 - Cost Of Goods Sold (New),977,,08/30/2025,Laquinta Homewood Alabama,3364,34063/5,Laquinta Homewood Alabama - Aug  material cost transferred from sps,726.00,
AUGCOGS-34063/5,152.5,,953,A12001 - Inventory (New),08/30/2025,Laquinta Homewood Alabama,3364,34063/5,Laquinta Homewood Alabama - Aug  material cost transferred from sps,,726.00
AUGCOGS-34067/3,153,A50001 - Cost Of Goods Sold (New),977,,08/30/2025,Ascent Hospitality- Autograph Montogmery,2676,34067/3,Ascent Hospitality- Autograph Montogmery - Aug  material cost transferred from sps,193.41,
AUGCOGS-34067/3,153.5,,953,A12001 - Inventory (New),08/30/2025,Ascent Hospitality- Autograph Montogmery,2676,34067/3,Ascent Hospitality- Autograph Montogmery - Aug  material cost transferred from sps,,193.41
AUGCOGS-34113/3,154,A50001 - Cost Of Goods Sold (New),977,,08/30/2025,"La Quinta, Anaheim CA",3361,34113/3,"La Quinta, Anaheim CA - Aug  material cost transferred from sps",5884.00,
AUGCOGS-34113/3,154.5,,953,A12001 - Inventory (New),08/30/2025,"La Quinta, Anaheim CA",3361,34113/3,"La Quinta, Anaheim CA - Aug  material cost transferred from sps",,5884.00
AUGCOGS-34170/5,155,A50001 - Cost Of Goods Sold (New),977,,08/30/2025,"Las Vegas Resort Holdings, LLC",3368,34170/5,"Las Vegas Resort Holdings, LLC - Aug  material cost transferred from sps",2723.44,
AUGCOGS-34170/5,155.5,,953,A12001 - Inventory (New),08/30/2025,"Las Vegas Resort Holdings, LLC",3368,34170/5,"Las Vegas Resort Holdings, LLC - Aug  material cost transferred from sps",,2723.44
AUGCOGS-34170/6,156,A50001 - Cost Of Goods Sold (New),977,,08/30/2025,"Las Vegas Resort Holdings, LLC",3368,34170/6,"Las Vegas Resort Holdings, LLC - Aug  material cost transferred from sps",4616.40,
AUGCOGS-34170/6,156.5,,953,A12001 - Inventory (New),08/30/2025,"Las Vegas Resort Holdings, LLC",3368,34170/6,"Las Vegas Resort Holdings, LLC - Aug  material cost transferred from sps",,4616.40
AUGCOGS-34171/5,157,A50001 - Cost Of Goods Sold (New),977,,08/30/2025,"Las Vegas Resort Holdings, LLC",3368,34171/5,"Las Vegas Resort Holdings, LLC - Aug  material cost transferred from sps",0.00,
AUGCOGS-34171/5,157.5,,953,A12001 - Inventory (New),08/30/2025,"Las Vegas Resort Holdings, LLC",3368,34171/5,"Las Vegas Resort Holdings, LLC - Aug  material cost transferred from sps",,0.00
AUGCOGS-34173/3,158,A50001 - Cost Of Goods Sold (New),977,,08/30/2025,"Las Vegas Resort Holdings, LLC",3368,34173/3,"Las Vegas Resort Holdings, LLC - Aug  material cost transferred from sps",2412.39,
AUGCOGS-34173/3,158.5,,953,A12001 - Inventory (New),08/30/2025,"Las Vegas Resort Holdings, LLC",3368,34173/3,"Las Vegas Resort Holdings, LLC - Aug  material cost transferred from sps",,2412.39
AUGCOGS-34173/4,159,A50001 - Cost Of Goods Sold (New),977,,08/30/2025,"Las Vegas Resort Holdings, LLC",3368,34173/4,"Las Vegas Resort Holdings, LLC - Aug  material cost transferred from sps",3421.46,
AUGCOGS-34173/4,159.5,,953,A12001 - Inventory (New),08/30/2025,"Las Vegas Resort Holdings, LLC",3368,34173/4,"Las Vegas Resort Holdings, LLC - Aug  material cost transferred from sps",,3421.46
AUGCOGS-34294/12,160,A50001 - Cost Of Goods Sold (New),977,,08/30/2025,LaQuinta Yakima WA,2619,34294/12,LaQuinta Yakima WA - Aug  material cost transferred from sps,11.20,
AUGCOGS-34294/12,160.5,,953,A12001 - Inventory (New),08/30/2025,LaQuinta Yakima WA,2619,34294/12,LaQuinta Yakima WA - Aug  material cost transferred from sps,,11.20
AUGCOGS-34402/9,163,A50001 - Cost Of Goods Sold (New),977,,08/30/2025,La Quinta San Antonio 1,2618,34402/9,La Quinta San Antonio 1 - Aug  material cost transferred from sps,40.41,
AUGCOGS-34402/9,163.5,,953,A12001 - Inventory (New),08/30/2025,La Quinta San Antonio 1,2618,34402/9,La Quinta San Antonio 1 - Aug  material cost transferred from sps,,40.41
AUGCOGS-34405/2,164,A50001 - Cost Of Goods Sold (New),977,,08/30/2025,La Quinta San Antonio 1,2618,34405/2,La Quinta San Antonio 1 - Aug  material cost transferred from sps,167.28,
AUGCOGS-34405/2,164.5,,953,A12001 - Inventory (New),08/30/2025,La Quinta San Antonio 1,2618,34405/2,La Quinta San Antonio 1 - Aug  material cost transferred from sps,,167.28
AUGCOGS-34443/9,165,A50001 - Cost Of Goods Sold (New),977,,08/30/2025,Stay Bridge - Manteca - CA - Aman Dhillon,3389,34443/9,Stay Bridge - Manteca - CA - Aman Dhillon - Aug  material cost transferred from sps,361.42,
AUGCOGS-34443/9,165.5,,953,A12001 - Inventory (New),08/30/2025,Stay Bridge - Manteca - CA - Aman Dhillon,3389,34443/9,Stay Bridge - Manteca - CA - Aman Dhillon - Aug  material cost transferred from sps,,361.42
AUGCOGS-34445/2,166,A50001 - Cost Of Goods Sold (New),977,,08/30/2025,Stay Bridge - Manteca - CA - Aman Dhillon,3389,34445/2,Stay Bridge - Manteca - CA - Aman Dhillon - Aug  material cost transferred from sps,591.04,
AUGCOGS-34445/2,166.5,,953,A12001 - Inventory (New),08/30/2025,Stay Bridge - Manteca - CA - Aman Dhillon,3389,34445/2,Stay Bridge - Manteca - CA - Aman Dhillon - Aug  material cost transferred from sps,,591.04
AUGCOGS-34445/3,167,A50001 - Cost Of Goods Sold (New),977,,08/30/2025,Stay Bridge - Manteca - CA - Aman Dhillon,3389,34445/3,Stay Bridge - Manteca - CA - Aman Dhillon - Aug  material cost transferred from sps,6010.72,
AUGCOGS-34445/3,167.5,,953,A12001 - Inventory (New),08/30/2025,Stay Bridge - Manteca - CA - Aman Dhillon,3389,34445/3,Stay Bridge - Manteca - CA - Aman Dhillon - Aug  material cost transferred from sps,,6010.72
AUGCOGS-34449/2,168,A50001 - Cost Of Goods Sold (New),977,,08/30/2025,Stay Bridge - Manteca - CA - Aman Dhillon,3389,34449/2,Stay Bridge - Manteca - CA - Aman Dhillon - Aug  material cost transferred from sps,1005.74,
AUGCOGS-34449/2,168.5,,953,A12001 - Inventory (New),08/30/2025,Stay Bridge - Manteca - CA - Aman Dhillon,3389,34449/2,Stay Bridge - Manteca - CA - Aman Dhillon - Aug  material cost transferred from sps,,1005.74
AUGCOGS-34452/4,169,A50001 - Cost Of Goods Sold (New),977,,08/30/2025,Stay Bridge - Manteca - CA - Aman Dhillon,3389,34452/4,Stay Bridge - Manteca - CA - Aman Dhillon - Aug  material cost transferred from sps,14376.23,
AUGCOGS-34452/4,169.5,,953,A12001 - Inventory (New),08/30/2025,Stay Bridge - Manteca - CA - Aman Dhillon,3389,34452/4,Stay Bridge - Manteca - CA - Aman Dhillon - Aug  material cost transferred from sps,,14376.23
AUGCOGS-34479/4,170,A50001 - Cost Of Goods Sold (New),977,,08/30/2025,Jaimin Patel,571,34479/4,Jaimin Patel - Aug  material cost transferred from sps,26117.84,
AUGCOGS-34479/4,170.5,,953,A12001 - Inventory (New),08/30/2025,Jaimin Patel,571,34479/4,Jaimin Patel - Aug  material cost transferred from sps,,26117.84
AUGCOGS-34482/2,171,A50001 - Cost Of Goods Sold (New),977,,08/30/2025,Jaimin Patel,571,34482/2,Jaimin Patel - Aug  material cost transferred from sps,3776.83,
AUGCOGS-34482/2,171.5,,953,A12001 - Inventory (New),08/30/2025,Jaimin Patel,571,34482/2,Jaimin Patel - Aug  material cost transferred from sps,,3776.83
AUGCOGS-34502/8,172,A50001 - Cost Of Goods Sold (New),977,,08/30/2025,The Eden,3395,34502/8,The Eden - Aug  material cost transferred from sps,52732.73,
AUGCOGS-34502/8,172.5,,953,A12001 - Inventory (New),08/30/2025,The Eden,3395,34502/8,The Eden - Aug  material cost transferred from sps,,52732.73
AUGCOGS-34502/9,173,A50001 - Cost Of Goods Sold (New),977,,08/30/2025,The Eden,3395,34502/9,The Eden - Aug  material cost transferred from sps,2330.04,
AUGCOGS-34502/9,173.5,,953,A12001 - Inventory (New),08/30/2025,The Eden,3395,34502/9,The Eden - Aug  material cost transferred from sps,,2330.04
AUGCOGS-34514/4,174,A50001 - Cost Of Goods Sold (New),977,,08/30/2025,Kanti kusum Inc,576,34514/4,Kanti kusum Inc - Aug  material cost transferred from sps,3545.19,
AUGCOGS-34514/4,174.5,,953,A12001 - Inventory (New),08/30/2025,Kanti kusum Inc,576,34514/4,Kanti kusum Inc - Aug  material cost transferred from sps,,3545.19
AUGCOGS-34521/6,175,A50001 - Cost Of Goods Sold (New),977,,08/30/2025,Kanti kusum Inc,576,34521/6,Kanti kusum Inc - Aug  material cost transferred from sps,4550.32,
AUGCOGS-34521/6,175.5,,953,A12001 - Inventory (New),08/30/2025,Kanti kusum Inc,576,34521/6,Kanti kusum Inc - Aug  material cost transferred from sps,,4550.32
AUGCOGS-34559/10,176,A50001 - Cost Of Goods Sold (New),977,,08/30/2025,HAMPTON INN PEARLAND,3339,34559/10,HAMPTON INN PEARLAND - Aug  material cost transferred from sps,56.51,
AUGCOGS-34559/10,176.5,,953,A12001 - Inventory (New),08/30/2025,HAMPTON INN PEARLAND,3339,34559/10,HAMPTON INN PEARLAND - Aug  material cost transferred from sps,,56.51
AUGCOGS-34559/11,177,A50001 - Cost Of Goods Sold (New),977,,08/30/2025,HAMPTON INN PEARLAND,3339,34559/11,HAMPTON INN PEARLAND - Aug  material cost transferred from sps,217.56,
AUGCOGS-34559/11,177.5,,953,A12001 - Inventory (New),08/30/2025,HAMPTON INN PEARLAND,3339,34559/11,HAMPTON INN PEARLAND - Aug  material cost transferred from sps,,217.56
AUGCOGS-34559/8,178,A50001 - Cost Of Goods Sold (New),977,,08/30/2025,HAMPTON INN PEARLAND,3339,34559/8,HAMPTON INN PEARLAND - Aug  material cost transferred from sps,1465.92,
AUGCOGS-34559/8,178.5,,953,A12001 - Inventory (New),08/30/2025,HAMPTON INN PEARLAND,3339,34559/8,HAMPTON INN PEARLAND - Aug  material cost transferred from sps,,1465.92
AUGCOGS-34559/9,179,A50001 - Cost Of Goods Sold (New),977,,08/30/2025,HAMPTON INN PEARLAND,3339,34559/9,HAMPTON INN PEARLAND - Aug  material cost transferred from sps,118.02,
AUGCOGS-34559/9,179.5,,953,A12001 - Inventory (New),08/30/2025,HAMPTON INN PEARLAND,3339,34559/9,HAMPTON INN PEARLAND - Aug  material cost transferred from sps,,118.02
AUGCOGS-34560/2,180,A50001 - Cost Of Goods Sold (New),977,,08/30/2025,HAMPTON INN PEARLAND,3339,34560/2,HAMPTON INN PEARLAND - Aug  material cost transferred from sps,306.81,
AUGCOGS-34560/2,180.5,,953,A12001 - Inventory (New),08/30/2025,HAMPTON INN PEARLAND,3339,34560/2,HAMPTON INN PEARLAND - Aug  material cost transferred from sps,,306.81
AUGCOGS-34601/2,181,A50001 - Cost Of Goods Sold (New),977,,08/30/2025,CANDLEWOOD EASTRIDGE TN,3323,34601/2,CANDLEWOOD EASTRIDGE TN - Aug  material cost transferred from sps,193.07,
AUGCOGS-34601/2,181.5,,953,A12001 - Inventory (New),08/30/2025,CANDLEWOOD EASTRIDGE TN,3323,34601/2,CANDLEWOOD EASTRIDGE TN - Aug  material cost transferred from sps,,193.07
AUGCOGS-34602/10,182,A50001 - Cost Of Goods Sold (New),977,,08/30/2025,CANDLEWOOD EASTRIDGE TN,3323,34602/10,CANDLEWOOD EASTRIDGE TN - Aug  material cost transferred from sps,21.76,
AUGCOGS-34602/10,182.5,,953,A12001 - Inventory (New),08/30/2025,CANDLEWOOD EASTRIDGE TN,3323,34602/10,CANDLEWOOD EASTRIDGE TN - Aug  material cost transferred from sps,,21.76
AUGCOGS-34602/11,183,A50001 - Cost Of Goods Sold (New),977,,08/30/2025,CANDLEWOOD EASTRIDGE TN,3323,34602/11,CANDLEWOOD EASTRIDGE TN - Aug  material cost transferred from sps,833.29,
AUGCOGS-34602/11,183.5,,953,A12001 - Inventory (New),08/30/2025,CANDLEWOOD EASTRIDGE TN,3323,34602/11,CANDLEWOOD EASTRIDGE TN - Aug  material cost transferred from sps,,833.29
AUGCOGS-34649/3,186,A50001 - Cost Of Goods Sold (New),977,,08/30/2025,Stay Bridge - Manteca - CA - Aman Dhillon,3389,34649/3,Stay Bridge - Manteca - CA - Aman Dhillon - Aug  material cost transferred from sps,2162.00,
AUGCOGS-34649/3,186.5,,953,A12001 - Inventory (New),08/30/2025,Stay Bridge - Manteca - CA - Aman Dhillon,3389,34649/3,Stay Bridge - Manteca - CA - Aman Dhillon - Aug  material cost transferred from sps,,2162.00
AUGCOGS-34657/6,187,A50001 - Cost Of Goods Sold (New),977,,08/30/2025,Stay Bridge - Manteca - CA - Aman Dhillon,3389,34657/6,Stay Bridge - Manteca - CA - Aman Dhillon - Aug  material cost transferred from sps,17661.96,
AUGCOGS-34657/6,187.5,,953,A12001 - Inventory (New),08/30/2025,Stay Bridge - Manteca - CA - Aman Dhillon,3389,34657/6,Stay Bridge - Manteca - CA - Aman Dhillon - Aug  material cost transferred from sps,,17661.96
AUGCOGS-34658/3,188,A50001 - Cost Of Goods Sold (New),977,,08/30/2025,Stay Bridge - Manteca - CA - Aman Dhillon,3389,34658/3,Stay Bridge - Manteca - CA - Aman Dhillon - Aug  material cost transferred from sps,546.30,
AUGCOGS-34658/3,188.5,,953,A12001 - Inventory (New),08/30/2025,Stay Bridge - Manteca - CA - Aman Dhillon,3389,34658/3,Stay Bridge - Manteca - CA - Aman Dhillon - Aug  material cost transferred from sps,,546.30
AUGCOGS-34660/11,189,A50001 - Cost Of Goods Sold (New),977,,08/30/2025,Stay Bridge - Manteca - CA - Aman Dhillon,3389,34660/11,Stay Bridge - Manteca - CA - Aman Dhillon - Aug  material cost transferred from sps,401.45,
AUGCOGS-34660/11,189.5,,953,A12001 - Inventory (New),08/30/2025,Stay Bridge - Manteca - CA - Aman Dhillon,3389,34660/11,Stay Bridge - Manteca - CA - Aman Dhillon - Aug  material cost transferred from sps,,401.45
AUGCOGS-34660/12,190,A50001 - Cost Of Goods Sold (New),977,,08/30/2025,Stay Bridge - Manteca - CA - Aman Dhillon,3389,34660/12,Stay Bridge - Manteca - CA - Aman Dhillon - Aug  material cost transferred from sps,1312.14,
AUGCOGS-34660/12,190.5,,953,A12001 - Inventory (New),08/30/2025,Stay Bridge - Manteca - CA - Aman Dhillon,3389,34660/12,Stay Bridge - Manteca - CA - Aman Dhillon - Aug  material cost transferred from sps,,1312.14
AUGCOGS-34660/13,191,A50001 - Cost Of Goods Sold (New),977,,08/30/2025,Stay Bridge - Manteca - CA - Aman Dhillon,3389,34660/13,Stay Bridge - Manteca - CA - Aman Dhillon - Aug  material cost transferred from sps,211.33,
AUGCOGS-34660/13,191.5,,953,A12001 - Inventory (New),08/30/2025,Stay Bridge - Manteca - CA - Aman Dhillon,3389,34660/13,Stay Bridge - Manteca - CA - Aman Dhillon - Aug  material cost transferred from sps,,211.33
AUGCOGS-34675,192,A50001 - Cost Of Goods Sold (New),977,,08/30/2025,BMK Construction LLC,474,34675,BMK Construction LLC - Aug  material cost transferred from sps,1685.53,
AUGCOGS-34675,192.5,,953,A12001 - Inventory (New),08/30/2025,BMK Construction LLC,474,34675,BMK Construction LLC - Aug  material cost transferred from sps,,1685.53
AUGCOGS-34697/19,193,A50001 - Cost Of Goods Sold (New),977,,08/30/2025,Ascent Hospitality Tribute Carmel Indiana,2628,34697/19,Ascent Hospitality Tribute Carmel Indiana - Aug  material cost transferred from sps,85.27,
AUGCOGS-34697/19,193.5,,953,A12001 - Inventory (New),08/30/2025,Ascent Hospitality Tribute Carmel Indiana,2628,34697/19,Ascent Hospitality Tribute Carmel Indiana - Aug  material cost transferred from sps,,85.27
AUGCOGS-34697/20,194,A50001 - Cost Of Goods Sold (New),977,,08/30/2025,Ascent Hospitality Tribute Carmel Indiana,2628,34697/20,Ascent Hospitality Tribute Carmel Indiana - Aug  material cost transferred from sps,405.91,
AUGCOGS-34697/20,194.5,,953,A12001 - Inventory (New),08/30/2025,Ascent Hospitality Tribute Carmel Indiana,2628,34697/20,Ascent Hospitality Tribute Carmel Indiana - Aug  material cost transferred from sps,,405.91
AUGCOGS-34697/21,195,A50001 - Cost Of Goods Sold (New),977,,08/30/2025,Ascent Hospitality Tribute Carmel Indiana,2628,34697/21,Ascent Hospitality Tribute Carmel Indiana - Aug  material cost transferred from sps,64.16,
AUGCOGS-34697/21,195.5,,953,A12001 - Inventory (New),08/30/2025,Ascent Hospitality Tribute Carmel Indiana,2628,34697/21,Ascent Hospitality Tribute Carmel Indiana - Aug  material cost transferred from sps,,64.16
AUGCOGS-34697/22,196,A50001 - Cost Of Goods Sold (New),977,,08/30/2025,Ascent Hospitality Tribute Carmel Indiana,2628,34697/22,Ascent Hospitality Tribute Carmel Indiana - Aug  material cost transferred from sps,265.00,
AUGCOGS-34697/22,196.5,,953,A12001 - Inventory (New),08/30/2025,Ascent Hospitality Tribute Carmel Indiana,2628,34697/22,Ascent Hospitality Tribute Carmel Indiana - Aug  material cost transferred from sps,,265.00
AUGCOGS-34697/23,197,A50001 - Cost Of Goods Sold (New),977,,08/30/2025,Ascent Hospitality Tribute Carmel Indiana,2628,34697/23,Ascent Hospitality Tribute Carmel Indiana - Aug  material cost transferred from sps,11.00,
AUGCOGS-34697/23,197.5,,953,A12001 - Inventory (New),08/30/2025,Ascent Hospitality Tribute Carmel Indiana,2628,34697/23,Ascent Hospitality Tribute Carmel Indiana - Aug  material cost transferred from sps,,11.00
AUGCOGS-34697/24,198,A50001 - Cost Of Goods Sold (New),977,,08/30/2025,Ascent Hospitality Tribute Carmel Indiana,2628,34697/24,Ascent Hospitality Tribute Carmel Indiana - Aug  material cost transferred from sps,10.02,
AUGCOGS-34697/24,198.5,,953,A12001 - Inventory (New),08/30/2025,Ascent Hospitality Tribute Carmel Indiana,2628,34697/24,Ascent Hospitality Tribute Carmel Indiana - Aug  material cost transferred from sps,,10.02
AUGCOGS-34697/25,199,A50001 - Cost Of Goods Sold (New),977,,08/30/2025,Ascent Hospitality Tribute Carmel Indiana,2628,34697/25,Ascent Hospitality Tribute Carmel Indiana - Aug  material cost transferred from sps,335.77,
AUGCOGS-34697/25,199.5,,953,A12001 - Inventory (New),08/30/2025,Ascent Hospitality Tribute Carmel Indiana,2628,34697/25,Ascent Hospitality Tribute Carmel Indiana - Aug  material cost transferred from sps,,335.77
AUGCOGS-34697/26,200,A50001 - Cost Of Goods Sold (New),977,,08/30/2025,Ascent Hospitality Tribute Carmel Indiana,2628,34697/26,Ascent Hospitality Tribute Carmel Indiana - Aug  material cost transferred from sps,799.03,
AUGCOGS-34697/26,200.5,,953,A12001 - Inventory (New),08/30/2025,Ascent Hospitality Tribute Carmel Indiana,2628,34697/26,Ascent Hospitality Tribute Carmel Indiana - Aug  material cost transferred from sps,,799.03
AUGCOGS-34697/27,201,A50001 - Cost Of Goods Sold (New),977,,08/30/2025,Ascent Hospitality Tribute Carmel Indiana,2628,34697/27,Ascent Hospitality Tribute Carmel Indiana - Aug  material cost transferred from sps,129.89,
AUGCOGS-34697/27,201.5,,953,A12001 - Inventory (New),08/30/2025,Ascent Hospitality Tribute Carmel Indiana,2628,34697/27,Ascent Hospitality Tribute Carmel Indiana - Aug  material cost transferred from sps,,129.89
AUGCOGS-34731/3,203,A50001 - Cost Of Goods Sold (New),977,,08/30/2025,WYNDHAM D&C CONFERENCE BOOTH / WYNDHAM BRAND,3402,34731/3,WYNDHAM D&C CONFERENCE BOOTH / WYNDHAM BRAND - Aug  material cost transferred from sps,884.36,
AUGCOGS-34731/3,203.5,,953,A12001 - Inventory (New),08/30/2025,WYNDHAM D&C CONFERENCE BOOTH / WYNDHAM BRAND,3402,34731/3,WYNDHAM D&C CONFERENCE BOOTH / WYNDHAM BRAND - Aug  material cost transferred from sps,,884.36
AUGCOGS-34758/7,204,A50001 - Cost Of Goods Sold (New),977,,08/30/2025,Graniti Vicentia,1938,34758/7,Graniti Vicentia - Aug  material cost transferred from sps,566.08,
AUGCOGS-34758/7,204.5,,953,A12001 - Inventory (New),08/30/2025,Graniti Vicentia,1938,34758/7,Graniti Vicentia - Aug  material cost transferred from sps,,566.08
AUGCOGS-34758/8,205,A50001 - Cost Of Goods Sold (New),977,,08/30/2025,Graniti Vicentia,1938,34758/8,Graniti Vicentia - Aug  material cost transferred from sps,410.37,
AUGCOGS-34758/8,205.5,,953,A12001 - Inventory (New),08/30/2025,Graniti Vicentia,1938,34758/8,Graniti Vicentia - Aug  material cost transferred from sps,,410.37
AUGCOGS-34807/10,206,A50001 - Cost Of Goods Sold (New),977,,08/30/2025,La Quinta by Wyndham Dallas DFW Airport N,3357,34807/10,La Quinta by Wyndham Dallas DFW Airport N - Aug  material cost transferred from sps,26.60,
AUGCOGS-34807/10,206.5,,953,A12001 - Inventory (New),08/30/2025,La Quinta by Wyndham Dallas DFW Airport N,3357,34807/10,La Quinta by Wyndham Dallas DFW Airport N - Aug  material cost transferred from sps,,26.60
AUGCOGS-34807/11,207,A50001 - Cost Of Goods Sold (New),977,,08/30/2025,La Quinta by Wyndham Dallas DFW Airport N,3357,34807/11,La Quinta by Wyndham Dallas DFW Airport N - Aug  material cost transferred from sps,382.50,
AUGCOGS-34807/11,207.5,,953,A12001 - Inventory (New),08/30/2025,La Quinta by Wyndham Dallas DFW Airport N,3357,34807/11,La Quinta by Wyndham Dallas DFW Airport N - Aug  material cost transferred from sps,,382.50
AUGCOGS-34809/16,208,A50001 - Cost Of Goods Sold (New),977,,08/30/2025,La Quinta by Wyndham Dallas DFW Airport N,3357,34809/16,La Quinta by Wyndham Dallas DFW Airport N - Aug  material cost transferred from sps,116.48,
AUGCOGS-34809/16,208.5,,953,A12001 - Inventory (New),08/30/2025,La Quinta by Wyndham Dallas DFW Airport N,3357,34809/16,La Quinta by Wyndham Dallas DFW Airport N - Aug  material cost transferred from sps,,116.48
AUGCOGS-34843/6,209,A50001 - Cost Of Goods Sold (New),977,,08/30/2025,Sunray Group / Holiday Inn Burlington Hotel & Conference Centre CANADA,3392,34843/6,Sunray Group / Holiday Inn Burlington Hotel & Conference Centre CANADA - Aug  material cost transferred from sps,53.20,
AUGCOGS-34843/6,209.5,,953,A12001 - Inventory (New),08/30/2025,Sunray Group / Holiday Inn Burlington Hotel & Conference Centre CANADA,3392,34843/6,Sunray Group / Holiday Inn Burlington Hotel & Conference Centre CANADA - Aug  material cost transferred from sps,,53.20
AUGCOGS-34853/5,210,A50001 - Cost Of Goods Sold (New),977,,08/30/2025,Kanti kusum Inc,576,34853/5,Kanti kusum Inc - Aug  material cost transferred from sps,105.54,
AUGCOGS-34853/5,210.5,,953,A12001 - Inventory (New),08/30/2025,Kanti kusum Inc,576,34853/5,Kanti kusum Inc - Aug  material cost transferred from sps,,105.54
AUGCOGS-34853/6,211,A50001 - Cost Of Goods Sold (New),977,,08/30/2025,Kanti kusum Inc,576,34853/6,Kanti kusum Inc - Aug  material cost transferred from sps,1639.76,
AUGCOGS-34853/6,211.5,,953,A12001 - Inventory (New),08/30/2025,Kanti kusum Inc,576,34853/6,Kanti kusum Inc - Aug  material cost transferred from sps,,1639.76
AUGCOGS-34913/2,212,A50001 - Cost Of Goods Sold (New),977,,08/30/2025,Wingate/ Hawthorne Kingman,3401,34913/2,Wingate/ Hawthorne Kingman - Aug  material cost transferred from sps,711.17,
AUGCOGS-34913/2,212.5,,953,A12001 - Inventory (New),08/30/2025,Wingate/ Hawthorne Kingman,3401,34913/2,Wingate/ Hawthorne Kingman - Aug  material cost transferred from sps,,711.17
AUGCOGS-34916/3,213,A50001 - Cost Of Goods Sold (New),977,,08/30/2025,Wingate/ Hawthorne Kingman,3401,34916/3,Wingate/ Hawthorne Kingman - Aug  material cost transferred from sps,2051.90,
AUGCOGS-34916/3,213.5,,953,A12001 - Inventory (New),08/30/2025,Wingate/ Hawthorne Kingman,3401,34916/3,Wingate/ Hawthorne Kingman - Aug  material cost transferred from sps,,2051.90
AUGCOGS-34959,214,A50001 - Cost Of Goods Sold (New),977,,08/30/2025,CAMBRIA NASHVILLE,3322,34959,CAMBRIA NASHVILLE - Aug  material cost transferred from sps,206.57,
AUGCOGS-34959,214.5,,953,A12001 - Inventory (New),08/30/2025,CAMBRIA NASHVILLE,3322,34959,CAMBRIA NASHVILLE - Aug  material cost transferred from sps,,206.57
AUGCOGS-34970/3,215,A50001 - Cost Of Goods Sold (New),977,,08/30/2025,LaQuinta Inn & Suites Oxford AL,2752,34970/3,LaQuinta Inn & Suites Oxford AL - Aug  material cost transferred from sps,28.55,
AUGCOGS-34970/3,215.5,,953,A12001 - Inventory (New),08/30/2025,LaQuinta Inn & Suites Oxford AL,2752,34970/3,LaQuinta Inn & Suites Oxford AL - Aug  material cost transferred from sps,,28.55
AUGCOGS-35012/12,216,A50001 - Cost Of Goods Sold (New),977,,08/30/2025,Jaimin Patel,571,35012/12,Jaimin Patel - Aug  material cost transferred from sps,102.87,
AUGCOGS-35012/12,216.5,,953,A12001 - Inventory (New),08/30/2025,Jaimin Patel,571,35012/12,Jaimin Patel - Aug  material cost transferred from sps,,102.87
AUGCOGS-35065/7,218,A50001 - Cost Of Goods Sold (New),977,,08/30/2025,Jaimin Patel,571,35065/7,Jaimin Patel - Aug  material cost transferred from sps,1165.34,
AUGCOGS-35065/7,218.5,,953,A12001 - Inventory (New),08/30/2025,Jaimin Patel,571,35065/7,Jaimin Patel - Aug  material cost transferred from sps,,1165.34
AUGCOGS-35066/2,219,A50001 - Cost Of Goods Sold (New),977,,08/30/2025,Jaimin Patel,571,35066/2,Jaimin Patel - Aug  material cost transferred from sps,2395.50,
AUGCOGS-35066/2,219.5,,953,A12001 - Inventory (New),08/30/2025,Jaimin Patel,571,35066/2,Jaimin Patel - Aug  material cost transferred from sps,,2395.50
AUGCOGS-35082/6,220,A50001 - Cost Of Goods Sold (New),977,,08/30/2025,Hampton Inn Rosenberg,2520,35082/6,Hampton Inn Rosenberg - Aug  material cost transferred from sps,293.53,
AUGCOGS-35082/6,220.5,,953,A12001 - Inventory (New),08/30/2025,Hampton Inn Rosenberg,2520,35082/6,Hampton Inn Rosenberg - Aug  material cost transferred from sps,,293.53
AUGCOGS-35101/10,221,A50001 - Cost Of Goods Sold (New),977,,08/30/2025,Sonder,690,35101/10,Sonder - Aug  material cost transferred from sps,7045.86,
AUGCOGS-35101/10,221.5,,953,A12001 - Inventory (New),08/30/2025,Sonder,690,35101/10,Sonder - Aug  material cost transferred from sps,,7045.86
AUGCOGS-35101/9,222,A50001 - Cost Of Goods Sold (New),977,,08/30/2025,Sonder,690,35101/9,Sonder - Aug  material cost transferred from sps,48239.52,
AUGCOGS-35101/9,222.5,,953,A12001 - Inventory (New),08/30/2025,Sonder,690,35101/9,Sonder - Aug  material cost transferred from sps,,48239.52
AUGCOGS-35121/3,225,A50001 - Cost Of Goods Sold (New),977,,08/30/2025,LAQUINTA TRINIDAD CO,2707,35121/3,LAQUINTA TRINIDAD CO - Aug  material cost transferred from sps,8.14,
AUGCOGS-35121/3,225.5,,953,A12001 - Inventory (New),08/30/2025,LAQUINTA TRINIDAD CO,2707,35121/3,LAQUINTA TRINIDAD CO - Aug  material cost transferred from sps,,8.14
AUGCOGS-35162/3,227,A50001 - Cost Of Goods Sold (New),977,,08/30/2025,La Quinta Inn - Sarasota FL - Raj Mukkirla,2607,35162/3,La Quinta Inn - Sarasota FL - Raj Mukkirla - Aug  material cost transferred from sps,70.75,
AUGCOGS-35162/3,227.5,,953,A12001 - Inventory (New),08/30/2025,La Quinta Inn - Sarasota FL - Raj Mukkirla,2607,35162/3,La Quinta Inn - Sarasota FL - Raj Mukkirla - Aug  material cost transferred from sps,,70.75
AUGCOGS-35224/2,229,A50001 - Cost Of Goods Sold (New),977,,08/30/2025,"La Quinta - Chelsea,AL",3355,35224/2,"La Quinta - Chelsea,AL - Aug  material cost transferred from sps",695.48,
AUGCOGS-35224/2,229.5,,953,A12001 - Inventory (New),08/30/2025,"La Quinta - Chelsea,AL",3355,35224/2,"La Quinta - Chelsea,AL - Aug  material cost transferred from sps",,695.48
AUGCOGS-35234/3,230,A50001 - Cost Of Goods Sold (New),977,,08/30/2025,"La Quinta - Chelsea,AL",3355,35234/3,"La Quinta - Chelsea,AL - Aug  material cost transferred from sps",1187.88,
AUGCOGS-35234/3,230.5,,953,A12001 - Inventory (New),08/30/2025,"La Quinta - Chelsea,AL",3355,35234/3,"La Quinta - Chelsea,AL - Aug  material cost transferred from sps",,1187.88
AUGCOGS-35235/5,231,A50001 - Cost Of Goods Sold (New),977,,08/30/2025,"La Quinta - Chelsea,AL",3355,35235/5,"La Quinta - Chelsea,AL - Aug  material cost transferred from sps",5.24,
AUGCOGS-35235/5,231.5,,953,A12001 - Inventory (New),08/30/2025,"La Quinta - Chelsea,AL",3355,35235/5,"La Quinta - Chelsea,AL - Aug  material cost transferred from sps",,5.24
AUGCOGS-35235/8,232,A50001 - Cost Of Goods Sold (New),977,,08/30/2025,"La Quinta - Chelsea,AL",3355,35235/8,"La Quinta - Chelsea,AL - Aug  material cost transferred from sps",80.02,
AUGCOGS-35235/8,232.5,,953,A12001 - Inventory (New),08/30/2025,"La Quinta - Chelsea,AL",3355,35235/8,"La Quinta - Chelsea,AL - Aug  material cost transferred from sps",,80.02
AUGCOGS-35266/14,233,A50001 - Cost Of Goods Sold (New),977,,08/30/2025,Graniti Vicentia,1938,35266/14,Graniti Vicentia - Aug  material cost transferred from sps,324.33,
AUGCOGS-35266/14,233.5,,953,A12001 - Inventory (New),08/30/2025,Graniti Vicentia,1938,35266/14,Graniti Vicentia - Aug  material cost transferred from sps,,324.33
AUGCOGS-35266/15,234,A50001 - Cost Of Goods Sold (New),977,,08/30/2025,Graniti Vicentia,1938,35266/15,Graniti Vicentia - Aug  material cost transferred from sps,139.40,
AUGCOGS-35266/15,234.5,,953,A12001 - Inventory (New),08/30/2025,Graniti Vicentia,1938,35266/15,Graniti Vicentia - Aug  material cost transferred from sps,,139.40
AUGCOGS-35289/5,235,A50001 - Cost Of Goods Sold (New),977,,08/30/2025,Kanti kusum Inc,576,35289/5,Kanti kusum Inc - Aug  material cost transferred from sps,2960.30,
AUGCOGS-35289/5,235.5,,953,A12001 - Inventory (New),08/30/2025,Kanti kusum Inc,576,35289/5,Kanti kusum Inc - Aug  material cost transferred from sps,,2960.30
AUGCOGS-35309/3,236,A50001 - Cost Of Goods Sold (New),977,,08/30/2025,Ascent Hospitality- Autograph Huntsville,3318,35309/3,Ascent Hospitality- Autograph Huntsville - Aug  material cost transferred from sps,277.94,
AUGCOGS-35309/3,236.5,,953,A12001 - Inventory (New),08/30/2025,Ascent Hospitality- Autograph Huntsville,3318,35309/3,Ascent Hospitality- Autograph Huntsville - Aug  material cost transferred from sps,,277.94
AUGCOGS-35322/10,237,A50001 - Cost Of Goods Sold (New),977,,08/30/2025,Ascent Hospitality Element Carmel Indiana,3314,35322/10,Ascent Hospitality Element Carmel Indiana - Aug  material cost transferred from sps,119.31,
AUGCOGS-35322/10,237.5,,953,A12001 - Inventory (New),08/30/2025,Ascent Hospitality Element Carmel Indiana,3314,35322/10,Ascent Hospitality Element Carmel Indiana - Aug  material cost transferred from sps,,119.31
AUGCOGS-35322/11,238,A50001 - Cost Of Goods Sold (New),977,,08/30/2025,Ascent Hospitality Element Carmel Indiana,3314,35322/11,Ascent Hospitality Element Carmel Indiana - Aug  material cost transferred from sps,362.45,
AUGCOGS-35322/11,238.5,,953,A12001 - Inventory (New),08/30/2025,Ascent Hospitality Element Carmel Indiana,3314,35322/11,Ascent Hospitality Element Carmel Indiana - Aug  material cost transferred from sps,,362.45
AUGCOGS-35327/5,239,A50001 - Cost Of Goods Sold (New),977,,08/30/2025,"Candlewood Suites -Columbus,Oh-Kautilya group",3324,35327/5,"Candlewood Suites -Columbus,Oh-Kautilya group - Aug  material cost transferred from sps",2904.92,
AUGCOGS-35327/5,239.5,,953,A12001 - Inventory (New),08/30/2025,"Candlewood Suites -Columbus,Oh-Kautilya group",3324,35327/5,"Candlewood Suites -Columbus,Oh-Kautilya group - Aug  material cost transferred from sps",,2904.92
AUGCOGS-35333/7,240,A50001 - Cost Of Goods Sold (New),977,,08/30/2025,"Candlewood Suites -Columbus,Oh-Kautilya group",3324,35333/7,"Candlewood Suites -Columbus,Oh-Kautilya group - Aug  material cost transferred from sps",558.23,
AUGCOGS-35333/7,240.5,,953,A12001 - Inventory (New),08/30/2025,"Candlewood Suites -Columbus,Oh-Kautilya group",3324,35333/7,"Candlewood Suites -Columbus,Oh-Kautilya group - Aug  material cost transferred from sps",,558.23
AUGCOGS-35336/4,241,A50001 - Cost Of Goods Sold (New),977,,08/30/2025,"Candlewood Suites -Columbus,Oh-Kautilya group",3324,35336/4,"Candlewood Suites -Columbus,Oh-Kautilya group - Aug  material cost transferred from sps",110.00,
AUGCOGS-35336/4,241.5,,953,A12001 - Inventory (New),08/30/2025,"Candlewood Suites -Columbus,Oh-Kautilya group",3324,35336/4,"Candlewood Suites -Columbus,Oh-Kautilya group - Aug  material cost transferred from sps",,110.00
AUGCOGS-35349/14,242,A50001 - Cost Of Goods Sold (New),977,,08/30/2025,Ascent Hospitality- Autograph Huntsville,3318,35349/14,Ascent Hospitality- Autograph Huntsville - Aug  material cost transferred from sps,8451.82,
AUGCOGS-35349/14,242.5,,953,A12001 - Inventory (New),08/30/2025,Ascent Hospitality- Autograph Huntsville,3318,35349/14,Ascent Hospitality- Autograph Huntsville - Aug  material cost transferred from sps,,8451.82
AUGCOGS-35349/2,243,A50001 - Cost Of Goods Sold (New),977,,08/30/2025,Ascent Hospitality- Autograph Huntsville,3318,35349/2,Ascent Hospitality- Autograph Huntsville - Aug  material cost transferred from sps,805.98,
AUGCOGS-35349/2,243.5,,953,A12001 - Inventory (New),08/30/2025,Ascent Hospitality- Autograph Huntsville,3318,35349/2,Ascent Hospitality- Autograph Huntsville - Aug  material cost transferred from sps,,805.98
AUGCOGS-35392/5,244,A50001 - Cost Of Goods Sold (New),977,,08/30/2025,"HOME 2 SUITES - Lake Jackson, TX",2677,35392/5,"HOME 2 SUITES - Lake Jackson, TX - Aug  material cost transferred from sps",20.96,
AUGCOGS-35392/5,244.5,,953,A12001 - Inventory (New),08/30/2025,"HOME 2 SUITES - Lake Jackson, TX",2677,35392/5,"HOME 2 SUITES - Lake Jackson, TX - Aug  material cost transferred from sps",,20.96
AUGCOGS-35399/10,245,A50001 - Cost Of Goods Sold (New),977,,08/30/2025,"HOME 2 SUITES - Lake Jackson, TX",2677,35399/10,"HOME 2 SUITES - Lake Jackson, TX - Aug  material cost transferred from sps",4040.32,
AUGCOGS-35399/10,245.5,,953,A12001 - Inventory (New),08/30/2025,"HOME 2 SUITES - Lake Jackson, TX",2677,35399/10,"HOME 2 SUITES - Lake Jackson, TX - Aug  material cost transferred from sps",,4040.32
AUGCOGS-35431/8,246,A50001 - Cost Of Goods Sold (New),977,,08/30/2025,"Jay Sun Hospitality LLC / La Quinta La Habra,CA",3351,35431/8,"Jay Sun Hospitality LLC / La Quinta La Habra,CA - Aug  material cost transferred from sps",368.56,
AUGCOGS-35431/8,246.5,,953,A12001 - Inventory (New),08/30/2025,"Jay Sun Hospitality LLC / La Quinta La Habra,CA",3351,35431/8,"Jay Sun Hospitality LLC / La Quinta La Habra,CA - Aug  material cost transferred from sps",,368.56
AUGCOGS-35438/5,247,A50001 - Cost Of Goods Sold (New),977,,08/30/2025,"Jay Sun Hospitality LLC / La Quinta La Habra,CA",3351,35438/5,"Jay Sun Hospitality LLC / La Quinta La Habra,CA - Aug  material cost transferred from sps",2280.80,
AUGCOGS-35438/5,247.5,,953,A12001 - Inventory (New),08/30/2025,"Jay Sun Hospitality LLC / La Quinta La Habra,CA",3351,35438/5,"Jay Sun Hospitality LLC / La Quinta La Habra,CA - Aug  material cost transferred from sps",,2280.80
AUGCOGS-35438/6,248,A50001 - Cost Of Goods Sold (New),977,,08/30/2025,"Jay Sun Hospitality LLC / La Quinta La Habra,CA",3351,35438/6,"Jay Sun Hospitality LLC / La Quinta La Habra,CA - Aug  material cost transferred from sps",1367.21,
AUGCOGS-35438/6,248.5,,953,A12001 - Inventory (New),08/30/2025,"Jay Sun Hospitality LLC / La Quinta La Habra,CA",3351,35438/6,"Jay Sun Hospitality LLC / La Quinta La Habra,CA - Aug  material cost transferred from sps",,1367.21
AUGCOGS-35440/8,249,A50001 - Cost Of Goods Sold (New),977,,08/30/2025,"Jay Sun Hospitality LLC / La Quinta La Habra,CA",3351,35440/8,"Jay Sun Hospitality LLC / La Quinta La Habra,CA - Aug  material cost transferred from sps",2133.95,
AUGCOGS-35440/8,249.5,,953,A12001 - Inventory (New),08/30/2025,"Jay Sun Hospitality LLC / La Quinta La Habra,CA",3351,35440/8,"Jay Sun Hospitality LLC / La Quinta La Habra,CA - Aug  material cost transferred from sps",,2133.95
AUGCOGS-35441/9,250,A50001 - Cost Of Goods Sold (New),977,,08/30/2025,"Jay Sun Hospitality LLC / La Quinta La Habra,CA",3351,35441/9,"Jay Sun Hospitality LLC / La Quinta La Habra,CA - Aug  material cost transferred from sps",3159.84,
AUGCOGS-35441/9,250.5,,953,A12001 - Inventory (New),08/30/2025,"Jay Sun Hospitality LLC / La Quinta La Habra,CA",3351,35441/9,"Jay Sun Hospitality LLC / La Quinta La Habra,CA - Aug  material cost transferred from sps",,3159.84
AUGCOGS-35446/5,251,A50001 - Cost Of Goods Sold (New),977,,08/30/2025,"Jay Sun Hospitality LLC / La Quinta La Habra,CA",3351,35446/5,"Jay Sun Hospitality LLC / La Quinta La Habra,CA - Aug  material cost transferred from sps",126.34,
AUGCOGS-35446/5,251.5,,953,A12001 - Inventory (New),08/30/2025,"Jay Sun Hospitality LLC / La Quinta La Habra,CA",3351,35446/5,"Jay Sun Hospitality LLC / La Quinta La Habra,CA - Aug  material cost transferred from sps",,126.34
AUGCOGS-35545/3,256,A50001 - Cost Of Goods Sold (New),977,,08/30/2025,Wingate Owensboro_KY,3400,35545/3,Wingate Owensboro_KY - Aug  material cost transferred from sps,330.30,
AUGCOGS-35545/3,256.5,,953,A12001 - Inventory (New),08/30/2025,Wingate Owensboro_KY,3400,35545/3,Wingate Owensboro_KY - Aug  material cost transferred from sps,,330.30
AUGCOGS-35595/7,257,A50001 - Cost Of Goods Sold (New),977,,08/30/2025,Ascent Hospitality Element Carmel Indiana,3314,35595/7,Ascent Hospitality Element Carmel Indiana - Aug  material cost transferred from sps,2.90,
AUGCOGS-35595/7,257.5,,953,A12001 - Inventory (New),08/30/2025,Ascent Hospitality Element Carmel Indiana,3314,35595/7,Ascent Hospitality Element Carmel Indiana - Aug  material cost transferred from sps,,2.90
AUGCOGS-35597/4,258,A50001 - Cost Of Goods Sold (New),977,,08/30/2025,Ascent Hospitality Element Carmel Indiana,3314,35597/4,Ascent Hospitality Element Carmel Indiana - Aug  material cost transferred from sps,729.03,
AUGCOGS-35597/4,258.5,,953,A12001 - Inventory (New),08/30/2025,Ascent Hospitality Element Carmel Indiana,3314,35597/4,Ascent Hospitality Element Carmel Indiana - Aug  material cost transferred from sps,,729.03
AUGCOGS-35599/9,259,A50001 - Cost Of Goods Sold (New),977,,08/30/2025,Ascent Hospitality Element Carmel Indiana,3314,35599/9,Ascent Hospitality Element Carmel Indiana - Aug  material cost transferred from sps,48.72,
AUGCOGS-35599/9,259.5,,953,A12001 - Inventory (New),08/30/2025,Ascent Hospitality Element Carmel Indiana,3314,35599/9,Ascent Hospitality Element Carmel Indiana - Aug  material cost transferred from sps,,48.72
AUGCOGS-35602/8,260,A50001 - Cost Of Goods Sold (New),977,,08/30/2025,Ascent Hospitality Element Carmel Indiana,3314,35602/8,Ascent Hospitality Element Carmel Indiana - Aug  material cost transferred from sps,0.00,
AUGCOGS-35602/8,260.5,,953,A12001 - Inventory (New),08/30/2025,Ascent Hospitality Element Carmel Indiana,3314,35602/8,Ascent Hospitality Element Carmel Indiana - Aug  material cost transferred from sps,,0.00
AUGCOGS-35606/2,261,A50001 - Cost Of Goods Sold (New),977,,08/30/2025,Ascent Hospitality Element Carmel Indiana,3314,35606/2,Ascent Hospitality Element Carmel Indiana - Aug  material cost transferred from sps,806.86,
AUGCOGS-35606/2,261.5,,953,A12001 - Inventory (New),08/30/2025,Ascent Hospitality Element Carmel Indiana,3314,35606/2,Ascent Hospitality Element Carmel Indiana - Aug  material cost transferred from sps,,806.86
AUGCOGS-35606/4,262,A50001 - Cost Of Goods Sold (New),977,,08/30/2025,Ascent Hospitality Element Carmel Indiana,3314,35606/4,Ascent Hospitality Element Carmel Indiana - Aug  material cost transferred from sps,1220.34,
AUGCOGS-35606/4,262.5,,953,A12001 - Inventory (New),08/30/2025,Ascent Hospitality Element Carmel Indiana,3314,35606/4,Ascent Hospitality Element Carmel Indiana - Aug  material cost transferred from sps,,1220.34
AUGCOGS-35611/13,263,A50001 - Cost Of Goods Sold (New),977,,08/30/2025,Ascent Hospitality Element Carmel Indiana,3314,35611/13,Ascent Hospitality Element Carmel Indiana - Aug  material cost transferred from sps,16.50,
AUGCOGS-35611/13,263.5,,953,A12001 - Inventory (New),08/30/2025,Ascent Hospitality Element Carmel Indiana,3314,35611/13,Ascent Hospitality Element Carmel Indiana - Aug  material cost transferred from sps,,16.50
AUGCOGS-35611/14,264,A50001 - Cost Of Goods Sold (New),977,,08/30/2025,Ascent Hospitality Element Carmel Indiana,3314,35611/14,Ascent Hospitality Element Carmel Indiana - Aug  material cost transferred from sps,417.88,
AUGCOGS-35611/14,264.5,,953,A12001 - Inventory (New),08/30/2025,Ascent Hospitality Element Carmel Indiana,3314,35611/14,Ascent Hospitality Element Carmel Indiana - Aug  material cost transferred from sps,,417.88
AUGCOGS-35611/15,265,A50001 - Cost Of Goods Sold (New),977,,08/30/2025,Ascent Hospitality Element Carmel Indiana,3314,35611/15,Ascent Hospitality Element Carmel Indiana - Aug  material cost transferred from sps,228.91,
AUGCOGS-35611/15,265.5,,953,A12001 - Inventory (New),08/30/2025,Ascent Hospitality Element Carmel Indiana,3314,35611/15,Ascent Hospitality Element Carmel Indiana - Aug  material cost transferred from sps,,228.91
AUGCOGS-35620/10,267,A50001 - Cost Of Goods Sold (New),977,,08/30/2025,"Las Vegas Resort Holdings, LLC",3368,35620/10,"Las Vegas Resort Holdings, LLC - Aug  material cost transferred from sps",45615.44,
AUGCOGS-35620/10,267.5,,953,A12001 - Inventory (New),08/30/2025,"Las Vegas Resort Holdings, LLC",3368,35620/10,"Las Vegas Resort Holdings, LLC - Aug  material cost transferred from sps",,45615.44
AUGCOGS-35620/6,268,A50001 - Cost Of Goods Sold (New),977,,08/30/2025,"Las Vegas Resort Holdings, LLC",3368,35620/6,"Las Vegas Resort Holdings, LLC - Aug  material cost transferred from sps",383774.34,
AUGCOGS-35620/6,268.5,,953,A12001 - Inventory (New),08/30/2025,"Las Vegas Resort Holdings, LLC",3368,35620/6,"Las Vegas Resort Holdings, LLC - Aug  material cost transferred from sps",,383774.34
AUGCOGS-35620/7,269,A50001 - Cost Of Goods Sold (New),977,,08/30/2025,"Las Vegas Resort Holdings, LLC",3368,35620/7,"Las Vegas Resort Holdings, LLC - Aug  material cost transferred from sps",33736.89,
AUGCOGS-35620/7,269.5,,953,A12001 - Inventory (New),08/30/2025,"Las Vegas Resort Holdings, LLC",3368,35620/7,"Las Vegas Resort Holdings, LLC - Aug  material cost transferred from sps",,33736.89
AUGCOGS-35620/8,270,A50001 - Cost Of Goods Sold (New),977,,08/30/2025,"Las Vegas Resort Holdings, LLC",3368,35620/8,"Las Vegas Resort Holdings, LLC - Aug  material cost transferred from sps",25299.78,
AUGCOGS-35620/8,270.5,,953,A12001 - Inventory (New),08/30/2025,"Las Vegas Resort Holdings, LLC",3368,35620/8,"Las Vegas Resort Holdings, LLC - Aug  material cost transferred from sps",,25299.78
AUGCOGS-35620/9,271,A50001 - Cost Of Goods Sold (New),977,,08/30/2025,"Las Vegas Resort Holdings, LLC",3368,35620/9,"Las Vegas Resort Holdings, LLC - Aug  material cost transferred from sps",30410.11,
AUGCOGS-35620/9,271.5,,953,A12001 - Inventory (New),08/30/2025,"Las Vegas Resort Holdings, LLC",3368,35620/9,"Las Vegas Resort Holdings, LLC - Aug  material cost transferred from sps",,30410.11
AUGCOGS-35654/5,272,A50001 - Cost Of Goods Sold (New),977,,08/30/2025,Wyndham Trademark Fredericksburg,3404,35654/5,Wyndham Trademark Fredericksburg - Aug  material cost transferred from sps,2091.76,
AUGCOGS-35654/5,272.5,,953,A12001 - Inventory (New),08/30/2025,Wyndham Trademark Fredericksburg,3404,35654/5,Wyndham Trademark Fredericksburg - Aug  material cost transferred from sps,,2091.76
AUGCOGS-35654/6,273,A50001 - Cost Of Goods Sold (New),977,,08/30/2025,Wyndham Trademark Fredericksburg,3404,35654/6,Wyndham Trademark Fredericksburg - Aug  material cost transferred from sps,342.80,
AUGCOGS-35654/6,273.5,,953,A12001 - Inventory (New),08/30/2025,Wyndham Trademark Fredericksburg,3404,35654/6,Wyndham Trademark Fredericksburg - Aug  material cost transferred from sps,,342.80
AUGCOGS-35654/7,274,A50001 - Cost Of Goods Sold (New),977,,08/30/2025,Wyndham Trademark Fredericksburg,3404,35654/7,Wyndham Trademark Fredericksburg - Aug  material cost transferred from sps,34.32,
AUGCOGS-35654/7,274.5,,953,A12001 - Inventory (New),08/30/2025,Wyndham Trademark Fredericksburg,3404,35654/7,Wyndham Trademark Fredericksburg - Aug  material cost transferred from sps,,34.32
AUGCOGS-35698/3,275,A50001 - Cost Of Goods Sold (New),977,,08/30/2025,Ascent hospitality Home2 West Lafayette IN,3317,35698/3,Ascent hospitality Home2 West Lafayette IN - Aug  material cost transferred from sps,28.80,
AUGCOGS-35698/3,275.5,,953,A12001 - Inventory (New),08/30/2025,Ascent hospitality Home2 West Lafayette IN,3317,35698/3,Ascent hospitality Home2 West Lafayette IN - Aug  material cost transferred from sps,,28.80
AUGCOGS-35711/5,276,A50001 - Cost Of Goods Sold (New),977,,08/30/2025,Ascent hospitality Home2 Suites Fairburn GA,3316,35711/5,Ascent hospitality Home2 Suites Fairburn GA - Aug  material cost transferred from sps,440.00,
AUGCOGS-35711/5,276.5,,953,A12001 - Inventory (New),08/30/2025,Ascent hospitality Home2 Suites Fairburn GA,3316,35711/5,Ascent hospitality Home2 Suites Fairburn GA - Aug  material cost transferred from sps,,440.00
AUGCOGS-35727/2,277,A50001 - Cost Of Goods Sold (New),977,,08/30/2025,"Las Vegas Resort Holdings, LLC",3368,35727/2,"Las Vegas Resort Holdings, LLC - Aug  material cost transferred from sps",103.80,
AUGCOGS-35727/2,277.5,,953,A12001 - Inventory (New),08/30/2025,"Las Vegas Resort Holdings, LLC",3368,35727/2,"Las Vegas Resort Holdings, LLC - Aug  material cost transferred from sps",,103.80
AUGCOGS-35728/11,278,A50001 - Cost Of Goods Sold (New),977,,08/30/2025,Ascent hospitality Home2 Suites Fairburn GA,3316,35728/11,Ascent hospitality Home2 Suites Fairburn GA - Aug  material cost transferred from sps,430.56,
AUGCOGS-35728/11,278.5,,953,A12001 - Inventory (New),08/30/2025,Ascent hospitality Home2 Suites Fairburn GA,3316,35728/11,Ascent hospitality Home2 Suites Fairburn GA - Aug  material cost transferred from sps,,430.56
AUGCOGS-35756/4,279,A50001 - Cost Of Goods Sold (New),977,,08/30/2025,"La Quinta Hawthorn - Miamisburg, OH",3358,35756/4,"La Quinta Hawthorn - Miamisburg, OH - Aug  material cost transferred from sps",22788.97,
AUGCOGS-35756/4,279.5,,953,A12001 - Inventory (New),08/30/2025,"La Quinta Hawthorn - Miamisburg, OH",3358,35756/4,"La Quinta Hawthorn - Miamisburg, OH - Aug  material cost transferred from sps",,22788.97
AUGCOGS-35763/5,280,A50001 - Cost Of Goods Sold (New),977,,08/30/2025,"La Quinta Hawthorn - Miamisburg, OH",3358,35763/5,"La Quinta Hawthorn - Miamisburg, OH - Aug  material cost transferred from sps",650.68,
AUGCOGS-35763/5,280.5,,953,A12001 - Inventory (New),08/30/2025,"La Quinta Hawthorn - Miamisburg, OH",3358,35763/5,"La Quinta Hawthorn - Miamisburg, OH - Aug  material cost transferred from sps",,650.68
AUGCOGS-35772/5,281,A50001 - Cost Of Goods Sold (New),977,,08/30/2025,"La Quinta Hawthorn - Miamisburg, OH",3358,35772/5,"La Quinta Hawthorn - Miamisburg, OH - Aug  material cost transferred from sps",4202.94,
AUGCOGS-35772/5,281.5,,953,A12001 - Inventory (New),08/30/2025,"La Quinta Hawthorn - Miamisburg, OH",3358,35772/5,"La Quinta Hawthorn - Miamisburg, OH - Aug  material cost transferred from sps",,4202.94
AUGCOGS-35784/4,282,A50001 - Cost Of Goods Sold (New),977,,08/30/2025,Stay Bridge - Manteca - CA - Aman Dhillon,3389,35784/4,Stay Bridge - Manteca - CA - Aman Dhillon - Aug  material cost transferred from sps,53761.64,
AUGCOGS-35784/4,282.5,,953,A12001 - Inventory (New),08/30/2025,Stay Bridge - Manteca - CA - Aman Dhillon,3389,35784/4,Stay Bridge - Manteca - CA - Aman Dhillon - Aug  material cost transferred from sps,,53761.64
AUGCOGS-35785/3,283,A50001 - Cost Of Goods Sold (New),977,,08/30/2025,"Ritzway Group, LLC / Crowne Plaza Galleria Area",3381,35785/3,"Ritzway Group, LLC / Crowne Plaza Galleria Area - Aug  material cost transferred from sps",263.62,
AUGCOGS-35785/3,283.5,,953,A12001 - Inventory (New),08/30/2025,"Ritzway Group, LLC / Crowne Plaza Galleria Area",3381,35785/3,"Ritzway Group, LLC / Crowne Plaza Galleria Area - Aug  material cost transferred from sps",,263.62
AUGCOGS-35796/4,284,A50001 - Cost Of Goods Sold (New),977,,08/30/2025,Fairfield Townplace East Hartford,3335,35796/4,Fairfield Townplace East Hartford - Aug  material cost transferred from sps,3353.54,
AUGCOGS-35796/4,284.5,,953,A12001 - Inventory (New),08/30/2025,Fairfield Townplace East Hartford,3335,35796/4,Fairfield Townplace East Hartford - Aug  material cost transferred from sps,,3353.54
AUGCOGS-35796/5,285,A50001 - Cost Of Goods Sold (New),977,,08/30/2025,Fairfield Townplace East Hartford,3335,35796/5,Fairfield Townplace East Hartford - Aug  material cost transferred from sps,397.96,
AUGCOGS-35796/5,285.5,,953,A12001 - Inventory (New),08/30/2025,Fairfield Townplace East Hartford,3335,35796/5,Fairfield Townplace East Hartford - Aug  material cost transferred from sps,,397.96
AUGCOGS-35797/3,286,A50001 - Cost Of Goods Sold (New),977,,08/30/2025,Fairfield Townplace East Hartford,3335,35797/3,Fairfield Townplace East Hartford - Aug  material cost transferred from sps,2697.03,
AUGCOGS-35797/3,286.5,,953,A12001 - Inventory (New),08/30/2025,Fairfield Townplace East Hartford,3335,35797/3,Fairfield Townplace East Hartford - Aug  material cost transferred from sps,,2697.03
AUGCOGS-35797/4,287,A50001 - Cost Of Goods Sold (New),977,,08/30/2025,Fairfield Townplace East Hartford,3335,35797/4,Fairfield Townplace East Hartford - Aug  material cost transferred from sps,5880.00,
AUGCOGS-35797/4,287.5,,953,A12001 - Inventory (New),08/30/2025,Fairfield Townplace East Hartford,3335,35797/4,Fairfield Townplace East Hartford - Aug  material cost transferred from sps,,5880.00
AUGCOGS-35799/5,288,A50001 - Cost Of Goods Sold (New),977,,08/30/2025,Fairfield Townplace East Hartford,3335,35799/5,Fairfield Townplace East Hartford - Aug  material cost transferred from sps,3137.74,
AUGCOGS-35799/5,288.5,,953,A12001 - Inventory (New),08/30/2025,Fairfield Townplace East Hartford,3335,35799/5,Fairfield Townplace East Hartford - Aug  material cost transferred from sps,,3137.74
AUGCOGS-35799/6,289,A50001 - Cost Of Goods Sold (New),977,,08/30/2025,Fairfield Townplace East Hartford,3335,35799/6,Fairfield Townplace East Hartford - Aug  material cost transferred from sps,4757.88,
AUGCOGS-35799/6,289.5,,953,A12001 - Inventory (New),08/30/2025,Fairfield Townplace East Hartford,3335,35799/6,Fairfield Townplace East Hartford - Aug  material cost transferred from sps,,4757.88
AUGCOGS-35800/4,290,A50001 - Cost Of Goods Sold (New),977,,08/30/2025,Fairfield Townplace East Hartford,3335,35800/4,Fairfield Townplace East Hartford - Aug  material cost transferred from sps,6503.20,
AUGCOGS-35800/4,290.5,,953,A12001 - Inventory (New),08/30/2025,Fairfield Townplace East Hartford,3335,35800/4,Fairfield Townplace East Hartford - Aug  material cost transferred from sps,,6503.20
AUGCOGS-35804/5,291,A50001 - Cost Of Goods Sold (New),977,,08/30/2025,Fairfield Townplace East Hartford,3335,35804/5,Fairfield Townplace East Hartford - Aug  material cost transferred from sps,13181.99,
AUGCOGS-35804/5,291.5,,953,A12001 - Inventory (New),08/30/2025,Fairfield Townplace East Hartford,3335,35804/5,Fairfield Townplace East Hartford - Aug  material cost transferred from sps,,13181.99
AUGCOGS-35807/3,292,A50001 - Cost Of Goods Sold (New),977,,08/30/2025,Fairfield Townplace East Hartford,3335,35807/3,Fairfield Townplace East Hartford - Aug  material cost transferred from sps,111.87,
AUGCOGS-35807/3,292.5,,953,A12001 - Inventory (New),08/30/2025,Fairfield Townplace East Hartford,3335,35807/3,Fairfield Townplace East Hartford - Aug  material cost transferred from sps,,111.87
AUGCOGS-35807/4,293,A50001 - Cost Of Goods Sold (New),977,,08/30/2025,Fairfield Townplace East Hartford,3335,35807/4,Fairfield Townplace East Hartford - Aug  material cost transferred from sps,1572.00,
AUGCOGS-35807/4,293.5,,953,A12001 - Inventory (New),08/30/2025,Fairfield Townplace East Hartford,3335,35807/4,Fairfield Townplace East Hartford - Aug  material cost transferred from sps,,1572.00
AUGCOGS-35808/3,294,A50001 - Cost Of Goods Sold (New),977,,08/30/2025,Fairfield Townplace East Hartford,3335,35808/3,Fairfield Townplace East Hartford - Aug  material cost transferred from sps,195.20,
AUGCOGS-35808/3,294.5,,953,A12001 - Inventory (New),08/30/2025,Fairfield Townplace East Hartford,3335,35808/3,Fairfield Townplace East Hartford - Aug  material cost transferred from sps,,195.20
AUGCOGS-35808/4,295,A50001 - Cost Of Goods Sold (New),977,,08/30/2025,Fairfield Townplace East Hartford,3335,35808/4,Fairfield Townplace East Hartford - Aug  material cost transferred from sps,536.80,
AUGCOGS-35808/4,295.5,,953,A12001 - Inventory (New),08/30/2025,Fairfield Townplace East Hartford,3335,35808/4,Fairfield Townplace East Hartford - Aug  material cost transferred from sps,,536.80
AUGCOGS-35809/3,296,A50001 - Cost Of Goods Sold (New),977,,08/30/2025,Fairfield Townplace East Hartford,3335,35809/3,Fairfield Townplace East Hartford - Aug  material cost transferred from sps,538.30,
AUGCOGS-35809/3,296.5,,953,A12001 - Inventory (New),08/30/2025,Fairfield Townplace East Hartford,3335,35809/3,Fairfield Townplace East Hartford - Aug  material cost transferred from sps,,538.30
AUGCOGS-35809/4,297,A50001 - Cost Of Goods Sold (New),977,,08/30/2025,Fairfield Townplace East Hartford,3335,35809/4,Fairfield Townplace East Hartford - Aug  material cost transferred from sps,230.00,
AUGCOGS-35809/4,297.5,,953,A12001 - Inventory (New),08/30/2025,Fairfield Townplace East Hartford,3335,35809/4,Fairfield Townplace East Hartford - Aug  material cost transferred from sps,,230.00
AUGCOGS-35811/2,298,A50001 - Cost Of Goods Sold (New),977,,08/30/2025,Fairfield Townplace East Hartford,3335,35811/2,Fairfield Townplace East Hartford - Aug  material cost transferred from sps,7800.04,
AUGCOGS-35811/2,298.5,,953,A12001 - Inventory (New),08/30/2025,Fairfield Townplace East Hartford,3335,35811/2,Fairfield Townplace East Hartford - Aug  material cost transferred from sps,,7800.04
AUGCOGS-35812/3,299,A50001 - Cost Of Goods Sold (New),977,,08/30/2025,Fairfield Townplace East Hartford,3335,35812/3,Fairfield Townplace East Hartford - Aug  material cost transferred from sps,37.49,
AUGCOGS-35812/3,299.5,,953,A12001 - Inventory (New),08/30/2025,Fairfield Townplace East Hartford,3335,35812/3,Fairfield Townplace East Hartford - Aug  material cost transferred from sps,,37.49
AUGCOGS-35812/4,300,A50001 - Cost Of Goods Sold (New),977,,08/30/2025,Fairfield Townplace East Hartford,3335,35812/4,Fairfield Townplace East Hartford - Aug  material cost transferred from sps,1129.89,
AUGCOGS-35812/4,300.5,,953,A12001 - Inventory (New),08/30/2025,Fairfield Townplace East Hartford,3335,35812/4,Fairfield Townplace East Hartford - Aug  material cost transferred from sps,,1129.89
AUGCOGS-35812/5,301,A50001 - Cost Of Goods Sold (New),977,,08/30/2025,Fairfield Townplace East Hartford,3335,35812/5,Fairfield Townplace East Hartford - Aug  material cost transferred from sps,611.60,
AUGCOGS-35812/5,301.5,,953,A12001 - Inventory (New),08/30/2025,Fairfield Townplace East Hartford,3335,35812/5,Fairfield Townplace East Hartford - Aug  material cost transferred from sps,,611.60
AUGCOGS-35813/2,302,A50001 - Cost Of Goods Sold (New),977,,08/30/2025,Fairfield Townplace East Hartford,3335,35813/2,Fairfield Townplace East Hartford - Aug  material cost transferred from sps,15.60,
AUGCOGS-35813/2,302.5,,953,A12001 - Inventory (New),08/30/2025,Fairfield Townplace East Hartford,3335,35813/2,Fairfield Townplace East Hartford - Aug  material cost transferred from sps,,15.60
AUGCOGS-35813/3,303,A50001 - Cost Of Goods Sold (New),977,,08/30/2025,Fairfield Townplace East Hartford,3335,35813/3,Fairfield Townplace East Hartford - Aug  material cost transferred from sps,326.93,
AUGCOGS-35813/3,303.5,,953,A12001 - Inventory (New),08/30/2025,Fairfield Townplace East Hartford,3335,35813/3,Fairfield Townplace East Hartford - Aug  material cost transferred from sps,,326.93
AUGCOGS-35818,304,A50001 - Cost Of Goods Sold (New),977,,08/30/2025,BMK Construction LLC,474,35818,BMK Construction LLC - Aug  material cost transferred from sps,5048.58,
AUGCOGS-35818,304.5,,953,A12001 - Inventory (New),08/30/2025,BMK Construction LLC,474,35818,BMK Construction LLC - Aug  material cost transferred from sps,,5048.58
AUGCOGS-35912/6,305,A50001 - Cost Of Goods Sold (New),977,,08/30/2025,BMK Construction LLC,474,35912/6,BMK Construction LLC - Aug  material cost transferred from sps,12446.47,
AUGCOGS-35912/6,305.5,,953,A12001 - Inventory (New),08/30/2025,BMK Construction LLC,474,35912/6,BMK Construction LLC - Aug  material cost transferred from sps,,12446.47
AUGCOGS-35940/4,306,A50001 - Cost Of Goods Sold (New),977,,08/30/2025,"La Quinta Hawthorn - DeSoto,TX",3119,35940/4,"La Quinta Hawthorn - DeSoto,TX - Aug  material cost transferred from sps",243.83,
AUGCOGS-35940/4,306.5,,953,A12001 - Inventory (New),08/30/2025,"La Quinta Hawthorn - DeSoto,TX",3119,35940/4,"La Quinta Hawthorn - DeSoto,TX - Aug  material cost transferred from sps",,243.83
AUGCOGS-35942/8,307,A50001 - Cost Of Goods Sold (New),977,,08/30/2025,"La Quinta Hawthorn - DeSoto,TX",3119,35942/8,"La Quinta Hawthorn - DeSoto,TX - Aug  material cost transferred from sps",400.00,
AUGCOGS-35942/8,307.5,,953,A12001 - Inventory (New),08/30/2025,"La Quinta Hawthorn - DeSoto,TX",3119,35942/8,"La Quinta Hawthorn - DeSoto,TX - Aug  material cost transferred from sps",,400.00
AUGCOGS-35949/5,308,A50001 - Cost Of Goods Sold (New),977,,08/30/2025,"La Quinta Hawthorn - DeSoto,TX",3119,35949/5,"La Quinta Hawthorn - DeSoto,TX - Aug  material cost transferred from sps",818.46,
AUGCOGS-35949/5,308.5,,953,A12001 - Inventory (New),08/30/2025,"La Quinta Hawthorn - DeSoto,TX",3119,35949/5,"La Quinta Hawthorn - DeSoto,TX - Aug  material cost transferred from sps",,818.46
AUGCOGS-35957/8,309,A50001 - Cost Of Goods Sold (New),977,,08/30/2025,"La Quinta Hawthorn - DeSoto,TX",3119,35957/8,"La Quinta Hawthorn - DeSoto,TX - Aug  material cost transferred from sps",257.77,
AUGCOGS-35957/8,309.5,,953,A12001 - Inventory (New),08/30/2025,"La Quinta Hawthorn - DeSoto,TX",3119,35957/8,"La Quinta Hawthorn - DeSoto,TX - Aug  material cost transferred from sps",,257.77
AUGCOGS-35959/10,310,A50001 - Cost Of Goods Sold (New),977,,08/30/2025,"La Quinta Hawthorn - DeSoto,TX",3119,35959/10,"La Quinta Hawthorn - DeSoto,TX - Aug  material cost transferred from sps",30.95,
AUGCOGS-35959/10,310.5,,953,A12001 - Inventory (New),08/30/2025,"La Quinta Hawthorn - DeSoto,TX",3119,35959/10,"La Quinta Hawthorn - DeSoto,TX - Aug  material cost transferred from sps",,30.95
AUGCOGS-35959/11,311,A50001 - Cost Of Goods Sold (New),977,,08/30/2025,"La Quinta Hawthorn - DeSoto,TX",3119,35959/11,"La Quinta Hawthorn - DeSoto,TX - Aug  material cost transferred from sps",4960.30,
AUGCOGS-35959/11,311.5,,953,A12001 - Inventory (New),08/30/2025,"La Quinta Hawthorn - DeSoto,TX",3119,35959/11,"La Quinta Hawthorn - DeSoto,TX - Aug  material cost transferred from sps",,4960.30
AUGCOGS-36008/8,312,A50001 - Cost Of Goods Sold (New),977,,08/30/2025,LaQuinta Inn Pharr TX,3365,36008/8,LaQuinta Inn Pharr TX - Aug  material cost transferred from sps,130.70,
AUGCOGS-36008/8,312.5,,953,A12001 - Inventory (New),08/30/2025,LaQuinta Inn Pharr TX,3365,36008/8,LaQuinta Inn Pharr TX - Aug  material cost transferred from sps,,130.70
AUGCOGS-36008/9,313,A50001 - Cost Of Goods Sold (New),977,,08/30/2025,LaQuinta Inn Pharr TX,3365,36008/9,LaQuinta Inn Pharr TX - Aug  material cost transferred from sps,134.66,
AUGCOGS-36008/9,313.5,,953,A12001 - Inventory (New),08/30/2025,LaQuinta Inn Pharr TX,3365,36008/9,LaQuinta Inn Pharr TX - Aug  material cost transferred from sps,,134.66
AUGCOGS-36016/3,314,A50001 - Cost Of Goods Sold (New),977,,08/30/2025,Sunray Group / Holiday Inn Burlington Hotel & Conference Centre CANADA,3392,36016/3,Sunray Group / Holiday Inn Burlington Hotel & Conference Centre CANADA - Aug  material cost transferred from sps,726.72,
AUGCOGS-36016/3,314.5,,953,A12001 - Inventory (New),08/30/2025,Sunray Group / Holiday Inn Burlington Hotel & Conference Centre CANADA,3392,36016/3,Sunray Group / Holiday Inn Burlington Hotel & Conference Centre CANADA - Aug  material cost transferred from sps,,726.72
AUGCOGS-36016/4,315,A50001 - Cost Of Goods Sold (New),977,,08/30/2025,Sunray Group / Holiday Inn Burlington Hotel & Conference Centre CANADA,3392,36016/4,Sunray Group / Holiday Inn Burlington Hotel & Conference Centre CANADA - Aug  material cost transferred from sps,1920.77,
AUGCOGS-36016/4,315.5,,953,A12001 - Inventory (New),08/30/2025,Sunray Group / Holiday Inn Burlington Hotel & Conference Centre CANADA,3392,36016/4,Sunray Group / Holiday Inn Burlington Hotel & Conference Centre CANADA - Aug  material cost transferred from sps,,1920.77
AUGCOGS-36016/6,316,A50001 - Cost Of Goods Sold (New),977,,08/30/2025,Sunray Group / Holiday Inn Burlington Hotel & Conference Centre CANADA,3392,36016/6,Sunray Group / Holiday Inn Burlington Hotel & Conference Centre CANADA - Aug  material cost transferred from sps,899.78,
AUGCOGS-36016/6,316.5,,953,A12001 - Inventory (New),08/30/2025,Sunray Group / Holiday Inn Burlington Hotel & Conference Centre CANADA,3392,36016/6,Sunray Group / Holiday Inn Burlington Hotel & Conference Centre CANADA - Aug  material cost transferred from sps,,899.78
AUGCOGS-36016/7,317,A50001 - Cost Of Goods Sold (New),977,,08/30/2025,Sunray Group / Holiday Inn Burlington Hotel & Conference Centre CANADA,3392,36016/7,Sunray Group / Holiday Inn Burlington Hotel & Conference Centre CANADA - Aug  material cost transferred from sps,152.97,
AUGCOGS-36016/7,317.5,,953,A12001 - Inventory (New),08/30/2025,Sunray Group / Holiday Inn Burlington Hotel & Conference Centre CANADA,3392,36016/7,Sunray Group / Holiday Inn Burlington Hotel & Conference Centre CANADA - Aug  material cost transferred from sps,,152.97
AUGCOGS-36016/8,318,A50001 - Cost Of Goods Sold (New),977,,08/30/2025,Sunray Group / Holiday Inn Burlington Hotel & Conference Centre CANADA,3392,36016/8,Sunray Group / Holiday Inn Burlington Hotel & Conference Centre CANADA - Aug  material cost transferred from sps,166.37,
AUGCOGS-36016/8,318.5,,953,A12001 - Inventory (New),08/30/2025,Sunray Group / Holiday Inn Burlington Hotel & Conference Centre CANADA,3392,36016/8,Sunray Group / Holiday Inn Burlington Hotel & Conference Centre CANADA - Aug  material cost transferred from sps,,166.37
AUGCOGS-36072/7,320,A50001 - Cost Of Goods Sold (New),977,,08/30/2025,Urban Atelier Group LLC,714,36072/7,Urban Atelier Group LLC - Aug  material cost transferred from sps,1558.54,
AUGCOGS-36072/7,320.5,,953,A12001 - Inventory (New),08/30/2025,Urban Atelier Group LLC,714,36072/7,Urban Atelier Group LLC - Aug  material cost transferred from sps,,1558.54
AUGCOGS-36072/8,321,A50001 - Cost Of Goods Sold (New),977,,08/30/2025,Urban Atelier Group LLC,714,36072/8,Urban Atelier Group LLC - Aug  material cost transferred from sps,1074.75,
AUGCOGS-36072/8,321.5,,953,A12001 - Inventory (New),08/30/2025,Urban Atelier Group LLC,714,36072/8,Urban Atelier Group LLC - Aug  material cost transferred from sps,,1074.75
AUGCOGS-36073/10,322,A50001 - Cost Of Goods Sold (New),977,,08/30/2025,"Yale Tile & Stone, LLC",727,36073/10,"Yale Tile & Stone, LLC - Aug  material cost transferred from sps",414.20,
AUGCOGS-36073/10,322.5,,953,A12001 - Inventory (New),08/30/2025,"Yale Tile & Stone, LLC",727,36073/10,"Yale Tile & Stone, LLC - Aug  material cost transferred from sps",,414.20
AUGCOGS-36073/11,323,A50001 - Cost Of Goods Sold (New),977,,08/30/2025,"Yale Tile & Stone, LLC",727,36073/11,"Yale Tile & Stone, LLC - Aug  material cost transferred from sps",3.80,
AUGCOGS-36073/11,323.5,,953,A12001 - Inventory (New),08/30/2025,"Yale Tile & Stone, LLC",727,36073/11,"Yale Tile & Stone, LLC - Aug  material cost transferred from sps",,3.80
AUGCOGS-36073/12,324,A50001 - Cost Of Goods Sold (New),977,,08/30/2025,"Yale Tile & Stone, LLC",727,36073/12,"Yale Tile & Stone, LLC - Aug  material cost transferred from sps",56.75,
AUGCOGS-36073/12,324.5,,953,A12001 - Inventory (New),08/30/2025,"Yale Tile & Stone, LLC",727,36073/12,"Yale Tile & Stone, LLC - Aug  material cost transferred from sps",,56.75
AUGCOGS-36081/2,325,A50001 - Cost Of Goods Sold (New),977,,08/30/2025,LAQUINTA TRINIDAD CO,2707,36081/2,LAQUINTA TRINIDAD CO - Aug  material cost transferred from sps,1379.68,
AUGCOGS-36081/2,325.5,,953,A12001 - Inventory (New),08/30/2025,LAQUINTA TRINIDAD CO,2707,36081/2,LAQUINTA TRINIDAD CO - Aug  material cost transferred from sps,,1379.68
AUGCOGS-36081/3,326,A50001 - Cost Of Goods Sold (New),977,,08/30/2025,LAQUINTA TRINIDAD CO,2707,36081/3,LAQUINTA TRINIDAD CO - Aug  material cost transferred from sps,56.94,
AUGCOGS-36081/3,326.5,,953,A12001 - Inventory (New),08/30/2025,LAQUINTA TRINIDAD CO,2707,36081/3,LAQUINTA TRINIDAD CO - Aug  material cost transferred from sps,,56.94
AUGCOGS-36095/2,327,A50001 - Cost Of Goods Sold (New),977,,08/30/2025,Urban Atelier Group LLC,714,36095/2,Urban Atelier Group LLC - Aug  material cost transferred from sps,44.82,
AUGCOGS-36095/2,327.5,,953,A12001 - Inventory (New),08/30/2025,Urban Atelier Group LLC,714,36095/2,Urban Atelier Group LLC - Aug  material cost transferred from sps,,44.82
AUGCOGS-36133/8,332,A50001 - Cost Of Goods Sold (New),977,,08/30/2025,"Wingate by Wyndham-Farmington, NM.",3268,36133/8,"Wingate by Wyndham-Farmington, NM. - Aug  material cost transferred from sps",2816.00,
AUGCOGS-36133/8,332.5,,953,A12001 - Inventory (New),08/30/2025,"Wingate by Wyndham-Farmington, NM.",3268,36133/8,"Wingate by Wyndham-Farmington, NM. - Aug  material cost transferred from sps",,2816.00
AUGCOGS-36155/3,333,A50001 - Cost Of Goods Sold (New),977,,08/30/2025,Graniti Vicentia,1938,36155/3,Graniti Vicentia - Aug  material cost transferred from sps,0.00,
AUGCOGS-36155/3,333.5,,953,A12001 - Inventory (New),08/30/2025,Graniti Vicentia,1938,36155/3,Graniti Vicentia - Aug  material cost transferred from sps,,0.00
AUGCOGS-36155/4,334,A50001 - Cost Of Goods Sold (New),977,,08/30/2025,Graniti Vicentia,1938,36155/4,Graniti Vicentia - Aug  material cost transferred from sps,0.00,
AUGCOGS-36155/4,334.5,,953,A12001 - Inventory (New),08/30/2025,Graniti Vicentia,1938,36155/4,Graniti Vicentia - Aug  material cost transferred from sps,,0.00
AUGCOGS-36158/3,335,A50001 - Cost Of Goods Sold (New),977,,08/30/2025,Graniti Vicentia,1938,36158/3,Graniti Vicentia - Aug  material cost transferred from sps,25.32,
AUGCOGS-36158/3,335.5,,953,A12001 - Inventory (New),08/30/2025,Graniti Vicentia,1938,36158/3,Graniti Vicentia - Aug  material cost transferred from sps,,25.32
AUGCOGS-36158/4,336,A50001 - Cost Of Goods Sold (New),977,,08/30/2025,Graniti Vicentia,1938,36158/4,Graniti Vicentia - Aug  material cost transferred from sps,1470.86,
AUGCOGS-36158/4,336.5,,953,A12001 - Inventory (New),08/30/2025,Graniti Vicentia,1938,36158/4,Graniti Vicentia - Aug  material cost transferred from sps,,1470.86
AUGCOGS-36234/2,339,A50001 - Cost Of Goods Sold (New),977,,08/30/2025,"Jay Sun Hospitality LLC / La Quinta La Habra,CA",3351,36234/2,"Jay Sun Hospitality LLC / La Quinta La Habra,CA - Aug  material cost transferred from sps",103.93,
AUGCOGS-36234/2,339.5,,953,A12001 - Inventory (New),08/30/2025,"Jay Sun Hospitality LLC / La Quinta La Habra,CA",3351,36234/2,"Jay Sun Hospitality LLC / La Quinta La Habra,CA - Aug  material cost transferred from sps",,103.93
AUGCOGS-36237/2,340,A50001 - Cost Of Goods Sold (New),977,,08/30/2025,"Jay Sun Hospitality LLC / La Quinta La Habra,CA",3351,36237/2,"Jay Sun Hospitality LLC / La Quinta La Habra,CA - Aug  material cost transferred from sps",89.91,
AUGCOGS-36237/2,340.5,,953,A12001 - Inventory (New),08/30/2025,"Jay Sun Hospitality LLC / La Quinta La Habra,CA",3351,36237/2,"Jay Sun Hospitality LLC / La Quinta La Habra,CA - Aug  material cost transferred from sps",,89.91
AUGCOGS-36240/5,341,A50001 - Cost Of Goods Sold (New),977,,08/30/2025,Kings Bay Coastal Hotel Management LLC / Wingate Kingsland,3354,36240/5,Kings Bay Coastal Hotel Management LLC / Wingate Kingsland - Aug  material cost transferred from sps,0.00,
AUGCOGS-36240/5,341.5,,953,A12001 - Inventory (New),08/30/2025,Kings Bay Coastal Hotel Management LLC / Wingate Kingsland,3354,36240/5,Kings Bay Coastal Hotel Management LLC / Wingate Kingsland - Aug  material cost transferred from sps,,0.00
AUGCOGS-36240/6,342,A50001 - Cost Of Goods Sold (New),977,,08/30/2025,Kings Bay Coastal Hotel Management LLC / Wingate Kingsland,3354,36240/6,Kings Bay Coastal Hotel Management LLC / Wingate Kingsland - Aug  material cost transferred from sps,0.00,
AUGCOGS-36240/6,342.5,,953,A12001 - Inventory (New),08/30/2025,Kings Bay Coastal Hotel Management LLC / Wingate Kingsland,3354,36240/6,Kings Bay Coastal Hotel Management LLC / Wingate Kingsland - Aug  material cost transferred from sps,,0.00
AUGCOGS-36240/7,343,A50001 - Cost Of Goods Sold (New),977,,08/30/2025,Kings Bay Coastal Hotel Management LLC / Wingate Kingsland,3354,36240/7,Kings Bay Coastal Hotel Management LLC / Wingate Kingsland - Aug  material cost transferred from sps,0.00,
AUGCOGS-36240/7,343.5,,953,A12001 - Inventory (New),08/30/2025,Kings Bay Coastal Hotel Management LLC / Wingate Kingsland,3354,36240/7,Kings Bay Coastal Hotel Management LLC / Wingate Kingsland - Aug  material cost transferred from sps,,0.00
AUGCOGS-36247/2,344,A50001 - Cost Of Goods Sold (New),977,,08/30/2025,Kings Bay Coastal Hotel Management LLC / Wingate Kingsland,3354,36247/2,Kings Bay Coastal Hotel Management LLC / Wingate Kingsland - Aug  material cost transferred from sps,370.73,
AUGCOGS-36247/2,344.5,,953,A12001 - Inventory (New),08/30/2025,Kings Bay Coastal Hotel Management LLC / Wingate Kingsland,3354,36247/2,Kings Bay Coastal Hotel Management LLC / Wingate Kingsland - Aug  material cost transferred from sps,,370.73
AUGCOGS-36247/3,345,A50001 - Cost Of Goods Sold (New),977,,08/30/2025,Kings Bay Coastal Hotel Management LLC / Wingate Kingsland,3354,36247/3,Kings Bay Coastal Hotel Management LLC / Wingate Kingsland - Aug  material cost transferred from sps,30.35,
AUGCOGS-36247/3,345.5,,953,A12001 - Inventory (New),08/30/2025,Kings Bay Coastal Hotel Management LLC / Wingate Kingsland,3354,36247/3,Kings Bay Coastal Hotel Management LLC / Wingate Kingsland - Aug  material cost transferred from sps,,30.35
AUGCOGS-36247/4,346,A50001 - Cost Of Goods Sold (New),977,,08/30/2025,Kings Bay Coastal Hotel Management LLC / Wingate Kingsland,3354,36247/4,Kings Bay Coastal Hotel Management LLC / Wingate Kingsland - Aug  material cost transferred from sps,98.52,
AUGCOGS-36247/4,346.5,,953,A12001 - Inventory (New),08/30/2025,Kings Bay Coastal Hotel Management LLC / Wingate Kingsland,3354,36247/4,Kings Bay Coastal Hotel Management LLC / Wingate Kingsland - Aug  material cost transferred from sps,,98.52
AUGCOGS-36316/5,347,A50001 - Cost Of Goods Sold (New),977,,08/30/2025,LA QUINTA SHONTO AZ,3360,36316/5,LA QUINTA SHONTO AZ - Aug  material cost transferred from sps,2144.68,
AUGCOGS-36316/5,347.5,,953,A12001 - Inventory (New),08/30/2025,LA QUINTA SHONTO AZ,3360,36316/5,LA QUINTA SHONTO AZ - Aug  material cost transferred from sps,,2144.68
AUGCOGS-36317/2,348,A50001 - Cost Of Goods Sold (New),977,,08/30/2025,LA QUINTA SHONTO AZ,3360,36317/2,LA QUINTA SHONTO AZ - Aug  material cost transferred from sps,369.57,
AUGCOGS-36317/2,348.5,,953,A12001 - Inventory (New),08/30/2025,LA QUINTA SHONTO AZ,3360,36317/2,LA QUINTA SHONTO AZ - Aug  material cost transferred from sps,,369.57
AUGCOGS-36327/8,349,A50001 - Cost Of Goods Sold (New),977,,08/30/2025,LA QUINTA SHONTO AZ,3360,36327/8,LA QUINTA SHONTO AZ - Aug  material cost transferred from sps,165.23,
AUGCOGS-36327/8,349.5,,953,A12001 - Inventory (New),08/30/2025,LA QUINTA SHONTO AZ,3360,36327/8,LA QUINTA SHONTO AZ - Aug  material cost transferred from sps,,165.23
AUGCOGS-36327/9,350,A50001 - Cost Of Goods Sold (New),977,,08/30/2025,LA QUINTA SHONTO AZ,3360,36327/9,LA QUINTA SHONTO AZ - Aug  material cost transferred from sps,2023.82,
AUGCOGS-36327/9,350.5,,953,A12001 - Inventory (New),08/30/2025,LA QUINTA SHONTO AZ,3360,36327/9,LA QUINTA SHONTO AZ - Aug  material cost transferred from sps,,2023.82
AUGCOGS-36329/4,351,A50001 - Cost Of Goods Sold (New),977,,08/30/2025,LA QUINTA SHONTO AZ,3360,36329/4,LA QUINTA SHONTO AZ - Aug  material cost transferred from sps,15.04,
AUGCOGS-36329/4,351.5,,953,A12001 - Inventory (New),08/30/2025,LA QUINTA SHONTO AZ,3360,36329/4,LA QUINTA SHONTO AZ - Aug  material cost transferred from sps,,15.04
AUGCOGS-36333/5,352,A50001 - Cost Of Goods Sold (New),977,,08/30/2025,LA QUINTA SHONTO AZ,3360,36333/5,LA QUINTA SHONTO AZ - Aug  material cost transferred from sps,742.59,
AUGCOGS-36333/5,352.5,,953,A12001 - Inventory (New),08/30/2025,LA QUINTA SHONTO AZ,3360,36333/5,LA QUINTA SHONTO AZ - Aug  material cost transferred from sps,,742.59
AUGCOGS-36363/2,353,A50001 - Cost Of Goods Sold (New),977,,08/30/2025,Hampton Inn Katy TX,3337,36363/2,Hampton Inn Katy TX - Aug  material cost transferred from sps,4272.00,
AUGCOGS-36363/2,353.5,,953,A12001 - Inventory (New),08/30/2025,Hampton Inn Katy TX,3337,36363/2,Hampton Inn Katy TX - Aug  material cost transferred from sps,,4272.00
AUGCOGS-36365/4,354,A50001 - Cost Of Goods Sold (New),977,,08/30/2025,Hampton Inn Katy TX,3337,36365/4,Hampton Inn Katy TX - Aug  material cost transferred from sps,618.39,
AUGCOGS-36365/4,354.5,,953,A12001 - Inventory (New),08/30/2025,Hampton Inn Katy TX,3337,36365/4,Hampton Inn Katy TX - Aug  material cost transferred from sps,,618.39
AUGCOGS-36373/8,355,A50001 - Cost Of Goods Sold (New),977,,08/30/2025,Hampton Inn Katy TX,3337,36373/8,Hampton Inn Katy TX - Aug  material cost transferred from sps,1874.22,
AUGCOGS-36373/8,355.5,,953,A12001 - Inventory (New),08/30/2025,Hampton Inn Katy TX,3337,36373/8,Hampton Inn Katy TX - Aug  material cost transferred from sps,,1874.22
AUGCOGS-36417/11,356,A50001 - Cost Of Goods Sold (New),977,,08/30/2025,CPNA Management & Services Inc.,502,36417/11,CPNA Management & Services Inc. - Aug  material cost transferred from sps,1325.37,
AUGCOGS-36417/11,356.5,,953,A12001 - Inventory (New),08/30/2025,CPNA Management & Services Inc.,502,36417/11,CPNA Management & Services Inc. - Aug  material cost transferred from sps,,1325.37
AUGCOGS-36432/8,357,A50001 - Cost Of Goods Sold (New),977,,08/30/2025,CPNA Management & Services Inc.,502,36432/8,CPNA Management & Services Inc. - Aug  material cost transferred from sps,30.06,
AUGCOGS-36432/8,357.5,,953,A12001 - Inventory (New),08/30/2025,CPNA Management & Services Inc.,502,36432/8,CPNA Management & Services Inc. - Aug  material cost transferred from sps,,30.06
AUGCOGS-36465/3,359,A50001 - Cost Of Goods Sold (New),977,,08/30/2025,Guru Krishna Corporation,549,36465/3,Guru Krishna Corporation - Aug  material cost transferred from sps,1624.32,
AUGCOGS-36465/3,359.5,,953,A12001 - Inventory (New),08/30/2025,Guru Krishna Corporation,549,36465/3,Guru Krishna Corporation - Aug  material cost transferred from sps,,1624.32
AUGCOGS-36465/4,360,A50001 - Cost Of Goods Sold (New),977,,08/30/2025,Guru Krishna Corporation,549,36465/4,Guru Krishna Corporation - Aug  material cost transferred from sps,28.45,
AUGCOGS-36465/4,360.5,,953,A12001 - Inventory (New),08/30/2025,Guru Krishna Corporation,549,36465/4,Guru Krishna Corporation - Aug  material cost transferred from sps,,28.45
AUGCOGS-36465/5,361,A50001 - Cost Of Goods Sold (New),977,,08/30/2025,Guru Krishna Corporation,549,36465/5,Guru Krishna Corporation - Aug  material cost transferred from sps,1344.51,
AUGCOGS-36465/5,361.5,,953,A12001 - Inventory (New),08/30/2025,Guru Krishna Corporation,549,36465/5,Guru Krishna Corporation - Aug  material cost transferred from sps,,1344.51
AUGCOGS-36469/3,362,A50001 - Cost Of Goods Sold (New),977,,08/30/2025,LaQuinta Inn & Suites Oxford AL,2752,36469/3,LaQuinta Inn & Suites Oxford AL - Aug  material cost transferred from sps,1517.28,
AUGCOGS-36469/3,362.5,,953,A12001 - Inventory (New),08/30/2025,LaQuinta Inn & Suites Oxford AL,2752,36469/3,LaQuinta Inn & Suites Oxford AL - Aug  material cost transferred from sps,,1517.28
AUGCOGS-36469/4,363,A50001 - Cost Of Goods Sold (New),977,,08/30/2025,LaQuinta Inn & Suites Oxford AL,2752,36469/4,LaQuinta Inn & Suites Oxford AL - Aug  material cost transferred from sps,12.09,
AUGCOGS-36469/4,363.5,,953,A12001 - Inventory (New),08/30/2025,LaQuinta Inn & Suites Oxford AL,2752,36469/4,LaQuinta Inn & Suites Oxford AL - Aug  material cost transferred from sps,,12.09
AUGCOGS-36473/6,364,A50001 - Cost Of Goods Sold (New),977,,08/30/2025,LA QUINTA SHONTO AZ,3360,36473/6,LA QUINTA SHONTO AZ - Aug  material cost transferred from sps,3363.93,
AUGCOGS-36473/6,364.5,,953,A12001 - Inventory (New),08/30/2025,LA QUINTA SHONTO AZ,3360,36473/6,LA QUINTA SHONTO AZ - Aug  material cost transferred from sps,,3363.93
AUGCOGS-36488/7,365,A50001 - Cost Of Goods Sold (New),977,,08/30/2025,Hilton Garden Inn Nashville,2884,36488/7,Hilton Garden Inn Nashville - Aug  material cost transferred from sps,793.72,
AUGCOGS-36488/7,365.5,,953,A12001 - Inventory (New),08/30/2025,Hilton Garden Inn Nashville,2884,36488/7,Hilton Garden Inn Nashville - Aug  material cost transferred from sps,,793.72
AUGCOGS-36489/2,366,A50001 - Cost Of Goods Sold (New),977,,08/30/2025,Hilton Garden Inn Nashville,2884,36489/2,Hilton Garden Inn Nashville - Aug  material cost transferred from sps,5276.20,
AUGCOGS-36489/2,366.5,,953,A12001 - Inventory (New),08/30/2025,Hilton Garden Inn Nashville,2884,36489/2,Hilton Garden Inn Nashville - Aug  material cost transferred from sps,,5276.20
AUGCOGS-36501/3,367,A50001 - Cost Of Goods Sold (New),977,,08/30/2025,Hilton Garden Inn Nashville,2884,36501/3,Hilton Garden Inn Nashville - Aug  material cost transferred from sps,2089.19,
AUGCOGS-36501/3,367.5,,953,A12001 - Inventory (New),08/30/2025,Hilton Garden Inn Nashville,2884,36501/3,Hilton Garden Inn Nashville - Aug  material cost transferred from sps,,2089.19
AUGCOGS-36504/4,368,A50001 - Cost Of Goods Sold (New),977,,08/30/2025,Hilton Garden Inn Nashville,2884,36504/4,Hilton Garden Inn Nashville - Aug  material cost transferred from sps,736.61,
AUGCOGS-36504/4,368.5,,953,A12001 - Inventory (New),08/30/2025,Hilton Garden Inn Nashville,2884,36504/4,Hilton Garden Inn Nashville - Aug  material cost transferred from sps,,736.61
AUGCOGS-36505/6,369,A50001 - Cost Of Goods Sold (New),977,,08/30/2025,Hilton Garden Inn Nashville,2884,36505/6,Hilton Garden Inn Nashville - Aug  material cost transferred from sps,27.01,
AUGCOGS-36505/6,369.5,,953,A12001 - Inventory (New),08/30/2025,Hilton Garden Inn Nashville,2884,36505/6,Hilton Garden Inn Nashville - Aug  material cost transferred from sps,,27.01
AUGCOGS-36512,370,A50001 - Cost Of Goods Sold (New),977,,08/30/2025,Nancy Paolino,2702,36512,Nancy Paolino - Aug  material cost transferred from sps,8303.93,
AUGCOGS-36512,370.5,,953,A12001 - Inventory (New),08/30/2025,Nancy Paolino,2702,36512,Nancy Paolino - Aug  material cost transferred from sps,,8303.93
AUGCOGS-36520/3,371,A50001 - Cost Of Goods Sold (New),977,,08/30/2025,"Wingate by Wyndham-Farmington, NM.",3268,36520/3,"Wingate by Wyndham-Farmington, NM. - Aug  material cost transferred from sps",65.73,
AUGCOGS-36520/3,371.5,,953,A12001 - Inventory (New),08/30/2025,"Wingate by Wyndham-Farmington, NM.",3268,36520/3,"Wingate by Wyndham-Farmington, NM. - Aug  material cost transferred from sps",,65.73
AUGCOGS-36569/6,372,A50001 - Cost Of Goods Sold (New),977,,08/30/2025,Prince Preferred Hotels,649,36569/6,Prince Preferred Hotels - Aug  material cost transferred from sps,1140.00,
AUGCOGS-36569/6,372.5,,953,A12001 - Inventory (New),08/30/2025,Prince Preferred Hotels,649,36569/6,Prince Preferred Hotels - Aug  material cost transferred from sps,,1140.00
AUGCOGS-36571/5,373,A50001 - Cost Of Goods Sold (New),977,,08/30/2025,Prince Preferred Hotels,649,36571/5,Prince Preferred Hotels - Aug  material cost transferred from sps,6.21,
AUGCOGS-36571/5,373.5,,953,A12001 - Inventory (New),08/30/2025,Prince Preferred Hotels,649,36571/5,Prince Preferred Hotels - Aug  material cost transferred from sps,,6.21
AUGCOGS-36574/2,374,A50001 - Cost Of Goods Sold (New),977,,08/30/2025,Prince Preferred Hotels,649,36574/2,Prince Preferred Hotels - Aug  material cost transferred from sps,5053.00,
AUGCOGS-36574/2,374.5,,953,A12001 - Inventory (New),08/30/2025,Prince Preferred Hotels,649,36574/2,Prince Preferred Hotels - Aug  material cost transferred from sps,,5053.00
AUGCOGS-36575/5,375,A50001 - Cost Of Goods Sold (New),977,,08/30/2025,Prince Preferred Hotels,649,36575/5,Prince Preferred Hotels - Aug  material cost transferred from sps,2065.04,
AUGCOGS-36575/5,375.5,,953,A12001 - Inventory (New),08/30/2025,Prince Preferred Hotels,649,36575/5,Prince Preferred Hotels - Aug  material cost transferred from sps,,2065.04
AUGCOGS-36582/7,376,A50001 - Cost Of Goods Sold (New),977,,08/30/2025,Prince Preferred Hotels,649,36582/7,Prince Preferred Hotels - Aug  material cost transferred from sps,105.95,
AUGCOGS-36582/7,376.5,,953,A12001 - Inventory (New),08/30/2025,Prince Preferred Hotels,649,36582/7,Prince Preferred Hotels - Aug  material cost transferred from sps,,105.95
AUGCOGS-36582/8,377,A50001 - Cost Of Goods Sold (New),977,,08/30/2025,Prince Preferred Hotels,649,36582/8,Prince Preferred Hotels - Aug  material cost transferred from sps,46.36,
AUGCOGS-36582/8,377.5,,953,A12001 - Inventory (New),08/30/2025,Prince Preferred Hotels,649,36582/8,Prince Preferred Hotels - Aug  material cost transferred from sps,,46.36
AUGCOGS-36583/7,378,A50001 - Cost Of Goods Sold (New),977,,08/30/2025,Prince Preferred Hotels,649,36583/7,Prince Preferred Hotels - Aug  material cost transferred from sps,51.34,
AUGCOGS-36583/7,378.5,,953,A12001 - Inventory (New),08/30/2025,Prince Preferred Hotels,649,36583/7,Prince Preferred Hotels - Aug  material cost transferred from sps,,51.34
AUGCOGS-36585/5,379,A50001 - Cost Of Goods Sold (New),977,,08/30/2025,Prince Preferred Hotels,649,36585/5,Prince Preferred Hotels - Aug  material cost transferred from sps,22.57,
AUGCOGS-36585/5,379.5,,953,A12001 - Inventory (New),08/30/2025,Prince Preferred Hotels,649,36585/5,Prince Preferred Hotels - Aug  material cost transferred from sps,,22.57
AUGCOGS-36647/3,380,A50001 - Cost Of Goods Sold (New),977,,08/30/2025,SUPREME BRIGHT ATLANTIC CITY LLC (TRIBUTE SEAHAUS),3393,36647/3,SUPREME BRIGHT ATLANTIC CITY LLC (TRIBUTE SEAHAUS) - Aug  material cost transferred from sps,2486.40,
AUGCOGS-36647/3,380.5,,953,A12001 - Inventory (New),08/30/2025,SUPREME BRIGHT ATLANTIC CITY LLC (TRIBUTE SEAHAUS),3393,36647/3,SUPREME BRIGHT ATLANTIC CITY LLC (TRIBUTE SEAHAUS) - Aug  material cost transferred from sps,,2486.40
AUGCOGS-36649/3,381,A50001 - Cost Of Goods Sold (New),977,,08/30/2025,SUPREME BRIGHT ATLANTIC CITY LLC (TRIBUTE SEAHAUS),3393,36649/3,SUPREME BRIGHT ATLANTIC CITY LLC (TRIBUTE SEAHAUS) - Aug  material cost transferred from sps,4608.15,
AUGCOGS-36649/3,381.5,,953,A12001 - Inventory (New),08/30/2025,SUPREME BRIGHT ATLANTIC CITY LLC (TRIBUTE SEAHAUS),3393,36649/3,SUPREME BRIGHT ATLANTIC CITY LLC (TRIBUTE SEAHAUS) - Aug  material cost transferred from sps,,4608.15
AUGCOGS-36654/2,382,A50001 - Cost Of Goods Sold (New),977,,08/30/2025,SUPREME BRIGHT ATLANTIC CITY LLC (TRIBUTE SEAHAUS),3393,36654/2,SUPREME BRIGHT ATLANTIC CITY LLC (TRIBUTE SEAHAUS) - Aug  material cost transferred from sps,12.11,
AUGCOGS-36654/2,382.5,,953,A12001 - Inventory (New),08/30/2025,SUPREME BRIGHT ATLANTIC CITY LLC (TRIBUTE SEAHAUS),3393,36654/2,SUPREME BRIGHT ATLANTIC CITY LLC (TRIBUTE SEAHAUS) - Aug  material cost transferred from sps,,12.11
AUGCOGS-36660/4,383,A50001 - Cost Of Goods Sold (New),977,,08/30/2025,Ascent Hospitality Tribute Carmel Indiana,2628,36660/4,Ascent Hospitality Tribute Carmel Indiana - Aug  material cost transferred from sps,2730.26,
AUGCOGS-36660/4,383.5,,953,A12001 - Inventory (New),08/30/2025,Ascent Hospitality Tribute Carmel Indiana,2628,36660/4,Ascent Hospitality Tribute Carmel Indiana - Aug  material cost transferred from sps,,2730.26
AUGCOGS-36674/4,384,A50001 - Cost Of Goods Sold (New),977,,08/30/2025,Ascent Hospitality Tribute Carmel Indiana,2628,36674/4,Ascent Hospitality Tribute Carmel Indiana - Aug  material cost transferred from sps,6236.43,
AUGCOGS-36674/4,384.5,,953,A12001 - Inventory (New),08/30/2025,Ascent Hospitality Tribute Carmel Indiana,2628,36674/4,Ascent Hospitality Tribute Carmel Indiana - Aug  material cost transferred from sps,,6236.43
AUGCOGS-36677/4,385,A50001 - Cost Of Goods Sold (New),977,,08/30/2025,Ascent Hospitality Tribute Carmel Indiana,2628,36677/4,Ascent Hospitality Tribute Carmel Indiana - Aug  material cost transferred from sps,85.63,
AUGCOGS-36677/4,385.5,,953,A12001 - Inventory (New),08/30/2025,Ascent Hospitality Tribute Carmel Indiana,2628,36677/4,Ascent Hospitality Tribute Carmel Indiana - Aug  material cost transferred from sps,,85.63
AUGCOGS-36681/11,386,A50001 - Cost Of Goods Sold (New),977,,08/30/2025,Ascent Hospitality Tribute Carmel Indiana,2628,36681/11,Ascent Hospitality Tribute Carmel Indiana - Aug  material cost transferred from sps,0.53,
AUGCOGS-36681/11,386.5,,953,A12001 - Inventory (New),08/30/2025,Ascent Hospitality Tribute Carmel Indiana,2628,36681/11,Ascent Hospitality Tribute Carmel Indiana - Aug  material cost transferred from sps,,0.53
AUGCOGS-36703/2,387,A50001 - Cost Of Goods Sold (New),977,,08/30/2025,COURY HOSPITALITY (TRIBUTE SEAHAUS),3326,36703/2,COURY HOSPITALITY (TRIBUTE SEAHAUS) - Aug  material cost transferred from sps,623.19,
AUGCOGS-36703/2,387.5,,953,A12001 - Inventory (New),08/30/2025,COURY HOSPITALITY (TRIBUTE SEAHAUS),3326,36703/2,COURY HOSPITALITY (TRIBUTE SEAHAUS) - Aug  material cost transferred from sps,,623.19
AUGCOGS-36705/2,388,A50001 - Cost Of Goods Sold (New),977,,08/30/2025,COURY HOSPITALITY (TRIBUTE SEAHAUS),3326,36705/2,COURY HOSPITALITY (TRIBUTE SEAHAUS) - Aug  material cost transferred from sps,1364.37,
AUGCOGS-36705/2,388.5,,953,A12001 - Inventory (New),08/30/2025,COURY HOSPITALITY (TRIBUTE SEAHAUS),3326,36705/2,COURY HOSPITALITY (TRIBUTE SEAHAUS) - Aug  material cost transferred from sps,,1364.37
AUGCOGS-36716/4,389,A50001 - Cost Of Goods Sold (New),977,,08/30/2025,"ELEMENT FORTSMITH, ARKANSAS",3330,36716/4,"ELEMENT FORTSMITH, ARKANSAS - Aug  material cost transferred from sps",22936.53,
AUGCOGS-36716/4,389.5,,953,A12001 - Inventory (New),08/30/2025,"ELEMENT FORTSMITH, ARKANSAS",3330,36716/4,"ELEMENT FORTSMITH, ARKANSAS - Aug  material cost transferred from sps",,22936.53
AUGCOGS-36719/3,390,A50001 - Cost Of Goods Sold (New),977,,08/30/2025,"ELEMENT FORTSMITH, ARKANSAS",3330,36719/3,"ELEMENT FORTSMITH, ARKANSAS - Aug  material cost transferred from sps",1125.11,
AUGCOGS-36719/3,390.5,,953,A12001 - Inventory (New),08/30/2025,"ELEMENT FORTSMITH, ARKANSAS",3330,36719/3,"ELEMENT FORTSMITH, ARKANSAS - Aug  material cost transferred from sps",,1125.11
AUGCOGS-36720/5,391,A50001 - Cost Of Goods Sold (New),977,,08/30/2025,"ELEMENT FORTSMITH, ARKANSAS",3330,36720/5,"ELEMENT FORTSMITH, ARKANSAS - Aug  material cost transferred from sps",400.53,
AUGCOGS-36720/5,391.5,,953,A12001 - Inventory (New),08/30/2025,"ELEMENT FORTSMITH, ARKANSAS",3330,36720/5,"ELEMENT FORTSMITH, ARKANSAS - Aug  material cost transferred from sps",,400.53
AUGCOGS-36721/3,392,A50001 - Cost Of Goods Sold (New),977,,08/30/2025,"ELEMENT FORTSMITH, ARKANSAS",3330,36721/3,"ELEMENT FORTSMITH, ARKANSAS - Aug  material cost transferred from sps",33.26,
AUGCOGS-36721/3,392.5,,953,A12001 - Inventory (New),08/30/2025,"ELEMENT FORTSMITH, ARKANSAS",3330,36721/3,"ELEMENT FORTSMITH, ARKANSAS - Aug  material cost transferred from sps",,33.26
AUGCOGS-36724/2,393,A50001 - Cost Of Goods Sold (New),977,,08/30/2025,"ELEMENT FORTSMITH, ARKANSAS",3330,36724/2,"ELEMENT FORTSMITH, ARKANSAS - Aug  material cost transferred from sps",1023.83,
AUGCOGS-36724/2,393.5,,953,A12001 - Inventory (New),08/30/2025,"ELEMENT FORTSMITH, ARKANSAS",3330,36724/2,"ELEMENT FORTSMITH, ARKANSAS - Aug  material cost transferred from sps",,1023.83
AUGCOGS-36727/10,394,A50001 - Cost Of Goods Sold (New),977,,08/30/2025,"ELEMENT FORTSMITH, ARKANSAS",3330,36727/10,"ELEMENT FORTSMITH, ARKANSAS - Aug  material cost transferred from sps",1056.46,
AUGCOGS-36727/10,394.5,,953,A12001 - Inventory (New),08/30/2025,"ELEMENT FORTSMITH, ARKANSAS",3330,36727/10,"ELEMENT FORTSMITH, ARKANSAS - Aug  material cost transferred from sps",,1056.46
AUGCOGS-36727/9,395,A50001 - Cost Of Goods Sold (New),977,,08/30/2025,"ELEMENT FORTSMITH, ARKANSAS",3330,36727/9,"ELEMENT FORTSMITH, ARKANSAS - Aug  material cost transferred from sps",4.82,
AUGCOGS-36727/9,395.5,,953,A12001 - Inventory (New),08/30/2025,"ELEMENT FORTSMITH, ARKANSAS",3330,36727/9,"ELEMENT FORTSMITH, ARKANSAS - Aug  material cost transferred from sps",,4.82
AUGCOGS-36729/2,396,A50001 - Cost Of Goods Sold (New),977,,08/30/2025,"ELEMENT FORTSMITH, ARKANSAS",3330,36729/2,"ELEMENT FORTSMITH, ARKANSAS - Aug  material cost transferred from sps",5567.82,
AUGCOGS-36729/2,396.5,,953,A12001 - Inventory (New),08/30/2025,"ELEMENT FORTSMITH, ARKANSAS",3330,36729/2,"ELEMENT FORTSMITH, ARKANSAS - Aug  material cost transferred from sps",,5567.82
AUGCOGS-36734/2,397,A50001 - Cost Of Goods Sold (New),977,,08/30/2025,"ELEMENT FORTSMITH, ARKANSAS",3330,36734/2,"ELEMENT FORTSMITH, ARKANSAS - Aug  material cost transferred from sps",682.07,
AUGCOGS-36734/2,397.5,,953,A12001 - Inventory (New),08/30/2025,"ELEMENT FORTSMITH, ARKANSAS",3330,36734/2,"ELEMENT FORTSMITH, ARKANSAS - Aug  material cost transferred from sps",,682.07
AUGCOGS-36737/5,398,A50001 - Cost Of Goods Sold (New),977,,08/30/2025,"ELEMENT FORTSMITH, ARKANSAS",3330,36737/5,"ELEMENT FORTSMITH, ARKANSAS - Aug  material cost transferred from sps",5592.10,
AUGCOGS-36737/5,398.5,,953,A12001 - Inventory (New),08/30/2025,"ELEMENT FORTSMITH, ARKANSAS",3330,36737/5,"ELEMENT FORTSMITH, ARKANSAS - Aug  material cost transferred from sps",,5592.10
AUGCOGS-36740/10,399,A50001 - Cost Of Goods Sold (New),977,,08/30/2025,"ELEMENT FORTSMITH, ARKANSAS",3330,36740/10,"ELEMENT FORTSMITH, ARKANSAS - Aug  material cost transferred from sps",270.95,
AUGCOGS-36740/10,399.5,,953,A12001 - Inventory (New),08/30/2025,"ELEMENT FORTSMITH, ARKANSAS",3330,36740/10,"ELEMENT FORTSMITH, ARKANSAS - Aug  material cost transferred from sps",,270.95
AUGCOGS-36740/11,400,A50001 - Cost Of Goods Sold (New),977,,08/30/2025,"ELEMENT FORTSMITH, ARKANSAS",3330,36740/11,"ELEMENT FORTSMITH, ARKANSAS - Aug  material cost transferred from sps",0.40,
AUGCOGS-36740/11,400.5,,953,A12001 - Inventory (New),08/30/2025,"ELEMENT FORTSMITH, ARKANSAS",3330,36740/11,"ELEMENT FORTSMITH, ARKANSAS - Aug  material cost transferred from sps",,0.40
AUGCOGS-36740/12,401,A50001 - Cost Of Goods Sold (New),977,,08/30/2025,"ELEMENT FORTSMITH, ARKANSAS",3330,36740/12,"ELEMENT FORTSMITH, ARKANSAS - Aug  material cost transferred from sps",225.61,
AUGCOGS-36740/12,401.5,,953,A12001 - Inventory (New),08/30/2025,"ELEMENT FORTSMITH, ARKANSAS",3330,36740/12,"ELEMENT FORTSMITH, ARKANSAS - Aug  material cost transferred from sps",,225.61
AUGCOGS-36755/10,402,A50001 - Cost Of Goods Sold (New),977,,08/30/2025,La Quinta Athens Alabama,2442,36755/10,La Quinta Athens Alabama - Aug  material cost transferred from sps,51.34,
AUGCOGS-36755/10,402.5,,953,A12001 - Inventory (New),08/30/2025,La Quinta Athens Alabama,2442,36755/10,La Quinta Athens Alabama - Aug  material cost transferred from sps,,51.34
AUGCOGS-36762/11,403,A50001 - Cost Of Goods Sold (New),977,,08/30/2025,La Quinta Athens Alabama,2442,36762/11,La Quinta Athens Alabama - Aug  material cost transferred from sps,183.65,
AUGCOGS-36762/11,403.5,,953,A12001 - Inventory (New),08/30/2025,La Quinta Athens Alabama,2442,36762/11,La Quinta Athens Alabama - Aug  material cost transferred from sps,,183.65
AUGCOGS-36763/6,404,A50001 - Cost Of Goods Sold (New),977,,08/30/2025,La Quinta Athens Alabama,2442,36763/6,La Quinta Athens Alabama - Aug  material cost transferred from sps,155.03,
AUGCOGS-36763/6,404.5,,953,A12001 - Inventory (New),08/30/2025,La Quinta Athens Alabama,2442,36763/6,La Quinta Athens Alabama - Aug  material cost transferred from sps,,155.03
AUGCOGS-36765/4,405,A50001 - Cost Of Goods Sold (New),977,,08/30/2025,La Quinta Athens Alabama,2442,36765/4,La Quinta Athens Alabama - Aug  material cost transferred from sps,333.59,
AUGCOGS-36765/4,405.5,,953,A12001 - Inventory (New),08/30/2025,La Quinta Athens Alabama,2442,36765/4,La Quinta Athens Alabama - Aug  material cost transferred from sps,,333.59
AUGCOGS-36766/4,406,A50001 - Cost Of Goods Sold (New),977,,08/30/2025,La Quinta Athens Alabama,2442,36766/4,La Quinta Athens Alabama - Aug  material cost transferred from sps,4910.16,
AUGCOGS-36766/4,406.5,,953,A12001 - Inventory (New),08/30/2025,La Quinta Athens Alabama,2442,36766/4,La Quinta Athens Alabama - Aug  material cost transferred from sps,,4910.16
AUGCOGS-36771/2,407,A50001 - Cost Of Goods Sold (New),977,,08/30/2025,Swift DBM LLC,695,36771/2,Swift DBM LLC - Aug  material cost transferred from sps,45.53,
AUGCOGS-36771/2,407.5,,953,A12001 - Inventory (New),08/30/2025,Swift DBM LLC,695,36771/2,Swift DBM LLC - Aug  material cost transferred from sps,,45.53
AUGCOGS-36771/3,408,A50001 - Cost Of Goods Sold (New),977,,08/30/2025,Swift DBM LLC,695,36771/3,Swift DBM LLC - Aug  material cost transferred from sps,3.83,
AUGCOGS-36771/3,408.5,,953,A12001 - Inventory (New),08/30/2025,Swift DBM LLC,695,36771/3,Swift DBM LLC - Aug  material cost transferred from sps,,3.83
AUGCOGS-36782/5,409,A50001 - Cost Of Goods Sold (New),977,,08/30/2025,Ascent Home2 Montgomery,2571,36782/5,Ascent Home2 Montgomery - Aug  material cost transferred from sps,45.60,
AUGCOGS-36782/5,409.5,,953,A12001 - Inventory (New),08/30/2025,Ascent Home2 Montgomery,2571,36782/5,Ascent Home2 Montgomery - Aug  material cost transferred from sps,,45.60
AUGCOGS-36793/10,410,A50001 - Cost Of Goods Sold (New),977,,08/30/2025,Ascent Home2 Montgomery,2571,36793/10,Ascent Home2 Montgomery - Aug  material cost transferred from sps,1075.21,
AUGCOGS-36793/10,410.5,,953,A12001 - Inventory (New),08/30/2025,Ascent Home2 Montgomery,2571,36793/10,Ascent Home2 Montgomery - Aug  material cost transferred from sps,,1075.21
AUGCOGS-36793/11,411,A50001 - Cost Of Goods Sold (New),977,,08/30/2025,Ascent Home2 Montgomery,2571,36793/11,Ascent Home2 Montgomery - Aug  material cost transferred from sps,5.58,
AUGCOGS-36793/11,411.5,,953,A12001 - Inventory (New),08/30/2025,Ascent Home2 Montgomery,2571,36793/11,Ascent Home2 Montgomery - Aug  material cost transferred from sps,,5.58
AUGCOGS-36799/7,412,A50001 - Cost Of Goods Sold (New),977,,08/30/2025,"Hometown Inn & Suites, Memphis TN",3346,36799/7,"Hometown Inn & Suites, Memphis TN - Aug  material cost transferred from sps",640.17,
AUGCOGS-36799/7,412.5,,953,A12001 - Inventory (New),08/30/2025,"Hometown Inn & Suites, Memphis TN",3346,36799/7,"Hometown Inn & Suites, Memphis TN - Aug  material cost transferred from sps",,640.17
AUGCOGS-36803/10,413,A50001 - Cost Of Goods Sold (New),977,,08/30/2025,"Hometown Inn & Suites, Memphis TN",3346,36803/10,"Hometown Inn & Suites, Memphis TN - Aug  material cost transferred from sps",2343.17,
AUGCOGS-36803/10,413.5,,953,A12001 - Inventory (New),08/30/2025,"Hometown Inn & Suites, Memphis TN",3346,36803/10,"Hometown Inn & Suites, Memphis TN - Aug  material cost transferred from sps",,2343.17
AUGCOGS-36803/9,414,A50001 - Cost Of Goods Sold (New),977,,08/30/2025,"Hometown Inn & Suites, Memphis TN",3346,36803/9,"Hometown Inn & Suites, Memphis TN - Aug  material cost transferred from sps",3615.25,
AUGCOGS-36803/9,414.5,,953,A12001 - Inventory (New),08/30/2025,"Hometown Inn & Suites, Memphis TN",3346,36803/9,"Hometown Inn & Suites, Memphis TN - Aug  material cost transferred from sps",,3615.25
AUGCOGS-36870/13,415,A50001 - Cost Of Goods Sold (New),977,,08/30/2025,"Comfort Inn, Rebrand, Princeton IL",3325,36870/13,"Comfort Inn, Rebrand, Princeton IL - Aug  material cost transferred from sps",1486.68,
AUGCOGS-36870/13,415.5,,953,A12001 - Inventory (New),08/30/2025,"Comfort Inn, Rebrand, Princeton IL",3325,36870/13,"Comfort Inn, Rebrand, Princeton IL - Aug  material cost transferred from sps",,1486.68
AUGCOGS-36870/14,416,A50001 - Cost Of Goods Sold (New),977,,08/30/2025,"Comfort Inn, Rebrand, Princeton IL",3325,36870/14,"Comfort Inn, Rebrand, Princeton IL - Aug  material cost transferred from sps",92.31,
AUGCOGS-36870/14,416.5,,953,A12001 - Inventory (New),08/30/2025,"Comfort Inn, Rebrand, Princeton IL",3325,36870/14,"Comfort Inn, Rebrand, Princeton IL - Aug  material cost transferred from sps",,92.31
AUGCOGS-36871/5,417,A50001 - Cost Of Goods Sold (New),977,,08/30/2025,"Comfort Inn, Rebrand, Princeton IL",3325,36871/5,"Comfort Inn, Rebrand, Princeton IL - Aug  material cost transferred from sps",1587.71,
AUGCOGS-36871/5,417.5,,953,A12001 - Inventory (New),08/30/2025,"Comfort Inn, Rebrand, Princeton IL",3325,36871/5,"Comfort Inn, Rebrand, Princeton IL - Aug  material cost transferred from sps",,1587.71
AUGCOGS-36883/2,418,A50001 - Cost Of Goods Sold (New),977,,08/30/2025,"Comfort Inn, Rebrand, Princeton IL",3325,36883/2,"Comfort Inn, Rebrand, Princeton IL - Aug  material cost transferred from sps",613.32,
AUGCOGS-36883/2,418.5,,953,A12001 - Inventory (New),08/30/2025,"Comfort Inn, Rebrand, Princeton IL",3325,36883/2,"Comfort Inn, Rebrand, Princeton IL - Aug  material cost transferred from sps",,613.32
AUGCOGS-36903/8,419,A50001 - Cost Of Goods Sold (New),977,,08/30/2025,Ascent hospitality Towneplace West Lafayette IN,2705,36903/8,Ascent hospitality Towneplace West Lafayette IN - Aug  material cost transferred from sps,400.00,
AUGCOGS-36903/8,419.5,,953,A12001 - Inventory (New),08/30/2025,Ascent hospitality Towneplace West Lafayette IN,2705,36903/8,Ascent hospitality Towneplace West Lafayette IN - Aug  material cost transferred from sps,,400.00
AUGCOGS-36904/7,420,A50001 - Cost Of Goods Sold (New),977,,08/30/2025,Ascent hospitality Towneplace West Lafayette IN,2705,36904/7,Ascent hospitality Towneplace West Lafayette IN - Aug  material cost transferred from sps,40.87,
AUGCOGS-36904/7,420.5,,953,A12001 - Inventory (New),08/30/2025,Ascent hospitality Towneplace West Lafayette IN,2705,36904/7,Ascent hospitality Towneplace West Lafayette IN - Aug  material cost transferred from sps,,40.87
AUGCOGS-36904/8,421,A50001 - Cost Of Goods Sold (New),977,,08/30/2025,Ascent hospitality Towneplace West Lafayette IN,2705,36904/8,Ascent hospitality Towneplace West Lafayette IN - Aug  material cost transferred from sps,2922.76,
AUGCOGS-36904/8,421.5,,953,A12001 - Inventory (New),08/30/2025,Ascent hospitality Towneplace West Lafayette IN,2705,36904/8,Ascent hospitality Towneplace West Lafayette IN - Aug  material cost transferred from sps,,2922.76
AUGCOGS-36910/3,422,A50001 - Cost Of Goods Sold (New),977,,08/30/2025,Ascent hospitality Towneplace West Lafayette IN,2705,36910/3,Ascent hospitality Towneplace West Lafayette IN - Aug  material cost transferred from sps,492.72,
AUGCOGS-36910/3,422.5,,953,A12001 - Inventory (New),08/30/2025,Ascent hospitality Towneplace West Lafayette IN,2705,36910/3,Ascent hospitality Towneplace West Lafayette IN - Aug  material cost transferred from sps,,492.72
AUGCOGS-36910/4,423,A50001 - Cost Of Goods Sold (New),977,,08/30/2025,Ascent hospitality Towneplace West Lafayette IN,2705,36910/4,Ascent hospitality Towneplace West Lafayette IN - Aug  material cost transferred from sps,3053.22,
AUGCOGS-36910/4,423.5,,953,A12001 - Inventory (New),08/30/2025,Ascent hospitality Towneplace West Lafayette IN,2705,36910/4,Ascent hospitality Towneplace West Lafayette IN - Aug  material cost transferred from sps,,3053.22
AUGCOGS-36915/3,424,A50001 - Cost Of Goods Sold (New),977,,08/30/2025,Ascent hospitality Towneplace West Lafayette IN,2705,36915/3,Ascent hospitality Towneplace West Lafayette IN - Aug  material cost transferred from sps,470.62,
AUGCOGS-36915/3,424.5,,953,A12001 - Inventory (New),08/30/2025,Ascent hospitality Towneplace West Lafayette IN,2705,36915/3,Ascent hospitality Towneplace West Lafayette IN - Aug  material cost transferred from sps,,470.62
AUGCOGS-36919/14,425,A50001 - Cost Of Goods Sold (New),977,,08/30/2025,Ascent hospitality Towneplace West Lafayette IN,2705,36919/14,Ascent hospitality Towneplace West Lafayette IN - Aug  material cost transferred from sps,108.74,
AUGCOGS-36919/14,425.5,,953,A12001 - Inventory (New),08/30/2025,Ascent hospitality Towneplace West Lafayette IN,2705,36919/14,Ascent hospitality Towneplace West Lafayette IN - Aug  material cost transferred from sps,,108.74
AUGCOGS-36919/15,426,A50001 - Cost Of Goods Sold (New),977,,08/30/2025,Ascent hospitality Towneplace West Lafayette IN,2705,36919/15,Ascent hospitality Towneplace West Lafayette IN - Aug  material cost transferred from sps,13.66,
AUGCOGS-36919/15,426.5,,953,A12001 - Inventory (New),08/30/2025,Ascent hospitality Towneplace West Lafayette IN,2705,36919/15,Ascent hospitality Towneplace West Lafayette IN - Aug  material cost transferred from sps,,13.66
AUGCOGS-36919/16,427,A50001 - Cost Of Goods Sold (New),977,,08/30/2025,Ascent hospitality Towneplace West Lafayette IN,2705,36919/16,Ascent hospitality Towneplace West Lafayette IN - Aug  material cost transferred from sps,25.01,
AUGCOGS-36919/16,427.5,,953,A12001 - Inventory (New),08/30/2025,Ascent hospitality Towneplace West Lafayette IN,2705,36919/16,Ascent hospitality Towneplace West Lafayette IN - Aug  material cost transferred from sps,,25.01
AUGCOGS-36919/17,428,A50001 - Cost Of Goods Sold (New),977,,08/30/2025,Ascent hospitality Towneplace West Lafayette IN,2705,36919/17,Ascent hospitality Towneplace West Lafayette IN - Aug  material cost transferred from sps,73.32,
AUGCOGS-36919/17,428.5,,953,A12001 - Inventory (New),08/30/2025,Ascent hospitality Towneplace West Lafayette IN,2705,36919/17,Ascent hospitality Towneplace West Lafayette IN - Aug  material cost transferred from sps,,73.32
AUGCOGS-36920/5,429,A50001 - Cost Of Goods Sold (New),977,,08/30/2025,AUTOGRAPH MAYA-PS,464,36920/5,AUTOGRAPH MAYA-PS - Aug  material cost transferred from sps,8354.27,
AUGCOGS-36920/5,429.5,,953,A12001 - Inventory (New),08/30/2025,AUTOGRAPH MAYA-PS,464,36920/5,AUTOGRAPH MAYA-PS - Aug  material cost transferred from sps,,8354.27
AUGCOGS-36931/3,430,A50001 - Cost Of Goods Sold (New),977,,08/30/2025,New Rock Tile,603,36931/3,New Rock Tile - Aug  material cost transferred from sps,3490.21,
AUGCOGS-36931/3,430.5,,953,A12001 - Inventory (New),08/30/2025,New Rock Tile,603,36931/3,New Rock Tile - Aug  material cost transferred from sps,,3490.21
AUGCOGS-36942/15,431,A50001 - Cost Of Goods Sold (New),977,,08/30/2025,"ELEMENT FORTSMITH, ARKANSAS",3330,36942/15,"ELEMENT FORTSMITH, ARKANSAS - Aug  material cost transferred from sps",250.10,
AUGCOGS-36942/15,431.5,,953,A12001 - Inventory (New),08/30/2025,"ELEMENT FORTSMITH, ARKANSAS",3330,36942/15,"ELEMENT FORTSMITH, ARKANSAS - Aug  material cost transferred from sps",,250.10
AUGCOGS-36943/2,432,A50001 - Cost Of Goods Sold (New),977,,08/30/2025,AUTOGRAPH MAYA-PS,464,36943/2,AUTOGRAPH MAYA-PS - Aug  material cost transferred from sps,4246.87,
AUGCOGS-36943/2,432.5,,953,A12001 - Inventory (New),08/30/2025,AUTOGRAPH MAYA-PS,464,36943/2,AUTOGRAPH MAYA-PS - Aug  material cost transferred from sps,,4246.87
AUGCOGS-36952/3,433,A50001 - Cost Of Goods Sold (New),977,,08/30/2025,"Wingate - Erlanger, KY",2712,36952/3,"Wingate - Erlanger, KY - Aug  material cost transferred from sps",617.79,
AUGCOGS-36952/3,433.5,,953,A12001 - Inventory (New),08/30/2025,"Wingate - Erlanger, KY",2712,36952/3,"Wingate - Erlanger, KY - Aug  material cost transferred from sps",,617.79
AUGCOGS-36990/11,435,A50001 - Cost Of Goods Sold (New),977,,08/30/2025,Ascent hospitality Townplace Suites Fairburn IN,2713,36990/11,Ascent hospitality Townplace Suites Fairburn IN - Aug  material cost transferred from sps,3152.59,
AUGCOGS-36990/11,435.5,,953,A12001 - Inventory (New),08/30/2025,Ascent hospitality Townplace Suites Fairburn IN,2713,36990/11,Ascent hospitality Townplace Suites Fairburn IN - Aug  material cost transferred from sps,,3152.59
AUGCOGS-37006/15,436,A50001 - Cost Of Goods Sold (New),977,,08/30/2025,Ascent hospitality Townplace Suites Fairburn IN,2713,37006/15,Ascent hospitality Townplace Suites Fairburn IN - Aug  material cost transferred from sps,88.64,
AUGCOGS-37006/15,436.5,,953,A12001 - Inventory (New),08/30/2025,Ascent hospitality Townplace Suites Fairburn IN,2713,37006/15,Ascent hospitality Townplace Suites Fairburn IN - Aug  material cost transferred from sps,,88.64
AUGCOGS-37006/16,437,A50001 - Cost Of Goods Sold (New),977,,08/30/2025,Ascent hospitality Townplace Suites Fairburn IN,2713,37006/16,Ascent hospitality Townplace Suites Fairburn IN - Aug  material cost transferred from sps,103.92,
AUGCOGS-37006/16,437.5,,953,A12001 - Inventory (New),08/30/2025,Ascent hospitality Townplace Suites Fairburn IN,2713,37006/16,Ascent hospitality Townplace Suites Fairburn IN - Aug  material cost transferred from sps,,103.92
AUGCOGS-37006/17,438,A50001 - Cost Of Goods Sold (New),977,,08/30/2025,Ascent hospitality Townplace Suites Fairburn IN,2713,37006/17,Ascent hospitality Townplace Suites Fairburn IN - Aug  material cost transferred from sps,126.68,
AUGCOGS-37006/17,438.5,,953,A12001 - Inventory (New),08/30/2025,Ascent hospitality Townplace Suites Fairburn IN,2713,37006/17,Ascent hospitality Townplace Suites Fairburn IN - Aug  material cost transferred from sps,,126.68
AUGCOGS-37006/18,439,A50001 - Cost Of Goods Sold (New),977,,08/30/2025,Ascent hospitality Townplace Suites Fairburn IN,2713,37006/18,Ascent hospitality Townplace Suites Fairburn IN - Aug  material cost transferred from sps,339.36,
AUGCOGS-37006/18,439.5,,953,A12001 - Inventory (New),08/30/2025,Ascent hospitality Townplace Suites Fairburn IN,2713,37006/18,Ascent hospitality Townplace Suites Fairburn IN - Aug  material cost transferred from sps,,339.36
AUGCOGS-37006/19,440,A50001 - Cost Of Goods Sold (New),977,,08/30/2025,Ascent hospitality Townplace Suites Fairburn IN,2713,37006/19,Ascent hospitality Townplace Suites Fairburn IN - Aug  material cost transferred from sps,38.50,
AUGCOGS-37006/19,440.5,,953,A12001 - Inventory (New),08/30/2025,Ascent hospitality Townplace Suites Fairburn IN,2713,37006/19,Ascent hospitality Townplace Suites Fairburn IN - Aug  material cost transferred from sps,,38.50
AUGCOGS-37054/4,441,A50001 - Cost Of Goods Sold (New),977,,08/30/2025,DFW Joseph Investments LLC,1708,37054/4,DFW Joseph Investments LLC - Aug  material cost transferred from sps,91.19,
AUGCOGS-37054/4,441.5,,953,A12001 - Inventory (New),08/30/2025,DFW Joseph Investments LLC,1708,37054/4,DFW Joseph Investments LLC - Aug  material cost transferred from sps,,91.19
AUGCOGS-37060/10,442,A50001 - Cost Of Goods Sold (New),977,,08/30/2025,DFW Joseph Investments LLC,1708,37060/10,DFW Joseph Investments LLC - Aug  material cost transferred from sps,1920.14,
AUGCOGS-37060/10,442.5,,953,A12001 - Inventory (New),08/30/2025,DFW Joseph Investments LLC,1708,37060/10,DFW Joseph Investments LLC - Aug  material cost transferred from sps,,1920.14
AUGCOGS-37060/11,443,A50001 - Cost Of Goods Sold (New),977,,08/30/2025,DFW Joseph Investments LLC,1708,37060/11,DFW Joseph Investments LLC - Aug  material cost transferred from sps,174.56,
AUGCOGS-37060/11,443.5,,953,A12001 - Inventory (New),08/30/2025,DFW Joseph Investments LLC,1708,37060/11,DFW Joseph Investments LLC - Aug  material cost transferred from sps,,174.56
AUGCOGS-37060/12,444,A50001 - Cost Of Goods Sold (New),977,,08/30/2025,DFW Joseph Investments LLC,1708,37060/12,DFW Joseph Investments LLC - Aug  material cost transferred from sps,2.67,
AUGCOGS-37060/12,444.5,,953,A12001 - Inventory (New),08/30/2025,DFW Joseph Investments LLC,1708,37060/12,DFW Joseph Investments LLC - Aug  material cost transferred from sps,,2.67
AUGCOGS-37060/8,445,A50001 - Cost Of Goods Sold (New),977,,08/30/2025,DFW Joseph Investments LLC,1708,37060/8,DFW Joseph Investments LLC - Aug  material cost transferred from sps,1168.29,
AUGCOGS-37060/8,445.5,,953,A12001 - Inventory (New),08/30/2025,DFW Joseph Investments LLC,1708,37060/8,DFW Joseph Investments LLC - Aug  material cost transferred from sps,,1168.29
AUGCOGS-37060/9,446,A50001 - Cost Of Goods Sold (New),977,,08/30/2025,DFW Joseph Investments LLC,1708,37060/9,DFW Joseph Investments LLC - Aug  material cost transferred from sps,700.97,
AUGCOGS-37060/9,446.5,,953,A12001 - Inventory (New),08/30/2025,DFW Joseph Investments LLC,1708,37060/9,DFW Joseph Investments LLC - Aug  material cost transferred from sps,,700.97
AUGCOGS-37071/2,447,A50001 - Cost Of Goods Sold (New),977,,08/30/2025,Milender-White,3372,37071/2,Milender-White - Aug  material cost transferred from sps,96589.21,
AUGCOGS-37071/2,447.5,,953,A12001 - Inventory (New),08/30/2025,Milender-White,3372,37071/2,Milender-White - Aug  material cost transferred from sps,,96589.21
AUGCOGS-37073/13,448,A50001 - Cost Of Goods Sold (New),977,,08/30/2025,Wyndham Garden Romulus Detroit Metro Airport,2615,37073/13,Wyndham Garden Romulus Detroit Metro Airport - Aug  material cost transferred from sps,2472.22,
AUGCOGS-37073/13,448.5,,953,A12001 - Inventory (New),08/30/2025,Wyndham Garden Romulus Detroit Metro Airport,2615,37073/13,Wyndham Garden Romulus Detroit Metro Airport - Aug  material cost transferred from sps,,2472.22
AUGCOGS-37086/3,449,A50001 - Cost Of Goods Sold (New),977,,08/30/2025,"Yale Tile & Stone, LLC",727,37086/3,"Yale Tile & Stone, LLC - Aug  material cost transferred from sps",824.05,
AUGCOGS-37086/3,449.5,,953,A12001 - Inventory (New),08/30/2025,"Yale Tile & Stone, LLC",727,37086/3,"Yale Tile & Stone, LLC - Aug  material cost transferred from sps",,824.05
AUGCOGS-37092/4,450,A50001 - Cost Of Goods Sold (New),977,,08/30/2025,La Quinta San Antonio 1,2618,37092/4,La Quinta San Antonio 1 - Aug  material cost transferred from sps,696.63,
AUGCOGS-37092/4,450.5,,953,A12001 - Inventory (New),08/30/2025,La Quinta San Antonio 1,2618,37092/4,La Quinta San Antonio 1 - Aug  material cost transferred from sps,,696.63
AUGCOGS-37108/8,451,A50001 - Cost Of Goods Sold (New),977,,08/30/2025,"Comfort Inn, Rebrand, Princeton IL",3325,37108/8,"Comfort Inn, Rebrand, Princeton IL - Aug  material cost transferred from sps",134.50,
AUGCOGS-37108/8,451.5,,953,A12001 - Inventory (New),08/30/2025,"Comfort Inn, Rebrand, Princeton IL",3325,37108/8,"Comfort Inn, Rebrand, Princeton IL - Aug  material cost transferred from sps",,134.50
AUGCOGS-37149/6,452,A50001 - Cost Of Goods Sold (New),977,,08/30/2025,Sea Glass Beach Place LLC,2629,37149/6,Sea Glass Beach Place LLC - Aug  material cost transferred from sps,2069.40,
AUGCOGS-37149/6,452.5,,953,A12001 - Inventory (New),08/30/2025,Sea Glass Beach Place LLC,2629,37149/6,Sea Glass Beach Place LLC - Aug  material cost transferred from sps,,2069.40
AUGCOGS-37153/4,453,A50001 - Cost Of Goods Sold (New),977,,08/30/2025,Sea Glass Beach Place LLC,2629,37153/4,Sea Glass Beach Place LLC - Aug  material cost transferred from sps,3499.13,
AUGCOGS-37153/4,453.5,,953,A12001 - Inventory (New),08/30/2025,Sea Glass Beach Place LLC,2629,37153/4,Sea Glass Beach Place LLC - Aug  material cost transferred from sps,,3499.13
AUGCOGS-37156/4,454,A50001 - Cost Of Goods Sold (New),977,,08/30/2025,Sea Glass Beach Place LLC,2629,37156/4,Sea Glass Beach Place LLC - Aug  material cost transferred from sps,26.76,
AUGCOGS-37156/4,454.5,,953,A12001 - Inventory (New),08/30/2025,Sea Glass Beach Place LLC,2629,37156/4,Sea Glass Beach Place LLC - Aug  material cost transferred from sps,,26.76
AUGCOGS-37213/5,455,A50001 - Cost Of Goods Sold (New),977,,08/30/2025,Wingate/ Hawthorne Kingman,3401,37213/5,Wingate/ Hawthorne Kingman - Aug  material cost transferred from sps,2221.18,
AUGCOGS-37213/5,455.5,,953,A12001 - Inventory (New),08/30/2025,Wingate/ Hawthorne Kingman,3401,37213/5,Wingate/ Hawthorne Kingman - Aug  material cost transferred from sps,,2221.18
AUGCOGS-37228/6,456,A50001 - Cost Of Goods Sold (New),977,,08/30/2025,TOWNEPLACE SUITES - OKC,3273,37228/6,TOWNEPLACE SUITES - OKC - Aug  material cost transferred from sps,16327.39,
AUGCOGS-37228/6,456.5,,953,A12001 - Inventory (New),08/30/2025,TOWNEPLACE SUITES - OKC,3273,37228/6,TOWNEPLACE SUITES - OKC - Aug  material cost transferred from sps,,16327.39
AUGCOGS-37229/16,457,A50001 - Cost Of Goods Sold (New),977,,08/30/2025,Hilton Garden Inn Nashville,2884,37229/16,Hilton Garden Inn Nashville - Aug  material cost transferred from sps,201.17,
AUGCOGS-37229/16,457.5,,953,A12001 - Inventory (New),08/30/2025,Hilton Garden Inn Nashville,2884,37229/16,Hilton Garden Inn Nashville - Aug  material cost transferred from sps,,201.17
AUGCOGS-37229/17,458,A50001 - Cost Of Goods Sold (New),977,,08/30/2025,Hilton Garden Inn Nashville,2884,37229/17,Hilton Garden Inn Nashville - Aug  material cost transferred from sps,232.92,
AUGCOGS-37229/17,458.5,,953,A12001 - Inventory (New),08/30/2025,Hilton Garden Inn Nashville,2884,37229/17,Hilton Garden Inn Nashville - Aug  material cost transferred from sps,,232.92
AUGCOGS-37229/18,459,A50001 - Cost Of Goods Sold (New),977,,08/30/2025,Hilton Garden Inn Nashville,2884,37229/18,Hilton Garden Inn Nashville - Aug  material cost transferred from sps,59.92,
AUGCOGS-37229/18,459.5,,953,A12001 - Inventory (New),08/30/2025,Hilton Garden Inn Nashville,2884,37229/18,Hilton Garden Inn Nashville - Aug  material cost transferred from sps,,59.92
AUGCOGS-37239/2,460,A50001 - Cost Of Goods Sold (New),977,,08/30/2025,Fairfield Townplace East Hartford,3335,37239/2,Fairfield Townplace East Hartford - Aug  material cost transferred from sps,20.26,
AUGCOGS-37239/2,460.5,,953,A12001 - Inventory (New),08/30/2025,Fairfield Townplace East Hartford,3335,37239/2,Fairfield Townplace East Hartford - Aug  material cost transferred from sps,,20.26
AUGCOGS-37260/22,461,A50001 - Cost Of Goods Sold (New),977,,08/30/2025,"La Quinta Hawthorn - Miamisburg, OH",3358,37260/22,"La Quinta Hawthorn - Miamisburg, OH - Aug  material cost transferred from sps",442.38,
AUGCOGS-37260/22,461.5,,953,A12001 - Inventory (New),08/30/2025,"La Quinta Hawthorn - Miamisburg, OH",3358,37260/22,"La Quinta Hawthorn - Miamisburg, OH - Aug  material cost transferred from sps",,442.38
AUGCOGS-37260/23,462,A50001 - Cost Of Goods Sold (New),977,,08/30/2025,"La Quinta Hawthorn - Miamisburg, OH",3358,37260/23,"La Quinta Hawthorn - Miamisburg, OH - Aug  material cost transferred from sps",672.91,
AUGCOGS-37260/23,462.5,,953,A12001 - Inventory (New),08/30/2025,"La Quinta Hawthorn - Miamisburg, OH",3358,37260/23,"La Quinta Hawthorn - Miamisburg, OH - Aug  material cost transferred from sps",,672.91
AUGCOGS-37260/24,463,A50001 - Cost Of Goods Sold (New),977,,08/30/2025,"La Quinta Hawthorn - Miamisburg, OH",3358,37260/24,"La Quinta Hawthorn - Miamisburg, OH - Aug  material cost transferred from sps",159.92,
AUGCOGS-37260/24,463.5,,953,A12001 - Inventory (New),08/30/2025,"La Quinta Hawthorn - Miamisburg, OH",3358,37260/24,"La Quinta Hawthorn - Miamisburg, OH - Aug  material cost transferred from sps",,159.92
AUGCOGS-37260/25,464,A50001 - Cost Of Goods Sold (New),977,,08/30/2025,"La Quinta Hawthorn - Miamisburg, OH",3358,37260/25,"La Quinta Hawthorn - Miamisburg, OH - Aug  material cost transferred from sps",172.94,
AUGCOGS-37260/25,464.5,,953,A12001 - Inventory (New),08/30/2025,"La Quinta Hawthorn - Miamisburg, OH",3358,37260/25,"La Quinta Hawthorn - Miamisburg, OH - Aug  material cost transferred from sps",,172.94
AUGCOGS-37260/26,465,A50001 - Cost Of Goods Sold (New),977,,08/30/2025,"La Quinta Hawthorn - Miamisburg, OH",3358,37260/26,"La Quinta Hawthorn - Miamisburg, OH - Aug  material cost transferred from sps",117.14,
AUGCOGS-37260/26,465.5,,953,A12001 - Inventory (New),08/30/2025,"La Quinta Hawthorn - Miamisburg, OH",3358,37260/26,"La Quinta Hawthorn - Miamisburg, OH - Aug  material cost transferred from sps",,117.14
AUGCOGS-37271/15,466,A50001 - Cost Of Goods Sold (New),977,,08/30/2025,Northlake Innkeepers I Ltd.,3375,37271/15,Northlake Innkeepers I Ltd. - Aug  material cost transferred from sps,60.20,
AUGCOGS-37271/15,466.5,,953,A12001 - Inventory (New),08/30/2025,Northlake Innkeepers I Ltd.,3375,37271/15,Northlake Innkeepers I Ltd. - Aug  material cost transferred from sps,,60.20
AUGCOGS-37279/4,467,A50001 - Cost Of Goods Sold (New),977,,08/30/2025,Northlake Innkeepers I Ltd.,3375,37279/4,Northlake Innkeepers I Ltd. - Aug  material cost transferred from sps,53532.14,
AUGCOGS-37279/4,467.5,,953,A12001 - Inventory (New),08/30/2025,Northlake Innkeepers I Ltd.,3375,37279/4,Northlake Innkeepers I Ltd. - Aug  material cost transferred from sps,,53532.14
AUGCOGS-37280/11,468,A50001 - Cost Of Goods Sold (New),977,,08/30/2025,Northlake Innkeepers I Ltd.,3375,37280/11,Northlake Innkeepers I Ltd. - Aug  material cost transferred from sps,125.74,
AUGCOGS-37280/11,468.5,,953,A12001 - Inventory (New),08/30/2025,Northlake Innkeepers I Ltd.,3375,37280/11,Northlake Innkeepers I Ltd. - Aug  material cost transferred from sps,,125.74
AUGCOGS-37289/11,470,A50001 - Cost Of Goods Sold (New),977,,08/30/2025,Northlake Innkeepers I Ltd.,3375,37289/11,Northlake Innkeepers I Ltd. - Aug  material cost transferred from sps,668.84,
AUGCOGS-37289/11,470.5,,953,A12001 - Inventory (New),08/30/2025,Northlake Innkeepers I Ltd.,3375,37289/11,Northlake Innkeepers I Ltd. - Aug  material cost transferred from sps,,668.84
AUGCOGS-37289/12,471,A50001 - Cost Of Goods Sold (New),977,,08/30/2025,Northlake Innkeepers I Ltd.,3375,37289/12,Northlake Innkeepers I Ltd. - Aug  material cost transferred from sps,81.37,
AUGCOGS-37289/12,471.5,,953,A12001 - Inventory (New),08/30/2025,Northlake Innkeepers I Ltd.,3375,37289/12,Northlake Innkeepers I Ltd. - Aug  material cost transferred from sps,,81.37
AUGCOGS-37290/3,472,A50001 - Cost Of Goods Sold (New),977,,08/30/2025,Northlake Innkeepers I Ltd.,3375,37290/3,Northlake Innkeepers I Ltd. - Aug  material cost transferred from sps,2316.22,
AUGCOGS-37290/3,472.5,,953,A12001 - Inventory (New),08/30/2025,Northlake Innkeepers I Ltd.,3375,37290/3,Northlake Innkeepers I Ltd. - Aug  material cost transferred from sps,,2316.22
AUGCOGS-37296/5,473,A50001 - Cost Of Goods Sold (New),977,,08/30/2025,"Candlewood Suites -Columbus,Oh-Kautilya group",3324,37296/5,"Candlewood Suites -Columbus,Oh-Kautilya group - Aug  material cost transferred from sps",2721.01,
AUGCOGS-37296/5,473.5,,953,A12001 - Inventory (New),08/30/2025,"Candlewood Suites -Columbus,Oh-Kautilya group",3324,37296/5,"Candlewood Suites -Columbus,Oh-Kautilya group - Aug  material cost transferred from sps",,2721.01
AUGCOGS-37356/4,477,A50001 - Cost Of Goods Sold (New),977,,08/30/2025,Ascent hospitality Home2 West Lafayette IN,3317,37356/4,Ascent hospitality Home2 West Lafayette IN - Aug  material cost transferred from sps,206.32,
AUGCOGS-37356/4,477.5,,953,A12001 - Inventory (New),08/30/2025,Ascent hospitality Home2 West Lafayette IN,3317,37356/4,Ascent hospitality Home2 West Lafayette IN - Aug  material cost transferred from sps,,206.32
AUGCOGS-37365/3,478,A50001 - Cost Of Goods Sold (New),977,,08/30/2025,Stay Bridge - Manteca - CA - Aman Dhillon,3389,37365/3,Stay Bridge - Manteca - CA - Aman Dhillon - Aug  material cost transferred from sps,217.92,
AUGCOGS-37365/3,478.5,,953,A12001 - Inventory (New),08/30/2025,Stay Bridge - Manteca - CA - Aman Dhillon,3389,37365/3,Stay Bridge - Manteca - CA - Aman Dhillon - Aug  material cost transferred from sps,,217.92
AUGCOGS-37373/2,479,A50001 - Cost Of Goods Sold (New),977,,08/30/2025,AFP 103 Corp,440,37373/2,AFP 103 Corp - Aug  material cost transferred from sps,3360.22,
AUGCOGS-37373/2,479.5,,953,A12001 - Inventory (New),08/30/2025,AFP 103 Corp,440,37373/2,AFP 103 Corp - Aug  material cost transferred from sps,,3360.22
AUGCOGS-37467/10,480,A50001 - Cost Of Goods Sold (New),977,,08/30/2025,SUPREME BRIGHT ATLANTIC CITY LLC (TRIBUTE SEAHAUS),3393,37467/10,SUPREME BRIGHT ATLANTIC CITY LLC (TRIBUTE SEAHAUS) - Aug  material cost transferred from sps,147.96,
AUGCOGS-37467/10,480.5,,953,A12001 - Inventory (New),08/30/2025,SUPREME BRIGHT ATLANTIC CITY LLC (TRIBUTE SEAHAUS),3393,37467/10,SUPREME BRIGHT ATLANTIC CITY LLC (TRIBUTE SEAHAUS) - Aug  material cost transferred from sps,,147.96
AUGCOGS-37468/2,481,A50001 - Cost Of Goods Sold (New),977,,08/30/2025,SUPREME BRIGHT ATLANTIC CITY LLC (TRIBUTE SEAHAUS),3393,37468/2,SUPREME BRIGHT ATLANTIC CITY LLC (TRIBUTE SEAHAUS) - Aug  material cost transferred from sps,1047.84,
AUGCOGS-37468/2,481.5,,953,A12001 - Inventory (New),08/30/2025,SUPREME BRIGHT ATLANTIC CITY LLC (TRIBUTE SEAHAUS),3393,37468/2,SUPREME BRIGHT ATLANTIC CITY LLC (TRIBUTE SEAHAUS) - Aug  material cost transferred from sps,,1047.84
AUGCOGS-37470/5,482,A50001 - Cost Of Goods Sold (New),977,,08/30/2025,SUPREME BRIGHT ATLANTIC CITY LLC (TRIBUTE SEAHAUS),3393,37470/5,SUPREME BRIGHT ATLANTIC CITY LLC (TRIBUTE SEAHAUS) - Aug  material cost transferred from sps,34.76,
AUGCOGS-37470/5,482.5,,953,A12001 - Inventory (New),08/30/2025,SUPREME BRIGHT ATLANTIC CITY LLC (TRIBUTE SEAHAUS),3393,37470/5,SUPREME BRIGHT ATLANTIC CITY LLC (TRIBUTE SEAHAUS) - Aug  material cost transferred from sps,,34.76
AUGCOGS-37472/5,483,A50001 - Cost Of Goods Sold (New),977,,08/30/2025,SUPREME BRIGHT ATLANTIC CITY LLC (TRIBUTE SEAHAUS),3393,37472/5,SUPREME BRIGHT ATLANTIC CITY LLC (TRIBUTE SEAHAUS) - Aug  material cost transferred from sps,118.34,
AUGCOGS-37472/5,483.5,,953,A12001 - Inventory (New),08/30/2025,SUPREME BRIGHT ATLANTIC CITY LLC (TRIBUTE SEAHAUS),3393,37472/5,SUPREME BRIGHT ATLANTIC CITY LLC (TRIBUTE SEAHAUS) - Aug  material cost transferred from sps,,118.34
AUGCOGS-37614/5,491,A50001 - Cost Of Goods Sold (New),977,,08/30/2025,The DOI Residence/ DEAZLY INC.,2346,37614/5,The DOI Residence/ DEAZLY INC. - Aug  material cost transferred from sps,237.50,
AUGCOGS-37614/5,491.5,,953,A12001 - Inventory (New),08/30/2025,The DOI Residence/ DEAZLY INC.,2346,37614/5,The DOI Residence/ DEAZLY INC. - Aug  material cost transferred from sps,,237.50
AUGCOGS-37614/6,492,A50001 - Cost Of Goods Sold (New),977,,08/30/2025,The DOI Residence/ DEAZLY INC.,2346,37614/6,The DOI Residence/ DEAZLY INC. - Aug  material cost transferred from sps,83.72,
AUGCOGS-37614/6,492.5,,953,A12001 - Inventory (New),08/30/2025,The DOI Residence/ DEAZLY INC.,2346,37614/6,The DOI Residence/ DEAZLY INC. - Aug  material cost transferred from sps,,83.72
AUGCOGS-37627/4,493,A50001 - Cost Of Goods Sold (New),977,,08/30/2025,"Brighter Vision Group, LP",3321,37627/4,"Brighter Vision Group, LP - Aug  material cost transferred from sps",174.00,
AUGCOGS-37627/4,493.5,,953,A12001 - Inventory (New),08/30/2025,"Brighter Vision Group, LP",3321,37627/4,"Brighter Vision Group, LP - Aug  material cost transferred from sps",,174.00
AUGCOGS-37656/2,494,A50001 - Cost Of Goods Sold (New),977,,08/30/2025,Staybridge Suites c/o Ravi Designs,2606,37656/2,Staybridge Suites c/o Ravi Designs - Aug  material cost transferred from sps,400.00,
AUGCOGS-37656/2,494.5,,953,A12001 - Inventory (New),08/30/2025,Staybridge Suites c/o Ravi Designs,2606,37656/2,Staybridge Suites c/o Ravi Designs - Aug  material cost transferred from sps,,400.00
AUGCOGS-37676/6,495,A50001 - Cost Of Goods Sold (New),977,,08/30/2025,Ascent Residence inn Montgomery,3320,37676/6,Ascent Residence inn Montgomery - Aug  material cost transferred from sps,6602.57,
AUGCOGS-37676/6,495.5,,953,A12001 - Inventory (New),08/30/2025,Ascent Residence inn Montgomery,3320,37676/6,Ascent Residence inn Montgomery - Aug  material cost transferred from sps,,6602.57
AUGCOGS-37679/2,496,A50001 - Cost Of Goods Sold (New),977,,08/30/2025,Ascent Residence inn Montgomery,3320,37679/2,Ascent Residence inn Montgomery - Aug  material cost transferred from sps,16623.73,
AUGCOGS-37679/2,496.5,,953,A12001 - Inventory (New),08/30/2025,Ascent Residence inn Montgomery,3320,37679/2,Ascent Residence inn Montgomery - Aug  material cost transferred from sps,,16623.73
AUGCOGS-37680/11,497,A50001 - Cost Of Goods Sold (New),977,,08/30/2025,Ascent Residence inn Montgomery,3320,37680/11,Ascent Residence inn Montgomery - Aug  material cost transferred from sps,4.48,
AUGCOGS-37680/11,497.5,,953,A12001 - Inventory (New),08/30/2025,Ascent Residence inn Montgomery,3320,37680/11,Ascent Residence inn Montgomery - Aug  material cost transferred from sps,,4.48
AUGCOGS-37680/12,498,A50001 - Cost Of Goods Sold (New),977,,08/30/2025,Ascent Residence inn Montgomery,3320,37680/12,Ascent Residence inn Montgomery - Aug  material cost transferred from sps,33.95,
AUGCOGS-37680/12,498.5,,953,A12001 - Inventory (New),08/30/2025,Ascent Residence inn Montgomery,3320,37680/12,Ascent Residence inn Montgomery - Aug  material cost transferred from sps,,33.95
AUGCOGS-37692/7,499,A50001 - Cost Of Goods Sold (New),977,,08/30/2025,Ascent Residence inn Montgomery,3320,37692/7,Ascent Residence inn Montgomery - Aug  material cost transferred from sps,175.35,
AUGCOGS-37692/7,499.5,,953,A12001 - Inventory (New),08/30/2025,Ascent Residence inn Montgomery,3320,37692/7,Ascent Residence inn Montgomery - Aug  material cost transferred from sps,,175.35
AUGCOGS-37692/8,500,A50001 - Cost Of Goods Sold (New),977,,08/30/2025,Ascent Residence inn Montgomery,3320,37692/8,Ascent Residence inn Montgomery - Aug  material cost transferred from sps,458.64,
AUGCOGS-37692/8,500.5,,953,A12001 - Inventory (New),08/30/2025,Ascent Residence inn Montgomery,3320,37692/8,Ascent Residence inn Montgomery - Aug  material cost transferred from sps,,458.64
AUGCOGS-37692/9,501,A50001 - Cost Of Goods Sold (New),977,,08/30/2025,Ascent Residence inn Montgomery,3320,37692/9,Ascent Residence inn Montgomery - Aug  material cost transferred from sps,78.13,
AUGCOGS-37692/9,501.5,,953,A12001 - Inventory (New),08/30/2025,Ascent Residence inn Montgomery,3320,37692/9,Ascent Residence inn Montgomery - Aug  material cost transferred from sps,,78.13
AUGCOGS-37696/3,502,A50001 - Cost Of Goods Sold (New),977,,08/30/2025,Ascent Residence inn Montgomery,3320,37696/3,Ascent Residence inn Montgomery - Aug  material cost transferred from sps,3365.00,
AUGCOGS-37696/3,502.5,,953,A12001 - Inventory (New),08/30/2025,Ascent Residence inn Montgomery,3320,37696/3,Ascent Residence inn Montgomery - Aug  material cost transferred from sps,,3365.00
AUGCOGS-37726/2,503,A50001 - Cost Of Goods Sold (New),977,,08/30/2025,Hawthorn Suites.,3341,37726/2,Hawthorn Suites. - Aug  material cost transferred from sps,79.62,
AUGCOGS-37726/2,503.5,,953,A12001 - Inventory (New),08/30/2025,Hawthorn Suites.,3341,37726/2,Hawthorn Suites. - Aug  material cost transferred from sps,,79.62
AUGCOGS-37789,513,A50001 - Cost Of Goods Sold (New),977,,08/30/2025,Graniti Vicentia,1938,37789,Graniti Vicentia - Aug  material cost transferred from sps,64.70,
AUGCOGS-37789,513.5,,953,A12001 - Inventory (New),08/30/2025,Graniti Vicentia,1938,37789,Graniti Vicentia - Aug  material cost transferred from sps,,64.70
AUGCOGS-37832/2,514,A50001 - Cost Of Goods Sold (New),977,,08/30/2025,TOWNEPLACE SUITES - OKC,3273,37832/2,TOWNEPLACE SUITES - OKC - Aug  material cost transferred from sps,1571.70,
AUGCOGS-37832/2,514.5,,953,A12001 - Inventory (New),08/30/2025,TOWNEPLACE SUITES - OKC,3273,37832/2,TOWNEPLACE SUITES - OKC - Aug  material cost transferred from sps,,1571.70
AUGCOGS-37855/10,515,A50001 - Cost Of Goods Sold (New),977,,08/30/2025,APD Construction - The Place,3312,37855/10,APD Construction - The Place - Aug  material cost transferred from sps,5071.59,
AUGCOGS-37855/10,515.5,,953,A12001 - Inventory (New),08/30/2025,APD Construction - The Place,3312,37855/10,APD Construction - The Place - Aug  material cost transferred from sps,,5071.59
AUGCOGS-37855/11,516,A50001 - Cost Of Goods Sold (New),977,,08/30/2025,APD Construction - The Place,3312,37855/11,APD Construction - The Place - Aug  material cost transferred from sps,8.42,
AUGCOGS-37855/11,516.5,,953,A12001 - Inventory (New),08/30/2025,APD Construction - The Place,3312,37855/11,APD Construction - The Place - Aug  material cost transferred from sps,,8.42
AUGCOGS-37865/8,517,A50001 - Cost Of Goods Sold (New),977,,08/30/2025,The Place Port Aransas TX,3396,37865/8,The Place Port Aransas TX - Aug  material cost transferred from sps,997.51,
AUGCOGS-37865/8,517.5,,953,A12001 - Inventory (New),08/30/2025,The Place Port Aransas TX,3396,37865/8,The Place Port Aransas TX - Aug  material cost transferred from sps,,997.51
AUGCOGS-37865/9,518,A50001 - Cost Of Goods Sold (New),977,,08/30/2025,The Place Port Aransas TX,3396,37865/9,The Place Port Aransas TX - Aug  material cost transferred from sps,610.21,
AUGCOGS-37865/9,518.5,,953,A12001 - Inventory (New),08/30/2025,The Place Port Aransas TX,3396,37865/9,The Place Port Aransas TX - Aug  material cost transferred from sps,,610.21
AUGCOGS-37904/5,524,A50001 - Cost Of Goods Sold (New),977,,08/30/2025,"Las Vegas Resort Holdings, LLC",3368,37904/5,"Las Vegas Resort Holdings, LLC - Aug  material cost transferred from sps",3202.08,
AUGCOGS-37904/5,524.5,,953,A12001 - Inventory (New),08/30/2025,"Las Vegas Resort Holdings, LLC",3368,37904/5,"Las Vegas Resort Holdings, LLC - Aug  material cost transferred from sps",,3202.08
AUGCOGS-37906/12,525,A50001 - Cost Of Goods Sold (New),977,,08/30/2025,Mesquite Gaming,1554,37906/12,Mesquite Gaming - Aug  material cost transferred from sps,32.09,
AUGCOGS-37906/12,525.5,,953,A12001 - Inventory (New),08/30/2025,Mesquite Gaming,1554,37906/12,Mesquite Gaming - Aug  material cost transferred from sps,,32.09
AUGCOGS-37906/13,526,A50001 - Cost Of Goods Sold (New),977,,08/30/2025,Mesquite Gaming,1554,37906/13,Mesquite Gaming - Aug  material cost transferred from sps,132.38,
AUGCOGS-37906/13,526.5,,953,A12001 - Inventory (New),08/30/2025,Mesquite Gaming,1554,37906/13,Mesquite Gaming - Aug  material cost transferred from sps,,132.38
AUGCOGS-37913/4,527,A50001 - Cost Of Goods Sold (New),977,,08/30/2025,"Someshwar Motel LLC - Comfort Inn Ogallala, NE",3388,37913/4,"Someshwar Motel LLC - Comfort Inn Ogallala, NE - Aug  material cost transferred from sps",259.06,
AUGCOGS-37913/4,527.5,,953,A12001 - Inventory (New),08/30/2025,"Someshwar Motel LLC - Comfort Inn Ogallala, NE",3388,37913/4,"Someshwar Motel LLC - Comfort Inn Ogallala, NE - Aug  material cost transferred from sps",,259.06
AUGCOGS-37914/7,528,A50001 - Cost Of Goods Sold (New),977,,08/30/2025,"Someshwar Motel LLC - Comfort Inn Ogallala, NE",3388,37914/7,"Someshwar Motel LLC - Comfort Inn Ogallala, NE - Aug  material cost transferred from sps",17.98,
AUGCOGS-37914/7,528.5,,953,A12001 - Inventory (New),08/30/2025,"Someshwar Motel LLC - Comfort Inn Ogallala, NE",3388,37914/7,"Someshwar Motel LLC - Comfort Inn Ogallala, NE - Aug  material cost transferred from sps",,17.98
AUGCOGS-37914/8,529,A50001 - Cost Of Goods Sold (New),977,,08/30/2025,"Someshwar Motel LLC - Comfort Inn Ogallala, NE",3388,37914/8,"Someshwar Motel LLC - Comfort Inn Ogallala, NE - Aug  material cost transferred from sps",20500.10,
AUGCOGS-37914/8,529.5,,953,A12001 - Inventory (New),08/30/2025,"Someshwar Motel LLC - Comfort Inn Ogallala, NE",3388,37914/8,"Someshwar Motel LLC - Comfort Inn Ogallala, NE - Aug  material cost transferred from sps",,20500.10
AUGCOGS-37915/7,530,A50001 - Cost Of Goods Sold (New),977,,08/30/2025,"Someshwar Motel LLC - Comfort Inn Ogallala, NE",3388,37915/7,"Someshwar Motel LLC - Comfort Inn Ogallala, NE - Aug  material cost transferred from sps",5582.97,
AUGCOGS-37915/7,530.5,,953,A12001 - Inventory (New),08/30/2025,"Someshwar Motel LLC - Comfort Inn Ogallala, NE",3388,37915/7,"Someshwar Motel LLC - Comfort Inn Ogallala, NE - Aug  material cost transferred from sps",,5582.97
AUGCOGS-37920/3,531,A50001 - Cost Of Goods Sold (New),977,,08/30/2025,"Someshwar Motel LLC - Comfort Inn Ogallala, NE",3388,37920/3,"Someshwar Motel LLC - Comfort Inn Ogallala, NE - Aug  material cost transferred from sps",78.87,
AUGCOGS-37920/3,531.5,,953,A12001 - Inventory (New),08/30/2025,"Someshwar Motel LLC - Comfort Inn Ogallala, NE",3388,37920/3,"Someshwar Motel LLC - Comfort Inn Ogallala, NE - Aug  material cost transferred from sps",,78.87
AUGCOGS-37923/5,532,A50001 - Cost Of Goods Sold (New),977,,08/30/2025,"Someshwar Motel LLC - Comfort Inn Ogallala, NE",3388,37923/5,"Someshwar Motel LLC - Comfort Inn Ogallala, NE - Aug  material cost transferred from sps",82.68,
AUGCOGS-37923/5,532.5,,953,A12001 - Inventory (New),08/30/2025,"Someshwar Motel LLC - Comfort Inn Ogallala, NE",3388,37923/5,"Someshwar Motel LLC - Comfort Inn Ogallala, NE - Aug  material cost transferred from sps",,82.68
AUGCOGS-37924/3,533,A50001 - Cost Of Goods Sold (New),977,,08/30/2025,"Someshwar Motel LLC - Comfort Inn Ogallala, NE",3388,37924/3,"Someshwar Motel LLC - Comfort Inn Ogallala, NE - Aug  material cost transferred from sps",2858.69,
AUGCOGS-37924/3,533.5,,953,A12001 - Inventory (New),08/30/2025,"Someshwar Motel LLC - Comfort Inn Ogallala, NE",3388,37924/3,"Someshwar Motel LLC - Comfort Inn Ogallala, NE - Aug  material cost transferred from sps",,2858.69
AUGCOGS-37947/10,534,A50001 - Cost Of Goods Sold (New),977,,08/30/2025,Supreme Bright Westlake I LLC,3394,37947/10,Supreme Bright Westlake I LLC - Aug  material cost transferred from sps,31617.68,
AUGCOGS-37947/10,534.5,,953,A12001 - Inventory (New),08/30/2025,Supreme Bright Westlake I LLC,3394,37947/10,Supreme Bright Westlake I LLC - Aug  material cost transferred from sps,,31617.68
AUGCOGS-37970/11,537,A50001 - Cost Of Goods Sold (New),977,,08/30/2025,Supreme Bright Westlake I LLC,3394,37970/11,Supreme Bright Westlake I LLC - Aug  material cost transferred from sps,41736.95,
AUGCOGS-37970/11,537.5,,953,A12001 - Inventory (New),08/30/2025,Supreme Bright Westlake I LLC,3394,37970/11,Supreme Bright Westlake I LLC - Aug  material cost transferred from sps,,41736.95
AUGCOGS-37970/12,538,A50001 - Cost Of Goods Sold (New),977,,08/30/2025,Supreme Bright Westlake I LLC,3394,37970/12,Supreme Bright Westlake I LLC - Aug  material cost transferred from sps,13301.31,
AUGCOGS-37970/12,538.5,,953,A12001 - Inventory (New),08/30/2025,Supreme Bright Westlake I LLC,3394,37970/12,Supreme Bright Westlake I LLC - Aug  material cost transferred from sps,,13301.31
AUGCOGS-37970/13,539,A50001 - Cost Of Goods Sold (New),977,,08/30/2025,Supreme Bright Westlake I LLC,3394,37970/13,Supreme Bright Westlake I LLC - Aug  material cost transferred from sps,111.74,
AUGCOGS-37970/13,539.5,,953,A12001 - Inventory (New),08/30/2025,Supreme Bright Westlake I LLC,3394,37970/13,Supreme Bright Westlake I LLC - Aug  material cost transferred from sps,,111.74
AUGCOGS-37976/12,540,A50001 - Cost Of Goods Sold (New),977,,08/30/2025,Hampton Inn Rosenberg,2520,37976/12,Hampton Inn Rosenberg - Aug  material cost transferred from sps,130.12,
AUGCOGS-37976/12,540.5,,953,A12001 - Inventory (New),08/30/2025,Hampton Inn Rosenberg,2520,37976/12,Hampton Inn Rosenberg - Aug  material cost transferred from sps,,130.12
AUGCOGS-37976/13,541,A50001 - Cost Of Goods Sold (New),977,,08/30/2025,Hampton Inn Rosenberg,2520,37976/13,Hampton Inn Rosenberg - Aug  material cost transferred from sps,98.43,
AUGCOGS-37976/13,541.5,,953,A12001 - Inventory (New),08/30/2025,Hampton Inn Rosenberg,2520,37976/13,Hampton Inn Rosenberg - Aug  material cost transferred from sps,,98.43
AUGCOGS-37976/14,542,A50001 - Cost Of Goods Sold (New),977,,08/30/2025,Hampton Inn Rosenberg,2520,37976/14,Hampton Inn Rosenberg - Aug  material cost transferred from sps,295.72,
AUGCOGS-37976/14,542.5,,953,A12001 - Inventory (New),08/30/2025,Hampton Inn Rosenberg,2520,37976/14,Hampton Inn Rosenberg - Aug  material cost transferred from sps,,295.72
AUGCOGS-38044/4,549,A50001 - Cost Of Goods Sold (New),977,,08/30/2025,"Residence Inn Pearland, TX",2466,38044/4,"Residence Inn Pearland, TX - Aug  material cost transferred from sps",4601.51,
AUGCOGS-38044/4,549.5,,953,A12001 - Inventory (New),08/30/2025,"Residence Inn Pearland, TX",2466,38044/4,"Residence Inn Pearland, TX - Aug  material cost transferred from sps",,4601.51
AUGCOGS-38045/4,550,A50001 - Cost Of Goods Sold (New),977,,08/30/2025,"Residence Inn Pearland, TX",2466,38045/4,"Residence Inn Pearland, TX - Aug  material cost transferred from sps",30.75,
AUGCOGS-38045/4,550.5,,953,A12001 - Inventory (New),08/30/2025,"Residence Inn Pearland, TX",2466,38045/4,"Residence Inn Pearland, TX - Aug  material cost transferred from sps",,30.75
AUGCOGS-38047/20,551,A50001 - Cost Of Goods Sold (New),977,,08/30/2025,SUPREME BRIGHT ATLANTIC CITY LLC (TRIBUTE SEAHAUS),3393,38047/20,SUPREME BRIGHT ATLANTIC CITY LLC (TRIBUTE SEAHAUS) - Aug  material cost transferred from sps,1465.82,
AUGCOGS-38047/20,551.5,,953,A12001 - Inventory (New),08/30/2025,SUPREME BRIGHT ATLANTIC CITY LLC (TRIBUTE SEAHAUS),3393,38047/20,SUPREME BRIGHT ATLANTIC CITY LLC (TRIBUTE SEAHAUS) - Aug  material cost transferred from sps,,1465.82
AUGCOGS-38047/21,552,A50001 - Cost Of Goods Sold (New),977,,08/30/2025,SUPREME BRIGHT ATLANTIC CITY LLC (TRIBUTE SEAHAUS),3393,38047/21,SUPREME BRIGHT ATLANTIC CITY LLC (TRIBUTE SEAHAUS) - Aug  material cost transferred from sps,6.20,
AUGCOGS-38047/21,552.5,,953,A12001 - Inventory (New),08/30/2025,SUPREME BRIGHT ATLANTIC CITY LLC (TRIBUTE SEAHAUS),3393,38047/21,SUPREME BRIGHT ATLANTIC CITY LLC (TRIBUTE SEAHAUS) - Aug  material cost transferred from sps,,6.20
AUGCOGS-38051,553,A50001 - Cost Of Goods Sold (New),977,,08/30/2025,TOWNEPLACE SUITES - OKC,3273,38051,TOWNEPLACE SUITES - OKC - Aug  material cost transferred from sps,40200.09,
AUGCOGS-38051,553.5,,953,A12001 - Inventory (New),08/30/2025,TOWNEPLACE SUITES - OKC,3273,38051,TOWNEPLACE SUITES - OKC - Aug  material cost transferred from sps,,40200.09
AUGCOGS-38064/4,554,A50001 - Cost Of Goods Sold (New),977,,08/30/2025,Hotel Beacon NYC,3348,38064/4,Hotel Beacon NYC - Aug  material cost transferred from sps,2046.60,
AUGCOGS-38064/4,554.5,,953,A12001 - Inventory (New),08/30/2025,Hotel Beacon NYC,3348,38064/4,Hotel Beacon NYC - Aug  material cost transferred from sps,,2046.60
AUGCOGS-38064/5,555,A50001 - Cost Of Goods Sold (New),977,,08/30/2025,Hotel Beacon NYC,3348,38064/5,Hotel Beacon NYC - Aug  material cost transferred from sps,428.77,
AUGCOGS-38064/5,555.5,,953,A12001 - Inventory (New),08/30/2025,Hotel Beacon NYC,3348,38064/5,Hotel Beacon NYC - Aug  material cost transferred from sps,,428.77
AUGCOGS-38064/6,556,A50001 - Cost Of Goods Sold (New),977,,08/30/2025,Hotel Beacon NYC,3348,38064/6,Hotel Beacon NYC - Aug  material cost transferred from sps,190.34,
AUGCOGS-38064/6,556.5,,953,A12001 - Inventory (New),08/30/2025,Hotel Beacon NYC,3348,38064/6,Hotel Beacon NYC - Aug  material cost transferred from sps,,190.34
AUGCOGS-38073/3,557,A50001 - Cost Of Goods Sold (New),977,,08/30/2025,Hotel Beacon NYC,3348,38073/3,Hotel Beacon NYC - Aug  material cost transferred from sps,893.00,
AUGCOGS-38073/3,557.5,,953,A12001 - Inventory (New),08/30/2025,Hotel Beacon NYC,3348,38073/3,Hotel Beacon NYC - Aug  material cost transferred from sps,,893.00
AUGCOGS-38082/5,558,A50001 - Cost Of Goods Sold (New),977,,08/30/2025,HIGHLAND STORES LLC-CIC,2654,38082/5,HIGHLAND STORES LLC-CIC - Aug  material cost transferred from sps,0.00,
AUGCOGS-38082/5,558.5,,953,A12001 - Inventory (New),08/30/2025,HIGHLAND STORES LLC-CIC,2654,38082/5,HIGHLAND STORES LLC-CIC - Aug  material cost transferred from sps,,0.00
AUGCOGS-38083/2,559,A50001 - Cost Of Goods Sold (New),977,,08/30/2025,HIGHLAND STORES LLC-CIC,2654,38083/2,HIGHLAND STORES LLC-CIC - Aug  material cost transferred from sps,0.00,
AUGCOGS-38083/2,559.5,,953,A12001 - Inventory (New),08/30/2025,HIGHLAND STORES LLC-CIC,2654,38083/2,HIGHLAND STORES LLC-CIC - Aug  material cost transferred from sps,,0.00
AUGCOGS-38099/2,561,A50001 - Cost Of Goods Sold (New),977,,08/30/2025,Milender-White,3372,38099/2,Milender-White - Aug  material cost transferred from sps,44172.30,
AUGCOGS-38099/2,561.5,,953,A12001 - Inventory (New),08/30/2025,Milender-White,3372,38099/2,Milender-White - Aug  material cost transferred from sps,,44172.30
AUGCOGS-38141/12,562,A50001 - Cost Of Goods Sold (New),977,,08/30/2025,A-1 Clackamas LLC,1721,38141/12,A-1 Clackamas LLC - Aug  material cost transferred from sps,3122.20,
AUGCOGS-38141/12,562.5,,953,A12001 - Inventory (New),08/30/2025,A-1 Clackamas LLC,1721,38141/12,A-1 Clackamas LLC - Aug  material cost transferred from sps,,3122.20
AUGCOGS-38141/13,563,A50001 - Cost Of Goods Sold (New),977,,08/30/2025,A-1 Clackamas LLC,1721,38141/13,A-1 Clackamas LLC - Aug  material cost transferred from sps,152.83,
AUGCOGS-38141/13,563.5,,953,A12001 - Inventory (New),08/30/2025,A-1 Clackamas LLC,1721,38141/13,A-1 Clackamas LLC - Aug  material cost transferred from sps,,152.83
AUGCOGS-38141/14,564,A50001 - Cost Of Goods Sold (New),977,,08/30/2025,A-1 Clackamas LLC,1721,38141/14,A-1 Clackamas LLC - Aug  material cost transferred from sps,13366.08,
AUGCOGS-38141/14,564.5,,953,A12001 - Inventory (New),08/30/2025,A-1 Clackamas LLC,1721,38141/14,A-1 Clackamas LLC - Aug  material cost transferred from sps,,13366.08
AUGCOGS-38141/15,565,A50001 - Cost Of Goods Sold (New),977,,08/30/2025,A-1 Clackamas LLC,1721,38141/15,A-1 Clackamas LLC - Aug  material cost transferred from sps,832.19,
AUGCOGS-38141/15,565.5,,953,A12001 - Inventory (New),08/30/2025,A-1 Clackamas LLC,1721,38141/15,A-1 Clackamas LLC - Aug  material cost transferred from sps,,832.19
AUGCOGS-38141/16,566,A50001 - Cost Of Goods Sold (New),977,,08/30/2025,A-1 Clackamas LLC,1721,38141/16,A-1 Clackamas LLC - Aug  material cost transferred from sps,1283.25,
AUGCOGS-38141/16,566.5,,953,A12001 - Inventory (New),08/30/2025,A-1 Clackamas LLC,1721,38141/16,A-1 Clackamas LLC - Aug  material cost transferred from sps,,1283.25
AUGCOGS-38142/3,567,A50001 - Cost Of Goods Sold (New),977,,08/30/2025,A-1 Clackamas LLC,1721,38142/3,A-1 Clackamas LLC - Aug  material cost transferred from sps,2731.76,
AUGCOGS-38142/3,567.5,,953,A12001 - Inventory (New),08/30/2025,A-1 Clackamas LLC,1721,38142/3,A-1 Clackamas LLC - Aug  material cost transferred from sps,,2731.76
AUGCOGS-38145/3,568,A50001 - Cost Of Goods Sold (New),977,,08/30/2025,A-1 Clackamas LLC,1721,38145/3,A-1 Clackamas LLC - Aug  material cost transferred from sps,314.25,
AUGCOGS-38145/3,568.5,,953,A12001 - Inventory (New),08/30/2025,A-1 Clackamas LLC,1721,38145/3,A-1 Clackamas LLC - Aug  material cost transferred from sps,,314.25
AUGCOGS-38145/4,569,A50001 - Cost Of Goods Sold (New),977,,08/30/2025,A-1 Clackamas LLC,1721,38145/4,A-1 Clackamas LLC - Aug  material cost transferred from sps,2943.93,
AUGCOGS-38145/4,569.5,,953,A12001 - Inventory (New),08/30/2025,A-1 Clackamas LLC,1721,38145/4,A-1 Clackamas LLC - Aug  material cost transferred from sps,,2943.93
AUGCOGS-38146/2,570,A50001 - Cost Of Goods Sold (New),977,,08/30/2025,A-1 Clackamas LLC,1721,38146/2,A-1 Clackamas LLC - Aug  material cost transferred from sps,26683.37,
AUGCOGS-38146/2,570.5,,953,A12001 - Inventory (New),08/30/2025,A-1 Clackamas LLC,1721,38146/2,A-1 Clackamas LLC - Aug  material cost transferred from sps,,26683.37
AUGCOGS-38154/2,571,A50001 - Cost Of Goods Sold (New),977,,08/30/2025,LA QUINTA SHONTO AZ,3360,38154/2,LA QUINTA SHONTO AZ - Aug  material cost transferred from sps,160.87,
AUGCOGS-38154/2,571.5,,953,A12001 - Inventory (New),08/30/2025,LA QUINTA SHONTO AZ,3360,38154/2,LA QUINTA SHONTO AZ - Aug  material cost transferred from sps,,160.87
AUGCOGS-38168/2,572,A50001 - Cost Of Goods Sold (New),977,,08/30/2025,La Quinta San Antonio 1,2618,38168/2,La Quinta San Antonio 1 - Aug  material cost transferred from sps,7.43,
AUGCOGS-38168/2,572.5,,953,A12001 - Inventory (New),08/30/2025,La Quinta San Antonio 1,2618,38168/2,La Quinta San Antonio 1 - Aug  material cost transferred from sps,,7.43
AUGCOGS-38181/4,574,A50001 - Cost Of Goods Sold (New),977,,08/30/2025,SWINERTON,696,38181/4,SWINERTON - Aug  material cost transferred from sps,1744.77,
AUGCOGS-38181/4,574.5,,953,A12001 - Inventory (New),08/30/2025,SWINERTON,696,38181/4,SWINERTON - Aug  material cost transferred from sps,,1744.77
AUGCOGS-38181/5,575,A50001 - Cost Of Goods Sold (New),977,,08/30/2025,SWINERTON,696,38181/5,SWINERTON - Aug  material cost transferred from sps,1138.86,
AUGCOGS-38181/5,575.5,,953,A12001 - Inventory (New),08/30/2025,SWINERTON,696,38181/5,SWINERTON - Aug  material cost transferred from sps,,1138.86
AUGCOGS-38193/7,576,A50001 - Cost Of Goods Sold (New),977,,08/30/2025,LQ Hawthorne Leavenworth,3412,38193/7,LQ Hawthorne Leavenworth - Aug  material cost transferred from sps,20.25,
AUGCOGS-38193/7,576.5,,953,A12001 - Inventory (New),08/30/2025,LQ Hawthorne Leavenworth,3412,38193/7,LQ Hawthorne Leavenworth - Aug  material cost transferred from sps,,20.25
AUGCOGS-38202/4,577,A50001 - Cost Of Goods Sold (New),977,,08/30/2025,LQ Hawthorne Leavenworth,3412,38202/4,LQ Hawthorne Leavenworth - Aug  material cost transferred from sps,11974.57,
AUGCOGS-38202/4,577.5,,953,A12001 - Inventory (New),08/30/2025,LQ Hawthorne Leavenworth,3412,38202/4,LQ Hawthorne Leavenworth - Aug  material cost transferred from sps,,11974.57
AUGCOGS-38202/5,578,A50001 - Cost Of Goods Sold (New),977,,08/30/2025,LQ Hawthorne Leavenworth,3412,38202/5,LQ Hawthorne Leavenworth - Aug  material cost transferred from sps,2374.80,
AUGCOGS-38202/5,578.5,,953,A12001 - Inventory (New),08/30/2025,LQ Hawthorne Leavenworth,3412,38202/5,LQ Hawthorne Leavenworth - Aug  material cost transferred from sps,,2374.80
AUGCOGS-38203/8,579,A50001 - Cost Of Goods Sold (New),977,,08/30/2025,LQ Hawthorne Leavenworth,3412,38203/8,LQ Hawthorne Leavenworth - Aug  material cost transferred from sps,35.51,
AUGCOGS-38203/8,579.5,,953,A12001 - Inventory (New),08/30/2025,LQ Hawthorne Leavenworth,3412,38203/8,LQ Hawthorne Leavenworth - Aug  material cost transferred from sps,,35.51
AUGCOGS-38212/9,580,A50001 - Cost Of Goods Sold (New),977,,08/30/2025,LQ Hawthorne Leavenworth,3412,38212/9,LQ Hawthorne Leavenworth - Aug  material cost transferred from sps,57.13,
AUGCOGS-38212/9,580.5,,953,A12001 - Inventory (New),08/30/2025,LQ Hawthorne Leavenworth,3412,38212/9,LQ Hawthorne Leavenworth - Aug  material cost transferred from sps,,57.13
AUGCOGS-38219/5,583,A50001 - Cost Of Goods Sold (New),977,,08/30/2025,"Someshwar Motel LLC - Comfort Inn Ogallala, NE",3388,38219/5,"Someshwar Motel LLC - Comfort Inn Ogallala, NE - Aug  material cost transferred from sps",46.24,
AUGCOGS-38219/5,583.5,,953,A12001 - Inventory (New),08/30/2025,"Someshwar Motel LLC - Comfort Inn Ogallala, NE",3388,38219/5,"Someshwar Motel LLC - Comfort Inn Ogallala, NE - Aug  material cost transferred from sps",,46.24
AUGCOGS-38229,585,A50001 - Cost Of Goods Sold (New),977,,08/30/2025,"ELEMENT FORTSMITH, ARKANSAS",3330,38229,"ELEMENT FORTSMITH, ARKANSAS - Aug  material cost transferred from sps",1562.94,
AUGCOGS-38229,585.5,,953,A12001 - Inventory (New),08/30/2025,"ELEMENT FORTSMITH, ARKANSAS",3330,38229,"ELEMENT FORTSMITH, ARKANSAS - Aug  material cost transferred from sps",,1562.94
AUGCOGS-38238/5,587,A50001 - Cost Of Goods Sold (New),977,,08/30/2025,Hampton Inn Nashville,3338,38238/5,Hampton Inn Nashville - Aug  material cost transferred from sps,230.82,
AUGCOGS-38238/5,587.5,,953,A12001 - Inventory (New),08/30/2025,Hampton Inn Nashville,3338,38238/5,Hampton Inn Nashville - Aug  material cost transferred from sps,,230.82
AUGCOGS-38239/6,588,A50001 - Cost Of Goods Sold (New),977,,08/30/2025,Hampton Inn Nashville,3338,38239/6,Hampton Inn Nashville - Aug  material cost transferred from sps,23670.26,
AUGCOGS-38239/6,588.5,,953,A12001 - Inventory (New),08/30/2025,Hampton Inn Nashville,3338,38239/6,Hampton Inn Nashville - Aug  material cost transferred from sps,,23670.26
AUGCOGS-38239/7,589,A50001 - Cost Of Goods Sold (New),977,,08/30/2025,Hampton Inn Nashville,3338,38239/7,Hampton Inn Nashville - Aug  material cost transferred from sps,2935.50,
AUGCOGS-38239/7,589.5,,953,A12001 - Inventory (New),08/30/2025,Hampton Inn Nashville,3338,38239/7,Hampton Inn Nashville - Aug  material cost transferred from sps,,2935.50
AUGCOGS-38273/16,605,A50001 - Cost Of Goods Sold (New),977,,08/30/2025,"Las Vegas Resort Holdings, LLC",3368,38273/16,"Las Vegas Resort Holdings, LLC - Aug  material cost transferred from sps",425.78,
AUGCOGS-38273/16,605.5,,953,A12001 - Inventory (New),08/30/2025,"Las Vegas Resort Holdings, LLC",3368,38273/16,"Las Vegas Resort Holdings, LLC - Aug  material cost transferred from sps",,425.78
AUGCOGS-38273/17,606,A50001 - Cost Of Goods Sold (New),977,,08/30/2025,"Las Vegas Resort Holdings, LLC",3368,38273/17,"Las Vegas Resort Holdings, LLC - Aug  material cost transferred from sps",726.00,
AUGCOGS-38273/17,606.5,,953,A12001 - Inventory (New),08/30/2025,"Las Vegas Resort Holdings, LLC",3368,38273/17,"Las Vegas Resort Holdings, LLC - Aug  material cost transferred from sps",,726.00
AUGCOGS-38278/5,607,A50001 - Cost Of Goods Sold (New),977,,08/30/2025,Innovation Hospitality Purveyors,2587,38278/5,Innovation Hospitality Purveyors - Aug  material cost transferred from sps,68.53,
AUGCOGS-38278/5,607.5,,953,A12001 - Inventory (New),08/30/2025,Innovation Hospitality Purveyors,2587,38278/5,Innovation Hospitality Purveyors - Aug  material cost transferred from sps,,68.53
AUGCOGS-38282/11,608,A50001 - Cost Of Goods Sold (New),977,,08/30/2025,Fairfield Inn Gadsden AL,3333,38282/11,Fairfield Inn Gadsden AL - Aug  material cost transferred from sps,579.27,
AUGCOGS-38282/11,608.5,,953,A12001 - Inventory (New),08/30/2025,Fairfield Inn Gadsden AL,3333,38282/11,Fairfield Inn Gadsden AL - Aug  material cost transferred from sps,,579.27
AUGCOGS-38318/2,615,A50001 - Cost Of Goods Sold (New),977,,08/30/2025,CPNA Management & Services Inc.,502,38318/2,CPNA Management & Services Inc. - Aug  material cost transferred from sps,0.51,
AUGCOGS-38318/2,615.5,,953,A12001 - Inventory (New),08/30/2025,CPNA Management & Services Inc.,502,38318/2,CPNA Management & Services Inc. - Aug  material cost transferred from sps,,0.51
AUGCOGS-38327/10,616,A50001 - Cost Of Goods Sold (New),977,,08/30/2025,"Residence Inn Pearland, TX",2466,38327/10,"Residence Inn Pearland, TX - Aug  material cost transferred from sps",171.47,
AUGCOGS-38327/10,616.5,,953,A12001 - Inventory (New),08/30/2025,"Residence Inn Pearland, TX",2466,38327/10,"Residence Inn Pearland, TX - Aug  material cost transferred from sps",,171.47
AUGCOGS-38329/3,617,A50001 - Cost Of Goods Sold (New),977,,08/30/2025,"Residence Inn Pearland, TX",2466,38329/3,"Residence Inn Pearland, TX - Aug  material cost transferred from sps",35.51,
AUGCOGS-38329/3,617.5,,953,A12001 - Inventory (New),08/30/2025,"Residence Inn Pearland, TX",2466,38329/3,"Residence Inn Pearland, TX - Aug  material cost transferred from sps",,35.51
AUGCOGS-38331/3,618,A50001 - Cost Of Goods Sold (New),977,,08/30/2025,"Residence Inn Pearland, TX",2466,38331/3,"Residence Inn Pearland, TX - Aug  material cost transferred from sps",4254.09,
AUGCOGS-38331/3,618.5,,953,A12001 - Inventory (New),08/30/2025,"Residence Inn Pearland, TX",2466,38331/3,"Residence Inn Pearland, TX - Aug  material cost transferred from sps",,4254.09
AUGCOGS-38359/3,619,A50001 - Cost Of Goods Sold (New),977,,08/30/2025,Ascent Hospitality- Autograph Huntsville,3318,38359/3,Ascent Hospitality- Autograph Huntsville - Aug  material cost transferred from sps,1874.33,
AUGCOGS-38359/3,619.5,,953,A12001 - Inventory (New),08/30/2025,Ascent Hospitality- Autograph Huntsville,3318,38359/3,Ascent Hospitality- Autograph Huntsville - Aug  material cost transferred from sps,,1874.33
AUGCOGS-38360/2,620,A50001 - Cost Of Goods Sold (New),977,,08/30/2025,Ascent Hospitality- Autograph Huntsville,3318,38360/2,Ascent Hospitality- Autograph Huntsville - Aug  material cost transferred from sps,1531.32,
AUGCOGS-38360/2,620.5,,953,A12001 - Inventory (New),08/30/2025,Ascent Hospitality- Autograph Huntsville,3318,38360/2,Ascent Hospitality- Autograph Huntsville - Aug  material cost transferred from sps,,1531.32
AUGCOGS-38363/3,621,A50001 - Cost Of Goods Sold (New),977,,08/30/2025,Ascent Hospitality- Autograph Huntsville,3318,38363/3,Ascent Hospitality- Autograph Huntsville - Aug  material cost transferred from sps,1074.62,
AUGCOGS-38363/3,621.5,,953,A12001 - Inventory (New),08/30/2025,Ascent Hospitality- Autograph Huntsville,3318,38363/3,Ascent Hospitality- Autograph Huntsville - Aug  material cost transferred from sps,,1074.62
AUGCOGS-38366/5,622,A50001 - Cost Of Goods Sold (New),977,,08/30/2025,Ascent Hospitality- Autograph Huntsville,3318,38366/5,Ascent Hospitality- Autograph Huntsville - Aug  material cost transferred from sps,44.20,
AUGCOGS-38366/5,622.5,,953,A12001 - Inventory (New),08/30/2025,Ascent Hospitality- Autograph Huntsville,3318,38366/5,Ascent Hospitality- Autograph Huntsville - Aug  material cost transferred from sps,,44.20
AUGCOGS-38373/11,623,A50001 - Cost Of Goods Sold (New),977,,08/30/2025,Ascent hospitality Home2 Suites Fairburn GA,3316,38373/11,Ascent hospitality Home2 Suites Fairburn GA - Aug  material cost transferred from sps,521.40,
AUGCOGS-38373/11,623.5,,953,A12001 - Inventory (New),08/30/2025,Ascent hospitality Home2 Suites Fairburn GA,3316,38373/11,Ascent hospitality Home2 Suites Fairburn GA - Aug  material cost transferred from sps,,521.40
AUGCOGS-38376/2,624,A50001 - Cost Of Goods Sold (New),977,,08/30/2025,"La Quinta Hawthorn - Miamisburg, OH",3358,38376/2,"La Quinta Hawthorn - Miamisburg, OH - Aug  material cost transferred from sps",2445.92,
AUGCOGS-38376/2,624.5,,953,A12001 - Inventory (New),08/30/2025,"La Quinta Hawthorn - Miamisburg, OH",3358,38376/2,"La Quinta Hawthorn - Miamisburg, OH - Aug  material cost transferred from sps",,2445.92
AUGCOGS-38396/2,625,A50001 - Cost Of Goods Sold (New),977,,08/30/2025,Auburn Hospitality Group,1548,38396/2,Auburn Hospitality Group - Aug  material cost transferred from sps,2.94,
AUGCOGS-38396/2,625.5,,953,A12001 - Inventory (New),08/30/2025,Auburn Hospitality Group,1548,38396/2,Auburn Hospitality Group - Aug  material cost transferred from sps,,2.94
AUGCOGS-38403/7,626,A50001 - Cost Of Goods Sold (New),977,,08/30/2025,Auburn Hospitality Group,1548,38403/7,Auburn Hospitality Group - Aug  material cost transferred from sps,4728.37,
AUGCOGS-38403/7,626.5,,953,A12001 - Inventory (New),08/30/2025,Auburn Hospitality Group,1548,38403/7,Auburn Hospitality Group - Aug  material cost transferred from sps,,4728.37
AUGCOGS-38411/3,627,A50001 - Cost Of Goods Sold (New),977,,08/30/2025,Fairfield Denver,3331,38411/3,Fairfield Denver - Aug  material cost transferred from sps,1388.39,
AUGCOGS-38411/3,627.5,,953,A12001 - Inventory (New),08/30/2025,Fairfield Denver,3331,38411/3,Fairfield Denver - Aug  material cost transferred from sps,,1388.39
AUGCOGS-38412/6,628,A50001 - Cost Of Goods Sold (New),977,,08/30/2025,Fairfield Denver,3331,38412/6,Fairfield Denver - Aug  material cost transferred from sps,2682.47,
AUGCOGS-38412/6,628.5,,953,A12001 - Inventory (New),08/30/2025,Fairfield Denver,3331,38412/6,Fairfield Denver - Aug  material cost transferred from sps,,2682.47
AUGCOGS-38419/10,629,A50001 - Cost Of Goods Sold (New),977,,08/30/2025,Fairfield Denver,3331,38419/10,Fairfield Denver - Aug  material cost transferred from sps,109.53,
AUGCOGS-38419/10,629.5,,953,A12001 - Inventory (New),08/30/2025,Fairfield Denver,3331,38419/10,Fairfield Denver - Aug  material cost transferred from sps,,109.53
AUGCOGS-38419/11,630,A50001 - Cost Of Goods Sold (New),977,,08/30/2025,Fairfield Denver,3331,38419/11,Fairfield Denver - Aug  material cost transferred from sps,21.64,
AUGCOGS-38419/11,630.5,,953,A12001 - Inventory (New),08/30/2025,Fairfield Denver,3331,38419/11,Fairfield Denver - Aug  material cost transferred from sps,,21.64
AUGCOGS-38422/3,631,A50001 - Cost Of Goods Sold (New),977,,08/30/2025,Fairfield Denver,3331,38422/3,Fairfield Denver - Aug  material cost transferred from sps,5887.02,
AUGCOGS-38422/3,631.5,,953,A12001 - Inventory (New),08/30/2025,Fairfield Denver,3331,38422/3,Fairfield Denver - Aug  material cost transferred from sps,,5887.02
AUGCOGS-38422/4,632,A50001 - Cost Of Goods Sold (New),977,,08/30/2025,Fairfield Denver,3331,38422/4,Fairfield Denver - Aug  material cost transferred from sps,641.35,
AUGCOGS-38422/4,632.5,,953,A12001 - Inventory (New),08/30/2025,Fairfield Denver,3331,38422/4,Fairfield Denver - Aug  material cost transferred from sps,,641.35
AUGCOGS-38443/2,633,A50001 - Cost Of Goods Sold (New),977,,08/30/2025,Quality Inn Del Valle,2626,38443/2,Quality Inn Del Valle - Aug  material cost transferred from sps,0.00,
AUGCOGS-38443/2,633.5,,953,A12001 - Inventory (New),08/30/2025,Quality Inn Del Valle,2626,38443/2,Quality Inn Del Valle - Aug  material cost transferred from sps,,0.00
AUGCOGS-38445/2,634,A50001 - Cost Of Goods Sold (New),977,,08/30/2025,Hampton Inn Rosenberg,2520,38445/2,Hampton Inn Rosenberg - Aug  material cost transferred from sps,50.00,
AUGCOGS-38445/2,634.5,,953,A12001 - Inventory (New),08/30/2025,Hampton Inn Rosenberg,2520,38445/2,Hampton Inn Rosenberg - Aug  material cost transferred from sps,,50.00
AUGCOGS-38478/5,635,A50001 - Cost Of Goods Sold (New),977,,08/30/2025,Ascent Hospitality- Autograph Huntsville,3318,38478/5,Ascent Hospitality- Autograph Huntsville - Aug  material cost transferred from sps,193.79,
AUGCOGS-38478/5,635.5,,953,A12001 - Inventory (New),08/30/2025,Ascent Hospitality- Autograph Huntsville,3318,38478/5,Ascent Hospitality- Autograph Huntsville - Aug  material cost transferred from sps,,193.79
AUGCOGS-38546,638,A50001 - Cost Of Goods Sold (New),977,,08/30/2025,Northlake Innkeepers I Ltd.,3375,38546,Northlake Innkeepers I Ltd. - Aug  material cost transferred from sps,8726.39,
AUGCOGS-38546,638.5,,953,A12001 - Inventory (New),08/30/2025,Northlake Innkeepers I Ltd.,3375,38546,Northlake Innkeepers I Ltd. - Aug  material cost transferred from sps,,8726.39
AUGCOGS-38555/10,639,A50001 - Cost Of Goods Sold (New),977,,08/30/2025,Springhill Greensboro NC,2450,38555/10,Springhill Greensboro NC - Aug  material cost transferred from sps,0.00,
AUGCOGS-38555/10,639.5,,953,A12001 - Inventory (New),08/30/2025,Springhill Greensboro NC,2450,38555/10,Springhill Greensboro NC - Aug  material cost transferred from sps,,0.00
AUGCOGS-38565/9,640,A50001 - Cost Of Goods Sold (New),977,,08/30/2025,Mesquite Gaming,1554,38565/9,Mesquite Gaming - Aug  material cost transferred from sps,63092.97,
AUGCOGS-38565/9,640.5,,953,A12001 - Inventory (New),08/30/2025,Mesquite Gaming,1554,38565/9,Mesquite Gaming - Aug  material cost transferred from sps,,63092.97
AUGCOGS-38567/2,641,A50001 - Cost Of Goods Sold (New),977,,08/30/2025,Mesquite Gaming,1554,38567/2,Mesquite Gaming - Aug  material cost transferred from sps,15065.24,
AUGCOGS-38567/2,641.5,,953,A12001 - Inventory (New),08/30/2025,Mesquite Gaming,1554,38567/2,Mesquite Gaming - Aug  material cost transferred from sps,,15065.24
AUGCOGS-38576/2,642,A50001 - Cost Of Goods Sold (New),977,,08/30/2025,Mesquite Gaming,1554,38576/2,Mesquite Gaming - Aug  material cost transferred from sps,509.68,
AUGCOGS-38576/2,642.5,,953,A12001 - Inventory (New),08/30/2025,Mesquite Gaming,1554,38576/2,Mesquite Gaming - Aug  material cost transferred from sps,,509.68
AUGCOGS-38577/5,643,A50001 - Cost Of Goods Sold (New),977,,08/30/2025,Mesquite Gaming,1554,38577/5,Mesquite Gaming - Aug  material cost transferred from sps,3477.23,
AUGCOGS-38577/5,643.5,,953,A12001 - Inventory (New),08/30/2025,Mesquite Gaming,1554,38577/5,Mesquite Gaming - Aug  material cost transferred from sps,,3477.23
AUGCOGS-38580/2,644,A50001 - Cost Of Goods Sold (New),977,,08/30/2025,Mesquite Gaming,1554,38580/2,Mesquite Gaming - Aug  material cost transferred from sps,363.86,
AUGCOGS-38580/2,644.5,,953,A12001 - Inventory (New),08/30/2025,Mesquite Gaming,1554,38580/2,Mesquite Gaming - Aug  material cost transferred from sps,,363.86
AUGCOGS-38612/2,647,A50001 - Cost Of Goods Sold (New),977,,08/30/2025,LAQUINTA TRINIDAD CO,2707,38612/2,LAQUINTA TRINIDAD CO - Aug  material cost transferred from sps,739.96,
AUGCOGS-38612/2,647.5,,953,A12001 - Inventory (New),08/30/2025,LAQUINTA TRINIDAD CO,2707,38612/2,LAQUINTA TRINIDAD CO - Aug  material cost transferred from sps,,739.96
AUGCOGS-38628/10,648,A50001 - Cost Of Goods Sold (New),977,,08/30/2025,La Quinta Auburn AL,2171,38628/10,La Quinta Auburn AL - Aug  material cost transferred from sps,18.14,
AUGCOGS-38628/10,648.5,,953,A12001 - Inventory (New),08/30/2025,La Quinta Auburn AL,2171,38628/10,La Quinta Auburn AL - Aug  material cost transferred from sps,,18.14
AUGCOGS-38628/9,649,A50001 - Cost Of Goods Sold (New),977,,08/30/2025,La Quinta Auburn AL,2171,38628/9,La Quinta Auburn AL - Aug  material cost transferred from sps,359.59,
AUGCOGS-38628/9,649.5,,953,A12001 - Inventory (New),08/30/2025,La Quinta Auburn AL,2171,38628/9,La Quinta Auburn AL - Aug  material cost transferred from sps,,359.59
AUGCOGS-38630/23,650,A50001 - Cost Of Goods Sold (New),977,,08/30/2025,Ascent Hospitality- Autograph Huntsville,3318,38630/23,Ascent Hospitality- Autograph Huntsville - Aug  material cost transferred from sps,8.17,
AUGCOGS-38630/23,650.5,,953,A12001 - Inventory (New),08/30/2025,Ascent Hospitality- Autograph Huntsville,3318,38630/23,Ascent Hospitality- Autograph Huntsville - Aug  material cost transferred from sps,,8.17
AUGCOGS-38630/24,651,A50001 - Cost Of Goods Sold (New),977,,08/30/2025,Ascent Hospitality- Autograph Huntsville,3318,38630/24,Ascent Hospitality- Autograph Huntsville - Aug  material cost transferred from sps,61.64,
AUGCOGS-38630/24,651.5,,953,A12001 - Inventory (New),08/30/2025,Ascent Hospitality- Autograph Huntsville,3318,38630/24,Ascent Hospitality- Autograph Huntsville - Aug  material cost transferred from sps,,61.64
AUGCOGS-38630/25,652,A50001 - Cost Of Goods Sold (New),977,,08/30/2025,Ascent Hospitality- Autograph Huntsville,3318,38630/25,Ascent Hospitality- Autograph Huntsville - Aug  material cost transferred from sps,597.15,
AUGCOGS-38630/25,652.5,,953,A12001 - Inventory (New),08/30/2025,Ascent Hospitality- Autograph Huntsville,3318,38630/25,Ascent Hospitality- Autograph Huntsville - Aug  material cost transferred from sps,,597.15
AUGCOGS-38630/26,653,A50001 - Cost Of Goods Sold (New),977,,08/30/2025,Ascent Hospitality- Autograph Huntsville,3318,38630/26,Ascent Hospitality- Autograph Huntsville - Aug  material cost transferred from sps,312.07,
AUGCOGS-38630/26,653.5,,953,A12001 - Inventory (New),08/30/2025,Ascent Hospitality- Autograph Huntsville,3318,38630/26,Ascent Hospitality- Autograph Huntsville - Aug  material cost transferred from sps,,312.07
AUGCOGS-38636/2,654,A50001 - Cost Of Goods Sold (New),977,,08/30/2025,"HFD HAWTHORN/LA QUINTA, MEBANE, NC",2623,38636/2,"HFD HAWTHORN/LA QUINTA, MEBANE, NC - Aug  material cost transferred from sps",0.00,
AUGCOGS-38636/2,654.5,,953,A12001 - Inventory (New),08/30/2025,"HFD HAWTHORN/LA QUINTA, MEBANE, NC",2623,38636/2,"HFD HAWTHORN/LA QUINTA, MEBANE, NC - Aug  material cost transferred from sps",,0.00
AUGCOGS-38637/3,655,A50001 - Cost Of Goods Sold (New),977,,08/30/2025,Hampton Inn Nashville,3338,38637/3,Hampton Inn Nashville - Aug  material cost transferred from sps,143777.63,
AUGCOGS-38637/3,655.5,,953,A12001 - Inventory (New),08/30/2025,Hampton Inn Nashville,3338,38637/3,Hampton Inn Nashville - Aug  material cost transferred from sps,,143777.63
AUGCOGS-38651,656,A50001 - Cost Of Goods Sold (New),977,,08/30/2025,Nancy Paolino,2702,38651,Nancy Paolino - Aug  material cost transferred from sps,7237.30,
AUGCOGS-38651,656.5,,953,A12001 - Inventory (New),08/30/2025,Nancy Paolino,2702,38651,Nancy Paolino - Aug  material cost transferred from sps,,7237.30
AUGCOGS-38671/6,658,A50001 - Cost Of Goods Sold (New),977,,08/30/2025,Monsoon Flower LLC,1720,38671/6,Monsoon Flower LLC - Aug  material cost transferred from sps,36169.70,
AUGCOGS-38671/6,658.5,,953,A12001 - Inventory (New),08/30/2025,Monsoon Flower LLC,1720,38671/6,Monsoon Flower LLC - Aug  material cost transferred from sps,,36169.70
AUGCOGS-38671/7,659,A50001 - Cost Of Goods Sold (New),977,,08/30/2025,Monsoon Flower LLC,1720,38671/7,Monsoon Flower LLC - Aug  material cost transferred from sps,76.32,
AUGCOGS-38671/7,659.5,,953,A12001 - Inventory (New),08/30/2025,Monsoon Flower LLC,1720,38671/7,Monsoon Flower LLC - Aug  material cost transferred from sps,,76.32
AUGCOGS-38672/2,660,A50001 - Cost Of Goods Sold (New),977,,08/30/2025,"Someshwar Motel LLC - Comfort Inn Ogallala, NE",3388,38672/2,"Someshwar Motel LLC - Comfort Inn Ogallala, NE - Aug  material cost transferred from sps",600.00,
AUGCOGS-38672/2,660.5,,953,A12001 - Inventory (New),08/30/2025,"Someshwar Motel LLC - Comfort Inn Ogallala, NE",3388,38672/2,"Someshwar Motel LLC - Comfort Inn Ogallala, NE - Aug  material cost transferred from sps",,600.00
AUGCOGS-38672/3,661,A50001 - Cost Of Goods Sold (New),977,,08/30/2025,"Someshwar Motel LLC - Comfort Inn Ogallala, NE",3388,38672/3,"Someshwar Motel LLC - Comfort Inn Ogallala, NE - Aug  material cost transferred from sps",50.08,
AUGCOGS-38672/3,661.5,,953,A12001 - Inventory (New),08/30/2025,"Someshwar Motel LLC - Comfort Inn Ogallala, NE",3388,38672/3,"Someshwar Motel LLC - Comfort Inn Ogallala, NE - Aug  material cost transferred from sps",,50.08
AUGCOGS-38738/2,662,A50001 - Cost Of Goods Sold (New),977,,08/30/2025,Auburn Hospitality Group,1548,38738/2,Auburn Hospitality Group - Aug  material cost transferred from sps,907.10,
AUGCOGS-38738/2,662.5,,953,A12001 - Inventory (New),08/30/2025,Auburn Hospitality Group,1548,38738/2,Auburn Hospitality Group - Aug  material cost transferred from sps,,907.10
AUGCOGS-38740/2,663,A50001 - Cost Of Goods Sold (New),977,,08/30/2025,"Residence Inn Pearland, TX",2466,38740/2,"Residence Inn Pearland, TX - Aug  material cost transferred from sps",200.00,
AUGCOGS-38740/2,663.5,,953,A12001 - Inventory (New),08/30/2025,"Residence Inn Pearland, TX",2466,38740/2,"Residence Inn Pearland, TX - Aug  material cost transferred from sps",,200.00
AUGCOGS-38747/14,664,A50001 - Cost Of Goods Sold (New),977,,08/30/2025,Ascent Hospitality- Autograph Huntsville,3318,38747/14,Ascent Hospitality- Autograph Huntsville - Aug  material cost transferred from sps,2771.98,
AUGCOGS-38747/14,664.5,,953,A12001 - Inventory (New),08/30/2025,Ascent Hospitality- Autograph Huntsville,3318,38747/14,Ascent Hospitality- Autograph Huntsville - Aug  material cost transferred from sps,,2771.98
AUGCOGS-38754/3,665,A50001 - Cost Of Goods Sold (New),977,,08/30/2025,Hawthorne Suites- Alpine WY,2710,38754/3,Hawthorne Suites- Alpine WY - Aug  material cost transferred from sps,2205.93,
AUGCOGS-38754/3,665.5,,953,A12001 - Inventory (New),08/30/2025,Hawthorne Suites- Alpine WY,2710,38754/3,Hawthorne Suites- Alpine WY - Aug  material cost transferred from sps,,2205.93
AUGCOGS-38755/4,666,A50001 - Cost Of Goods Sold (New),977,,08/30/2025,Springhill Greensboro NC,2450,38755/4,Springhill Greensboro NC - Aug  material cost transferred from sps,200.00,
AUGCOGS-38755/4,666.5,,953,A12001 - Inventory (New),08/30/2025,Springhill Greensboro NC,2450,38755/4,Springhill Greensboro NC - Aug  material cost transferred from sps,,200.00
AUGCOGS-38791,667,A50001 - Cost Of Goods Sold (New),977,,08/30/2025,Floor Source,2307,38791,Floor Source - Aug  material cost transferred from sps,1646.32,
AUGCOGS-38791,667.5,,953,A12001 - Inventory (New),08/30/2025,Floor Source,2307,38791,Floor Source - Aug  material cost transferred from sps,,1646.32
AUGCOGS-38806,668,A50001 - Cost Of Goods Sold (New),977,,08/30/2025,MCP Group,596,38806,MCP Group - Aug  material cost transferred from sps,55524.20,
AUGCOGS-38806,668.5,,953,A12001 - Inventory (New),08/30/2025,MCP Group,596,38806,MCP Group - Aug  material cost transferred from sps,,55524.20
AUGCOGS-38817,669,A50001 - Cost Of Goods Sold (New),977,,08/30/2025,E&S Flooring LLC,524,38817,E&S Flooring LLC - Aug  material cost transferred from sps,2110.96,
AUGCOGS-38817,669.5,,953,A12001 - Inventory (New),08/30/2025,E&S Flooring LLC,524,38817,E&S Flooring LLC - Aug  material cost transferred from sps,,2110.96
AUGCOGS-38834,670,A50001 - Cost Of Goods Sold (New),977,,08/30/2025,"Supreme Bright Albuquerque I, LLC",2537,38834,"Supreme Bright Albuquerque I, LLC - Aug  material cost transferred from sps",22500.00,
AUGCOGS-38834,670.5,,953,A12001 - Inventory (New),08/30/2025,"Supreme Bright Albuquerque I, LLC",2537,38834,"Supreme Bright Albuquerque I, LLC - Aug  material cost transferred from sps",,22500.00
AUGCOGS-38839,671,A50001 - Cost Of Goods Sold (New),977,,08/30/2025,Intertech Flooring,2191,38839,Intertech Flooring - Aug  material cost transferred from sps,1006.31,
AUGCOGS-38839,671.5,,953,A12001 - Inventory (New),08/30/2025,Intertech Flooring,2191,38839,Intertech Flooring - Aug  material cost transferred from sps,,1006.31
AUGCOGS-38846,672,A50001 - Cost Of Goods Sold (New),977,,08/30/2025,Contractors Tiles Plus,498,38846,Contractors Tiles Plus - Aug  material cost transferred from sps,2563.03,
AUGCOGS-38846,672.5,,953,A12001 - Inventory (New),08/30/2025,Contractors Tiles Plus,498,38846,Contractors Tiles Plus - Aug  material cost transferred from sps,,2563.03
AUGCOGS-38850,673,A50001 - Cost Of Goods Sold (New),977,,08/30/2025,CAMARATA MASONRY SYSTEMS,487,38850,CAMARATA MASONRY SYSTEMS - Aug  material cost transferred from sps,10747.08,
AUGCOGS-38850,673.5,,953,A12001 - Inventory (New),08/30/2025,CAMARATA MASONRY SYSTEMS,487,38850,CAMARATA MASONRY SYSTEMS - Aug  material cost transferred from sps,,10747.08
AUGCOGS-38874,674,A50001 - Cost Of Goods Sold (New),977,,08/30/2025,AQUATERRA OUTDOORS,454,38874,AQUATERRA OUTDOORS - Aug  material cost transferred from sps,346.58,
AUGCOGS-38874,674.5,,953,A12001 - Inventory (New),08/30/2025,AQUATERRA OUTDOORS,454,38874,AQUATERRA OUTDOORS - Aug  material cost transferred from sps,,346.58
AUGCOGS-38889,675,A50001 - Cost Of Goods Sold (New),977,,08/30/2025,"Residence Inn Pearland, TX",2466,38889,"Residence Inn Pearland, TX - Aug  material cost transferred from sps",3588.28,
AUGCOGS-38889,675.5,,953,A12001 - Inventory (New),08/30/2025,"Residence Inn Pearland, TX",2466,38889,"Residence Inn Pearland, TX - Aug  material cost transferred from sps",,3588.28
AUGCOGS-38953,676,A50001 - Cost Of Goods Sold (New),977,,08/30/2025,Floor Source,2307,38953,Floor Source - Aug  material cost transferred from sps,2346.54,
AUGCOGS-38953,676.5,,953,A12001 - Inventory (New),08/30/2025,Floor Source,2307,38953,Floor Source - Aug  material cost transferred from sps,,2346.54
AUGCOGS-38954,677,A50001 - Cost Of Goods Sold (New),977,,08/30/2025,SET Floors,933,38954,SET Floors - Aug  material cost transferred from sps,8782.15,
AUGCOGS-38954,677.5,,953,A12001 - Inventory (New),08/30/2025,SET Floors,933,38954,SET Floors - Aug  material cost transferred from sps,,8782.15
AUGCOGS-38970,678,A50001 - Cost Of Goods Sold (New),977,,08/30/2025,Landrys,2499,38970,Landrys - Aug  material cost transferred from sps,66.78,
AUGCOGS-38970,678.5,,953,A12001 - Inventory (New),08/30/2025,Landrys,2499,38970,Landrys - Aug  material cost transferred from sps,,66.78
AUGCOGS-38981,679,A50001 - Cost Of Goods Sold (New),977,,08/30/2025,Floor Source,2307,38981,Floor Source - Aug  material cost transferred from sps,631.48,
AUGCOGS-38981,679.5,,953,A12001 - Inventory (New),08/30/2025,Floor Source,2307,38981,Floor Source - Aug  material cost transferred from sps,,631.48
AUGCOGS-38983,680,A50001 - Cost Of Goods Sold (New),977,,08/30/2025,Graniti Vicentia,1938,38983,Graniti Vicentia - Aug  material cost transferred from sps,596.53,
AUGCOGS-38983,680.5,,953,A12001 - Inventory (New),08/30/2025,Graniti Vicentia,1938,38983,Graniti Vicentia - Aug  material cost transferred from sps,,596.53
AUGCOGS-38993,681,A50001 - Cost Of Goods Sold (New),977,,08/30/2025,Fairfield Townplace East Hartford,3335,38993,Fairfield Townplace East Hartford - Aug  material cost transferred from sps,24852.83,
AUGCOGS-38993,681.5,,953,A12001 - Inventory (New),08/30/2025,Fairfield Townplace East Hartford,3335,38993,Fairfield Townplace East Hartford - Aug  material cost transferred from sps,,24852.83
AUGCOGS-38996,682,A50001 - Cost Of Goods Sold (New),977,,08/30/2025,La Quinta Athens Alabama,2442,38996,La Quinta Athens Alabama - Aug  material cost transferred from sps,1748.55,
AUGCOGS-38996,682.5,,953,A12001 - Inventory (New),08/30/2025,La Quinta Athens Alabama,2442,38996,La Quinta Athens Alabama - Aug  material cost transferred from sps,,1748.55
AUGCOGS-39002,683,A50001 - Cost Of Goods Sold (New),977,,08/30/2025,ZENITH ROOFING SERVICES,733,39002,ZENITH ROOFING SERVICES - Aug  material cost transferred from sps,18200.00,
AUGCOGS-39002,683.5,,953,A12001 - Inventory (New),08/30/2025,ZENITH ROOFING SERVICES,733,39002,ZENITH ROOFING SERVICES - Aug  material cost transferred from sps,,18200.00
AUGCOGS-39010,684,A50001 - Cost Of Goods Sold (New),977,,08/30/2025,Atmosphere Commercial Interiors,1576,39010,Atmosphere Commercial Interiors - Aug  material cost transferred from sps,783.92,
AUGCOGS-39010,684.5,,953,A12001 - Inventory (New),08/30/2025,Atmosphere Commercial Interiors,1576,39010,Atmosphere Commercial Interiors - Aug  material cost transferred from sps,,783.92
AUGCOGS-39040/2,685,A50001 - Cost Of Goods Sold (New),977,,08/30/2025,Trilogy Autograph Huntsville,2453,39040/2,Trilogy Autograph Huntsville - Aug  material cost transferred from sps,27.87,
AUGCOGS-39040/2,685.5,,953,A12001 - Inventory (New),08/30/2025,Trilogy Autograph Huntsville,2453,39040/2,Trilogy Autograph Huntsville - Aug  material cost transferred from sps,,27.87
AUGCOGS-39081/2,686,A50001 - Cost Of Goods Sold (New),977,,08/30/2025,Ascent Hospitality- Autograph Huntsville,3318,39081/2,Ascent Hospitality- Autograph Huntsville - Aug  material cost transferred from sps,686.03,
AUGCOGS-39081/2,686.5,,953,A12001 - Inventory (New),08/30/2025,Ascent Hospitality- Autograph Huntsville,3318,39081/2,Ascent Hospitality- Autograph Huntsville - Aug  material cost transferred from sps,,686.03
AUGCOGS-39123,688,A50001 - Cost Of Goods Sold (New),977,,08/30/2025,Darien Heights Residences,506,39123,Darien Heights Residences - Aug  material cost transferred from sps,1814.63,
AUGCOGS-39123,688.5,,953,A12001 - Inventory (New),08/30/2025,Darien Heights Residences,506,39123,Darien Heights Residences - Aug  material cost transferred from sps,,1814.63
AUGCOGS-24015762,689,A50001 - Cost Of Goods Sold (New),977,,08/30/2025,TransCeramica-4042,1290,24015762,TransCeramica-4042 - Aug  material cost transferred from sps,0.00,
AUGCOGS-24015762,689.5,,953,A12001 - Inventory (New),08/30/2025,TransCeramica-4042,1290,24015762,TransCeramica-4042 - Aug  material cost transferred from sps,,0.00
AUGCOGS-4102025,690,A50001 - Cost Of Goods Sold (New),977,,08/30/2025,Wendover Art Group,2488,4102025,Wendover Art Group - Aug  material cost transferred from sps,0.00,
AUGCOGS-4102025,690.5,,953,A12001 - Inventory (New),08/30/2025,Wendover Art Group,2488,4102025,Wendover Art Group - Aug  material cost transferred from sps,,0.00
AUGCOGS-28481/5,691,A50001 - Cost Of Goods Sold (New),977,,08/31/2025,Continental Inns of America La Quinta Inn,3153,28481/5,Continental Inns of America La Quinta Inn - Aug  material cost transferred from sps,23253.23,
AUGCOGS-28481/5,691.5,,953,A12001 - Inventory (New),08/31/2025,Continental Inns of America La Quinta Inn,3153,28481/5,Continental Inns of America La Quinta Inn - Aug  material cost transferred from sps,,23253.23
AUGCOGS-30816/8,692,A50001 - Cost Of Goods Sold (New),977,,08/31/2025,"Weaver Cooke Construction, LLC>",3399,30816/8,"Weaver Cooke Construction, LLC> - Aug  material cost transferred from sps",10031.69,
AUGCOGS-30816/8,692.5,,953,A12001 - Inventory (New),08/31/2025,"Weaver Cooke Construction, LLC>",3399,30816/8,"Weaver Cooke Construction, LLC> - Aug  material cost transferred from sps",,10031.69
AUGCOGS-32174/4,695,A50001 - Cost Of Goods Sold (New),977,,08/31/2025,Grand Sierra Resort & Casino,546,32174/4,Grand Sierra Resort & Casino - Aug  material cost transferred from sps,56286.20,
AUGCOGS-32174/4,695.5,,953,A12001 - Inventory (New),08/31/2025,Grand Sierra Resort & Casino,546,32174/4,Grand Sierra Resort & Casino - Aug  material cost transferred from sps,,56286.20
AUGCOGS-32178/6,696,A50001 - Cost Of Goods Sold (New),977,,08/31/2025,Grand Sierra Resort & Casino,546,32178/6,Grand Sierra Resort & Casino - Aug  material cost transferred from sps,17123.86,
AUGCOGS-32178/6,696.5,,953,A12001 - Inventory (New),08/31/2025,Grand Sierra Resort & Casino,546,32178/6,Grand Sierra Resort & Casino - Aug  material cost transferred from sps,,17123.86
AUGCOGS-32179/4,697,A50001 - Cost Of Goods Sold (New),977,,08/31/2025,Grand Sierra Resort & Casino,546,32179/4,Grand Sierra Resort & Casino - Aug  material cost transferred from sps,42976.48,
AUGCOGS-32179/4,697.5,,953,A12001 - Inventory (New),08/31/2025,Grand Sierra Resort & Casino,546,32179/4,Grand Sierra Resort & Casino - Aug  material cost transferred from sps,,42976.48
AUGCOGS-32181/3,698,A50001 - Cost Of Goods Sold (New),977,,08/31/2025,Grand Sierra Resort & Casino,546,32181/3,Grand Sierra Resort & Casino - Aug  material cost transferred from sps,15447.40,
AUGCOGS-32181/3,698.5,,953,A12001 - Inventory (New),08/31/2025,Grand Sierra Resort & Casino,546,32181/3,Grand Sierra Resort & Casino - Aug  material cost transferred from sps,,15447.40
AUGCOGS-32210/3,699,A50001 - Cost Of Goods Sold (New),977,,08/31/2025,Graniti Vicentia,1938,32210/3,Graniti Vicentia - Aug  material cost transferred from sps,1430.85,
AUGCOGS-32210/3,699.5,,953,A12001 - Inventory (New),08/31/2025,Graniti Vicentia,1938,32210/3,Graniti Vicentia - Aug  material cost transferred from sps,,1430.85
AUGCOGS-32212,700,A50001 - Cost Of Goods Sold (New),977,,08/31/2025,Grand Sierra Resort & Casino,546,32212,Grand Sierra Resort & Casino - Aug  material cost transferred from sps,16787.20,
AUGCOGS-32212,700.5,,953,A12001 - Inventory (New),08/31/2025,Grand Sierra Resort & Casino,546,32212,Grand Sierra Resort & Casino - Aug  material cost transferred from sps,,16787.20
AUGCOGS-32215/2,701,A50001 - Cost Of Goods Sold (New),977,,08/31/2025,Grand Sierra Resort & Casino,546,32215/2,Grand Sierra Resort & Casino - Aug  material cost transferred from sps,1760.70,
AUGCOGS-32215/2,701.5,,953,A12001 - Inventory (New),08/31/2025,Grand Sierra Resort & Casino,546,32215/2,Grand Sierra Resort & Casino - Aug  material cost transferred from sps,,1760.70
AUGCOGS-32554/2,702,A50001 - Cost Of Goods Sold (New),977,,08/31/2025,Graniti Vicentia,1938,32554/2,Graniti Vicentia - Aug  material cost transferred from sps,32850.17,
AUGCOGS-32554/2,702.5,,953,A12001 - Inventory (New),08/31/2025,Graniti Vicentia,1938,32554/2,Graniti Vicentia - Aug  material cost transferred from sps,,32850.17
AUGCOGS-32650/2,703,A50001 - Cost Of Goods Sold (New),977,,08/31/2025,Graniti Vicentia,1938,32650/2,Graniti Vicentia - Aug  material cost transferred from sps,5151.46,
AUGCOGS-32650/2,703.5,,953,A12001 - Inventory (New),08/31/2025,Graniti Vicentia,1938,32650/2,Graniti Vicentia - Aug  material cost transferred from sps,,5151.46
AUGCOGS-32813/3,705,A50001 - Cost Of Goods Sold (New),977,,08/31/2025,Graniti Vicentia,1938,32813/3,Graniti Vicentia - Aug  material cost transferred from sps,14034.90,
AUGCOGS-32813/3,705.5,,953,A12001 - Inventory (New),08/31/2025,Graniti Vicentia,1938,32813/3,Graniti Vicentia - Aug  material cost transferred from sps,,14034.90
AUGCOGS-33587/2,714,A50001 - Cost Of Goods Sold (New),977,,08/31/2025,Graniti Vicentia,1938,33587/2,Graniti Vicentia - Aug  material cost transferred from sps,815.11,
AUGCOGS-33587/2,714.5,,953,A12001 - Inventory (New),08/31/2025,Graniti Vicentia,1938,33587/2,Graniti Vicentia - Aug  material cost transferred from sps,,815.11
AUGCOGS-33652/3,715,A50001 - Cost Of Goods Sold (New),977,,08/31/2025,Graniti Vicentia,1938,33652/3,Graniti Vicentia - Aug  material cost transferred from sps,55801.98,
AUGCOGS-33652/3,715.5,,953,A12001 - Inventory (New),08/31/2025,Graniti Vicentia,1938,33652/3,Graniti Vicentia - Aug  material cost transferred from sps,,55801.98
AUGCOGS-33729/4,716,A50001 - Cost Of Goods Sold (New),977,,08/31/2025,LaQuinta/Hawthone - Knoxville TN - AMit,3367,33729/4,LaQuinta/Hawthone - Knoxville TN - AMit - Aug  material cost transferred from sps,467.11,
AUGCOGS-33729/4,716.5,,953,A12001 - Inventory (New),08/31/2025,LaQuinta/Hawthone - Knoxville TN - AMit,3367,33729/4,LaQuinta/Hawthone - Knoxville TN - AMit - Aug  material cost transferred from sps,,467.11
AUGCOGS-33826,717,A50001 - Cost Of Goods Sold (New),977,,08/31/2025,Graniti Vicentia,1938,33826,Graniti Vicentia - Aug  material cost transferred from sps,14.62,
AUGCOGS-33826,717.5,,953,A12001 - Inventory (New),08/31/2025,Graniti Vicentia,1938,33826,Graniti Vicentia - Aug  material cost transferred from sps,,14.62
AUGCOGS-33860/2,718,A50001 - Cost Of Goods Sold (New),977,,08/31/2025,Graniti Vicentia,1938,33860/2,Graniti Vicentia - Aug  material cost transferred from sps,6514.05,
AUGCOGS-33860/2,718.5,,953,A12001 - Inventory (New),08/31/2025,Graniti Vicentia,1938,33860/2,Graniti Vicentia - Aug  material cost transferred from sps,,6514.05
AUGCOGS-33876/2,719,A50001 - Cost Of Goods Sold (New),977,,08/31/2025,Graniti Vicentia,1938,33876/2,Graniti Vicentia - Aug  material cost transferred from sps,3187.79,
AUGCOGS-33876/2,719.5,,953,A12001 - Inventory (New),08/31/2025,Graniti Vicentia,1938,33876/2,Graniti Vicentia - Aug  material cost transferred from sps,,3187.79
AUGCOGS-33884/3,720,A50001 - Cost Of Goods Sold (New),977,,08/31/2025,Graniti Vicentia,1938,33884/3,Graniti Vicentia - Aug  material cost transferred from sps,12661.64,
AUGCOGS-33884/3,720.5,,953,A12001 - Inventory (New),08/31/2025,Graniti Vicentia,1938,33884/3,Graniti Vicentia - Aug  material cost transferred from sps,,12661.64
AUGCOGS-33921/4,721,A50001 - Cost Of Goods Sold (New),977,,08/31/2025,Graniti Vicentia,1938,33921/4,Graniti Vicentia - Aug  material cost transferred from sps,7174.39,
AUGCOGS-33921/4,721.5,,953,A12001 - Inventory (New),08/31/2025,Graniti Vicentia,1938,33921/4,Graniti Vicentia - Aug  material cost transferred from sps,,7174.39
AUGCOGS-33926/2,722,A50001 - Cost Of Goods Sold (New),977,,08/31/2025,Graniti Vicentia,1938,33926/2,Graniti Vicentia - Aug  material cost transferred from sps,4597.26,
AUGCOGS-33926/2,722.5,,953,A12001 - Inventory (New),08/31/2025,Graniti Vicentia,1938,33926/2,Graniti Vicentia - Aug  material cost transferred from sps,,4597.26
AUGCOGS-33967,723,A50001 - Cost Of Goods Sold (New),977,,08/31/2025,Graniti Vicentia,1938,33967,Graniti Vicentia - Aug  material cost transferred from sps,792.57,
AUGCOGS-33967,723.5,,953,A12001 - Inventory (New),08/31/2025,Graniti Vicentia,1938,33967,Graniti Vicentia - Aug  material cost transferred from sps,,792.57
AUGCOGS-33968,724,A50001 - Cost Of Goods Sold (New),977,,08/31/2025,Graniti Vicentia,1938,33968,Graniti Vicentia - Aug  material cost transferred from sps,22.13,
AUGCOGS-33968,724.5,,953,A12001 - Inventory (New),08/31/2025,Graniti Vicentia,1938,33968,Graniti Vicentia - Aug  material cost transferred from sps,,22.13
AUGCOGS-33983/5,725,A50001 - Cost Of Goods Sold (New),977,,08/31/2025,"La Quinta, Anaheim CA",3361,33983/5,"La Quinta, Anaheim CA - Aug  material cost transferred from sps",5364.00,
AUGCOGS-33983/5,725.5,,953,A12001 - Inventory (New),08/31/2025,"La Quinta, Anaheim CA",3361,33983/5,"La Quinta, Anaheim CA - Aug  material cost transferred from sps",,5364.00
AUGCOGS-33983/6,726,A50001 - Cost Of Goods Sold (New),977,,08/31/2025,"La Quinta, Anaheim CA",3361,33983/6,"La Quinta, Anaheim CA - Aug  material cost transferred from sps",868.00,
AUGCOGS-33983/6,726.5,,953,A12001 - Inventory (New),08/31/2025,"La Quinta, Anaheim CA",3361,33983/6,"La Quinta, Anaheim CA - Aug  material cost transferred from sps",,868.00
AUGCOGS-33983/7,727,A50001 - Cost Of Goods Sold (New),977,,08/31/2025,"La Quinta, Anaheim CA",3361,33983/7,"La Quinta, Anaheim CA - Aug  material cost transferred from sps",11670.60,
AUGCOGS-33983/7,727.5,,953,A12001 - Inventory (New),08/31/2025,"La Quinta, Anaheim CA",3361,33983/7,"La Quinta, Anaheim CA - Aug  material cost transferred from sps",,11670.60
AUGCOGS-33999,728,A50001 - Cost Of Goods Sold (New),977,,08/31/2025,Graniti Vicentia,1938,33999,Graniti Vicentia - Aug  material cost transferred from sps,1280.00,
AUGCOGS-33999,728.5,,953,A12001 - Inventory (New),08/31/2025,Graniti Vicentia,1938,33999,Graniti Vicentia - Aug  material cost transferred from sps,,1280.00
AUGCOGS-34012/2,729,A50001 - Cost Of Goods Sold (New),977,,08/31/2025,"La Quinta, Anaheim CA",3361,34012/2,"La Quinta, Anaheim CA - Aug  material cost transferred from sps",9922.80,
AUGCOGS-34012/2,729.5,,953,A12001 - Inventory (New),08/31/2025,"La Quinta, Anaheim CA",3361,34012/2,"La Quinta, Anaheim CA - Aug  material cost transferred from sps",,9922.80
AUGCOGS-34114/4,730,A50001 - Cost Of Goods Sold (New),977,,08/31/2025,"La Quinta, Anaheim CA",3361,34114/4,"La Quinta, Anaheim CA - Aug  material cost transferred from sps",2154.83,
AUGCOGS-34114/4,730.5,,953,A12001 - Inventory (New),08/31/2025,"La Quinta, Anaheim CA",3361,34114/4,"La Quinta, Anaheim CA - Aug  material cost transferred from sps",,2154.83
AUGCOGS-34128,731,A50001 - Cost Of Goods Sold (New),977,,08/31/2025,Graniti Vicentia,1938,34128,Graniti Vicentia - Aug  material cost transferred from sps,70.97,
AUGCOGS-34128,731.5,,953,A12001 - Inventory (New),08/31/2025,Graniti Vicentia,1938,34128,Graniti Vicentia - Aug  material cost transferred from sps,,70.97
AUGCOGS-34212/3,732,A50001 - Cost Of Goods Sold (New),977,,08/31/2025,Watermark Commercial Contractors LLC,3398,34212/3,Watermark Commercial Contractors LLC - Aug  material cost transferred from sps,4652.37,
AUGCOGS-34212/3,732.5,,953,A12001 - Inventory (New),08/31/2025,Watermark Commercial Contractors LLC,3398,34212/3,Watermark Commercial Contractors LLC - Aug  material cost transferred from sps,,4652.37
AUGCOGS-34483/13,733,A50001 - Cost Of Goods Sold (New),977,,08/31/2025,Jaimin Patel,571,34483/13,Jaimin Patel - Aug  material cost transferred from sps,15892.35,
AUGCOGS-34483/13,733.5,,953,A12001 - Inventory (New),08/31/2025,Jaimin Patel,571,34483/13,Jaimin Patel - Aug  material cost transferred from sps,,15892.35
AUGCOGS-34520/7,734,A50001 - Cost Of Goods Sold (New),977,,08/31/2025,Kanti kusum Inc,576,34520/7,Kanti kusum Inc - Aug  material cost transferred from sps,6130.10,
AUGCOGS-34520/7,734.5,,953,A12001 - Inventory (New),08/31/2025,Kanti kusum Inc,576,34520/7,Kanti kusum Inc - Aug  material cost transferred from sps,,6130.10
AUGCOGS-34529,735,A50001 - Cost Of Goods Sold (New),977,,08/31/2025,Graniti Vicentia,1938,34529,Graniti Vicentia - Aug  material cost transferred from sps,116.50,
AUGCOGS-34529,735.5,,953,A12001 - Inventory (New),08/31/2025,Graniti Vicentia,1938,34529,Graniti Vicentia - Aug  material cost transferred from sps,,116.50
AUGCOGS-34753,736,A50001 - Cost Of Goods Sold (New),977,,08/31/2025,Graniti Vicentia,1938,34753,Graniti Vicentia - Aug  material cost transferred from sps,1250.00,
AUGCOGS-34753,736.5,,953,A12001 - Inventory (New),08/31/2025,Graniti Vicentia,1938,34753,Graniti Vicentia - Aug  material cost transferred from sps,,1250.00
AUGCOGS-34757/8,737,A50001 - Cost Of Goods Sold (New),977,,08/31/2025,"AAA Hotel Management, Inc.",3310,34757/8,"AAA Hotel Management, Inc. - Aug  material cost transferred from sps",5738.63,
AUGCOGS-34757/8,737.5,,953,A12001 - Inventory (New),08/31/2025,"AAA Hotel Management, Inc.",3310,34757/8,"AAA Hotel Management, Inc. - Aug  material cost transferred from sps",,5738.63
AUGCOGS-34758/6,738,A50001 - Cost Of Goods Sold (New),977,,08/31/2025,Graniti Vicentia,1938,34758/6,Graniti Vicentia - Aug  material cost transferred from sps,257.38,
AUGCOGS-34758/6,738.5,,953,A12001 - Inventory (New),08/31/2025,Graniti Vicentia,1938,34758/6,Graniti Vicentia - Aug  material cost transferred from sps,,257.38
AUGCOGS-34768,739,A50001 - Cost Of Goods Sold (New),977,,08/31/2025,Graniti Vicentia,1938,34768,Graniti Vicentia - Aug  material cost transferred from sps,0.00,
AUGCOGS-34768,739.5,,953,A12001 - Inventory (New),08/31/2025,Graniti Vicentia,1938,34768,Graniti Vicentia - Aug  material cost transferred from sps,,0.00
AUGCOGS-34769,740,A50001 - Cost Of Goods Sold (New),977,,08/31/2025,Graniti Vicentia,1938,34769,Graniti Vicentia - Aug  material cost transferred from sps,0.00,
AUGCOGS-34769,740.5,,953,A12001 - Inventory (New),08/31/2025,Graniti Vicentia,1938,34769,Graniti Vicentia - Aug  material cost transferred from sps,,0.00
AUGCOGS-34807/5,741,A50001 - Cost Of Goods Sold (New),977,,08/31/2025,La Quinta by Wyndham Dallas DFW Airport N,3357,34807/5,La Quinta by Wyndham Dallas DFW Airport N - Aug  material cost transferred from sps,269.66,
AUGCOGS-34807/5,741.5,,953,A12001 - Inventory (New),08/31/2025,La Quinta by Wyndham Dallas DFW Airport N,3357,34807/5,La Quinta by Wyndham Dallas DFW Airport N - Aug  material cost transferred from sps,,269.66
AUGCOGS-35001/2,742,A50001 - Cost Of Goods Sold (New),977,,08/31/2025,Graniti Vicentia,1938,35001/2,Graniti Vicentia - Aug  material cost transferred from sps,817.10,
AUGCOGS-35001/2,742.5,,953,A12001 - Inventory (New),08/31/2025,Graniti Vicentia,1938,35001/2,Graniti Vicentia - Aug  material cost transferred from sps,,817.10
AUGCOGS-35207/9,745,A50001 - Cost Of Goods Sold (New),977,,08/31/2025,LaQuinta Inn & Suites Oxford AL,2752,35207/9,LaQuinta Inn & Suites Oxford AL - Aug  material cost transferred from sps,727.48,
AUGCOGS-35207/9,745.5,,953,A12001 - Inventory (New),08/31/2025,LaQuinta Inn & Suites Oxford AL,2752,35207/9,LaQuinta Inn & Suites Oxford AL - Aug  material cost transferred from sps,,727.48
AUGCOGS-35250/6,746,A50001 - Cost Of Goods Sold (New),977,,08/31/2025,Graniti Vicentia,1938,35250/6,Graniti Vicentia - Aug  material cost transferred from sps,100.91,
AUGCOGS-35250/6,746.5,,953,A12001 - Inventory (New),08/31/2025,Graniti Vicentia,1938,35250/6,Graniti Vicentia - Aug  material cost transferred from sps,,100.91
AUGCOGS-35266/10,747,A50001 - Cost Of Goods Sold (New),977,,08/31/2025,Graniti Vicentia,1938,35266/10,Graniti Vicentia - Aug  material cost transferred from sps,780.53,
AUGCOGS-35266/10,747.5,,953,A12001 - Inventory (New),08/31/2025,Graniti Vicentia,1938,35266/10,Graniti Vicentia - Aug  material cost transferred from sps,,780.53
AUGCOGS-35266/11,748,A50001 - Cost Of Goods Sold (New),977,,08/31/2025,Graniti Vicentia,1938,35266/11,Graniti Vicentia - Aug  material cost transferred from sps,1291.07,
AUGCOGS-35266/11,748.5,,953,A12001 - Inventory (New),08/31/2025,Graniti Vicentia,1938,35266/11,Graniti Vicentia - Aug  material cost transferred from sps,,1291.07
AUGCOGS-35266/12,749,A50001 - Cost Of Goods Sold (New),977,,08/31/2025,Graniti Vicentia,1938,35266/12,Graniti Vicentia - Aug  material cost transferred from sps,5385.47,
AUGCOGS-35266/12,749.5,,953,A12001 - Inventory (New),08/31/2025,Graniti Vicentia,1938,35266/12,Graniti Vicentia - Aug  material cost transferred from sps,,5385.47
AUGCOGS-35266/13,750,A50001 - Cost Of Goods Sold (New),977,,08/31/2025,Graniti Vicentia,1938,35266/13,Graniti Vicentia - Aug  material cost transferred from sps,1750.06,
AUGCOGS-35266/13,750.5,,953,A12001 - Inventory (New),08/31/2025,Graniti Vicentia,1938,35266/13,Graniti Vicentia - Aug  material cost transferred from sps,,1750.06
AUGCOGS-35266/3,751,A50001 - Cost Of Goods Sold (New),977,,08/31/2025,Graniti Vicentia,1938,35266/3,Graniti Vicentia - Aug  material cost transferred from sps,23.63,
AUGCOGS-35266/3,751.5,,953,A12001 - Inventory (New),08/31/2025,Graniti Vicentia,1938,35266/3,Graniti Vicentia - Aug  material cost transferred from sps,,23.63
AUGCOGS-35266/8,752,A50001 - Cost Of Goods Sold (New),977,,08/31/2025,Graniti Vicentia,1938,35266/8,Graniti Vicentia - Aug  material cost transferred from sps,114.90,
AUGCOGS-35266/8,752.5,,953,A12001 - Inventory (New),08/31/2025,Graniti Vicentia,1938,35266/8,Graniti Vicentia - Aug  material cost transferred from sps,,114.90
AUGCOGS-35274/10,753,A50001 - Cost Of Goods Sold (New),977,,08/31/2025,Staybridge Suites c/o Ravi Designs,2606,35274/10,Staybridge Suites c/o Ravi Designs - Aug  material cost transferred from sps,1317.78,
AUGCOGS-35274/10,753.5,,953,A12001 - Inventory (New),08/31/2025,Staybridge Suites c/o Ravi Designs,2606,35274/10,Staybridge Suites c/o Ravi Designs - Aug  material cost transferred from sps,,1317.78
AUGCOGS-35363/4,754,A50001 - Cost Of Goods Sold (New),977,,08/31/2025,Watermark Commercial Contractors LLC,3398,35363/4,Watermark Commercial Contractors LLC - Aug  material cost transferred from sps,1775.18,
AUGCOGS-35363/4,754.5,,953,A12001 - Inventory (New),08/31/2025,Watermark Commercial Contractors LLC,3398,35363/4,Watermark Commercial Contractors LLC - Aug  material cost transferred from sps,,1775.18
AUGCOGS-35432/5,768,A50001 - Cost Of Goods Sold (New),977,,08/31/2025,"Jay Sun Hospitality LLC / La Quinta La Habra,CA",3351,35432/5,"Jay Sun Hospitality LLC / La Quinta La Habra,CA - Aug  material cost transferred from sps",56925.44,
AUGCOGS-35432/5,768.5,,953,A12001 - Inventory (New),08/31/2025,"Jay Sun Hospitality LLC / La Quinta La Habra,CA",3351,35432/5,"Jay Sun Hospitality LLC / La Quinta La Habra,CA - Aug  material cost transferred from sps",,56925.44
AUGCOGS-35434,769,A50001 - Cost Of Goods Sold (New),977,,08/31/2025,"Jay Sun Hospitality LLC / La Quinta La Habra,CA",3351,35434,"Jay Sun Hospitality LLC / La Quinta La Habra,CA - Aug  material cost transferred from sps",13138.81,
AUGCOGS-35434,769.5,,953,A12001 - Inventory (New),08/31/2025,"Jay Sun Hospitality LLC / La Quinta La Habra,CA",3351,35434,"Jay Sun Hospitality LLC / La Quinta La Habra,CA - Aug  material cost transferred from sps",,13138.81
AUGCOGS-35437/3,770,A50001 - Cost Of Goods Sold (New),977,,08/31/2025,"Jay Sun Hospitality LLC / La Quinta La Habra,CA",3351,35437/3,"Jay Sun Hospitality LLC / La Quinta La Habra,CA - Aug  material cost transferred from sps",722.39,
AUGCOGS-35437/3,770.5,,953,A12001 - Inventory (New),08/31/2025,"Jay Sun Hospitality LLC / La Quinta La Habra,CA",3351,35437/3,"Jay Sun Hospitality LLC / La Quinta La Habra,CA - Aug  material cost transferred from sps",,722.39
AUGCOGS-35440/7,771,A50001 - Cost Of Goods Sold (New),977,,08/31/2025,"Jay Sun Hospitality LLC / La Quinta La Habra,CA",3351,35440/7,"Jay Sun Hospitality LLC / La Quinta La Habra,CA - Aug  material cost transferred from sps",736.60,
AUGCOGS-35440/7,771.5,,953,A12001 - Inventory (New),08/31/2025,"Jay Sun Hospitality LLC / La Quinta La Habra,CA",3351,35440/7,"Jay Sun Hospitality LLC / La Quinta La Habra,CA - Aug  material cost transferred from sps",,736.60
AUGCOGS-35441/4,772,A50001 - Cost Of Goods Sold (New),977,,08/31/2025,"Jay Sun Hospitality LLC / La Quinta La Habra,CA",3351,35441/4,"Jay Sun Hospitality LLC / La Quinta La Habra,CA - Aug  material cost transferred from sps",36723.90,
AUGCOGS-35441/4,772.5,,953,A12001 - Inventory (New),08/31/2025,"Jay Sun Hospitality LLC / La Quinta La Habra,CA",3351,35441/4,"Jay Sun Hospitality LLC / La Quinta La Habra,CA - Aug  material cost transferred from sps",,36723.90
AUGCOGS-35441/6,773,A50001 - Cost Of Goods Sold (New),977,,08/31/2025,"Jay Sun Hospitality LLC / La Quinta La Habra,CA",3351,35441/6,"Jay Sun Hospitality LLC / La Quinta La Habra,CA - Aug  material cost transferred from sps",311.30,
AUGCOGS-35441/6,773.5,,953,A12001 - Inventory (New),08/31/2025,"Jay Sun Hospitality LLC / La Quinta La Habra,CA",3351,35441/6,"Jay Sun Hospitality LLC / La Quinta La Habra,CA - Aug  material cost transferred from sps",,311.30
AUGCOGS-35441/8,774,A50001 - Cost Of Goods Sold (New),977,,08/31/2025,"Jay Sun Hospitality LLC / La Quinta La Habra,CA",3351,35441/8,"Jay Sun Hospitality LLC / La Quinta La Habra,CA - Aug  material cost transferred from sps",1273.56,
AUGCOGS-35441/8,774.5,,953,A12001 - Inventory (New),08/31/2025,"Jay Sun Hospitality LLC / La Quinta La Habra,CA",3351,35441/8,"Jay Sun Hospitality LLC / La Quinta La Habra,CA - Aug  material cost transferred from sps",,1273.56
AUGCOGS-35444/3,775,A50001 - Cost Of Goods Sold (New),977,,08/31/2025,"Jay Sun Hospitality LLC / La Quinta La Habra,CA",3351,35444/3,"Jay Sun Hospitality LLC / La Quinta La Habra,CA - Aug  material cost transferred from sps",983.35,
AUGCOGS-35444/3,775.5,,953,A12001 - Inventory (New),08/31/2025,"Jay Sun Hospitality LLC / La Quinta La Habra,CA",3351,35444/3,"Jay Sun Hospitality LLC / La Quinta La Habra,CA - Aug  material cost transferred from sps",,983.35
AUGCOGS-35445/7,776,A50001 - Cost Of Goods Sold (New),977,,08/31/2025,"Jay Sun Hospitality LLC / La Quinta La Habra,CA",3351,35445/7,"Jay Sun Hospitality LLC / La Quinta La Habra,CA - Aug  material cost transferred from sps",107.53,
AUGCOGS-35445/7,776.5,,953,A12001 - Inventory (New),08/31/2025,"Jay Sun Hospitality LLC / La Quinta La Habra,CA",3351,35445/7,"Jay Sun Hospitality LLC / La Quinta La Habra,CA - Aug  material cost transferred from sps",,107.53
AUGCOGS-35446/4,777,A50001 - Cost Of Goods Sold (New),977,,08/31/2025,"Jay Sun Hospitality LLC / La Quinta La Habra,CA",3351,35446/4,"Jay Sun Hospitality LLC / La Quinta La Habra,CA - Aug  material cost transferred from sps",6808.96,
AUGCOGS-35446/4,777.5,,953,A12001 - Inventory (New),08/31/2025,"Jay Sun Hospitality LLC / La Quinta La Habra,CA",3351,35446/4,"Jay Sun Hospitality LLC / La Quinta La Habra,CA - Aug  material cost transferred from sps",,6808.96
AUGCOGS-35528/4,781,A50001 - Cost Of Goods Sold (New),977,,08/31/2025,Wingate Owensboro_KY,3400,35528/4,Wingate Owensboro_KY - Aug  material cost transferred from sps,1707.58,
AUGCOGS-35528/4,781.5,,953,A12001 - Inventory (New),08/31/2025,Wingate Owensboro_KY,3400,35528/4,Wingate Owensboro_KY - Aug  material cost transferred from sps,,1707.58
AUGCOGS-35529/8,782,A50001 - Cost Of Goods Sold (New),977,,08/31/2025,Wingate Owensboro_KY,3400,35529/8,Wingate Owensboro_KY - Aug  material cost transferred from sps,1262.01,
AUGCOGS-35529/8,782.5,,953,A12001 - Inventory (New),08/31/2025,Wingate Owensboro_KY,3400,35529/8,Wingate Owensboro_KY - Aug  material cost transferred from sps,,1262.01
AUGCOGS-35530/2,783,A50001 - Cost Of Goods Sold (New),977,,08/31/2025,Wingate Owensboro_KY,3400,35530/2,Wingate Owensboro_KY - Aug  material cost transferred from sps,30678.32,
AUGCOGS-35530/2,783.5,,953,A12001 - Inventory (New),08/31/2025,Wingate Owensboro_KY,3400,35530/2,Wingate Owensboro_KY - Aug  material cost transferred from sps,,30678.32
AUGCOGS-35533/2,784,A50001 - Cost Of Goods Sold (New),977,,08/31/2025,Wingate Owensboro_KY,3400,35533/2,Wingate Owensboro_KY - Aug  material cost transferred from sps,26.93,
AUGCOGS-35533/2,784.5,,953,A12001 - Inventory (New),08/31/2025,Wingate Owensboro_KY,3400,35533/2,Wingate Owensboro_KY - Aug  material cost transferred from sps,,26.93
AUGCOGS-35535/2,785,A50001 - Cost Of Goods Sold (New),977,,08/31/2025,Wingate Owensboro_KY,3400,35535/2,Wingate Owensboro_KY - Aug  material cost transferred from sps,60.52,
AUGCOGS-35535/2,785.5,,953,A12001 - Inventory (New),08/31/2025,Wingate Owensboro_KY,3400,35535/2,Wingate Owensboro_KY - Aug  material cost transferred from sps,,60.52
AUGCOGS-35538/4,786,A50001 - Cost Of Goods Sold (New),977,,08/31/2025,Wingate Owensboro_KY,3400,35538/4,Wingate Owensboro_KY - Aug  material cost transferred from sps,2102.98,
AUGCOGS-35538/4,786.5,,953,A12001 - Inventory (New),08/31/2025,Wingate Owensboro_KY,3400,35538/4,Wingate Owensboro_KY - Aug  material cost transferred from sps,,2102.98
AUGCOGS-35539/3,787,A50001 - Cost Of Goods Sold (New),977,,08/31/2025,Wingate Owensboro_KY,3400,35539/3,Wingate Owensboro_KY - Aug  material cost transferred from sps,9475.84,
AUGCOGS-35539/3,787.5,,953,A12001 - Inventory (New),08/31/2025,Wingate Owensboro_KY,3400,35539/3,Wingate Owensboro_KY - Aug  material cost transferred from sps,,9475.84
AUGCOGS-35540/2,788,A50001 - Cost Of Goods Sold (New),977,,08/31/2025,Wingate Owensboro_KY,3400,35540/2,Wingate Owensboro_KY - Aug  material cost transferred from sps,194.73,
AUGCOGS-35540/2,788.5,,953,A12001 - Inventory (New),08/31/2025,Wingate Owensboro_KY,3400,35540/2,Wingate Owensboro_KY - Aug  material cost transferred from sps,,194.73
AUGCOGS-35543/3,789,A50001 - Cost Of Goods Sold (New),977,,08/31/2025,Wingate Owensboro_KY,3400,35543/3,Wingate Owensboro_KY - Aug  material cost transferred from sps,4614.64,
AUGCOGS-35543/3,789.5,,953,A12001 - Inventory (New),08/31/2025,Wingate Owensboro_KY,3400,35543/3,Wingate Owensboro_KY - Aug  material cost transferred from sps,,4614.64
AUGCOGS-35545/2,790,A50001 - Cost Of Goods Sold (New),977,,08/31/2025,Wingate Owensboro_KY,3400,35545/2,Wingate Owensboro_KY - Aug  material cost transferred from sps,401.56,
AUGCOGS-35545/2,790.5,,953,A12001 - Inventory (New),08/31/2025,Wingate Owensboro_KY,3400,35545/2,Wingate Owensboro_KY - Aug  material cost transferred from sps,,401.56
AUGCOGS-35546/9,791,A50001 - Cost Of Goods Sold (New),977,,08/31/2025,Wingate Owensboro_KY,3400,35546/9,Wingate Owensboro_KY - Aug  material cost transferred from sps,2133.64,
AUGCOGS-35546/9,791.5,,953,A12001 - Inventory (New),08/31/2025,Wingate Owensboro_KY,3400,35546/9,Wingate Owensboro_KY - Aug  material cost transferred from sps,,2133.64
AUGCOGS-35606/3,792,A50001 - Cost Of Goods Sold (New),977,,08/31/2025,Ascent Hospitality Element Carmel Indiana,3314,35606/3,Ascent Hospitality Element Carmel Indiana - Aug  material cost transferred from sps,1644.67,
AUGCOGS-35606/3,792.5,,953,A12001 - Inventory (New),08/31/2025,Ascent Hospitality Element Carmel Indiana,3314,35606/3,Ascent Hospitality Element Carmel Indiana - Aug  material cost transferred from sps,,1644.67
AUGCOGS-35784/3,793,A50001 - Cost Of Goods Sold (New),977,,08/31/2025,Stay Bridge - Manteca - CA - Aman Dhillon,3389,35784/3,Stay Bridge - Manteca - CA - Aman Dhillon - Aug  material cost transferred from sps,75070.29,
AUGCOGS-35784/3,793.5,,953,A12001 - Inventory (New),08/31/2025,Stay Bridge - Manteca - CA - Aman Dhillon,3389,35784/3,Stay Bridge - Manteca - CA - Aman Dhillon - Aug  material cost transferred from sps,,75070.29
AUGCOGS-35794/2,794,A50001 - Cost Of Goods Sold (New),977,,08/31/2025,Fairfield Townplace East Hartford,3335,35794/2,Fairfield Townplace East Hartford - Aug  material cost transferred from sps,35680.89,
AUGCOGS-35794/2,794.5,,953,A12001 - Inventory (New),08/31/2025,Fairfield Townplace East Hartford,3335,35794/2,Fairfield Townplace East Hartford - Aug  material cost transferred from sps,,35680.89
AUGCOGS-35795/3,795,A50001 - Cost Of Goods Sold (New),977,,08/31/2025,Fairfield Townplace East Hartford,3335,35795/3,Fairfield Townplace East Hartford - Aug  material cost transferred from sps,61497.40,
AUGCOGS-35795/3,795.5,,953,A12001 - Inventory (New),08/31/2025,Fairfield Townplace East Hartford,3335,35795/3,Fairfield Townplace East Hartford - Aug  material cost transferred from sps,,61497.40
AUGCOGS-35796/3,796,A50001 - Cost Of Goods Sold (New),977,,08/31/2025,Fairfield Townplace East Hartford,3335,35796/3,Fairfield Townplace East Hartford - Aug  material cost transferred from sps,43443.41,
AUGCOGS-35796/3,796.5,,953,A12001 - Inventory (New),08/31/2025,Fairfield Townplace East Hartford,3335,35796/3,Fairfield Townplace East Hartford - Aug  material cost transferred from sps,,43443.41
AUGCOGS-35797,797,A50001 - Cost Of Goods Sold (New),977,,08/31/2025,Fairfield Townplace East Hartford,3335,35797,Fairfield Townplace East Hartford - Aug  material cost transferred from sps,33515.83,
AUGCOGS-35797,797.5,,953,A12001 - Inventory (New),08/31/2025,Fairfield Townplace East Hartford,3335,35797,Fairfield Townplace East Hartford - Aug  material cost transferred from sps,,33515.83
AUGCOGS-35799,798,A50001 - Cost Of Goods Sold (New),977,,08/31/2025,Fairfield Townplace East Hartford,3335,35799,Fairfield Townplace East Hartford - Aug  material cost transferred from sps,67.18,
AUGCOGS-35799,798.5,,953,A12001 - Inventory (New),08/31/2025,Fairfield Townplace East Hartford,3335,35799,Fairfield Townplace East Hartford - Aug  material cost transferred from sps,,67.18
AUGCOGS-35799/4,799,A50001 - Cost Of Goods Sold (New),977,,08/31/2025,Fairfield Townplace East Hartford,3335,35799/4,Fairfield Townplace East Hartford - Aug  material cost transferred from sps,24846.26,
AUGCOGS-35799/4,799.5,,953,A12001 - Inventory (New),08/31/2025,Fairfield Townplace East Hartford,3335,35799/4,Fairfield Townplace East Hartford - Aug  material cost transferred from sps,,24846.26
AUGCOGS-35800/3,800,A50001 - Cost Of Goods Sold (New),977,,08/31/2025,Fairfield Townplace East Hartford,3335,35800/3,Fairfield Townplace East Hartford - Aug  material cost transferred from sps,9518.54,
AUGCOGS-35800/3,800.5,,953,A12001 - Inventory (New),08/31/2025,Fairfield Townplace East Hartford,3335,35800/3,Fairfield Townplace East Hartford - Aug  material cost transferred from sps,,9518.54
AUGCOGS-35806,801,A50001 - Cost Of Goods Sold (New),977,,08/31/2025,Fairfield Townplace East Hartford,3335,35806,Fairfield Townplace East Hartford - Aug  material cost transferred from sps,2552.02,
AUGCOGS-35806,801.5,,953,A12001 - Inventory (New),08/31/2025,Fairfield Townplace East Hartford,3335,35806,Fairfield Townplace East Hartford - Aug  material cost transferred from sps,,2552.02
AUGCOGS-35807/2,802,A50001 - Cost Of Goods Sold (New),977,,08/31/2025,Fairfield Townplace East Hartford,3335,35807/2,Fairfield Townplace East Hartford - Aug  material cost transferred from sps,65043.58,
AUGCOGS-35807/2,802.5,,953,A12001 - Inventory (New),08/31/2025,Fairfield Townplace East Hartford,3335,35807/2,Fairfield Townplace East Hartford - Aug  material cost transferred from sps,,65043.58
AUGCOGS-35808/2,803,A50001 - Cost Of Goods Sold (New),977,,08/31/2025,Fairfield Townplace East Hartford,3335,35808/2,Fairfield Townplace East Hartford - Aug  material cost transferred from sps,16288.49,
AUGCOGS-35808/2,803.5,,953,A12001 - Inventory (New),08/31/2025,Fairfield Townplace East Hartford,3335,35808/2,Fairfield Townplace East Hartford - Aug  material cost transferred from sps,,16288.49
AUGCOGS-35811,804,A50001 - Cost Of Goods Sold (New),977,,08/31/2025,Fairfield Townplace East Hartford,3335,35811,Fairfield Townplace East Hartford - Aug  material cost transferred from sps,48009.67,
AUGCOGS-35811,804.5,,953,A12001 - Inventory (New),08/31/2025,Fairfield Townplace East Hartford,3335,35811,Fairfield Townplace East Hartford - Aug  material cost transferred from sps,,48009.67
AUGCOGS-35812/2,805,A50001 - Cost Of Goods Sold (New),977,,08/31/2025,Fairfield Townplace East Hartford,3335,35812/2,Fairfield Townplace East Hartford - Aug  material cost transferred from sps,14483.45,
AUGCOGS-35812/2,805.5,,953,A12001 - Inventory (New),08/31/2025,Fairfield Townplace East Hartford,3335,35812/2,Fairfield Townplace East Hartford - Aug  material cost transferred from sps,,14483.45
AUGCOGS-35870/5,806,A50001 - Cost Of Goods Sold (New),977,,08/31/2025,Two one two,3397,35870/5,Two one two - Aug  material cost transferred from sps,64.52,
AUGCOGS-35870/5,806.5,,953,A12001 - Inventory (New),08/31/2025,Two one two,3397,35870/5,Two one two - Aug  material cost transferred from sps,,64.52
AUGCOGS-36072/6,807,A50001 - Cost Of Goods Sold (New),977,,08/31/2025,Urban Atelier Group LLC,714,36072/6,Urban Atelier Group LLC - Aug  material cost transferred from sps,157258.52,
AUGCOGS-36072/6,807.5,,953,A12001 - Inventory (New),08/31/2025,Urban Atelier Group LLC,714,36072/6,Urban Atelier Group LLC - Aug  material cost transferred from sps,,157258.52
AUGCOGS-36155/2,809,A50001 - Cost Of Goods Sold (New),977,,08/31/2025,Graniti Vicentia,1938,36155/2,Graniti Vicentia - Aug  material cost transferred from sps,2496.78,
AUGCOGS-36155/2,809.5,,953,A12001 - Inventory (New),08/31/2025,Graniti Vicentia,1938,36155/2,Graniti Vicentia - Aug  material cost transferred from sps,,2496.78
AUGCOGS-36158/2,810,A50001 - Cost Of Goods Sold (New),977,,08/31/2025,Graniti Vicentia,1938,36158/2,Graniti Vicentia - Aug  material cost transferred from sps,7588.75,
AUGCOGS-36158/2,810.5,,953,A12001 - Inventory (New),08/31/2025,Graniti Vicentia,1938,36158/2,Graniti Vicentia - Aug  material cost transferred from sps,,7588.75
AUGCOGS-36159/5,811,A50001 - Cost Of Goods Sold (New),977,,08/31/2025,Graniti Vicentia,1938,36159/5,Graniti Vicentia - Aug  material cost transferred from sps,1132.70,
AUGCOGS-36159/5,811.5,,953,A12001 - Inventory (New),08/31/2025,Graniti Vicentia,1938,36159/5,Graniti Vicentia - Aug  material cost transferred from sps,,1132.70
AUGCOGS-36160/2,812,A50001 - Cost Of Goods Sold (New),977,,08/31/2025,Graniti Vicentia,1938,36160/2,Graniti Vicentia - Aug  material cost transferred from sps,1649.39,
AUGCOGS-36160/2,812.5,,953,A12001 - Inventory (New),08/31/2025,Graniti Vicentia,1938,36160/2,Graniti Vicentia - Aug  material cost transferred from sps,,1649.39
AUGCOGS-36196,814,A50001 - Cost Of Goods Sold (New),977,,08/31/2025,Graniti Vicentia,1938,36196,Graniti Vicentia - Aug  material cost transferred from sps,777.87,
AUGCOGS-36196,814.5,,953,A12001 - Inventory (New),08/31/2025,Graniti Vicentia,1938,36196,Graniti Vicentia - Aug  material cost transferred from sps,,777.87
AUGCOGS-36303,816,A50001 - Cost Of Goods Sold (New),977,,08/31/2025,Graniti Vicentia,1938,36303,Graniti Vicentia - Aug  material cost transferred from sps,717.43,
AUGCOGS-36303,816.5,,953,A12001 - Inventory (New),08/31/2025,Graniti Vicentia,1938,36303,Graniti Vicentia - Aug  material cost transferred from sps,,717.43
AUGCOGS-36318/2,817,A50001 - Cost Of Goods Sold (New),977,,08/31/2025,LA QUINTA SHONTO AZ,3360,36318/2,LA QUINTA SHONTO AZ - Aug  material cost transferred from sps,2613.14,
AUGCOGS-36318/2,817.5,,953,A12001 - Inventory (New),08/31/2025,LA QUINTA SHONTO AZ,3360,36318/2,LA QUINTA SHONTO AZ - Aug  material cost transferred from sps,,2613.14
AUGCOGS-36442/2,818,A50001 - Cost Of Goods Sold (New),977,,08/31/2025,Graniti Vicentia,1938,36442/2,Graniti Vicentia - Aug  material cost transferred from sps,1591.49,
AUGCOGS-36442/2,818.5,,953,A12001 - Inventory (New),08/31/2025,Graniti Vicentia,1938,36442/2,Graniti Vicentia - Aug  material cost transferred from sps,,1591.49
AUGCOGS-36477,819,A50001 - Cost Of Goods Sold (New),977,,08/31/2025,Graniti Vicentia,1938,36477,Graniti Vicentia - Aug  material cost transferred from sps,380.63,
AUGCOGS-36477,819.5,,953,A12001 - Inventory (New),08/31/2025,Graniti Vicentia,1938,36477,Graniti Vicentia - Aug  material cost transferred from sps,,380.63
AUGCOGS-36478,820,A50001 - Cost Of Goods Sold (New),977,,08/31/2025,Graniti Vicentia,1938,36478,Graniti Vicentia - Aug  material cost transferred from sps,901.98,
AUGCOGS-36478,820.5,,953,A12001 - Inventory (New),08/31/2025,Graniti Vicentia,1938,36478,Graniti Vicentia - Aug  material cost transferred from sps,,901.98
AUGCOGS-36479,821,A50001 - Cost Of Goods Sold (New),977,,08/31/2025,Graniti Vicentia,1938,36479,Graniti Vicentia - Aug  material cost transferred from sps,259.63,
AUGCOGS-36479,821.5,,953,A12001 - Inventory (New),08/31/2025,Graniti Vicentia,1938,36479,Graniti Vicentia - Aug  material cost transferred from sps,,259.63
AUGCOGS-36509,822,A50001 - Cost Of Goods Sold (New),977,,08/31/2025,Graniti Vicentia,1938,36509,Graniti Vicentia - Aug  material cost transferred from sps,1505.97,
AUGCOGS-36509,822.5,,953,A12001 - Inventory (New),08/31/2025,Graniti Vicentia,1938,36509,Graniti Vicentia - Aug  material cost transferred from sps,,1505.97
AUGCOGS-36628,823,A50001 - Cost Of Goods Sold (New),977,,08/31/2025,Graniti Vicentia,1938,36628,Graniti Vicentia - Aug  material cost transferred from sps,795.49,
AUGCOGS-36628,823.5,,953,A12001 - Inventory (New),08/31/2025,Graniti Vicentia,1938,36628,Graniti Vicentia - Aug  material cost transferred from sps,,795.49
AUGCOGS-36643,824,A50001 - Cost Of Goods Sold (New),977,,08/31/2025,"Jay Sun Hospitality LLC / La Quinta La Habra,CA",3351,36643,"Jay Sun Hospitality LLC / La Quinta La Habra,CA - Aug  material cost transferred from sps",415.80,
AUGCOGS-36643,824.5,,953,A12001 - Inventory (New),08/31/2025,"Jay Sun Hospitality LLC / La Quinta La Habra,CA",3351,36643,"Jay Sun Hospitality LLC / La Quinta La Habra,CA - Aug  material cost transferred from sps",,415.80
AUGCOGS-36647/2,825,A50001 - Cost Of Goods Sold (New),977,,08/31/2025,SUPREME BRIGHT ATLANTIC CITY LLC (TRIBUTE SEAHAUS),3393,36647/2,SUPREME BRIGHT ATLANTIC CITY LLC (TRIBUTE SEAHAUS) - Aug  material cost transferred from sps,414.79,
AUGCOGS-36647/2,825.5,,953,A12001 - Inventory (New),08/31/2025,SUPREME BRIGHT ATLANTIC CITY LLC (TRIBUTE SEAHAUS),3393,36647/2,SUPREME BRIGHT ATLANTIC CITY LLC (TRIBUTE SEAHAUS) - Aug  material cost transferred from sps,,414.79
AUGCOGS-36649/2,827,A50001 - Cost Of Goods Sold (New),977,,08/31/2025,SUPREME BRIGHT ATLANTIC CITY LLC (TRIBUTE SEAHAUS),3393,36649/2,SUPREME BRIGHT ATLANTIC CITY LLC (TRIBUTE SEAHAUS) - Aug  material cost transferred from sps,52.22,
AUGCOGS-36649/2,827.5,,953,A12001 - Inventory (New),08/31/2025,SUPREME BRIGHT ATLANTIC CITY LLC (TRIBUTE SEAHAUS),3393,36649/2,SUPREME BRIGHT ATLANTIC CITY LLC (TRIBUTE SEAHAUS) - Aug  material cost transferred from sps,,52.22
AUGCOGS-36718/3,828,A50001 - Cost Of Goods Sold (New),977,,08/31/2025,"ELEMENT FORTSMITH, ARKANSAS",3330,36718/3,"ELEMENT FORTSMITH, ARKANSAS - Aug  material cost transferred from sps",12788.68,
AUGCOGS-36718/3,828.5,,953,A12001 - Inventory (New),08/31/2025,"ELEMENT FORTSMITH, ARKANSAS",3330,36718/3,"ELEMENT FORTSMITH, ARKANSAS - Aug  material cost transferred from sps",,12788.68
AUGCOGS-36849/12,829,A50001 - Cost Of Goods Sold (New),977,,08/31/2025,Imagine Porcelain Co. IPC.,567,36849/12,Imagine Porcelain Co. IPC. - Aug  material cost transferred from sps,3178.71,
AUGCOGS-36849/12,829.5,,953,A12001 - Inventory (New),08/31/2025,Imagine Porcelain Co. IPC.,567,36849/12,Imagine Porcelain Co. IPC. - Aug  material cost transferred from sps,,3178.71
AUGCOGS-36928,830,A50001 - Cost Of Goods Sold (New),977,,08/31/2025,Graniti Vicentia,1938,36928,Graniti Vicentia - Aug  material cost transferred from sps,1135.30,
AUGCOGS-36928,830.5,,953,A12001 - Inventory (New),08/31/2025,Graniti Vicentia,1938,36928,Graniti Vicentia - Aug  material cost transferred from sps,,1135.30
AUGCOGS-37255/4,832,A50001 - Cost Of Goods Sold (New),977,,08/31/2025,AFP 108 Corp.,2601,37255/4,AFP 108 Corp. - Aug  material cost transferred from sps,0.00,
AUGCOGS-37255/4,832.5,,953,A12001 - Inventory (New),08/31/2025,AFP 108 Corp.,2601,37255/4,AFP 108 Corp. - Aug  material cost transferred from sps,,0.00
AUGCOGS-37260/21,833,A50001 - Cost Of Goods Sold (New),977,,08/31/2025,"La Quinta Hawthorn - Miamisburg, OH",3358,37260/21,"La Quinta Hawthorn - Miamisburg, OH - Aug  material cost transferred from sps",22068.91,
AUGCOGS-37260/21,833.5,,953,A12001 - Inventory (New),08/31/2025,"La Quinta Hawthorn - Miamisburg, OH",3358,37260/21,"La Quinta Hawthorn - Miamisburg, OH - Aug  material cost transferred from sps",,22068.91
AUGCOGS-37316/2,834,A50001 - Cost Of Goods Sold (New),977,,08/31/2025,Graniti Vicentia,1938,37316/2,Graniti Vicentia - Aug  material cost transferred from sps,96.39,
AUGCOGS-37316/2,834.5,,953,A12001 - Inventory (New),08/31/2025,Graniti Vicentia,1938,37316/2,Graniti Vicentia - Aug  material cost transferred from sps,,96.39
AUGCOGS-37316/3,835,A50001 - Cost Of Goods Sold (New),977,,08/31/2025,Graniti Vicentia,1938,37316/3,Graniti Vicentia - Aug  material cost transferred from sps,86.13,
AUGCOGS-37316/3,835.5,,953,A12001 - Inventory (New),08/31/2025,Graniti Vicentia,1938,37316/3,Graniti Vicentia - Aug  material cost transferred from sps,,86.13
AUGCOGS-37316/5,836,A50001 - Cost Of Goods Sold (New),977,,08/31/2025,Graniti Vicentia,1938,37316/5,Graniti Vicentia - Aug  material cost transferred from sps,1298.85,
AUGCOGS-37316/5,836.5,,953,A12001 - Inventory (New),08/31/2025,Graniti Vicentia,1938,37316/5,Graniti Vicentia - Aug  material cost transferred from sps,,1298.85
AUGCOGS-37316/6,837,A50001 - Cost Of Goods Sold (New),977,,08/31/2025,Graniti Vicentia,1938,37316/6,Graniti Vicentia - Aug  material cost transferred from sps,11044.39,
AUGCOGS-37316/6,837.5,,953,A12001 - Inventory (New),08/31/2025,Graniti Vicentia,1938,37316/6,Graniti Vicentia - Aug  material cost transferred from sps,,11044.39
AUGCOGS-37354,838,A50001 - Cost Of Goods Sold (New),977,,08/31/2025,Goodall Distributors,544,37354,Goodall Distributors - Aug  material cost transferred from sps,11959.51,
AUGCOGS-37354,838.5,,953,A12001 - Inventory (New),08/31/2025,Goodall Distributors,544,37354,Goodall Distributors - Aug  material cost transferred from sps,,11959.51
AUGCOGS-37365/2,839,A50001 - Cost Of Goods Sold (New),977,,08/31/2025,Stay Bridge - Manteca - CA - Aman Dhillon,3389,37365/2,Stay Bridge - Manteca - CA - Aman Dhillon - Aug  material cost transferred from sps,7484.56,
AUGCOGS-37365/2,839.5,,953,A12001 - Inventory (New),08/31/2025,Stay Bridge - Manteca - CA - Aman Dhillon,3389,37365/2,Stay Bridge - Manteca - CA - Aman Dhillon - Aug  material cost transferred from sps,,7484.56
AUGCOGS-37418/10,840,A50001 - Cost Of Goods Sold (New),977,,08/31/2025,"Jay Sun Hospitality LLC / La Quinta La Habra,CA",3351,37418/10,"Jay Sun Hospitality LLC / La Quinta La Habra,CA - Aug  material cost transferred from sps",1490.45,
AUGCOGS-37418/10,840.5,,953,A12001 - Inventory (New),08/31/2025,"Jay Sun Hospitality LLC / La Quinta La Habra,CA",3351,37418/10,"Jay Sun Hospitality LLC / La Quinta La Habra,CA - Aug  material cost transferred from sps",,1490.45
AUGCOGS-37625,841,A50001 - Cost Of Goods Sold (New),977,,08/31/2025,"Brighter Vision Group, LP",3321,37625,"Brighter Vision Group, LP - Aug  material cost transferred from sps",1372.27,
AUGCOGS-37625,841.5,,953,A12001 - Inventory (New),08/31/2025,"Brighter Vision Group, LP",3321,37625,"Brighter Vision Group, LP - Aug  material cost transferred from sps",,1372.27
AUGCOGS-37625/2,842,A50001 - Cost Of Goods Sold (New),977,,08/31/2025,"Brighter Vision Group, LP",3321,37625/2,"Brighter Vision Group, LP - Aug  material cost transferred from sps",2243.17,
AUGCOGS-37625/2,842.5,,953,A12001 - Inventory (New),08/31/2025,"Brighter Vision Group, LP",3321,37625/2,"Brighter Vision Group, LP - Aug  material cost transferred from sps",,2243.17
AUGCOGS-37644,843,A50001 - Cost Of Goods Sold (New),977,,08/31/2025,"Brighter Vision Group, LP",3321,37644,"Brighter Vision Group, LP - Aug  material cost transferred from sps",5535.37,
AUGCOGS-37644,843.5,,953,A12001 - Inventory (New),08/31/2025,"Brighter Vision Group, LP",3321,37644,"Brighter Vision Group, LP - Aug  material cost transferred from sps",,5535.37
AUGCOGS-37644/2,844,A50001 - Cost Of Goods Sold (New),977,,08/31/2025,"Brighter Vision Group, LP",3321,37644/2,"Brighter Vision Group, LP - Aug  material cost transferred from sps",1598.20,
AUGCOGS-37644/2,844.5,,953,A12001 - Inventory (New),08/31/2025,"Brighter Vision Group, LP",3321,37644/2,"Brighter Vision Group, LP - Aug  material cost transferred from sps",,1598.20
AUGCOGS-37644/3,845,A50001 - Cost Of Goods Sold (New),977,,08/31/2025,"Brighter Vision Group, LP",3321,37644/3,"Brighter Vision Group, LP - Aug  material cost transferred from sps",5443.35,
AUGCOGS-37644/3,845.5,,953,A12001 - Inventory (New),08/31/2025,"Brighter Vision Group, LP",3321,37644/3,"Brighter Vision Group, LP - Aug  material cost transferred from sps",,5443.35
AUGCOGS-37903,854,A50001 - Cost Of Goods Sold (New),977,,08/31/2025,"Las Vegas Resort Holdings, LLC",3368,37903,"Las Vegas Resort Holdings, LLC - Aug  material cost transferred from sps",1271.00,
AUGCOGS-37903,854.5,,953,A12001 - Inventory (New),08/31/2025,"Las Vegas Resort Holdings, LLC",3368,37903,"Las Vegas Resort Holdings, LLC - Aug  material cost transferred from sps",,1271.00
AUGCOGS-37904/4,855,A50001 - Cost Of Goods Sold (New),977,,08/31/2025,"Las Vegas Resort Holdings, LLC",3368,37904/4,"Las Vegas Resort Holdings, LLC - Aug  material cost transferred from sps",26266.22,
AUGCOGS-37904/4,855.5,,953,A12001 - Inventory (New),08/31/2025,"Las Vegas Resort Holdings, LLC",3368,37904/4,"Las Vegas Resort Holdings, LLC - Aug  material cost transferred from sps",,26266.22
AUGCOGS-37953/2,856,A50001 - Cost Of Goods Sold (New),977,,08/31/2025,Monsoon Flower LLC,1720,37953/2,Monsoon Flower LLC - Aug  material cost transferred from sps,20486.20,
AUGCOGS-37953/2,856.5,,953,A12001 - Inventory (New),08/31/2025,Monsoon Flower LLC,1720,37953/2,Monsoon Flower LLC - Aug  material cost transferred from sps,,20486.20
AUGCOGS-37955/2,857,A50001 - Cost Of Goods Sold (New),977,,08/31/2025,Monsoon Flower LLC,1720,37955/2,Monsoon Flower LLC - Aug  material cost transferred from sps,18012.85,
AUGCOGS-37955/2,857.5,,953,A12001 - Inventory (New),08/31/2025,Monsoon Flower LLC,1720,37955/2,Monsoon Flower LLC - Aug  material cost transferred from sps,,18012.85
AUGCOGS-37955/4,858,A50001 - Cost Of Goods Sold (New),977,,08/31/2025,Monsoon Flower LLC,1720,37955/4,Monsoon Flower LLC - Aug  material cost transferred from sps,2812.53,
AUGCOGS-37955/4,858.5,,953,A12001 - Inventory (New),08/31/2025,Monsoon Flower LLC,1720,37955/4,Monsoon Flower LLC - Aug  material cost transferred from sps,,2812.53
AUGCOGS-37957/4,859,A50001 - Cost Of Goods Sold (New),977,,08/31/2025,Monsoon Flower LLC,1720,37957/4,Monsoon Flower LLC - Aug  material cost transferred from sps,9430.80,
AUGCOGS-37957/4,859.5,,953,A12001 - Inventory (New),08/31/2025,Monsoon Flower LLC,1720,37957/4,Monsoon Flower LLC - Aug  material cost transferred from sps,,9430.80
AUGCOGS-37958/5,860,A50001 - Cost Of Goods Sold (New),977,,08/31/2025,Monsoon Flower LLC,1720,37958/5,Monsoon Flower LLC - Aug  material cost transferred from sps,582.41,
AUGCOGS-37958/5,860.5,,953,A12001 - Inventory (New),08/31/2025,Monsoon Flower LLC,1720,37958/5,Monsoon Flower LLC - Aug  material cost transferred from sps,,582.41
AUGCOGS-37958/6,861,A50001 - Cost Of Goods Sold (New),977,,08/31/2025,Monsoon Flower LLC,1720,37958/6,Monsoon Flower LLC - Aug  material cost transferred from sps,32776.41,
AUGCOGS-37958/6,861.5,,953,A12001 - Inventory (New),08/31/2025,Monsoon Flower LLC,1720,37958/6,Monsoon Flower LLC - Aug  material cost transferred from sps,,32776.41
AUGCOGS-37959/3,862,A50001 - Cost Of Goods Sold (New),977,,08/31/2025,Monsoon Flower LLC,1720,37959/3,Monsoon Flower LLC - Aug  material cost transferred from sps,5357.08,
AUGCOGS-37959/3,862.5,,953,A12001 - Inventory (New),08/31/2025,Monsoon Flower LLC,1720,37959/3,Monsoon Flower LLC - Aug  material cost transferred from sps,,5357.08
AUGCOGS-37960/3,863,A50001 - Cost Of Goods Sold (New),977,,08/31/2025,Monsoon Flower LLC,1720,37960/3,Monsoon Flower LLC - Aug  material cost transferred from sps,32412.60,
AUGCOGS-37960/3,863.5,,953,A12001 - Inventory (New),08/31/2025,Monsoon Flower LLC,1720,37960/3,Monsoon Flower LLC - Aug  material cost transferred from sps,,32412.60
AUGCOGS-37961/5,864,A50001 - Cost Of Goods Sold (New),977,,08/31/2025,Monsoon Flower LLC,1720,37961/5,Monsoon Flower LLC - Aug  material cost transferred from sps,3248.05,
AUGCOGS-37961/5,864.5,,953,A12001 - Inventory (New),08/31/2025,Monsoon Flower LLC,1720,37961/5,Monsoon Flower LLC - Aug  material cost transferred from sps,,3248.05
AUGCOGS-38055,866,A50001 - Cost Of Goods Sold (New),977,,08/31/2025,Graniti Vicentia,1938,38055,Graniti Vicentia - Aug  material cost transferred from sps,856.97,
AUGCOGS-38055,866.5,,953,A12001 - Inventory (New),08/31/2025,Graniti Vicentia,1938,38055,Graniti Vicentia - Aug  material cost transferred from sps,,856.97
AUGCOGS-38132/3,867,A50001 - Cost Of Goods Sold (New),977,,08/31/2025,"Pitt-Cran Hospitality, LLC/ Wingate Cranberry",3377,38132/3,"Pitt-Cran Hospitality, LLC/ Wingate Cranberry - Aug  material cost transferred from sps",2164.93,
AUGCOGS-38132/3,867.5,,953,A12001 - Inventory (New),08/31/2025,"Pitt-Cran Hospitality, LLC/ Wingate Cranberry",3377,38132/3,"Pitt-Cran Hospitality, LLC/ Wingate Cranberry - Aug  material cost transferred from sps",,2164.93
AUGCOGS-38172,868,A50001 - Cost Of Goods Sold (New),977,,08/31/2025,Graniti Vicentia,1938,38172,Graniti Vicentia - Aug  material cost transferred from sps,340.38,
AUGCOGS-38172,868.5,,953,A12001 - Inventory (New),08/31/2025,Graniti Vicentia,1938,38172,Graniti Vicentia - Aug  material cost transferred from sps,,340.38
AUGCOGS-38172/2,869,A50001 - Cost Of Goods Sold (New),977,,08/31/2025,Graniti Vicentia,1938,38172/2,Graniti Vicentia - Aug  material cost transferred from sps,2000.02,
AUGCOGS-38172/2,869.5,,953,A12001 - Inventory (New),08/31/2025,Graniti Vicentia,1938,38172/2,Graniti Vicentia - Aug  material cost transferred from sps,,2000.02
AUGCOGS-38172/4,870,A50001 - Cost Of Goods Sold (New),977,,08/31/2025,Graniti Vicentia,1938,38172/4,Graniti Vicentia - Aug  material cost transferred from sps,10958.02,
AUGCOGS-38172/4,870.5,,953,A12001 - Inventory (New),08/31/2025,Graniti Vicentia,1938,38172/4,Graniti Vicentia - Aug  material cost transferred from sps,,10958.02
AUGCOGS-38172/6,871,A50001 - Cost Of Goods Sold (New),977,,08/31/2025,Graniti Vicentia,1938,38172/6,Graniti Vicentia - Aug  material cost transferred from sps,1150.77,
AUGCOGS-38172/6,871.5,,953,A12001 - Inventory (New),08/31/2025,Graniti Vicentia,1938,38172/6,Graniti Vicentia - Aug  material cost transferred from sps,,1150.77
AUGCOGS-38172/7,872,A50001 - Cost Of Goods Sold (New),977,,08/31/2025,Graniti Vicentia,1938,38172/7,Graniti Vicentia - Aug  material cost transferred from sps,5072.97,
AUGCOGS-38172/7,872.5,,953,A12001 - Inventory (New),08/31/2025,Graniti Vicentia,1938,38172/7,Graniti Vicentia - Aug  material cost transferred from sps,,5072.97
AUGCOGS-38220/2,874,A50001 - Cost Of Goods Sold (New),977,,08/31/2025,Graniti Vicentia,1938,38220/2,Graniti Vicentia - Aug  material cost transferred from sps,409.26,
AUGCOGS-38220/2,874.5,,953,A12001 - Inventory (New),08/31/2025,Graniti Vicentia,1938,38220/2,Graniti Vicentia - Aug  material cost transferred from sps,,409.26
AUGCOGS-38221/2,875,A50001 - Cost Of Goods Sold (New),977,,08/31/2025,Graniti Vicentia,1938,38221/2,Graniti Vicentia - Aug  material cost transferred from sps,385.99,
AUGCOGS-38221/2,875.5,,953,A12001 - Inventory (New),08/31/2025,Graniti Vicentia,1938,38221/2,Graniti Vicentia - Aug  material cost transferred from sps,,385.99
AUGCOGS-38222/2,876,A50001 - Cost Of Goods Sold (New),977,,08/31/2025,Graniti Vicentia,1938,38222/2,Graniti Vicentia - Aug  material cost transferred from sps,1307.55,
AUGCOGS-38222/2,876.5,,953,A12001 - Inventory (New),08/31/2025,Graniti Vicentia,1938,38222/2,Graniti Vicentia - Aug  material cost transferred from sps,,1307.55
AUGCOGS-38222/3,877,A50001 - Cost Of Goods Sold (New),977,,08/31/2025,Graniti Vicentia,1938,38222/3,Graniti Vicentia - Aug  material cost transferred from sps,460.86,
AUGCOGS-38222/3,877.5,,953,A12001 - Inventory (New),08/31/2025,Graniti Vicentia,1938,38222/3,Graniti Vicentia - Aug  material cost transferred from sps,,460.86
AUGCOGS-38248/3,878,A50001 - Cost Of Goods Sold (New),977,,08/31/2025,Graniti Vicentia,1938,38248/3,Graniti Vicentia - Aug  material cost transferred from sps,4.29,
AUGCOGS-38248/3,878.5,,953,A12001 - Inventory (New),08/31/2025,Graniti Vicentia,1938,38248/3,Graniti Vicentia - Aug  material cost transferred from sps,,4.29
AUGCOGS-38317,882,A50001 - Cost Of Goods Sold (New),977,,08/31/2025,GROSE & MANZ BUILDERS LLC,1553,38317,GROSE & MANZ BUILDERS LLC - Aug  material cost transferred from sps,13206.00,
AUGCOGS-38317,882.5,,953,A12001 - Inventory (New),08/31/2025,GROSE & MANZ BUILDERS LLC,1553,38317,GROSE & MANZ BUILDERS LLC - Aug  material cost transferred from sps,,13206.00
AUGCOGS-38371/3,883,A50001 - Cost Of Goods Sold (New),977,,08/31/2025,LaQuinta Inn & Suites Oxford AL,2752,38371/3,LaQuinta Inn & Suites Oxford AL - Aug  material cost transferred from sps,532.58,
AUGCOGS-38371/3,883.5,,953,A12001 - Inventory (New),08/31/2025,LaQuinta Inn & Suites Oxford AL,2752,38371/3,LaQuinta Inn & Suites Oxford AL - Aug  material cost transferred from sps,,532.58
AUGCOGS-38371/5,884,A50001 - Cost Of Goods Sold (New),977,,08/31/2025,LaQuinta Inn & Suites Oxford AL,2752,38371/5,LaQuinta Inn & Suites Oxford AL - Aug  material cost transferred from sps,506.08,
AUGCOGS-38371/5,884.5,,953,A12001 - Inventory (New),08/31/2025,LaQuinta Inn & Suites Oxford AL,2752,38371/5,LaQuinta Inn & Suites Oxford AL - Aug  material cost transferred from sps,,506.08
AUGCOGS-38407,885,A50001 - Cost Of Goods Sold (New),977,,08/31/2025,Monsoon Flower LLC,1720,38407,Monsoon Flower LLC - Aug  material cost transferred from sps,8825.51,
AUGCOGS-38407,885.5,,953,A12001 - Inventory (New),08/31/2025,Monsoon Flower LLC,1720,38407,Monsoon Flower LLC - Aug  material cost transferred from sps,,8825.51
AUGCOGS-38473,886,A50001 - Cost Of Goods Sold (New),977,,08/31/2025,Hestan Winery,2519,38473,Hestan Winery - Aug  material cost transferred from sps,12447.00,
AUGCOGS-38473,886.5,,953,A12001 - Inventory (New),08/31/2025,Hestan Winery,2519,38473,Hestan Winery - Aug  material cost transferred from sps,,12447.00
AUGCOGS-38477/2,887,A50001 - Cost Of Goods Sold (New),977,,08/31/2025,Graniti Vicentia,1938,38477/2,Graniti Vicentia - Aug  material cost transferred from sps,647.92,
AUGCOGS-38477/2,887.5,,953,A12001 - Inventory (New),08/31/2025,Graniti Vicentia,1938,38477/2,Graniti Vicentia - Aug  material cost transferred from sps,,647.92
AUGCOGS-38544/2,892,A50001 - Cost Of Goods Sold (New),977,,08/31/2025,"La Quinta - Chelsea,AL",3355,38544/2,"La Quinta - Chelsea,AL - Aug  material cost transferred from sps",186.00,
AUGCOGS-38544/2,892.5,,953,A12001 - Inventory (New),08/31/2025,"La Quinta - Chelsea,AL",3355,38544/2,"La Quinta - Chelsea,AL - Aug  material cost transferred from sps",,186.00
AUGCOGS-38544/3,893,A50001 - Cost Of Goods Sold (New),977,,08/31/2025,"La Quinta - Chelsea,AL",3355,38544/3,"La Quinta - Chelsea,AL - Aug  material cost transferred from sps",1699.12,
AUGCOGS-38544/3,893.5,,953,A12001 - Inventory (New),08/31/2025,"La Quinta - Chelsea,AL",3355,38544/3,"La Quinta - Chelsea,AL - Aug  material cost transferred from sps",,1699.12
AUGCOGS-38544/4,894,A50001 - Cost Of Goods Sold (New),977,,08/31/2025,"La Quinta - Chelsea,AL",3355,38544/4,"La Quinta - Chelsea,AL - Aug  material cost transferred from sps",176.50,
AUGCOGS-38544/4,894.5,,953,A12001 - Inventory (New),08/31/2025,"La Quinta - Chelsea,AL",3355,38544/4,"La Quinta - Chelsea,AL - Aug  material cost transferred from sps",,176.50
AUGCOGS-38553,895,A50001 - Cost Of Goods Sold (New),977,,08/31/2025,Graniti Vicentia,1938,38553,Graniti Vicentia - Aug  material cost transferred from sps,562.51,
AUGCOGS-38553,895.5,,953,A12001 - Inventory (New),08/31/2025,Graniti Vicentia,1938,38553,Graniti Vicentia - Aug  material cost transferred from sps,,562.51
AUGCOGS-38553/2,896,A50001 - Cost Of Goods Sold (New),977,,08/31/2025,Graniti Vicentia,1938,38553/2,Graniti Vicentia - Aug  material cost transferred from sps,58.74,
AUGCOGS-38553/2,896.5,,953,A12001 - Inventory (New),08/31/2025,Graniti Vicentia,1938,38553/2,Graniti Vicentia - Aug  material cost transferred from sps,,58.74
AUGCOGS-38557,897,A50001 - Cost Of Goods Sold (New),977,,08/31/2025,Graniti Vicentia,1938,38557,Graniti Vicentia - Aug  material cost transferred from sps,3216.30,
AUGCOGS-38557,897.5,,953,A12001 - Inventory (New),08/31/2025,Graniti Vicentia,1938,38557,Graniti Vicentia - Aug  material cost transferred from sps,,3216.30
AUGCOGS-38606/2,899,A50001 - Cost Of Goods Sold (New),977,,08/31/2025,Grand Sierra Resort & Casino,546,38606/2,Grand Sierra Resort & Casino - Aug  material cost transferred from sps,517.41,
AUGCOGS-38606/2,899.5,,953,A12001 - Inventory (New),08/31/2025,Grand Sierra Resort & Casino,546,38606/2,Grand Sierra Resort & Casino - Aug  material cost transferred from sps,,517.41
AUGCOGS-38607,900,A50001 - Cost Of Goods Sold (New),977,,08/31/2025,GROSE & MANZ BUILDERS LLC,1553,38607,GROSE & MANZ BUILDERS LLC - Aug  material cost transferred from sps,1339.21,
AUGCOGS-38607,900.5,,953,A12001 - Inventory (New),08/31/2025,GROSE & MANZ BUILDERS LLC,1553,38607,GROSE & MANZ BUILDERS LLC - Aug  material cost transferred from sps,,1339.21
AUGCOGS-38621,901,A50001 - Cost Of Goods Sold (New),977,,08/31/2025,Two one two,3397,38621,Two one two - Aug  material cost transferred from sps,10377.15,
AUGCOGS-38621,901.5,,953,A12001 - Inventory (New),08/31/2025,Two one two,3397,38621,Two one two - Aug  material cost transferred from sps,,10377.15
AUGCOGS-38627,902,A50001 - Cost Of Goods Sold (New),977,,08/31/2025,"Las Vegas Resort Holdings, LLC",3368,38627,"Las Vegas Resort Holdings, LLC - Aug  material cost transferred from sps",855.64,
AUGCOGS-38627,902.5,,953,A12001 - Inventory (New),08/31/2025,"Las Vegas Resort Holdings, LLC",3368,38627,"Las Vegas Resort Holdings, LLC - Aug  material cost transferred from sps",,855.64
AUGCOGS-38636,903,A50001 - Cost Of Goods Sold (New),977,,08/31/2025,"HFD HAWTHORN/LA QUINTA, MEBANE, NC",2623,38636,"HFD HAWTHORN/LA QUINTA, MEBANE, NC - Aug  material cost transferred from sps",4751.61,
AUGCOGS-38636,903.5,,953,A12001 - Inventory (New),08/31/2025,"HFD HAWTHORN/LA QUINTA, MEBANE, NC",2623,38636,"HFD HAWTHORN/LA QUINTA, MEBANE, NC - Aug  material cost transferred from sps",,4751.61
AUGCOGS-38670,904,A50001 - Cost Of Goods Sold (New),977,,08/31/2025,SKIMS Retail,2597,38670,SKIMS Retail - Aug  material cost transferred from sps,80397.33,
AUGCOGS-38670,904.5,,953,A12001 - Inventory (New),08/31/2025,SKIMS Retail,2597,38670,SKIMS Retail - Aug  material cost transferred from sps,,80397.33
AUGCOGS-38671,905,A50001 - Cost Of Goods Sold (New),977,,08/31/2025,Monsoon Flower LLC,1720,38671,Monsoon Flower LLC - Aug  material cost transferred from sps,16765.79,
AUGCOGS-38671,905.5,,953,A12001 - Inventory (New),08/31/2025,Monsoon Flower LLC,1720,38671,Monsoon Flower LLC - Aug  material cost transferred from sps,,16765.79
AUGCOGS-38671/5,906,A50001 - Cost Of Goods Sold (New),977,,08/31/2025,Monsoon Flower LLC,1720,38671/5,Monsoon Flower LLC - Aug  material cost transferred from sps,31055.10,
AUGCOGS-38671/5,906.5,,953,A12001 - Inventory (New),08/31/2025,Monsoon Flower LLC,1720,38671/5,Monsoon Flower LLC - Aug  material cost transferred from sps,,31055.10
AUGCOGS-29876 - PI,908,A50001 - Cost Of Goods Sold (New),977,,08/31/2025,The Coveworks Inc.,2398,29876 - PI,The Coveworks Inc. - Aug  material cost transferred from sps,0.00,
AUGCOGS-29876 - PI,908.5,,953,A12001 - Inventory (New),08/31/2025,The Coveworks Inc.,2398,29876 - PI,The Coveworks Inc. - Aug  material cost transferred from sps,,0.00
AUGCOGS-38701,909,A50001 - Cost Of Goods Sold (New),977,,08/31/2025,AQUATERRA OUTDOORS,454,38701,AQUATERRA OUTDOORS - Aug  material cost transferred from sps,2482.32,
AUGCOGS-38701,909.5,,953,A12001 - Inventory (New),08/31/2025,AQUATERRA OUTDOORS,454,38701,AQUATERRA OUTDOORS - Aug  material cost transferred from sps,,2482.32
AUGCOGS-38718,910,A50001 - Cost Of Goods Sold (New),977,,08/31/2025,Schoenfelder Renovations,2599,38718,Schoenfelder Renovations - Aug  material cost transferred from sps,1272.71,
AUGCOGS-38718,910.5,,953,A12001 - Inventory (New),08/31/2025,Schoenfelder Renovations,2599,38718,Schoenfelder Renovations - Aug  material cost transferred from sps,,1272.71
AUGCOGS-38721,911,A50001 - Cost Of Goods Sold (New),977,,08/31/2025,Holiday Inn Express and Suites,2159,38721,Holiday Inn Express and Suites - Aug  material cost transferred from sps,72.00,
AUGCOGS-38721,911.5,,953,A12001 - Inventory (New),08/31/2025,Holiday Inn Express and Suites,2159,38721,Holiday Inn Express and Suites - Aug  material cost transferred from sps,,72.00
AUGCOGS-38726,912,A50001 - Cost Of Goods Sold (New),977,,08/31/2025,Hampton Inn Corpus Christi,1933,38726,Hampton Inn Corpus Christi - Aug  material cost transferred from sps,1024.74,
AUGCOGS-38726,912.5,,953,A12001 - Inventory (New),08/31/2025,Hampton Inn Corpus Christi,1933,38726,Hampton Inn Corpus Christi - Aug  material cost transferred from sps,,1024.74
AUGCOGS-38733/3,913,A50001 - Cost Of Goods Sold (New),977,,08/31/2025,Marino Construction,2335,38733/3,Marino Construction - Aug  material cost transferred from sps,1096.04,
AUGCOGS-38733/3,913.5,,953,A12001 - Inventory (New),08/31/2025,Marino Construction,2335,38733/3,Marino Construction - Aug  material cost transferred from sps,,1096.04
AUGCOGS-38744,914,A50001 - Cost Of Goods Sold (New),977,,08/31/2025,"Pinnacle Marble And Granite, Inc",632,38744,"Pinnacle Marble And Granite, Inc - Aug  material cost transferred from sps",1157.02,
AUGCOGS-38744,914.5,,953,A12001 - Inventory (New),08/31/2025,"Pinnacle Marble And Granite, Inc",632,38744,"Pinnacle Marble And Granite, Inc - Aug  material cost transferred from sps",,1157.02
AUGCOGS-38749,915,A50001 - Cost Of Goods Sold (New),977,,08/31/2025,"Wingate - Erlanger, KY",2712,38749,"Wingate - Erlanger, KY - Aug  material cost transferred from sps",669.75,
AUGCOGS-38749,915.5,,953,A12001 - Inventory (New),08/31/2025,"Wingate - Erlanger, KY",2712,38749,"Wingate - Erlanger, KY - Aug  material cost transferred from sps",,669.75
AUGCOGS-38758,916,A50001 - Cost Of Goods Sold (New),977,,08/31/2025,The DOI Residence/ DEAZLY INC.,2346,38758,The DOI Residence/ DEAZLY INC. - Aug  material cost transferred from sps,941.00,
AUGCOGS-38758,916.5,,953,A12001 - Inventory (New),08/31/2025,The DOI Residence/ DEAZLY INC.,2346,38758,The DOI Residence/ DEAZLY INC. - Aug  material cost transferred from sps,,941.00
AUGCOGS-38785,917,A50001 - Cost Of Goods Sold (New),977,,08/31/2025,Vedi Hospitality LLC,2316,38785,Vedi Hospitality LLC - Aug  material cost transferred from sps,1480.00,
AUGCOGS-38785,917.5,,953,A12001 - Inventory (New),08/31/2025,Vedi Hospitality LLC,2316,38785,Vedi Hospitality LLC - Aug  material cost transferred from sps,,1480.00
AUGCOGS-38793,918,A50001 - Cost Of Goods Sold (New),977,,08/31/2025,LQ Kingston,2358,38793,LQ Kingston - Aug  material cost transferred from sps,77.34,
AUGCOGS-38793,918.5,,953,A12001 - Inventory (New),08/31/2025,LQ Kingston,2358,38793,LQ Kingston - Aug  material cost transferred from sps,,77.34
AUGCOGS-38795,919,A50001 - Cost Of Goods Sold (New),977,,08/31/2025,My Grout Guyz Inc,2377,38795,My Grout Guyz Inc - Aug  material cost transferred from sps,42.97,
AUGCOGS-38795,919.5,,953,A12001 - Inventory (New),08/31/2025,My Grout Guyz Inc,2377,38795,My Grout Guyz Inc - Aug  material cost transferred from sps,,42.97
AUGCOGS-38796,920,A50001 - Cost Of Goods Sold (New),977,,08/31/2025,Trinity Contract Flooring,2379,38796,Trinity Contract Flooring - Aug  material cost transferred from sps,822.70,
AUGCOGS-38796,920.5,,953,A12001 - Inventory (New),08/31/2025,Trinity Contract Flooring,2379,38796,Trinity Contract Flooring - Aug  material cost transferred from sps,,822.70
AUGCOGS-38799,921,A50001 - Cost Of Goods Sold (New),977,,08/31/2025,ASHWIN PATEL,2440,38799,ASHWIN PATEL - Aug  material cost transferred from sps,4876.02,
AUGCOGS-38799,921.5,,953,A12001 - Inventory (New),08/31/2025,ASHWIN PATEL,2440,38799,ASHWIN PATEL - Aug  material cost transferred from sps,,4876.02
AUGCOGS-38800,922,A50001 - Cost Of Goods Sold (New),977,,08/31/2025,SSC Construction,2415,38800,SSC Construction - Aug  material cost transferred from sps,19930.93,
AUGCOGS-38800,922.5,,953,A12001 - Inventory (New),08/31/2025,SSC Construction,2415,38800,SSC Construction - Aug  material cost transferred from sps,,19930.93
AUGCOGS-38801,923,A50001 - Cost Of Goods Sold (New),977,,08/31/2025,Southwest Contracting LP,2334,38801,Southwest Contracting LP - Aug  material cost transferred from sps,2935.66,
AUGCOGS-38801,923.5,,953,A12001 - Inventory (New),08/31/2025,Southwest Contracting LP,2334,38801,Southwest Contracting LP - Aug  material cost transferred from sps,,2935.66
AUGCOGS-38803,924,A50001 - Cost Of Goods Sold (New),977,,08/31/2025,"La Quinta Inn & Suites-Mansfield, OH",2349,38803,"La Quinta Inn & Suites-Mansfield, OH - Aug  material cost transferred from sps",1029.58,
AUGCOGS-38803,924.5,,953,A12001 - Inventory (New),08/31/2025,"La Quinta Inn & Suites-Mansfield, OH",2349,38803,"La Quinta Inn & Suites-Mansfield, OH - Aug  material cost transferred from sps",,1029.58
AUGCOGS-38805/2,925,A50001 - Cost Of Goods Sold (New),977,,08/31/2025,"Jenkins Contract Flooring, LLC",2300,38805/2,"Jenkins Contract Flooring, LLC - Aug  material cost transferred from sps",0.02,
AUGCOGS-38805/2,925.5,,953,A12001 - Inventory (New),08/31/2025,"Jenkins Contract Flooring, LLC",2300,38805/2,"Jenkins Contract Flooring, LLC - Aug  material cost transferred from sps",,0.02
AUGCOGS-38815,926,A50001 - Cost Of Goods Sold (New),977,,08/31/2025,Hampton Inn & Suite - NM,2048,38815,Hampton Inn & Suite - NM - Aug  material cost transferred from sps,1343.69,
AUGCOGS-38815,926.5,,953,A12001 - Inventory (New),08/31/2025,Hampton Inn & Suite - NM,2048,38815,Hampton Inn & Suite - NM - Aug  material cost transferred from sps,,1343.69
AUGCOGS-38818,927,A50001 - Cost Of Goods Sold (New),977,,08/31/2025,ALPHA REMODELING,2386,38818,ALPHA REMODELING - Aug  material cost transferred from sps,405.54,
AUGCOGS-38818,927.5,,953,A12001 - Inventory (New),08/31/2025,ALPHA REMODELING,2386,38818,ALPHA REMODELING - Aug  material cost transferred from sps,,405.54
AUGCOGS-38820,928,A50001 - Cost Of Goods Sold (New),977,,08/31/2025,Iannacone Residence,2347,38820,Iannacone Residence - Aug  material cost transferred from sps,73414.36,
AUGCOGS-38820,928.5,,953,A12001 - Inventory (New),08/31/2025,Iannacone Residence,2347,38820,Iannacone Residence - Aug  material cost transferred from sps,,73414.36
AUGCOGS-38820/2,929,A50001 - Cost Of Goods Sold (New),977,,08/31/2025,Iannacone Residence,2347,38820/2,Iannacone Residence - Aug  material cost transferred from sps,2903.22,
AUGCOGS-38820/2,929.5,,953,A12001 - Inventory (New),08/31/2025,Iannacone Residence,2347,38820/2,Iannacone Residence - Aug  material cost transferred from sps,,2903.22
AUGCOGS-38820/3,930,A50001 - Cost Of Goods Sold (New),977,,08/31/2025,Iannacone Residence,2347,38820/3,Iannacone Residence - Aug  material cost transferred from sps,403.58,
AUGCOGS-38820/3,930.5,,953,A12001 - Inventory (New),08/31/2025,Iannacone Residence,2347,38820/3,Iannacone Residence - Aug  material cost transferred from sps,,403.58
AUGCOGS-38824,931,A50001 - Cost Of Goods Sold (New),977,,08/31/2025,American Stone Co of Texas LP,2387,38824,American Stone Co of Texas LP - Aug  material cost transferred from sps,176.49,
AUGCOGS-38824,931.5,,953,A12001 - Inventory (New),08/31/2025,American Stone Co of Texas LP,2387,38824,American Stone Co of Texas LP - Aug  material cost transferred from sps,,176.49
AUGCOGS-38842,933,A50001 - Cost Of Goods Sold (New),977,,08/31/2025,Auburn Lodging LLC,2577,38842,Auburn Lodging LLC - Aug  material cost transferred from sps,50021.97,
AUGCOGS-38842,933.5,,953,A12001 - Inventory (New),08/31/2025,Auburn Lodging LLC,2577,38842,Auburn Lodging LLC - Aug  material cost transferred from sps,,50021.97
AUGCOGS-38843,934,A50001 - Cost Of Goods Sold (New),977,,08/31/2025,MCP Group,596,38843,MCP Group - Aug  material cost transferred from sps,262.66,
AUGCOGS-38843,934.5,,953,A12001 - Inventory (New),08/31/2025,MCP Group,596,38843,MCP Group - Aug  material cost transferred from sps,,262.66
AUGCOGS-38849,935,A50001 - Cost Of Goods Sold (New),977,,08/31/2025,Bridgerland Group,2574,38849,Bridgerland Group - Aug  material cost transferred from sps,21627.00,
AUGCOGS-38849,935.5,,953,A12001 - Inventory (New),08/31/2025,Bridgerland Group,2574,38849,Bridgerland Group - Aug  material cost transferred from sps,,21627.00
AUGCOGS-38853,936,A50001 - Cost Of Goods Sold (New),977,,08/31/2025,"L Peters Construction, Inc.",2524,38853,"L Peters Construction, Inc. - Aug  material cost transferred from sps",1422.12,
AUGCOGS-38853,936.5,,953,A12001 - Inventory (New),08/31/2025,"L Peters Construction, Inc.",2524,38853,"L Peters Construction, Inc. - Aug  material cost transferred from sps",,1422.12
AUGCOGS-38855,938,A50001 - Cost Of Goods Sold (New),977,,08/31/2025,STONERIDGE HOSPITALITY GROUP,693,38855,STONERIDGE HOSPITALITY GROUP - Aug  material cost transferred from sps,3777.12,
AUGCOGS-38855,938.5,,953,A12001 - Inventory (New),08/31/2025,STONERIDGE HOSPITALITY GROUP,693,38855,STONERIDGE HOSPITALITY GROUP - Aug  material cost transferred from sps,,3777.12
AUGCOGS-38856,939,A50001 - Cost Of Goods Sold (New),977,,08/31/2025,Soma construction,2306,38856,Soma construction - Aug  material cost transferred from sps,571.71,
AUGCOGS-38856,939.5,,953,A12001 - Inventory (New),08/31/2025,Soma construction,2306,38856,Soma construction - Aug  material cost transferred from sps,,571.71
AUGCOGS-38865,940,A50001 - Cost Of Goods Sold (New),977,,08/31/2025,PRIME SAY LLC,2455,38865,PRIME SAY LLC - Aug  material cost transferred from sps,108.00,
AUGCOGS-38865,940.5,,953,A12001 - Inventory (New),08/31/2025,PRIME SAY LLC,2455,38865,PRIME SAY LLC - Aug  material cost transferred from sps,,108.00
AUGCOGS-38867,941,A50001 - Cost Of Goods Sold (New),977,,08/31/2025,CONTEMPO builders,2456,38867,CONTEMPO builders - Aug  material cost transferred from sps,150.11,
AUGCOGS-38867,941.5,,953,A12001 - Inventory (New),08/31/2025,CONTEMPO builders,2456,38867,CONTEMPO builders - Aug  material cost transferred from sps,,150.11
AUGCOGS-38868,942,A50001 - Cost Of Goods Sold (New),977,,08/31/2025,Triton Stone,2437,38868,Triton Stone - Aug  material cost transferred from sps,722.17,
AUGCOGS-38868,942.5,,953,A12001 - Inventory (New),08/31/2025,Triton Stone,2437,38868,Triton Stone - Aug  material cost transferred from sps,,722.17
AUGCOGS-38871,943,A50001 - Cost Of Goods Sold (New),977,,08/31/2025,Intertech Flooring,2191,38871,Intertech Flooring - Aug  material cost transferred from sps,2757.01,
AUGCOGS-38871,943.5,,953,A12001 - Inventory (New),08/31/2025,Intertech Flooring,2191,38871,Intertech Flooring - Aug  material cost transferred from sps,,2757.01
AUGCOGS-38873,944,A50001 - Cost Of Goods Sold (New),977,,08/31/2025,ALPHA REMODELING,2386,38873,ALPHA REMODELING - Aug  material cost transferred from sps,660.59,
AUGCOGS-38873,944.5,,953,A12001 - Inventory (New),08/31/2025,ALPHA REMODELING,2386,38873,ALPHA REMODELING - Aug  material cost transferred from sps,,660.59
AUGCOGS-38880,945,A50001 - Cost Of Goods Sold (New),977,,08/31/2025,"Holiday Inn Express - Zion, IL",3343,38880,"Holiday Inn Express - Zion, IL - Aug  material cost transferred from sps",0.00,
AUGCOGS-38880,945.5,,953,A12001 - Inventory (New),08/31/2025,"Holiday Inn Express - Zion, IL",3343,38880,"Holiday Inn Express - Zion, IL - Aug  material cost transferred from sps",,0.00
AUGCOGS-38884,946,A50001 - Cost Of Goods Sold (New),977,,08/31/2025,Soma construction,2306,38884,Soma construction - Aug  material cost transferred from sps,285.86,
AUGCOGS-38884,946.5,,953,A12001 - Inventory (New),08/31/2025,Soma construction,2306,38884,Soma construction - Aug  material cost transferred from sps,,285.86
AUGCOGS-38909,948,A50001 - Cost Of Goods Sold (New),977,,08/31/2025,FLOORSCAPES,2172,38909,FLOORSCAPES - Aug  material cost transferred from sps,3087.85,
AUGCOGS-38909,948.5,,953,A12001 - Inventory (New),08/31/2025,FLOORSCAPES,2172,38909,FLOORSCAPES - Aug  material cost transferred from sps,,3087.85
AUGCOGS-38911,949,A50001 - Cost Of Goods Sold (New),977,,08/31/2025,Treco Enterprises Inc.,2185,38911,Treco Enterprises Inc. - Aug  material cost transferred from sps,510.16,
AUGCOGS-38911,949.5,,953,A12001 - Inventory (New),08/31/2025,Treco Enterprises Inc.,2185,38911,Treco Enterprises Inc. - Aug  material cost transferred from sps,,510.16
AUGCOGS-38912,950,A50001 - Cost Of Goods Sold (New),977,,08/31/2025,La Quinta Albq West,2188,38912,La Quinta Albq West - Aug  material cost transferred from sps,16186.99,
AUGCOGS-38912,950.5,,953,A12001 - Inventory (New),08/31/2025,La Quinta Albq West,2188,38912,La Quinta Albq West - Aug  material cost transferred from sps,,16186.99
AUGCOGS-38913,951,A50001 - Cost Of Goods Sold (New),977,,08/31/2025,Home 2 Suite by Hilton,2186,38913,Home 2 Suite by Hilton - Aug  material cost transferred from sps,695.77,
AUGCOGS-38913,951.5,,953,A12001 - Inventory (New),08/31/2025,Home 2 Suite by Hilton,2186,38913,Home 2 Suite by Hilton - Aug  material cost transferred from sps,,695.77
AUGCOGS-38915,952,A50001 - Cost Of Goods Sold (New),977,,08/31/2025,"Gulf Coast Hotel Group,LLC DBA Doubletree by Hilton",2193,38915,"Gulf Coast Hotel Group,LLC DBA Doubletree by Hilton - Aug  material cost transferred from sps",100.03,
AUGCOGS-38915,952.5,,953,A12001 - Inventory (New),08/31/2025,"Gulf Coast Hotel Group,LLC DBA Doubletree by Hilton",2193,38915,"Gulf Coast Hotel Group,LLC DBA Doubletree by Hilton - Aug  material cost transferred from sps",,100.03
AUGCOGS-38916,953,A50001 - Cost Of Goods Sold (New),977,,08/31/2025,Apex Imaging Services,2194,38916,Apex Imaging Services - Aug  material cost transferred from sps,61.76,
AUGCOGS-38916,953.5,,953,A12001 - Inventory (New),08/31/2025,Apex Imaging Services,2194,38916,Apex Imaging Services - Aug  material cost transferred from sps,,61.76
AUGCOGS-38921,954,A50001 - Cost Of Goods Sold (New),977,,08/31/2025,Rock River Valley Flooring Inc,2288,38921,Rock River Valley Flooring Inc - Aug  material cost transferred from sps,25.80,
AUGCOGS-38921,954.5,,953,A12001 - Inventory (New),08/31/2025,Rock River Valley Flooring Inc,2288,38921,Rock River Valley Flooring Inc - Aug  material cost transferred from sps,,25.80
AUGCOGS-38942,955,A50001 - Cost Of Goods Sold (New),977,,08/31/2025,Anish Patel,2413,38942,Anish Patel - Aug  material cost transferred from sps,219.74,
AUGCOGS-38942,955.5,,953,A12001 - Inventory (New),08/31/2025,Anish Patel,2413,38942,Anish Patel - Aug  material cost transferred from sps,,219.74
AUGCOGS-38946,956,A50001 - Cost Of Goods Sold (New),977,,08/31/2025,Queen City Winnelson,2336,38946,Queen City Winnelson - Aug  material cost transferred from sps,1200.00,
AUGCOGS-38946,956.5,,953,A12001 - Inventory (New),08/31/2025,Queen City Winnelson,2336,38946,Queen City Winnelson - Aug  material cost transferred from sps,,1200.00
AUGCOGS-38957,957,A50001 - Cost Of Goods Sold (New),977,,08/31/2025,Total Floors,2212,38957,Total Floors - Aug  material cost transferred from sps,314.96,
AUGCOGS-38957,957.5,,953,A12001 - Inventory (New),08/31/2025,Total Floors,2212,38957,Total Floors - Aug  material cost transferred from sps,,314.96
AUGCOGS-38962,958,A50001 - Cost Of Goods Sold (New),977,,08/31/2025,Kevin Sims,577,38962,Kevin Sims - Aug  material cost transferred from sps,76.08,
AUGCOGS-38962,958.5,,953,A12001 - Inventory (New),08/31/2025,Kevin Sims,577,38962,Kevin Sims - Aug  material cost transferred from sps,,76.08
AUGCOGS-38965,961,A50001 - Cost Of Goods Sold (New),977,,08/31/2025,AAA Hotel Company/ Home2Suties Springdale OH,2164,38965,AAA Hotel Company/ Home2Suties Springdale OH - Aug  material cost transferred from sps,175.00,
AUGCOGS-38965,961.5,,953,A12001 - Inventory (New),08/31/2025,AAA Hotel Company/ Home2Suties Springdale OH,2164,38965,AAA Hotel Company/ Home2Suties Springdale OH - Aug  material cost transferred from sps,,175.00
AUGCOGS-38974,962,A50001 - Cost Of Goods Sold (New),977,,08/31/2025,Medallion Hospitality,2445,38974,Medallion Hospitality - Aug  material cost transferred from sps,347.88,
AUGCOGS-38974,962.5,,953,A12001 - Inventory (New),08/31/2025,Medallion Hospitality,2445,38974,Medallion Hospitality - Aug  material cost transferred from sps,,347.88
AUGCOGS-38984,963,A50001 - Cost Of Goods Sold (New),977,,08/31/2025,Kings Construction,145,38984,Kings Construction - Aug  material cost transferred from sps,5711.34,
AUGCOGS-38984,963.5,,953,A12001 - Inventory (New),08/31/2025,Kings Construction,145,38984,Kings Construction - Aug  material cost transferred from sps,,5711.34
AUGCOGS-38985,964,A50001 - Cost Of Goods Sold (New),977,,08/31/2025,Apple Investments LLC,453,38985,Apple Investments LLC - Aug  material cost transferred from sps,391.98,
AUGCOGS-38985,964.5,,953,A12001 - Inventory (New),08/31/2025,Apple Investments LLC,453,38985,Apple Investments LLC - Aug  material cost transferred from sps,,391.98
AUGCOGS-38992,965,A50001 - Cost Of Goods Sold (New),977,,08/31/2025,Nick Platt Construction,2457,38992,Nick Platt Construction - Aug  material cost transferred from sps,6350.72,
AUGCOGS-38992,965.5,,953,A12001 - Inventory (New),08/31/2025,Nick Platt Construction,2457,38992,Nick Platt Construction - Aug  material cost transferred from sps,,6350.72
AUGCOGS-38997,966,A50001 - Cost Of Goods Sold (New),977,,08/31/2025,La Quinta Athens Alabama,2442,38997,La Quinta Athens Alabama - Aug  material cost transferred from sps,11695.46,
AUGCOGS-38997,966.5,,953,A12001 - Inventory (New),08/31/2025,La Quinta Athens Alabama,2442,38997,La Quinta Athens Alabama - Aug  material cost transferred from sps,,11695.46
AUGCOGS-38998,967,A50001 - Cost Of Goods Sold (New),977,,08/31/2025,"Jerry Osborne & Associates, LLC",575,38998,"Jerry Osborne & Associates, LLC - Aug  material cost transferred from sps",1406.44,
AUGCOGS-38998,967.5,,953,A12001 - Inventory (New),08/31/2025,"Jerry Osborne & Associates, LLC",575,38998,"Jerry Osborne & Associates, LLC - Aug  material cost transferred from sps",,1406.44
AUGCOGS-39003,968,A50001 - Cost Of Goods Sold (New),977,,08/31/2025,MTZ Tile Stone LLC,2357,39003,MTZ Tile Stone LLC - Aug  material cost transferred from sps,6474.30,
AUGCOGS-39003,968.5,,953,A12001 - Inventory (New),08/31/2025,MTZ Tile Stone LLC,2357,39003,MTZ Tile Stone LLC - Aug  material cost transferred from sps,,6474.30
AUGCOGS-39009,969,A50001 - Cost Of Goods Sold (New),977,,08/31/2025,"Jerry Osborne & Associates, LLC",575,39009,"Jerry Osborne & Associates, LLC - Aug  material cost transferred from sps",2707.93,
AUGCOGS-39009,969.5,,953,A12001 - Inventory (New),08/31/2025,"Jerry Osborne & Associates, LLC",575,39009,"Jerry Osborne & Associates, LLC - Aug  material cost transferred from sps",,2707.93
AUGCOGS-39073,971,A50001 - Cost Of Goods Sold (New),977,,08/31/2025,STONERIDGE HOSPITALITY GROUP,693,39073,STONERIDGE HOSPITALITY GROUP - Aug  material cost transferred from sps,4815.22,
AUGCOGS-39073,971.5,,953,A12001 - Inventory (New),08/31/2025,STONERIDGE HOSPITALITY GROUP,693,39073,STONERIDGE HOSPITALITY GROUP - Aug  material cost transferred from sps,,4815.22
AUGCOGS-39074,972,A50001 - Cost Of Goods Sold (New),977,,08/31/2025,STONERIDGE HOSPITALITY GROUP,693,39074,STONERIDGE HOSPITALITY GROUP - Aug  material cost transferred from sps,7195.48,
AUGCOGS-39074,972.5,,953,A12001 - Inventory (New),08/31/2025,STONERIDGE HOSPITALITY GROUP,693,39074,STONERIDGE HOSPITALITY GROUP - Aug  material cost transferred from sps,,7195.48
AUGCOGS-39084,973,A50001 - Cost Of Goods Sold (New),977,,08/31/2025,Two one two,3397,39084,Two one two - Aug  material cost transferred from sps,6264.45,
AUGCOGS-39084,973.5,,953,A12001 - Inventory (New),08/31/2025,Two one two,3397,39084,Two one two - Aug  material cost transferred from sps,,6264.45
AUGCOGS-39086,974,A50001 - Cost Of Goods Sold (New),977,,08/31/2025,Graniti Vicentia,1938,39086,Graniti Vicentia - Aug  material cost transferred from sps,29633.09,
AUGCOGS-39086,974.5,,953,A12001 - Inventory (New),08/31/2025,Graniti Vicentia,1938,39086,Graniti Vicentia - Aug  material cost transferred from sps,,29633.09
AUGCOGS-39086/2,975,A50001 - Cost Of Goods Sold (New),977,,08/31/2025,Graniti Vicentia,1938,39086/2,Graniti Vicentia - Aug  material cost transferred from sps,58633.31,
AUGCOGS-39086/2,975.5,,953,A12001 - Inventory (New),08/31/2025,Graniti Vicentia,1938,39086/2,Graniti Vicentia - Aug  material cost transferred from sps,,58633.31
AUGCOGS-39088,976,A50001 - Cost Of Goods Sold (New),977,,08/31/2025,PREDOCK,2162,39088,PREDOCK - Aug  material cost transferred from sps,6646.87,
AUGCOGS-39088,976.5,,953,A12001 - Inventory (New),08/31/2025,PREDOCK,2162,39088,PREDOCK - Aug  material cost transferred from sps,,6646.87
AUGCOGS-39089,977,A50001 - Cost Of Goods Sold (New),977,,08/31/2025,Intertech Flooring,2191,39089,Intertech Flooring - Aug  material cost transferred from sps,367.06,
AUGCOGS-39089,977.5,,953,A12001 - Inventory (New),08/31/2025,Intertech Flooring,2191,39089,Intertech Flooring - Aug  material cost transferred from sps,,367.06
AUGCOGS-39091,978,A50001 - Cost Of Goods Sold (New),977,,08/31/2025,AFP 108 Corp.,2601,39091,AFP 108 Corp. - Aug  material cost transferred from sps,198.76,
AUGCOGS-39091,978.5,,953,A12001 - Inventory (New),08/31/2025,AFP 108 Corp.,2601,39091,AFP 108 Corp. - Aug  material cost transferred from sps,,198.76
AUGCOGS-39093,980,A50001 - Cost Of Goods Sold (New),977,,08/31/2025,CAMARATA MASONRY SYSTEMS,487,39093,CAMARATA MASONRY SYSTEMS - Aug  material cost transferred from sps,1044.99,
AUGCOGS-39093,980.5,,953,A12001 - Inventory (New),08/31/2025,CAMARATA MASONRY SYSTEMS,487,39093,CAMARATA MASONRY SYSTEMS - Aug  material cost transferred from sps,,1044.99
AUGCOGS-39094,981,A50001 - Cost Of Goods Sold (New),977,,08/31/2025,CANDLEWOOD EASTRIDGE TN,3323,39094,CANDLEWOOD EASTRIDGE TN - Aug  material cost transferred from sps,7903.10,
AUGCOGS-39094,981.5,,953,A12001 - Inventory (New),08/31/2025,CANDLEWOOD EASTRIDGE TN,3323,39094,CANDLEWOOD EASTRIDGE TN - Aug  material cost transferred from sps,,7903.10
AUGCOGS-39095,982,A50001 - Cost Of Goods Sold (New),977,,08/31/2025,"Comfort Inn, Rebrand, Princeton IL",3325,39095,"Comfort Inn, Rebrand, Princeton IL - Aug  material cost transferred from sps",419.52,
AUGCOGS-39095,982.5,,953,A12001 - Inventory (New),08/31/2025,"Comfort Inn, Rebrand, Princeton IL",3325,39095,"Comfort Inn, Rebrand, Princeton IL - Aug  material cost transferred from sps",,419.52
AUGCOGS-39096,983,A50001 - Cost Of Goods Sold (New),977,,08/31/2025,CPNA Management & Services Inc.,502,39096,CPNA Management & Services Inc. - Aug  material cost transferred from sps,2153.42,
AUGCOGS-39096,983.5,,953,A12001 - Inventory (New),08/31/2025,CPNA Management & Services Inc.,502,39096,CPNA Management & Services Inc. - Aug  material cost transferred from sps,,2153.42
AUGCOGS-39097,984,A50001 - Cost Of Goods Sold (New),977,,08/31/2025,Daren R Snider Construction,3328,39097,Daren R Snider Construction - Aug  material cost transferred from sps,12.05,
AUGCOGS-39097,984.5,,953,A12001 - Inventory (New),08/31/2025,Daren R Snider Construction,3328,39097,Daren R Snider Construction - Aug  material cost transferred from sps,,12.05
AUGCOGS-39098,985,A50001 - Cost Of Goods Sold (New),977,,08/31/2025,"ELEMENT FORTSMITH, ARKANSAS",3330,39098,"ELEMENT FORTSMITH, ARKANSAS - Aug  material cost transferred from sps",6120.17,
AUGCOGS-39098,985.5,,953,A12001 - Inventory (New),08/31/2025,"ELEMENT FORTSMITH, ARKANSAS",3330,39098,"ELEMENT FORTSMITH, ARKANSAS - Aug  material cost transferred from sps",,6120.17
AUGCOGS-39100,987,A50001 - Cost Of Goods Sold (New),977,,08/31/2025,FLOOR INSPIRATIONS,2458,39100,FLOOR INSPIRATIONS - Aug  material cost transferred from sps,612.88,
AUGCOGS-39100,987.5,,953,A12001 - Inventory (New),08/31/2025,FLOOR INSPIRATIONS,2458,39100,FLOOR INSPIRATIONS - Aug  material cost transferred from sps,,612.88
AUGCOGS-39101,988,A50001 - Cost Of Goods Sold (New),977,,08/31/2025,"Gulf Coast Hotel Group,LLC DBA Doubletree by Hilton",2193,39101,"Gulf Coast Hotel Group,LLC DBA Doubletree by Hilton - Aug  material cost transferred from sps",18.00,
AUGCOGS-39101,988.5,,953,A12001 - Inventory (New),08/31/2025,"Gulf Coast Hotel Group,LLC DBA Doubletree by Hilton",2193,39101,"Gulf Coast Hotel Group,LLC DBA Doubletree by Hilton - Aug  material cost transferred from sps",,18.00
AUGCOGS-39103,990,A50001 - Cost Of Goods Sold (New),977,,08/31/2025,"Holiday Inn Express - Zion, IL",3343,39103,"Holiday Inn Express - Zion, IL - Aug  material cost transferred from sps",7479.16,
AUGCOGS-39103,990.5,,953,A12001 - Inventory (New),08/31/2025,"Holiday Inn Express - Zion, IL",3343,39103,"Holiday Inn Express - Zion, IL - Aug  material cost transferred from sps",,7479.16
AUGCOGS-39104,991,A50001 - Cost Of Goods Sold (New),977,,08/31/2025,Homewood Suites Beaumont,2348,39104,Homewood Suites Beaumont - Aug  material cost transferred from sps,1242.32,
AUGCOGS-39104,991.5,,953,A12001 - Inventory (New),08/31/2025,Homewood Suites Beaumont,2348,39104,Homewood Suites Beaumont - Aug  material cost transferred from sps,,1242.32
AUGCOGS-39105,992,A50001 - Cost Of Goods Sold (New),977,,08/31/2025,Homewood Suites Fayetteville,2330,39105,Homewood Suites Fayetteville - Aug  material cost transferred from sps,1225.57,
AUGCOGS-39105,992.5,,953,A12001 - Inventory (New),08/31/2025,Homewood Suites Fayetteville,2330,39105,Homewood Suites Fayetteville - Aug  material cost transferred from sps,,1225.57
AUGCOGS-39106,993,A50001 - Cost Of Goods Sold (New),977,,08/31/2025,JDL Flooring Solutions Inc,2616,39106,JDL Flooring Solutions Inc - Aug  material cost transferred from sps,93.44,
AUGCOGS-39106,993.5,,953,A12001 - Inventory (New),08/31/2025,JDL Flooring Solutions Inc,2616,39106,JDL Flooring Solutions Inc - Aug  material cost transferred from sps,,93.44
AUGCOGS-39108,995,A50001 - Cost Of Goods Sold (New),977,,08/31/2025,Watermark Commercial Contractors LLC,3398,39108,Watermark Commercial Contractors LLC - Aug  material cost transferred from sps,33038.87,
AUGCOGS-39108,995.5,,953,A12001 - Inventory (New),08/31/2025,Watermark Commercial Contractors LLC,3398,39108,Watermark Commercial Contractors LLC - Aug  material cost transferred from sps,,33038.87
AUGCOGS-39109,996,A50001 - Cost Of Goods Sold (New),977,,08/31/2025,Kings Bay Coastal Hotel Management LLC / Wingate Kingsland,3354,39109,Kings Bay Coastal Hotel Management LLC / Wingate Kingsland - Aug  material cost transferred from sps,5616.61,
AUGCOGS-39109,996.5,,953,A12001 - Inventory (New),08/31/2025,Kings Bay Coastal Hotel Management LLC / Wingate Kingsland,3354,39109,Kings Bay Coastal Hotel Management LLC / Wingate Kingsland - Aug  material cost transferred from sps,,5616.61
AUGCOGS-39110,997,A50001 - Cost Of Goods Sold (New),977,,08/31/2025,Kyle Hicks,583,39110,Kyle Hicks - Aug  material cost transferred from sps,359.20,
AUGCOGS-39110,997.5,,953,A12001 - Inventory (New),08/31/2025,Kyle Hicks,583,39110,Kyle Hicks - Aug  material cost transferred from sps,,359.20
AUGCOGS-39111,998,A50001 - Cost Of Goods Sold (New),977,,08/31/2025,"La Quinta Hawthorn - Miamisburg, OH",3358,39111,"La Quinta Hawthorn - Miamisburg, OH - Aug  material cost transferred from sps",74594.32,
AUGCOGS-39111,998.5,,953,A12001 - Inventory (New),08/31/2025,"La Quinta Hawthorn - Miamisburg, OH",3358,39111,"La Quinta Hawthorn - Miamisburg, OH - Aug  material cost transferred from sps",,74594.32
AUGCOGS-39113,1000,A50001 - Cost Of Goods Sold (New),977,,08/31/2025,La Quinta San Antonio 1,2618,39113,La Quinta San Antonio 1 - Aug  material cost transferred from sps,5665.88,
AUGCOGS-39113,1000.5,,953,A12001 - Inventory (New),08/31/2025,La Quinta San Antonio 1,2618,39113,La Quinta San Antonio 1 - Aug  material cost transferred from sps,,5665.88
AUGCOGS-39114,1001,A50001 - Cost Of Goods Sold (New),977,,08/31/2025,LA QUINTA SHONTO AZ,3360,39114,LA QUINTA SHONTO AZ - Aug  material cost transferred from sps,22879.89,
AUGCOGS-39114,1001.5,,953,A12001 - Inventory (New),08/31/2025,LA QUINTA SHONTO AZ,3360,39114,LA QUINTA SHONTO AZ - Aug  material cost transferred from sps,,22879.89
AUGCOGS-39115,1002,A50001 - Cost Of Goods Sold (New),977,,08/31/2025,"La Quinta, Huntsville AL",3362,39115,"La Quinta, Huntsville AL - Aug  material cost transferred from sps",42631.83,
AUGCOGS-39115,1002.5,,953,A12001 - Inventory (New),08/31/2025,"La Quinta, Huntsville AL",3362,39115,"La Quinta, Huntsville AL - Aug  material cost transferred from sps",,42631.83
AUGCOGS-39116,1003,A50001 - Cost Of Goods Sold (New),977,,08/31/2025,LaQuinta Yakima WA,2619,39116,LaQuinta Yakima WA - Aug  material cost transferred from sps,199.08,
AUGCOGS-39116,1003.5,,953,A12001 - Inventory (New),08/31/2025,LaQuinta Yakima WA,2619,39116,LaQuinta Yakima WA - Aug  material cost transferred from sps,,199.08
AUGCOGS-39117,1004,A50001 - Cost Of Goods Sold (New),977,,08/31/2025,"Las Vegas Resort Holdings, LLC",3368,39117,"Las Vegas Resort Holdings, LLC - Aug  material cost transferred from sps",11039.18,
AUGCOGS-39117,1004.5,,953,A12001 - Inventory (New),08/31/2025,"Las Vegas Resort Holdings, LLC",3368,39117,"Las Vegas Resort Holdings, LLC - Aug  material cost transferred from sps",,11039.18
AUGCOGS-39118,1005,A50001 - Cost Of Goods Sold (New),977,,08/31/2025,"Residence Inn Pearland, TX",2466,39118,"Residence Inn Pearland, TX - Aug  material cost transferred from sps",8706.17,
AUGCOGS-39118,1005.5,,953,A12001 - Inventory (New),08/31/2025,"Residence Inn Pearland, TX",2466,39118,"Residence Inn Pearland, TX - Aug  material cost transferred from sps",,8706.17
AUGCOGS-39119,1006,A50001 - Cost Of Goods Sold (New),977,,08/31/2025,Staybridge Suites c/o Ravi Designs,2606,39119,Staybridge Suites c/o Ravi Designs - Aug  material cost transferred from sps,766.56,
AUGCOGS-39119,1006.5,,953,A12001 - Inventory (New),08/31/2025,Staybridge Suites c/o Ravi Designs,2606,39119,Staybridge Suites c/o Ravi Designs - Aug  material cost transferred from sps,,766.56
AUGCOGS-39122,1009,A50001 - Cost Of Goods Sold (New),977,,08/31/2025,Two one two,3397,39122,Two one two - Aug  material cost transferred from sps,4449.77,
AUGCOGS-39122,1009.5,,953,A12001 - Inventory (New),08/31/2025,Two one two,3397,39122,Two one two - Aug  material cost transferred from sps,,4449.77
AUGCOGS-39124,1010,A50001 - Cost Of Goods Sold (New),977,,08/31/2025,"Someshwar Motel LLC - Comfort Inn Ogallala, NE",3388,39124,"Someshwar Motel LLC - Comfort Inn Ogallala, NE - Aug  material cost transferred from sps",10762.41,
AUGCOGS-39124,1010.5,,953,A12001 - Inventory (New),08/31/2025,"Someshwar Motel LLC - Comfort Inn Ogallala, NE",3388,39124,"Someshwar Motel LLC - Comfort Inn Ogallala, NE - Aug  material cost transferred from sps",,10762.41
