External ID,No,Account#,Account ID,Account #,Date,Entity,Entity ID,Invoice #,Memo,Debit Amt,Credit Amt,
AUGCOGS-24BL100703,1011,A51001 - Freight - Out - Expense (New),981,,08-01-2025,"Jasfer Industry Co., Limited",137,24BL100703,"Jasfer Industry Co., Limited - Aug  material cost transferred from sps",2250,,
AUGCOGS-24BL100703,1011.5,,966,A20001 - Accounts Payable Suppliers & Vendors (New),08-01-2025,"Jasfer Industry Co., Limited",137,24BL100703,"Jasfer Industry Co., Limited - Aug  material cost transferred from sps",,2250,
AUGCOGS-24JS100701,1012,A51001 - Freight - Out - Expense (New),981,,08-01-2025,"Jasfer Industry Co., Limited",137,24JS100701,"Jasfer Industry Co., Limited - Aug  material cost transferred from sps",2301.5,,
AUGCOGS-24JS100701,1012.5,,966,A20001 - Accounts Payable Suppliers & Vendors (New),08-01-2025,"Jasfer Industry Co., Limited",137,24JS100701,"Jasfer Industry Co., Limited - Aug  material cost transferred from sps",,2301.5,
AUGCOGS-SR431,1013,A51001 - Freight - Out - Expense (New),981,,08-01-2025,Richwood Hospitality Co. LTD,1285,SR431,Richwood Hospitality Co. LTD - Aug  material cost transferred from sps,4201.6,,
AUGCOGS-SR431,1013.5,,966,A20001 - Accounts Payable Suppliers & Vendors (New),08-01-2025,Richwood Hospitality Co. LTD,1285,SR431,Richwood Hospitality Co. LTD - Aug  material cost transferred from sps,,4201.6,
AUGCOGS-SR151-10,1014,A51001 - Freight - Out - Expense (New),981,,08-01-2025,Richwood Hospitality Co. LTD,1285,SR151-10,Richwood Hospitality Co. LTD - Aug  material cost transferred from sps,51252.06,,
AUGCOGS-SR151-10,1014.5,,966,A20001 - Accounts Payable Suppliers & Vendors (New),08-01-2025,Richwood Hospitality Co. LTD,1285,SR151-10,Richwood Hospitality Co. LTD - Aug  material cost transferred from sps,,51252.06,
AUGCOGS-14036,1015,A51001 - Freight - Out - Expense (New),981,,08-01-2025,Atlas Concorde,1232,14036,Atlas Concorde - Aug  material cost transferred from sps,200,,
AUGCOGS-14036,1015.5,,966,A20001 - Accounts Payable Suppliers & Vendors (New),08-01-2025,Atlas Concorde,1232,14036,Atlas Concorde - Aug  material cost transferred from sps,,200,
AUGCOGS-SR393-8P3,1017,A51001 - Freight - Out - Expense (New),981,,08-02-2025,Richwood Hospitality Co. LTD,1285,SR393-8P3,Richwood Hospitality Co. LTD - Aug  material cost transferred from sps,1851.94,,
AUGCOGS-SR393-8P3,1017.5,,966,A20001 - Accounts Payable Suppliers & Vendors (New),08-02-2025,Richwood Hospitality Co. LTD,1285,SR393-8P3,Richwood Hospitality Co. LTD - Aug  material cost transferred from sps,,1851.94,
"AUGCOGS-SR273-33,ctnr1.2,GV002-8,GV038",1018,A51001 - Freight - Out - Expense (New),981,,08-04-2025,Richwood Hospitality Co. LTD,1285,"SR273-33,ctnr1.2,GV002-8,GV038",Richwood Hospitality Co. LTD - Aug  material cost transferred from sps,0,,
"AUGCOGS-SR273-33,ctnr1.2,GV002-8,GV038",1018.5,,966,A20001 - Accounts Payable Suppliers & Vendors (New),08-04-2025,Richwood Hospitality Co. LTD,1285,"SR273-33,ctnr1.2,GV002-8,GV038",Richwood Hospitality Co. LTD - Aug  material cost transferred from sps,,0,
"AUGCOGS-SR307-2,cntr1,2",1019,A51001 - Freight - Out - Expense (New),981,,08-04-2025,Richwood Hospitality Co. LTD,1285,"SR307-2,cntr1,2",Richwood Hospitality Co. LTD - Aug  material cost transferred from sps,669,,
"AUGCOGS-SR307-2,cntr1,2",1019.5,,966,A20001 - Accounts Payable Suppliers & Vendors (New),08-04-2025,Richwood Hospitality Co. LTD,1285,"SR307-2,cntr1,2",Richwood Hospitality Co. LTD - Aug  material cost transferred from sps,,669,
"AUGCOGS-SR307-2,cntr4,5,6",1020,A51001 - Freight - Out - Expense (New),981,,08-04-2025,Richwood Hospitality Co. LTD,1285,"SR307-2,cntr4,5,6",Richwood Hospitality Co. LTD - Aug  material cost transferred from sps,904,,
"AUGCOGS-SR307-2,cntr4,5,6",1020.5,,966,A20001 - Accounts Payable Suppliers & Vendors (New),08-04-2025,Richwood Hospitality Co. LTD,1285,"SR307-2,cntr4,5,6",Richwood Hospitality Co. LTD - Aug  material cost transferred from sps,,904,
"AUGCOGS-SR307-2,cntr3",1021,A51001 - Freight - Out - Expense (New),981,,08-04-2025,Richwood Hospitality Co. LTD,1285,"SR307-2,cntr3",Richwood Hospitality Co. LTD - Aug  material cost transferred from sps,334.5,,
"AUGCOGS-SR307-2,cntr3",1021.5,,966,A20001 - Accounts Payable Suppliers & Vendors (New),08-04-2025,Richwood Hospitality Co. LTD,1285,"SR307-2,cntr3",Richwood Hospitality Co. LTD - Aug  material cost transferred from sps,,334.5,
AUGCOGS-GV2025002,1022,A51001 - Freight - Out - Expense (New),981,,08-04-2025,"Cambodian Zulite Stone Co., Ltd.",1237,GV2025002,"Cambodian Zulite Stone Co., Ltd. - Aug  material cost transferred from sps",314.5,,
AUGCOGS-GV2025002,1022.5,,966,A20001 - Accounts Payable Suppliers & Vendors (New),08-04-2025,"Cambodian Zulite Stone Co., Ltd.",1237,GV2025002,"Cambodian Zulite Stone Co., Ltd. - Aug  material cost transferred from sps",,314.5,
AUGCOGS-SR173-5B2,1023,A51001 - Freight - Out - Expense (New),981,,08-05-2025,HARMONY HOSPITALITY CO LTD,2517,SR173-5B2,HARMONY HOSPITALITY CO LTD - Aug  material cost transferred from sps,193,,
AUGCOGS-SR173-5B2,1023.5,,966,A20001 - Accounts Payable Suppliers & Vendors (New),08-05-2025,HARMONY HOSPITALITY CO LTD,2517,SR173-5B2,HARMONY HOSPITALITY CO LTD - Aug  material cost transferred from sps,,193,
AUGCOGS-7302/VE,1024,A51001 - Freight - Out - Expense (New),981,,08-06-2025,MIRAGE GRANITO CERAMICO USA INC,1956,7302/VE,MIRAGE GRANITO CERAMICO USA INC - Aug  material cost transferred from sps,2075,,
AUGCOGS-7302/VE,1024.5,,966,A20001 - Accounts Payable Suppliers & Vendors (New),08-06-2025,MIRAGE GRANITO CERAMICO USA INC,1956,7302/VE,MIRAGE GRANITO CERAMICO USA INC - Aug  material cost transferred from sps,,2075,
AUGCOGS-24JSF04101,1025,A51001 - Freight - Out - Expense (New),981,,08-06-2025,"Jasfer Industry Co., Limited",137,24JSF04101,"Jasfer Industry Co., Limited - Aug  material cost transferred from sps",93,,
AUGCOGS-24JSF04101,1025.5,,966,A20001 - Accounts Payable Suppliers & Vendors (New),08-06-2025,"Jasfer Industry Co., Limited",137,24JSF04101,"Jasfer Industry Co., Limited - Aug  material cost transferred from sps",,93,
AUGCOGS-24JSF04102,1026,A51001 - Freight - Out - Expense (New),981,,08-06-2025,"Jasfer Industry Co., Limited",137,24JSF04102,"Jasfer Industry Co., Limited - Aug  material cost transferred from sps",93,,
AUGCOGS-24JSF04102,1026.5,,966,A20001 - Accounts Payable Suppliers & Vendors (New),08-06-2025,"Jasfer Industry Co., Limited",137,24JSF04102,"Jasfer Industry Co., Limited - Aug  material cost transferred from sps",,93,
AUGCOGS-24JSF04103,1027,A51001 - Freight - Out - Expense (New),981,,08-06-2025,"Jasfer Industry Co., Limited",137,24JSF04103,"Jasfer Industry Co., Limited - Aug  material cost transferred from sps",93,,
AUGCOGS-24JSF04103,1027.5,,966,A20001 - Accounts Payable Suppliers & Vendors (New),08-06-2025,"Jasfer Industry Co., Limited",137,24JSF04103,"Jasfer Industry Co., Limited - Aug  material cost transferred from sps",,93,
AUGCOGS-GV038,1028,A51001 - Freight - Out - Expense (New),981,,08-06-2025,Richwood Hospitality Co. LTD,1285,GV038,Richwood Hospitality Co. LTD - Aug  material cost transferred from sps,89,,
AUGCOGS-GV038,1028.5,,966,A20001 - Accounts Payable Suppliers & Vendors (New),08-06-2025,Richwood Hospitality Co. LTD,1285,GV038,Richwood Hospitality Co. LTD - Aug  material cost transferred from sps,,89,
AUGCOGS-SR411-11,1029,A51001 - Freight - Out - Expense (New),981,,08-06-2025,Richwood Hospitality Co. LTD,1285,SR411-11,Richwood Hospitality Co. LTD - Aug  material cost transferred from sps,89,,
AUGCOGS-SR411-11,1029.5,,966,A20001 - Accounts Payable Suppliers & Vendors (New),08-06-2025,Richwood Hospitality Co. LTD,1285,SR411-11,Richwood Hospitality Co. LTD - Aug  material cost transferred from sps,,89,
AUGCOGS-24JS090901,1030,A51001 - Freight - Out - Expense (New),981,,08-06-2025,"Jasfer Industry Co., Limited",137,24JS090901,"Jasfer Industry Co., Limited - Aug  material cost transferred from sps",79,,
AUGCOGS-24JS090901,1030.5,,966,A20001 - Accounts Payable Suppliers & Vendors (New),08-06-2025,"Jasfer Industry Co., Limited",137,24JS090901,"Jasfer Industry Co., Limited - Aug  material cost transferred from sps",,79,
AUGCOGS-SR253-3P3,1031,A51001 - Freight - Out - Expense (New),981,,08-06-2025,Richwood Hospitality Co. LTD,1285,SR253-3P3,Richwood Hospitality Co. LTD - Aug  material cost transferred from sps,89,,
AUGCOGS-SR253-3P3,1031.5,,966,A20001 - Accounts Payable Suppliers & Vendors (New),08-06-2025,Richwood Hospitality Co. LTD,1285,SR253-3P3,Richwood Hospitality Co. LTD - Aug  material cost transferred from sps,,89,
AUGCOGS-24RT070901,1032,A51001 - Freight - Out - Expense (New),981,,08-06-2025,"Jasfer Industry Co., Limited",137,24RT070901,"Jasfer Industry Co., Limited - Aug  material cost transferred from sps",79,,
AUGCOGS-24RT070901,1032.5,,966,A20001 - Accounts Payable Suppliers & Vendors (New),08-06-2025,"Jasfer Industry Co., Limited",137,24RT070901,"Jasfer Industry Co., Limited - Aug  material cost transferred from sps",,79,
AUGCOGS-SR273-44,1033,A51001 - Freight - Out - Expense (New),981,,08-06-2025,Richwood Hospitality Co. LTD,1285,SR273-44,Richwood Hospitality Co. LTD - Aug  material cost transferred from sps,163,,
AUGCOGS-SR273-44,1033.5,,966,A20001 - Accounts Payable Suppliers & Vendors (New),08-06-2025,Richwood Hospitality Co. LTD,1285,SR273-44,Richwood Hospitality Co. LTD - Aug  material cost transferred from sps,,163,
AUGCOGS-SR395-3P2,1034,A51001 - Freight - Out - Expense (New),981,,08-06-2025,Richwood Hospitality Co. LTD,1285,SR395-3P2,Richwood Hospitality Co. LTD - Aug  material cost transferred from sps,110,,
AUGCOGS-SR395-3P2,1034.5,,966,A20001 - Accounts Payable Suppliers & Vendors (New),08-06-2025,Richwood Hospitality Co. LTD,1285,SR395-3P2,Richwood Hospitality Co. LTD - Aug  material cost transferred from sps,,110,
AUGCOGS-SR411-11P3,1035,A51001 - Freight - Out - Expense (New),981,,08-06-2025,Richwood Hospitality Co. LTD,1285,SR411-11P3,Richwood Hospitality Co. LTD - Aug  material cost transferred from sps,89,,
AUGCOGS-SR411-11P3,1035.5,,966,A20001 - Accounts Payable Suppliers & Vendors (New),08-06-2025,Richwood Hospitality Co. LTD,1285,SR411-11P3,Richwood Hospitality Co. LTD - Aug  material cost transferred from sps,,89,
AUGCOGS-SR407-9,1036,A51001 - Freight - Out - Expense (New),981,,08-06-2025,Richwood Hospitality Co. LTD,1285,SR407-9,Richwood Hospitality Co. LTD - Aug  material cost transferred from sps,833,,
AUGCOGS-SR407-9,1036.5,,966,A20001 - Accounts Payable Suppliers & Vendors (New),08-06-2025,Richwood Hospitality Co. LTD,1285,SR407-9,Richwood Hospitality Co. LTD - Aug  material cost transferred from sps,,833,
AUGCOGS-24BL101809,1037,A51001 - Freight - Out - Expense (New),981,,08-06-2025,"Jasfer Industry Co., Limited",137,24BL101809,"Jasfer Industry Co., Limited - Aug  material cost transferred from sps",64,,
AUGCOGS-24BL101809,1037.5,,966,A20001 - Accounts Payable Suppliers & Vendors (New),08-06-2025,"Jasfer Industry Co., Limited",137,24BL101809,"Jasfer Industry Co., Limited - Aug  material cost transferred from sps",,64,
AUGCOGS-24JS121102,1038,A51001 - Freight - Out - Expense (New),981,,08-06-2025,"Jasfer Industry Co., Limited",137,24JS121102,"Jasfer Industry Co., Limited - Aug  material cost transferred from sps",117,,
AUGCOGS-24JS121102,1038.5,,966,A20001 - Accounts Payable Suppliers & Vendors (New),08-06-2025,"Jasfer Industry Co., Limited",137,24JS121102,"Jasfer Industry Co., Limited - Aug  material cost transferred from sps",,117,
AUGCOGS-24BL102904,1039,A51001 - Freight - Out - Expense (New),981,,08-06-2025,"Jasfer Industry Co., Limited",137,24BL102904,"Jasfer Industry Co., Limited - Aug  material cost transferred from sps",154,,
AUGCOGS-24BL102904,1039.5,,966,A20001 - Accounts Payable Suppliers & Vendors (New),08-06-2025,"Jasfer Industry Co., Limited",137,24BL102904,"Jasfer Industry Co., Limited - Aug  material cost transferred from sps",,154,
AUGCOGS-SR297-10,1040,A51001 - Freight - Out - Expense (New),981,,08-06-2025,Richwood Hospitality Co. LTD,1285,SR297-10,Richwood Hospitality Co. LTD - Aug  material cost transferred from sps,89,,
AUGCOGS-SR297-10,1040.5,,966,A20001 - Accounts Payable Suppliers & Vendors (New),08-06-2025,Richwood Hospitality Co. LTD,1285,SR297-10,Richwood Hospitality Co. LTD - Aug  material cost transferred from sps,,89,
AUGCOGS-SR297-9,1041,A51001 - Freight - Out - Expense (New),981,,08-06-2025,Richwood Hospitality Co. LTD,1285,SR297-9,Richwood Hospitality Co. LTD - Aug  material cost transferred from sps,89,,
AUGCOGS-SR297-9,1041.5,,966,A20001 - Accounts Payable Suppliers & Vendors (New),08-06-2025,Richwood Hospitality Co. LTD,1285,SR297-9,Richwood Hospitality Co. LTD - Aug  material cost transferred from sps,,89,
AUGCOGS-SR297-11,1042,A51001 - Freight - Out - Expense (New),981,,08-06-2025,Richwood Hospitality Co. LTD,1285,SR297-11,Richwood Hospitality Co. LTD - Aug  material cost transferred from sps,105,,
AUGCOGS-SR297-11,1042.5,,966,A20001 - Accounts Payable Suppliers & Vendors (New),08-06-2025,Richwood Hospitality Co. LTD,1285,SR297-11,Richwood Hospitality Co. LTD - Aug  material cost transferred from sps,,105,
AUGCOGS-SR273-12P2,1043,A51001 - Freight - Out - Expense (New),981,,08-06-2025,Richwood Hospitality Co. LTD,1285,SR273-12P2,Richwood Hospitality Co. LTD - Aug  material cost transferred from sps,89,,
AUGCOGS-SR273-12P2,1043.5,,966,A20001 - Accounts Payable Suppliers & Vendors (New),08-06-2025,Richwood Hospitality Co. LTD,1285,SR273-12P2,Richwood Hospitality Co. LTD - Aug  material cost transferred from sps,,89,
AUGCOGS-24JS110502,1044,A51001 - Freight - Out - Expense (New),981,,08-06-2025,"Jasfer Industry Co., Limited",137,24JS110502,"Jasfer Industry Co., Limited - Aug  material cost transferred from sps",78,,
AUGCOGS-24JS110502,1044.5,,966,A20001 - Accounts Payable Suppliers & Vendors (New),08-06-2025,"Jasfer Industry Co., Limited",137,24JS110502,"Jasfer Industry Co., Limited - Aug  material cost transferred from sps",,78,
AUGCOGS-SR350-8,1045,A51001 - Freight - Out - Expense (New),981,,08-06-2025,Richwood Hospitality Co. LTD,1285,SR350-8,Richwood Hospitality Co. LTD - Aug  material cost transferred from sps,178,,
AUGCOGS-SR350-8,1045.5,,966,A20001 - Accounts Payable Suppliers & Vendors (New),08-06-2025,Richwood Hospitality Co. LTD,1285,SR350-8,Richwood Hospitality Co. LTD - Aug  material cost transferred from sps,,178,
AUGCOGS-24JS101706,1046,A51001 - Freight - Out - Expense (New),981,,08-06-2025,"Jasfer Industry Co., Limited",137,24JS101706,"Jasfer Industry Co., Limited - Aug  material cost transferred from sps",216.7,,
AUGCOGS-24JS101706,1046.5,,966,A20001 - Accounts Payable Suppliers & Vendors (New),08-06-2025,"Jasfer Industry Co., Limited",137,24JS101706,"Jasfer Industry Co., Limited - Aug  material cost transferred from sps",,216.7,
AUGCOGS-24JSF11005,1047,A51001 - Freight - Out - Expense (New),981,,08-06-2025,"Jasfer Industry Co., Limited",137,24JSF11005,"Jasfer Industry Co., Limited - Aug  material cost transferred from sps",266,,
AUGCOGS-24JSF11005,1047.5,,966,A20001 - Accounts Payable Suppliers & Vendors (New),08-06-2025,"Jasfer Industry Co., Limited",137,24JSF11005,"Jasfer Industry Co., Limited - Aug  material cost transferred from sps",,266,
AUGCOGS-24JS110106,1048,A51001 - Freight - Out - Expense (New),981,,08-06-2025,"Jasfer Industry Co., Limited",137,24JS110106,"Jasfer Industry Co., Limited - Aug  material cost transferred from sps",210,,
AUGCOGS-24JS110106,1048.5,,966,A20001 - Accounts Payable Suppliers & Vendors (New),08-06-2025,"Jasfer Industry Co., Limited",137,24JS110106,"Jasfer Industry Co., Limited - Aug  material cost transferred from sps",,210,
AUGCOGS-24JS110401,1049,A51001 - Freight - Out - Expense (New),981,,08-06-2025,"Jasfer Industry Co., Limited",137,24JS110401,"Jasfer Industry Co., Limited - Aug  material cost transferred from sps",1568,,
AUGCOGS-24JS110401,1049.5,,966,A20001 - Accounts Payable Suppliers & Vendors (New),08-06-2025,"Jasfer Industry Co., Limited",137,24JS110401,"Jasfer Industry Co., Limited - Aug  material cost transferred from sps",,1568,
AUGCOGS-24BL111108,1050,A51001 - Freight - Out - Expense (New),981,,08-06-2025,"Jasfer Industry Co., Limited",137,24BL111108,"Jasfer Industry Co., Limited - Aug  material cost transferred from sps",111,,
AUGCOGS-24BL111108,1050.5,,966,A20001 - Accounts Payable Suppliers & Vendors (New),08-06-2025,"Jasfer Industry Co., Limited",137,24BL111108,"Jasfer Industry Co., Limited - Aug  material cost transferred from sps",,111,
AUGCOGS-24JS110708,1051,A51001 - Freight - Out - Expense (New),981,,08-06-2025,"Jasfer Industry Co., Limited",137,24JS110708,"Jasfer Industry Co., Limited - Aug  material cost transferred from sps",298,,
AUGCOGS-24JS110708,1051.5,,966,A20001 - Accounts Payable Suppliers & Vendors (New),08-06-2025,"Jasfer Industry Co., Limited",137,24JS110708,"Jasfer Industry Co., Limited - Aug  material cost transferred from sps",,298,
AUGCOGS-24JSF09055,1052,A51001 - Freight - Out - Expense (New),981,,08-06-2025,"Jasfer Industry Co., Limited",137,24JSF09055,"Jasfer Industry Co., Limited - Aug  material cost transferred from sps",3687.1,,
AUGCOGS-24JSF09055,1052.5,,966,A20001 - Accounts Payable Suppliers & Vendors (New),08-06-2025,"Jasfer Industry Co., Limited",137,24JSF09055,"Jasfer Industry Co., Limited - Aug  material cost transferred from sps",,3687.1,
AUGCOGS-24JSF11006,1053,A51001 - Freight - Out - Expense (New),981,,08-06-2025,"Jasfer Industry Co., Limited",137,24JSF11006,"Jasfer Industry Co., Limited - Aug  material cost transferred from sps",159,,
AUGCOGS-24JSF11006,1053.5,,966,A20001 - Accounts Payable Suppliers & Vendors (New),08-06-2025,"Jasfer Industry Co., Limited",137,24JSF11006,"Jasfer Industry Co., Limited - Aug  material cost transferred from sps",,159,
AUGCOGS-GV047,1054,A51001 - Freight - Out - Expense (New),981,,08-06-2025,Richwood Hospitality Co. LTD,1285,GV047,Richwood Hospitality Co. LTD - Aug  material cost transferred from sps,3123,,
AUGCOGS-GV047,1054.5,,966,A20001 - Accounts Payable Suppliers & Vendors (New),08-06-2025,Richwood Hospitality Co. LTD,1285,GV047,Richwood Hospitality Co. LTD - Aug  material cost transferred from sps,,3123,
AUGCOGS-24BL110405,1055,A51001 - Freight - Out - Expense (New),981,,08-06-2025,"Jasfer Industry Co., Limited",137,24BL110405,"Jasfer Industry Co., Limited - Aug  material cost transferred from sps",86,,
AUGCOGS-24BL110405,1055.5,,966,A20001 - Accounts Payable Suppliers & Vendors (New),08-06-2025,"Jasfer Industry Co., Limited",137,24BL110405,"Jasfer Industry Co., Limited - Aug  material cost transferred from sps",,86,
AUGCOGS-24BL110402,1056,A51001 - Freight - Out - Expense (New),981,,08-06-2025,"Jasfer Industry Co., Limited",137,24BL110402,"Jasfer Industry Co., Limited - Aug  material cost transferred from sps",64,,
AUGCOGS-24BL110402,1056.5,,966,A20001 - Accounts Payable Suppliers & Vendors (New),08-06-2025,"Jasfer Industry Co., Limited",137,24BL110402,"Jasfer Industry Co., Limited - Aug  material cost transferred from sps",,64,
AUGCOGS-20250213,1057,A51001 - Freight - Out - Expense (New),981,,08-06-2025,An Cuong Wood-Working,1542,20250213,An Cuong Wood-Working - Aug  material cost transferred from sps,2100,,
AUGCOGS-20250213,1057.5,,966,A20001 - Accounts Payable Suppliers & Vendors (New),08-06-2025,An Cuong Wood-Working,1542,20250213,An Cuong Wood-Working - Aug  material cost transferred from sps,,2100,
AUGCOGS-24BL110706,1058,A51001 - Freight - Out - Expense (New),981,,08-06-2025,"Jasfer Industry Co., Limited",137,24BL110706,"Jasfer Industry Co., Limited - Aug  material cost transferred from sps",86,,
AUGCOGS-24BL110706,1058.5,,966,A20001 - Accounts Payable Suppliers & Vendors (New),08-06-2025,"Jasfer Industry Co., Limited",137,24BL110706,"Jasfer Industry Co., Limited - Aug  material cost transferred from sps",,86,
AUGCOGS-SR273-48,1059,A51001 - Freight - Out - Expense (New),981,,08-06-2025,Richwood Hospitality Co. LTD,1285,SR273-48,Richwood Hospitality Co. LTD - Aug  material cost transferred from sps,89,,
AUGCOGS-SR273-48,1059.5,,966,A20001 - Accounts Payable Suppliers & Vendors (New),08-06-2025,Richwood Hospitality Co. LTD,1285,SR273-48,Richwood Hospitality Co. LTD - Aug  material cost transferred from sps,,89,
AUGCOGS-SR393-10,1060,A51001 - Freight - Out - Expense (New),981,,08-06-2025,Richwood Hospitality Co. LTD,1285,SR393-10,Richwood Hospitality Co. LTD - Aug  material cost transferred from sps,685,,
AUGCOGS-SR393-10,1060.5,,966,A20001 - Accounts Payable Suppliers & Vendors (New),08-06-2025,Richwood Hospitality Co. LTD,1285,SR393-10,Richwood Hospitality Co. LTD - Aug  material cost transferred from sps,,685,
AUGCOGS-24JSF05101,1061,A51001 - Freight - Out - Expense (New),981,,08-06-2025,"Jasfer Industry Co., Limited",137,24JSF05101,"Jasfer Industry Co., Limited - Aug  material cost transferred from sps",131.42,,
AUGCOGS-24JSF05101,1061.5,,966,A20001 - Accounts Payable Suppliers & Vendors (New),08-06-2025,"Jasfer Industry Co., Limited",137,24JSF05101,"Jasfer Industry Co., Limited - Aug  material cost transferred from sps",,131.42,
AUGCOGS-24JS120208,1062,A51001 - Freight - Out - Expense (New),981,,08-06-2025,"Jasfer Industry Co., Limited",137,24JS120208,"Jasfer Industry Co., Limited - Aug  material cost transferred from sps",78,,
AUGCOGS-24JS120208,1062.5,,966,A20001 - Accounts Payable Suppliers & Vendors (New),08-06-2025,"Jasfer Industry Co., Limited",137,24JS120208,"Jasfer Industry Co., Limited - Aug  material cost transferred from sps",,78,
AUGCOGS-24JS120207,1063,A51001 - Freight - Out - Expense (New),981,,08-06-2025,"Jasfer Industry Co., Limited",137,24JS120207,"Jasfer Industry Co., Limited - Aug  material cost transferred from sps",78,,
AUGCOGS-24JS120207,1063.5,,966,A20001 - Accounts Payable Suppliers & Vendors (New),08-06-2025,"Jasfer Industry Co., Limited",137,24JS120207,"Jasfer Industry Co., Limited - Aug  material cost transferred from sps",,78,
AUGCOGS-24JS112001,1064,A51001 - Freight - Out - Expense (New),981,,08-06-2025,"Jasfer Industry Co., Limited",137,24JS112001,"Jasfer Industry Co., Limited - Aug  material cost transferred from sps",203,,
AUGCOGS-24JS112001,1064.5,,966,A20001 - Accounts Payable Suppliers & Vendors (New),08-06-2025,"Jasfer Industry Co., Limited",137,24JS112001,"Jasfer Industry Co., Limited - Aug  material cost transferred from sps",,203,
AUGCOGS-24BL111305,1065,A51001 - Freight - Out - Expense (New),981,,08-06-2025,"Jasfer Industry Co., Limited",137,24BL111305,"Jasfer Industry Co., Limited - Aug  material cost transferred from sps",203,,
AUGCOGS-24BL111305,1065.5,,966,A20001 - Accounts Payable Suppliers & Vendors (New),08-06-2025,"Jasfer Industry Co., Limited",137,24BL111305,"Jasfer Industry Co., Limited - Aug  material cost transferred from sps",,203,
AUGCOGS-24JSF07078,1066,A51001 - Freight - Out - Expense (New),981,,08-06-2025,"Jasfer Industry Co., Limited",137,24JSF07078,"Jasfer Industry Co., Limited - Aug  material cost transferred from sps",406,,
AUGCOGS-24JSF07078,1066.5,,966,A20001 - Accounts Payable Suppliers & Vendors (New),08-06-2025,"Jasfer Industry Co., Limited",137,24JSF07078,"Jasfer Industry Co., Limited - Aug  material cost transferred from sps",,406,
AUGCOGS-24BL111405,1067,A51001 - Freight - Out - Expense (New),981,,08-06-2025,"Jasfer Industry Co., Limited",137,24BL111405,"Jasfer Industry Co., Limited - Aug  material cost transferred from sps",246.19,,
AUGCOGS-24BL111405,1067.5,,966,A20001 - Accounts Payable Suppliers & Vendors (New),08-06-2025,"Jasfer Industry Co., Limited",137,24BL111405,"Jasfer Industry Co., Limited - Aug  material cost transferred from sps",,246.19,
AUGCOGS-24BL111406,1068,A51001 - Freight - Out - Expense (New),981,,08-06-2025,"Jasfer Industry Co., Limited",137,24BL111406,"Jasfer Industry Co., Limited - Aug  material cost transferred from sps",221,,
AUGCOGS-24BL111406,1068.5,,966,A20001 - Accounts Payable Suppliers & Vendors (New),08-06-2025,"Jasfer Industry Co., Limited",137,24BL111406,"Jasfer Industry Co., Limited - Aug  material cost transferred from sps",,221,
AUGCOGS-24JS111306,1069,A51001 - Freight - Out - Expense (New),981,,08-06-2025,"Jasfer Industry Co., Limited",137,24JS111306,"Jasfer Industry Co., Limited - Aug  material cost transferred from sps",610,,
AUGCOGS-24JS111306,1069.5,,966,A20001 - Accounts Payable Suppliers & Vendors (New),08-06-2025,"Jasfer Industry Co., Limited",137,24JS111306,"Jasfer Industry Co., Limited - Aug  material cost transferred from sps",,610,
AUGCOGS-SR350-9,1070,A51001 - Freight - Out - Expense (New),981,,08-06-2025,Richwood Hospitality Co. LTD,1285,SR350-9,Richwood Hospitality Co. LTD - Aug  material cost transferred from sps,324,,
AUGCOGS-SR350-9,1070.5,,966,A20001 - Accounts Payable Suppliers & Vendors (New),08-06-2025,Richwood Hospitality Co. LTD,1285,SR350-9,Richwood Hospitality Co. LTD - Aug  material cost transferred from sps,,324,
AUGCOGS-SR307-3,1071,A51001 - Freight - Out - Expense (New),981,,08-06-2025,Richwood Hospitality Co. LTD,1285,SR307-3,Richwood Hospitality Co. LTD - Aug  material cost transferred from sps,110,,
AUGCOGS-SR307-3,1071.5,,966,A20001 - Accounts Payable Suppliers & Vendors (New),08-06-2025,Richwood Hospitality Co. LTD,1285,SR307-3,Richwood Hospitality Co. LTD - Aug  material cost transferred from sps,,110,
AUGCOGS-24JS111906,1072,A51001 - Freight - Out - Expense (New),981,,08-06-2025,"Jasfer Industry Co., Limited",137,24JS111906,"Jasfer Industry Co., Limited - Aug  material cost transferred from sps",39,,
AUGCOGS-24JS111906,1072.5,,966,A20001 - Accounts Payable Suppliers & Vendors (New),08-06-2025,"Jasfer Industry Co., Limited",137,24JS111906,"Jasfer Industry Co., Limited - Aug  material cost transferred from sps",,39,
AUGCOGS-24BL071801,1073,A51001 - Freight - Out - Expense (New),981,,08-06-2025,"Jasfer Industry Co., Limited",137,24BL071801,"Jasfer Industry Co., Limited - Aug  material cost transferred from sps",38,,
AUGCOGS-24BL071801,1073.5,,966,A20001 - Accounts Payable Suppliers & Vendors (New),08-06-2025,"Jasfer Industry Co., Limited",137,24BL071801,"Jasfer Industry Co., Limited - Aug  material cost transferred from sps",,38,
AUGCOGS-24JS122401,1074,A51001 - Freight - Out - Expense (New),981,,08-06-2025,"Jasfer Industry Co., Limited",137,24JS122401,"Jasfer Industry Co., Limited - Aug  material cost transferred from sps",39,,
AUGCOGS-24JS122401,1074.5,,966,A20001 - Accounts Payable Suppliers & Vendors (New),08-06-2025,"Jasfer Industry Co., Limited",137,24JS122401,"Jasfer Industry Co., Limited - Aug  material cost transferred from sps",,39,
AUGCOGS-24JS111903,1075,A51001 - Freight - Out - Expense (New),981,,08-06-2025,"Jasfer Industry Co., Limited",137,24JS111903,"Jasfer Industry Co., Limited - Aug  material cost transferred from sps",104,,
AUGCOGS-24JS111903,1075.5,,966,A20001 - Accounts Payable Suppliers & Vendors (New),08-06-2025,"Jasfer Industry Co., Limited",137,24JS111903,"Jasfer Industry Co., Limited - Aug  material cost transferred from sps",,104,
AUGCOGS-24BL112302,1076,A51001 - Freight - Out - Expense (New),981,,08-06-2025,"Jasfer Industry Co., Limited",137,24BL112302,"Jasfer Industry Co., Limited - Aug  material cost transferred from sps",113,,
AUGCOGS-24BL112302,1076.5,,966,A20001 - Accounts Payable Suppliers & Vendors (New),08-06-2025,"Jasfer Industry Co., Limited",137,24BL112302,"Jasfer Industry Co., Limited - Aug  material cost transferred from sps",,113,
AUGCOGS-24JSF11047,1077,A51001 - Freight - Out - Expense (New),981,,08-06-2025,"Jasfer Industry Co., Limited",137,24JSF11047,"Jasfer Industry Co., Limited - Aug  material cost transferred from sps",648.76,,
AUGCOGS-24JSF11047,1077.5,,966,A20001 - Accounts Payable Suppliers & Vendors (New),08-06-2025,"Jasfer Industry Co., Limited",137,24JSF11047,"Jasfer Industry Co., Limited - Aug  material cost transferred from sps",,648.76,
AUGCOGS-24BL113001,1078,A51001 - Freight - Out - Expense (New),981,,08-06-2025,"Jasfer Industry Co., Limited",137,24BL113001,"Jasfer Industry Co., Limited - Aug  material cost transferred from sps",38,,
AUGCOGS-24BL113001,1078.5,,966,A20001 - Accounts Payable Suppliers & Vendors (New),08-06-2025,"Jasfer Industry Co., Limited",137,24BL113001,"Jasfer Industry Co., Limited - Aug  material cost transferred from sps",,38,
AUGCOGS-20250263,1079,A51001 - Freight - Out - Expense (New),981,,08-06-2025,An Cuong Wood-Working,1542,20250263,An Cuong Wood-Working - Aug  material cost transferred from sps,650,,
AUGCOGS-20250263,1079.5,,966,A20001 - Accounts Payable Suppliers & Vendors (New),08-06-2025,An Cuong Wood-Working,1542,20250263,An Cuong Wood-Working - Aug  material cost transferred from sps,,650,
AUGCOGS-24JS121801,1080,A51001 - Freight - Out - Expense (New),981,,08-06-2025,"Jasfer Industry Co., Limited",137,24JS121801,"Jasfer Industry Co., Limited - Aug  material cost transferred from sps",268,,
AUGCOGS-24JS121801,1080.5,,966,A20001 - Accounts Payable Suppliers & Vendors (New),08-06-2025,"Jasfer Industry Co., Limited",137,24JS121801,"Jasfer Industry Co., Limited - Aug  material cost transferred from sps",,268,
AUGCOGS-SR382-2P1,1081,A51001 - Freight - Out - Expense (New),981,,08-06-2025,Richwood Hospitality Co. LTD,1285,SR382-2P1,Richwood Hospitality Co. LTD - Aug  material cost transferred from sps,648,,
AUGCOGS-SR382-2P1,1081.5,,966,A20001 - Accounts Payable Suppliers & Vendors (New),08-06-2025,Richwood Hospitality Co. LTD,1285,SR382-2P1,Richwood Hospitality Co. LTD - Aug  material cost transferred from sps,,648,
AUGCOGS-24JS120206,1082,A51001 - Freight - Out - Expense (New),981,,08-06-2025,"Jasfer Industry Co., Limited",137,24JS120206,"Jasfer Industry Co., Limited - Aug  material cost transferred from sps",78,,
AUGCOGS-24JS120206,1082.5,,966,A20001 - Accounts Payable Suppliers & Vendors (New),08-06-2025,"Jasfer Industry Co., Limited",137,24JS120206,"Jasfer Industry Co., Limited - Aug  material cost transferred from sps",,78,
AUGCOGS-24BL120203,1083,A51001 - Freight - Out - Expense (New),981,,08-06-2025,"Jasfer Industry Co., Limited",137,24BL120203,"Jasfer Industry Co., Limited - Aug  material cost transferred from sps",111,,
AUGCOGS-24BL120203,1083.5,,966,A20001 - Accounts Payable Suppliers & Vendors (New),08-06-2025,"Jasfer Industry Co., Limited",137,24BL120203,"Jasfer Industry Co., Limited - Aug  material cost transferred from sps",,111,
AUGCOGS-24JS120203,1084,A51001 - Freight - Out - Expense (New),981,,08-06-2025,"Jasfer Industry Co., Limited",137,24JS120203,"Jasfer Industry Co., Limited - Aug  material cost transferred from sps",203,,
AUGCOGS-24JS120203,1084.5,,966,A20001 - Accounts Payable Suppliers & Vendors (New),08-06-2025,"Jasfer Industry Co., Limited",137,24JS120203,"Jasfer Industry Co., Limited - Aug  material cost transferred from sps",,203,
AUGCOGS-24JSF12102,1085,A51001 - Freight - Out - Expense (New),981,,08-06-2025,"Jasfer Industry Co., Limited",137,24JSF12102,"Jasfer Industry Co., Limited - Aug  material cost transferred from sps",93,,
AUGCOGS-24JSF12102,1085.5,,966,A20001 - Accounts Payable Suppliers & Vendors (New),08-06-2025,"Jasfer Industry Co., Limited",137,24JSF12102,"Jasfer Industry Co., Limited - Aug  material cost transferred from sps",,93,
AUGCOGS-24RT120601,1086,A51001 - Freight - Out - Expense (New),981,,08-06-2025,"Jasfer Industry Co., Limited",137,24RT120601,"Jasfer Industry Co., Limited - Aug  material cost transferred from sps",78,,
AUGCOGS-24RT120601,1086.5,,966,A20001 - Accounts Payable Suppliers & Vendors (New),08-06-2025,"Jasfer Industry Co., Limited",137,24RT120601,"Jasfer Industry Co., Limited - Aug  material cost transferred from sps",,78,
AUGCOGS-24JS120406,1087,A51001 - Freight - Out - Expense (New),981,,08-06-2025,"Jasfer Industry Co., Limited",137,24JS120406,"Jasfer Industry Co., Limited - Aug  material cost transferred from sps",78,,
AUGCOGS-24JS120406,1087.5,,966,A20001 - Accounts Payable Suppliers & Vendors (New),08-06-2025,"Jasfer Industry Co., Limited",137,24JS120406,"Jasfer Industry Co., Limited - Aug  material cost transferred from sps",,78,
AUGCOGS-SR411-12P1,1088,A51001 - Freight - Out - Expense (New),981,,08-06-2025,Richwood Hospitality Co. LTD,1285,SR411-12P1,Richwood Hospitality Co. LTD - Aug  material cost transferred from sps,110,,
AUGCOGS-SR411-12P1,1088.5,,966,A20001 - Accounts Payable Suppliers & Vendors (New),08-06-2025,Richwood Hospitality Co. LTD,1285,SR411-12P1,Richwood Hospitality Co. LTD - Aug  material cost transferred from sps,,110,
AUGCOGS-25JSF01047,1089,A51001 - Freight - Out - Expense (New),981,,08-06-2025,"Jasfer Industry Co., Limited",137,25JSF01047,"Jasfer Industry Co., Limited - Aug  material cost transferred from sps",93,,
AUGCOGS-25JSF01047,1089.5,,966,A20001 - Accounts Payable Suppliers & Vendors (New),08-06-2025,"Jasfer Industry Co., Limited",137,25JSF01047,"Jasfer Industry Co., Limited - Aug  material cost transferred from sps",,93,
AUGCOGS-SR350-11,1090,A51001 - Freight - Out - Expense (New),981,,08-06-2025,Richwood Hospitality Co. LTD,1285,SR350-11,Richwood Hospitality Co. LTD - Aug  material cost transferred from sps,110,,
AUGCOGS-SR350-11,1090.5,,966,A20001 - Accounts Payable Suppliers & Vendors (New),08-06-2025,Richwood Hospitality Co. LTD,1285,SR350-11,Richwood Hospitality Co. LTD - Aug  material cost transferred from sps,,110,
AUGCOGS-24JS121106,1091,A51001 - Freight - Out - Expense (New),981,,08-06-2025,"Jasfer Industry Co., Limited",137,24JS121106,"Jasfer Industry Co., Limited - Aug  material cost transferred from sps",78,,
AUGCOGS-24JS121106,1091.5,,966,A20001 - Accounts Payable Suppliers & Vendors (New),08-06-2025,"Jasfer Industry Co., Limited",137,24JS121106,"Jasfer Industry Co., Limited - Aug  material cost transferred from sps",,78,
AUGCOGS-24JS121101,1092,A51001 - Freight - Out - Expense (New),981,,08-06-2025,"Jasfer Industry Co., Limited",137,24JS121101,"Jasfer Industry Co., Limited - Aug  material cost transferred from sps",78,,
AUGCOGS-24JS121101,1092.5,,966,A20001 - Accounts Payable Suppliers & Vendors (New),08-06-2025,"Jasfer Industry Co., Limited",137,24JS121101,"Jasfer Industry Co., Limited - Aug  material cost transferred from sps",,78,
AUGCOGS-24JSF12025,1093,A51001 - Freight - Out - Expense (New),981,,08-06-2025,"Jasfer Industry Co., Limited",137,24JSF12025,"Jasfer Industry Co., Limited - Aug  material cost transferred from sps",324.38,,
AUGCOGS-24JSF12025,1093.5,,966,A20001 - Accounts Payable Suppliers & Vendors (New),08-06-2025,"Jasfer Industry Co., Limited",137,24JSF12025,"Jasfer Industry Co., Limited - Aug  material cost transferred from sps",,324.38,
AUGCOGS-SR411-7,1094,A51001 - Freight - Out - Expense (New),981,,08-06-2025,Richwood Hospitality Co. LTD,1285,SR411-7,Richwood Hospitality Co. LTD - Aug  material cost transferred from sps,105,,
AUGCOGS-SR411-7,1094.5,,966,A20001 - Accounts Payable Suppliers & Vendors (New),08-06-2025,Richwood Hospitality Co. LTD,1285,SR411-7,Richwood Hospitality Co. LTD - Aug  material cost transferred from sps,,105,
AUGCOGS-SR407-12,1095,A51001 - Freight - Out - Expense (New),981,,08-06-2025,Richwood Hospitality Co. LTD,1285,SR407-12,Richwood Hospitality Co. LTD - Aug  material cost transferred from sps,219,,
AUGCOGS-SR407-12,1095.5,,966,A20001 - Accounts Payable Suppliers & Vendors (New),08-06-2025,Richwood Hospitality Co. LTD,1285,SR407-12,Richwood Hospitality Co. LTD - Aug  material cost transferred from sps,,219,
AUGCOGS-24RT122701,1096,A51001 - Freight - Out - Expense (New),981,,08-06-2025,"Jasfer Industry Co., Limited",137,24RT122701,"Jasfer Industry Co., Limited - Aug  material cost transferred from sps",78,,
AUGCOGS-24RT122701,1096.5,,966,A20001 - Accounts Payable Suppliers & Vendors (New),08-06-2025,"Jasfer Industry Co., Limited",137,24RT122701,"Jasfer Industry Co., Limited - Aug  material cost transferred from sps",,78,
AUGCOGS-SR419-1,1097,A51001 - Freight - Out - Expense (New),981,,08-06-2025,Richwood Hospitality Co. LTD,1285,SR419-1,Richwood Hospitality Co. LTD - Aug  material cost transferred from sps,500,,
AUGCOGS-SR419-1,1097.5,,966,A20001 - Accounts Payable Suppliers & Vendors (New),08-06-2025,Richwood Hospitality Co. LTD,1285,SR419-1,Richwood Hospitality Co. LTD - Aug  material cost transferred from sps,,500,
AUGCOGS-25JSF01006,1098,A51001 - Freight - Out - Expense (New),981,,08-06-2025,"Jasfer Industry Co., Limited",137,25JSF01006,"Jasfer Industry Co., Limited - Aug  material cost transferred from sps",850,,
AUGCOGS-25JSF01006,1098.5,,966,A20001 - Accounts Payable Suppliers & Vendors (New),08-06-2025,"Jasfer Industry Co., Limited",137,25JSF01006,"Jasfer Industry Co., Limited - Aug  material cost transferred from sps",,850,
AUGCOGS-7266/VE,1099,A51001 - Freight - Out - Expense (New),981,,08-06-2025,MIRAGE GRANITO CERAMICO USA INC,1956,7266/VE,MIRAGE GRANITO CERAMICO USA INC - Aug  material cost transferred from sps,4924,,
AUGCOGS-7266/VE,1099.5,,966,A20001 - Accounts Payable Suppliers & Vendors (New),08-06-2025,MIRAGE GRANITO CERAMICO USA INC,1956,7266/VE,MIRAGE GRANITO CERAMICO USA INC - Aug  material cost transferred from sps,,4924,
AUGCOGS-SR407-12-1,1100,A51001 - Freight - Out - Expense (New),981,,08-06-2025,Richwood Hospitality Co. LTD,1285,SR407-12-1,Richwood Hospitality Co. LTD - Aug  material cost transferred from sps,500,,
AUGCOGS-SR407-12-1,1100.5,,966,A20001 - Accounts Payable Suppliers & Vendors (New),08-06-2025,Richwood Hospitality Co. LTD,1285,SR407-12-1,Richwood Hospitality Co. LTD - Aug  material cost transferred from sps,,500,
AUGCOGS-24JSF12030,1101,A51001 - Freight - Out - Expense (New),981,,08-06-2025,"Jasfer Industry Co., Limited",137,24JSF12030,"Jasfer Industry Co., Limited - Aug  material cost transferred from sps",313.5,,
AUGCOGS-24JSF12030,1101.5,,966,A20001 - Accounts Payable Suppliers & Vendors (New),08-06-2025,"Jasfer Industry Co., Limited",137,24JSF12030,"Jasfer Industry Co., Limited - Aug  material cost transferred from sps",,313.5,
AUGCOGS-SR407-15,1102,A51001 - Freight - Out - Expense (New),981,,08-06-2025,Richwood Hospitality Co. LTD,1285,SR407-15,Richwood Hospitality Co. LTD - Aug  material cost transferred from sps,109,,
AUGCOGS-SR407-15,1102.5,,966,A20001 - Accounts Payable Suppliers & Vendors (New),08-06-2025,Richwood Hospitality Co. LTD,1285,SR407-15,Richwood Hospitality Co. LTD - Aug  material cost transferred from sps,,109,
AUGCOGS-10039/VE,1103,A51001 - Freight - Out - Expense (New),981,,08-06-2025,Atlas Concorde,1232,10039/VE,Atlas Concorde - Aug  material cost transferred from sps,3537,,
AUGCOGS-10039/VE,1103.5,,966,A20001 - Accounts Payable Suppliers & Vendors (New),08-06-2025,Atlas Concorde,1232,10039/VE,Atlas Concorde - Aug  material cost transferred from sps,,3537,
"AUGCOGS-SR173-5C, 5V, 5K, SR350",1104,A51001 - Freight - Out - Expense (New),981,,08-07-2025,Unite Oak International Inc,258,"SR173-5C, 5V, 5K, SR350",Unite Oak International Inc - Aug  material cost transferred from sps,1380,,
"AUGCOGS-SR173-5C, 5V, 5K, SR350",1104.5,,966,A20001 - Accounts Payable Suppliers & Vendors (New),08-07-2025,Unite Oak International Inc,258,"SR173-5C, 5V, 5K, SR350",Unite Oak International Inc - Aug  material cost transferred from sps,,1380,
AUGCOGS-23JSF10033,1105,A51001 - Freight - Out - Expense (New),981,,08-07-2025,"Jasfer Industry Co., Limited",137,23JSF10033,"Jasfer Industry Co., Limited - Aug  material cost transferred from sps",299.7,,
AUGCOGS-23JSF10033,1105.5,,966,A20001 - Accounts Payable Suppliers & Vendors (New),08-07-2025,"Jasfer Industry Co., Limited",137,23JSF10033,"Jasfer Industry Co., Limited - Aug  material cost transferred from sps",,299.7,
AUGCOGS-22532306-E,1106,A51001 - Freight - Out - Expense (New),981,,08-07-2025,Fama Sofas S.L.U,1248,22532306-E,Fama Sofas S.L.U - Aug  material cost transferred from sps,3998.86,,
AUGCOGS-22532306-E,1106.5,,966,A20001 - Accounts Payable Suppliers & Vendors (New),08-07-2025,Fama Sofas S.L.U,1248,22532306-E,Fama Sofas S.L.U - Aug  material cost transferred from sps,,3998.86,
AUGCOGS-24JSF07018,1107,A51001 - Freight - Out - Expense (New),981,,08-07-2025,"Jasfer Industry Co., Limited",137,24JSF07018,"Jasfer Industry Co., Limited - Aug  material cost transferred from sps",700.89,,
AUGCOGS-24JSF07018,1107.5,,966,A20001 - Accounts Payable Suppliers & Vendors (New),08-07-2025,"Jasfer Industry Co., Limited",137,24JSF07018,"Jasfer Industry Co., Limited - Aug  material cost transferred from sps",,700.89,
AUGCOGS-24JSF11037,1108,A51001 - Freight - Out - Expense (New),981,,08-07-2025,"Jasfer Industry Co., Limited",137,24JSF11037,"Jasfer Industry Co., Limited - Aug  material cost transferred from sps",251.7,,
AUGCOGS-24JSF11037,1108.5,,966,A20001 - Accounts Payable Suppliers & Vendors (New),08-07-2025,"Jasfer Industry Co., Limited",137,24JSF11037,"Jasfer Industry Co., Limited - Aug  material cost transferred from sps",,251.7,
AUGCOGS-20250275,1109,A51001 - Freight - Out - Expense (New),981,,08-07-2025,An Cuong Wood-Working,1542,20250275,An Cuong Wood-Working - Aug  material cost transferred from sps,650,,
AUGCOGS-20250275,1109.5,,966,A20001 - Accounts Payable Suppliers & Vendors (New),08-07-2025,An Cuong Wood-Working,1542,20250275,An Cuong Wood-Working - Aug  material cost transferred from sps,,650,
AUGCOGS-24JSF12005,1110,A51001 - Freight - Out - Expense (New),981,,08-07-2025,"Jasfer Industry Co., Limited",137,24JSF12005,"Jasfer Industry Co., Limited - Aug  material cost transferred from sps",251.7,,
AUGCOGS-24JSF12005,1110.5,,966,A20001 - Accounts Payable Suppliers & Vendors (New),08-07-2025,"Jasfer Industry Co., Limited",137,24JSF12005,"Jasfer Industry Co., Limited - Aug  material cost transferred from sps",,251.7,
AUGCOGS-24JSF07070,1111,A51001 - Freight - Out - Expense (New),981,,08-07-2025,"Jasfer Industry Co., Limited",137,24JSF07070,"Jasfer Industry Co., Limited - Aug  material cost transferred from sps",251.7,,
AUGCOGS-24JSF07070,1111.5,,966,A20001 - Accounts Payable Suppliers & Vendors (New),08-07-2025,"Jasfer Industry Co., Limited",137,24JSF07070,"Jasfer Industry Co., Limited - Aug  material cost transferred from sps",,251.7,
AUGCOGS-GV2024106-A-Balance-2,1112,A51001 - Freight - Out - Expense (New),981,,08-07-2025,"Xiamen Deyuan Panmin Trading Co., LTD",1295,GV2024106-A-Balance-2,"Xiamen Deyuan Panmin Trading Co., LTD - Aug  material cost transferred from sps",108,,
AUGCOGS-GV2024106-A-Balance-2,1112.5,,966,A20001 - Accounts Payable Suppliers & Vendors (New),08-07-2025,"Xiamen Deyuan Panmin Trading Co., LTD",1295,GV2024106-A-Balance-2,"Xiamen Deyuan Panmin Trading Co., LTD - Aug  material cost transferred from sps",,108,
AUGCOGS-24JSF12058,1113,A51001 - Freight - Out - Expense (New),981,,08-07-2025,"Jasfer Industry Co., Limited",137,24JSF12058,"Jasfer Industry Co., Limited - Aug  material cost transferred from sps",503.75,,
AUGCOGS-24JSF12058,1113.5,,966,A20001 - Accounts Payable Suppliers & Vendors (New),08-07-2025,"Jasfer Industry Co., Limited",137,24JSF12058,"Jasfer Industry Co., Limited - Aug  material cost transferred from sps",,503.75,
AUGCOGS-25JSF01028,1114,A51001 - Freight - Out - Expense (New),981,,08-07-2025,"Jasfer Industry Co., Limited",137,25JSF01028,"Jasfer Industry Co., Limited - Aug  material cost transferred from sps",251.7,,
AUGCOGS-25JSF01028,1114.5,,966,A20001 - Accounts Payable Suppliers & Vendors (New),08-07-2025,"Jasfer Industry Co., Limited",137,25JSF01028,"Jasfer Industry Co., Limited - Aug  material cost transferred from sps",,251.7,
"AUGCOGS-SR173-5.cntr1,SR273-36P4",1115,A51001 - Freight - Out - Expense (New),981,,08-07-2025,Richwood Hospitality Co. LTD,1285,"SR173-5.cntr1,SR273-36P4",Richwood Hospitality Co. LTD - Aug  material cost transferred from sps,730,,
"AUGCOGS-SR173-5.cntr1,SR273-36P4",1115.5,,966,A20001 - Accounts Payable Suppliers & Vendors (New),08-07-2025,Richwood Hospitality Co. LTD,1285,"SR173-5.cntr1,SR273-36P4",Richwood Hospitality Co. LTD - Aug  material cost transferred from sps,,730,
AUGCOGS-GV2025008-B,1116,A51001 - Freight - Out - Expense (New),981,,08-07-2025,"Xiamen Deyuan Panmin Trading Co., LTD",1295,GV2025008-B,"Xiamen Deyuan Panmin Trading Co., LTD - Aug  material cost transferred from sps",108,,
AUGCOGS-GV2025008-B,1116.5,,966,A20001 - Accounts Payable Suppliers & Vendors (New),08-07-2025,"Xiamen Deyuan Panmin Trading Co., LTD",1295,GV2025008-B,"Xiamen Deyuan Panmin Trading Co., LTD - Aug  material cost transferred from sps",,108,
AUGCOGS-25JSF02044,1117,A51001 - Freight - Out - Expense (New),981,,08-07-2025,"Jasfer Industry Co., Limited",137,25JSF02044,"Jasfer Industry Co., Limited - Aug  material cost transferred from sps",650,,
AUGCOGS-25JSF02044,1117.5,,966,A20001 - Accounts Payable Suppliers & Vendors (New),08-07-2025,"Jasfer Industry Co., Limited",137,25JSF02044,"Jasfer Industry Co., Limited - Aug  material cost transferred from sps",,650,
AUGCOGS-16430/VE,1118,A51001 - Freight - Out - Expense (New),981,,08-07-2025,Atlas Concorde,1232,16430/VE,Atlas Concorde - Aug  material cost transferred from sps,7280.92,,
AUGCOGS-16430/VE,1118.5,,966,A20001 - Accounts Payable Suppliers & Vendors (New),08-07-2025,Atlas Concorde,1232,16430/VE,Atlas Concorde - Aug  material cost transferred from sps,,7280.92,
AUGCOGS-25JSF02019,1119,A51001 - Freight - Out - Expense (New),981,,08-07-2025,"Jasfer Industry Co., Limited",137,25JSF02019,"Jasfer Industry Co., Limited - Aug  material cost transferred from sps",251.7,,
AUGCOGS-25JSF02019,1119.5,,966,A20001 - Accounts Payable Suppliers & Vendors (New),08-07-2025,"Jasfer Industry Co., Limited",137,25JSF02019,"Jasfer Industry Co., Limited - Aug  material cost transferred from sps",,251.7,
AUGCOGS-12285/VE,1120,A51001 - Freight - Out - Expense (New),981,,08-07-2025,Atlas Concorde,1232,12285/VE,Atlas Concorde - Aug  material cost transferred from sps,4657,,
AUGCOGS-12285/VE,1120.5,,966,A20001 - Accounts Payable Suppliers & Vendors (New),08-07-2025,Atlas Concorde,1232,12285/VE,Atlas Concorde - Aug  material cost transferred from sps,,4657,
AUGCOGS-GV2025009-B,1121,A51001 - Freight - Out - Expense (New),981,,08-07-2025,"Xiamen Deyuan Panmin Trading Co., LTD",1295,GV2025009-B,"Xiamen Deyuan Panmin Trading Co., LTD - Aug  material cost transferred from sps",108,,
AUGCOGS-GV2025009-B,1121.5,,966,A20001 - Accounts Payable Suppliers & Vendors (New),08-07-2025,"Xiamen Deyuan Panmin Trading Co., LTD",1295,GV2025009-B,"Xiamen Deyuan Panmin Trading Co., LTD - Aug  material cost transferred from sps",,108,
AUGCOGS-GV2025007-B,1122,A51001 - Freight - Out - Expense (New),981,,08-07-2025,"Xiamen Deyuan Panmin Trading Co., LTD",1295,GV2025007-B,"Xiamen Deyuan Panmin Trading Co., LTD - Aug  material cost transferred from sps",108,,
AUGCOGS-GV2025007-B,1122.5,,966,A20001 - Accounts Payable Suppliers & Vendors (New),08-07-2025,"Xiamen Deyuan Panmin Trading Co., LTD",1295,GV2025007-B,"Xiamen Deyuan Panmin Trading Co., LTD - Aug  material cost transferred from sps",,108,
AUGCOGS-25JSF02020,1123,A51001 - Freight - Out - Expense (New),981,,08-07-2025,"Jasfer Industry Co., Limited",137,25JSF02020,"Jasfer Industry Co., Limited - Aug  material cost transferred from sps",251.7,,
AUGCOGS-25JSF02020,1123.5,,966,A20001 - Accounts Payable Suppliers & Vendors (New),08-07-2025,"Jasfer Industry Co., Limited",137,25JSF02020,"Jasfer Industry Co., Limited - Aug  material cost transferred from sps",,251.7,
AUGCOGS-GV2025011-B,1124,A51001 - Freight - Out - Expense (New),981,,08-07-2025,"Xiamen Deyuan Panmin Trading Co., LTD",1295,GV2025011-B,"Xiamen Deyuan Panmin Trading Co., LTD - Aug  material cost transferred from sps",109,,
AUGCOGS-GV2025011-B,1124.5,,966,A20001 - Accounts Payable Suppliers & Vendors (New),08-07-2025,"Xiamen Deyuan Panmin Trading Co., LTD",1295,GV2025011-B,"Xiamen Deyuan Panmin Trading Co., LTD - Aug  material cost transferred from sps",,109,
AUGCOGS-GV2025010-B,1125,A51001 - Freight - Out - Expense (New),981,,08-07-2025,"Xiamen Deyuan Panmin Trading Co., LTD",1295,GV2025010-B,"Xiamen Deyuan Panmin Trading Co., LTD - Aug  material cost transferred from sps",109,,
AUGCOGS-GV2025010-B,1125.5,,966,A20001 - Accounts Payable Suppliers & Vendors (New),08-07-2025,"Xiamen Deyuan Panmin Trading Co., LTD",1295,GV2025010-B,"Xiamen Deyuan Panmin Trading Co., LTD - Aug  material cost transferred from sps",,109,
AUGCOGS-24BL120508,1126,A51001 - Freight - Out - Expense (New),981,,08-08-2025,"Jasfer Industry Co., Limited",137,24BL120508,"Jasfer Industry Co., Limited - Aug  material cost transferred from sps",240,,
AUGCOGS-24BL120508,1126.5,,966,A20001 - Accounts Payable Suppliers & Vendors (New),08-08-2025,"Jasfer Industry Co., Limited",137,24BL120508,"Jasfer Industry Co., Limited - Aug  material cost transferred from sps",,240,
AUGCOGS-SR173-3P3,1127,A51001 - Freight - Out - Expense (New),981,,08-08-2025,Richwood Hospitality Co. LTD,1285,SR173-3P3,Richwood Hospitality Co. LTD - Aug  material cost transferred from sps,81,,
AUGCOGS-SR173-3P3,1127.5,,966,A20001 - Accounts Payable Suppliers & Vendors (New),08-08-2025,Richwood Hospitality Co. LTD,1285,SR173-3P3,Richwood Hospitality Co. LTD - Aug  material cost transferred from sps,,81,
AUGCOGS-9,1128,A51001 - Freight - Out - Expense (New),981,,08-08-2025,Pantarei S.R.L,1280,9,Pantarei S.R.L - Aug  material cost transferred from sps,739,,
AUGCOGS-9,1128.5,,966,A20001 - Accounts Payable Suppliers & Vendors (New),08-08-2025,Pantarei S.R.L,1280,9,Pantarei S.R.L - Aug  material cost transferred from sps,,739,
AUGCOGS-22531839-E,1129,A51001 - Freight - Out - Expense (New),981,,08-08-2025,Fama Sofas S.L.U,1248,22531839-E,Fama Sofas S.L.U - Aug  material cost transferred from sps,4046,,
AUGCOGS-22531839-E,1129.5,,966,A20001 - Accounts Payable Suppliers & Vendors (New),08-08-2025,Fama Sofas S.L.U,1248,22531839-E,Fama Sofas S.L.U - Aug  material cost transferred from sps,,4046,
AUGCOGS-E/201,1130,A51001 - Freight - Out - Expense (New),981,,08-08-2025,Natucer Ceramica Natural,1276,E/201,Natucer Ceramica Natural - Aug  material cost transferred from sps,17667.16,,
AUGCOGS-E/201,1130.5,,966,A20001 - Accounts Payable Suppliers & Vendors (New),08-08-2025,Natucer Ceramica Natural,1276,E/201,Natucer Ceramica Natural - Aug  material cost transferred from sps,,17667.16,
AUGCOGS-24BL111011,1131,A51001 - Freight - Out - Expense (New),981,,08-08-2025,"Jasfer Industry Co., Limited",137,24BL111011,"Jasfer Industry Co., Limited - Aug  material cost transferred from sps",74,,
AUGCOGS-24BL111011,1131.5,,966,A20001 - Accounts Payable Suppliers & Vendors (New),08-08-2025,"Jasfer Industry Co., Limited",137,24BL111011,"Jasfer Industry Co., Limited - Aug  material cost transferred from sps",,74,
AUGCOGS-24JS102504,1132,A51001 - Freight - Out - Expense (New),981,,08-08-2025,"Jasfer Industry Co., Limited",137,24JS102504,"Jasfer Industry Co., Limited - Aug  material cost transferred from sps",26,,
AUGCOGS-24JS102504,1132.5,,966,A20001 - Accounts Payable Suppliers & Vendors (New),08-08-2025,"Jasfer Industry Co., Limited",137,24JS102504,"Jasfer Industry Co., Limited - Aug  material cost transferred from sps",,26,
AUGCOGS-2025-FE-0000031,1133,A51001 - Freight - Out - Expense (New),981,,08-08-2025,GIBAM SHOPS SPA,1253,2025-FE-0000031,GIBAM SHOPS SPA - Aug  material cost transferred from sps,737,,
AUGCOGS-2025-FE-0000031,1133.5,,966,A20001 - Accounts Payable Suppliers & Vendors (New),08-08-2025,GIBAM SHOPS SPA,1253,2025-FE-0000031,GIBAM SHOPS SPA - Aug  material cost transferred from sps,,737,
AUGCOGS-SR411-8P3,1134,A51001 - Freight - Out - Expense (New),981,,08-08-2025,Richwood Hospitality Co. LTD,1285,SR411-8P3,Richwood Hospitality Co. LTD - Aug  material cost transferred from sps,96,,
AUGCOGS-SR411-8P3,1134.5,,966,A20001 - Accounts Payable Suppliers & Vendors (New),08-08-2025,Richwood Hospitality Co. LTD,1285,SR411-8P3,Richwood Hospitality Co. LTD - Aug  material cost transferred from sps,,96,
AUGCOGS-24JS110803,1135,A51001 - Freight - Out - Expense (New),981,,08-08-2025,"Jasfer Industry Co., Limited",137,24JS110803,"Jasfer Industry Co., Limited - Aug  material cost transferred from sps",340,,
AUGCOGS-24JS110803,1135.5,,966,A20001 - Accounts Payable Suppliers & Vendors (New),08-08-2025,"Jasfer Industry Co., Limited",137,24JS110803,"Jasfer Industry Co., Limited - Aug  material cost transferred from sps",,340,
AUGCOGS-24BL123003,1136,A51001 - Freight - Out - Expense (New),981,,08-08-2025,"Jasfer Industry Co., Limited",137,24BL123003,"Jasfer Industry Co., Limited - Aug  material cost transferred from sps",52,,
AUGCOGS-24BL123003,1136.5,,966,A20001 - Accounts Payable Suppliers & Vendors (New),08-08-2025,"Jasfer Industry Co., Limited",137,24BL123003,"Jasfer Industry Co., Limited - Aug  material cost transferred from sps",,52,
AUGCOGS-24BL111407,1137,A51001 - Freight - Out - Expense (New),981,,08-08-2025,"Jasfer Industry Co., Limited",137,24BL111407,"Jasfer Industry Co., Limited - Aug  material cost transferred from sps",183,,
AUGCOGS-24BL111407,1137.5,,966,A20001 - Accounts Payable Suppliers & Vendors (New),08-08-2025,"Jasfer Industry Co., Limited",137,24BL111407,"Jasfer Industry Co., Limited - Aug  material cost transferred from sps",,183,
AUGCOGS-SR173-5S,1138,A51001 - Freight - Out - Expense (New),981,,08-08-2025,Richwood Hospitality Co. LTD,1285,SR173-5S,Richwood Hospitality Co. LTD - Aug  material cost transferred from sps,82,,
AUGCOGS-SR173-5S,1138.5,,966,A20001 - Accounts Payable Suppliers & Vendors (New),08-08-2025,Richwood Hospitality Co. LTD,1285,SR173-5S,Richwood Hospitality Co. LTD - Aug  material cost transferred from sps,,82,
AUGCOGS-24JSF11034,1139,A51001 - Freight - Out - Expense (New),981,,08-08-2025,"Jasfer Industry Co., Limited",137,24JSF11034,"Jasfer Industry Co., Limited - Aug  material cost transferred from sps",52,,
AUGCOGS-24JSF11034,1139.5,,966,A20001 - Accounts Payable Suppliers & Vendors (New),08-08-2025,"Jasfer Industry Co., Limited",137,24JSF11034,"Jasfer Industry Co., Limited - Aug  material cost transferred from sps",,52,
AUGCOGS-SR412,1140,A51001 - Freight - Out - Expense (New),981,,08-08-2025,Richwood Hospitality Co. LTD,1285,SR412,Richwood Hospitality Co. LTD - Aug  material cost transferred from sps,1311.78,,
AUGCOGS-SR412,1140.5,,966,A20001 - Accounts Payable Suppliers & Vendors (New),08-08-2025,Richwood Hospitality Co. LTD,1285,SR412,Richwood Hospitality Co. LTD - Aug  material cost transferred from sps,,1311.78,
AUGCOGS-24JS112003,1141,A51001 - Freight - Out - Expense (New),981,,08-08-2025,"Jasfer Industry Co., Limited",137,24JS112003,"Jasfer Industry Co., Limited - Aug  material cost transferred from sps",26,,
AUGCOGS-24JS112003,1141.5,,966,A20001 - Accounts Payable Suppliers & Vendors (New),08-08-2025,"Jasfer Industry Co., Limited",137,24JS112003,"Jasfer Industry Co., Limited - Aug  material cost transferred from sps",,26,
AUGCOGS-24JS112607,1142,A51001 - Freight - Out - Expense (New),981,,08-08-2025,"Jasfer Industry Co., Limited",137,24JS112607,"Jasfer Industry Co., Limited - Aug  material cost transferred from sps",163.75,,
AUGCOGS-24JS112607,1142.5,,966,A20001 - Accounts Payable Suppliers & Vendors (New),08-08-2025,"Jasfer Industry Co., Limited",137,24JS112607,"Jasfer Industry Co., Limited - Aug  material cost transferred from sps",,163.75,
AUGCOGS-24BL022901,1143,A51001 - Freight - Out - Expense (New),981,,08-08-2025,"Jasfer Industry Co., Limited",137,24BL022901,"Jasfer Industry Co., Limited - Aug  material cost transferred from sps",26,,
AUGCOGS-24BL022901,1143.5,,966,A20001 - Accounts Payable Suppliers & Vendors (New),08-08-2025,"Jasfer Industry Co., Limited",137,24BL022901,"Jasfer Industry Co., Limited - Aug  material cost transferred from sps",,26,
AUGCOGS-2025-FE-0000034,1144,A51001 - Freight - Out - Expense (New),981,,08-08-2025,GIBAM SHOPS SPA,1253,2025-FE-0000034,GIBAM SHOPS SPA - Aug  material cost transferred from sps,738,,
AUGCOGS-2025-FE-0000034,1144.5,,966,A20001 - Accounts Payable Suppliers & Vendors (New),08-08-2025,GIBAM SHOPS SPA,1253,2025-FE-0000034,GIBAM SHOPS SPA - Aug  material cost transferred from sps,,738,
AUGCOGS-SR253-3P4,1145,A51001 - Freight - Out - Expense (New),981,,08-08-2025,Richwood Hospitality Co. LTD,1285,SR253-3P4,Richwood Hospitality Co. LTD - Aug  material cost transferred from sps,81,,
AUGCOGS-SR253-3P4,1145.5,,966,A20001 - Accounts Payable Suppliers & Vendors (New),08-08-2025,Richwood Hospitality Co. LTD,1285,SR253-3P4,Richwood Hospitality Co. LTD - Aug  material cost transferred from sps,,81,
AUGCOGS-72500046,1146,A51001 - Freight - Out - Expense (New),981,,08-08-2025,TMLeade,1957,72500046,TMLeade - Aug  material cost transferred from sps,811,,
AUGCOGS-72500046,1146.5,,966,A20001 - Accounts Payable Suppliers & Vendors (New),08-08-2025,TMLeade,1957,72500046,TMLeade - Aug  material cost transferred from sps,,811,
AUGCOGS-2025-FE-0000032,1147,A51001 - Freight - Out - Expense (New),981,,08-08-2025,GIBAM SHOPS SPA,1253,2025-FE-0000032,GIBAM SHOPS SPA - Aug  material cost transferred from sps,738,,
AUGCOGS-2025-FE-0000032,1147.5,,966,A20001 - Accounts Payable Suppliers & Vendors (New),08-08-2025,GIBAM SHOPS SPA,1253,2025-FE-0000032,GIBAM SHOPS SPA - Aug  material cost transferred from sps,,738,
AUGCOGS-25RT010405,1148,A51001 - Freight - Out - Expense (New),981,,08-08-2025,"Jasfer Industry Co., Limited",137,25RT010405,"Jasfer Industry Co., Limited - Aug  material cost transferred from sps",26,,
AUGCOGS-25RT010405,1148.5,,966,A20001 - Accounts Payable Suppliers & Vendors (New),08-08-2025,"Jasfer Industry Co., Limited",137,25RT010405,"Jasfer Industry Co., Limited - Aug  material cost transferred from sps",,26,
AUGCOGS-28,1149,A51001 - Freight - Out - Expense (New),981,,08-08-2025,PIERMARIA NEW FORM SRL,1281,28,PIERMARIA NEW FORM SRL - Aug  material cost transferred from sps,739,,
AUGCOGS-28,1149.5,,966,A20001 - Accounts Payable Suppliers & Vendors (New),08-08-2025,PIERMARIA NEW FORM SRL,1281,28,PIERMARIA NEW FORM SRL - Aug  material cost transferred from sps,,739,
AUGCOGS-GTB2025000000209,1150,A51001 - Freight - Out - Expense (New),981,,08-08-2025,AGTAGAC,1958,GTB2025000000209,AGTAGAC - Aug  material cost transferred from sps,4510,,
AUGCOGS-GTB2025000000209,1150.5,,966,A20001 - Accounts Payable Suppliers & Vendors (New),08-08-2025,AGTAGAC,1958,GTB2025000000209,AGTAGAC - Aug  material cost transferred from sps,,4510,
AUGCOGS-25JS020702,1151,A51001 - Freight - Out - Expense (New),981,,08-08-2025,"Jasfer Industry Co., Limited",137,25JS020702,"Jasfer Industry Co., Limited - Aug  material cost transferred from sps",26,,
AUGCOGS-25JS020702,1151.5,,966,A20001 - Accounts Payable Suppliers & Vendors (New),08-08-2025,"Jasfer Industry Co., Limited",137,25JS020702,"Jasfer Industry Co., Limited - Aug  material cost transferred from sps",,26,
AUGCOGS-2025-FE-0000040,1152,A51001 - Freight - Out - Expense (New),981,,08-08-2025,GIBAM SHOPS SPA,1253,2025-FE-0000040,GIBAM SHOPS SPA - Aug  material cost transferred from sps,738,,
AUGCOGS-2025-FE-0000040,1152.5,,966,A20001 - Accounts Payable Suppliers & Vendors (New),08-08-2025,GIBAM SHOPS SPA,1253,2025-FE-0000040,GIBAM SHOPS SPA - Aug  material cost transferred from sps,,738,
AUGCOGS-41279,1153,A51001 - Freight - Out - Expense (New),981,,08-08-2025,"WOW USA, Inc.",2367,41279,"WOW USA, Inc. - Aug  material cost transferred from sps",17667,,
AUGCOGS-41279,1153.5,,966,A20001 - Accounts Payable Suppliers & Vendors (New),08-08-2025,"WOW USA, Inc.",2367,41279,"WOW USA, Inc. - Aug  material cost transferred from sps",,17667,
AUGCOGS-2025-FE-0000041,1154,A51001 - Freight - Out - Expense (New),981,,08-08-2025,GIBAM SHOPS SPA,1253,2025-FE-0000041,GIBAM SHOPS SPA - Aug  material cost transferred from sps,738,,
AUGCOGS-2025-FE-0000041,1154.5,,966,A20001 - Accounts Payable Suppliers & Vendors (New),08-08-2025,GIBAM SHOPS SPA,1253,2025-FE-0000041,GIBAM SHOPS SPA - Aug  material cost transferred from sps,,738,
AUGCOGS-25JS020704,1155,A51001 - Freight - Out - Expense (New),981,,08-08-2025,"Jasfer Industry Co., Limited",137,25JS020704,"Jasfer Industry Co., Limited - Aug  material cost transferred from sps",26,,
AUGCOGS-25JS020704,1155.5,,966,A20001 - Accounts Payable Suppliers & Vendors (New),08-08-2025,"Jasfer Industry Co., Limited",137,25JS020704,"Jasfer Industry Co., Limited - Aug  material cost transferred from sps",,26,
AUGCOGS-25BL021202,1156,A51001 - Freight - Out - Expense (New),981,,08-08-2025,"Jasfer Industry Co., Limited",137,25BL021202,"Jasfer Industry Co., Limited - Aug  material cost transferred from sps",26,,
AUGCOGS-25BL021202,1156.5,,966,A20001 - Accounts Payable Suppliers & Vendors (New),08-08-2025,"Jasfer Industry Co., Limited",137,25BL021202,"Jasfer Industry Co., Limited - Aug  material cost transferred from sps",,26,
AUGCOGS-24BL120403,1157,A51001 - Freight - Out - Expense (New),981,,08-08-2025,"Jasfer Industry Co., Limited",137,24BL120403,"Jasfer Industry Co., Limited - Aug  material cost transferred from sps",26,,
AUGCOGS-24BL120403,1157.5,,966,A20001 - Accounts Payable Suppliers & Vendors (New),08-08-2025,"Jasfer Industry Co., Limited",137,24BL120403,"Jasfer Industry Co., Limited - Aug  material cost transferred from sps",,26,
AUGCOGS-SR173-3P4,1158,A51001 - Freight - Out - Expense (New),981,,08-08-2025,Richwood Hospitality Co. LTD,1285,SR173-3P4,Richwood Hospitality Co. LTD - Aug  material cost transferred from sps,81,,
AUGCOGS-SR173-3P4,1158.5,,966,A20001 - Accounts Payable Suppliers & Vendors (New),08-08-2025,Richwood Hospitality Co. LTD,1285,SR173-3P4,Richwood Hospitality Co. LTD - Aug  material cost transferred from sps,,81,
AUGCOGS-25BL021801,1159,A51001 - Freight - Out - Expense (New),981,,08-08-2025,"Jasfer Industry Co., Limited",137,25BL021801,"Jasfer Industry Co., Limited - Aug  material cost transferred from sps",26,,
AUGCOGS-25BL021801,1159.5,,966,A20001 - Accounts Payable Suppliers & Vendors (New),08-08-2025,"Jasfer Industry Co., Limited",137,25BL021801,"Jasfer Industry Co., Limited - Aug  material cost transferred from sps",,26,
AUGCOGS-GV047-1,1160,A51001 - Freight - Out - Expense (New),981,,08-08-2025,Richwood Hospitality Co. LTD,1285,GV047-1,Richwood Hospitality Co. LTD - Aug  material cost transferred from sps,81,,
AUGCOGS-GV047-1,1160.5,,966,A20001 - Accounts Payable Suppliers & Vendors (New),08-08-2025,Richwood Hospitality Co. LTD,1285,GV047-1,Richwood Hospitality Co. LTD - Aug  material cost transferred from sps,,81,
AUGCOGS-23JS120909,1161,A51001 - Freight - Out - Expense (New),981,,08-11-2025,"Jasfer Industry Co., Limited",137,23JS120909,"Jasfer Industry Co., Limited - Aug  material cost transferred from sps",314,,
AUGCOGS-23JS120909,1161.5,,966,A20001 - Accounts Payable Suppliers & Vendors (New),08-11-2025,"Jasfer Industry Co., Limited",137,23JS120909,"Jasfer Industry Co., Limited - Aug  material cost transferred from sps",,314,
AUGCOGS-24BL040204,1162,A51001 - Freight - Out - Expense (New),981,,08-11-2025,"Jasfer Industry Co., Limited",137,24BL040204,"Jasfer Industry Co., Limited - Aug  material cost transferred from sps",174.44,,
AUGCOGS-24BL040204,1162.5,,966,A20001 - Accounts Payable Suppliers & Vendors (New),08-11-2025,"Jasfer Industry Co., Limited",137,24BL040204,"Jasfer Industry Co., Limited - Aug  material cost transferred from sps",,174.44,
AUGCOGS-GV2024064,1163,A51001 - Freight - Out - Expense (New),981,,08-11-2025,"Cambodian Zulite Stone Co., Ltd.",1237,GV2024064,"Cambodian Zulite Stone Co., Ltd. - Aug  material cost transferred from sps",204.8,,
AUGCOGS-GV2024064,1163.5,,966,A20001 - Accounts Payable Suppliers & Vendors (New),08-11-2025,"Cambodian Zulite Stone Co., Ltd.",1237,GV2024064,"Cambodian Zulite Stone Co., Ltd. - Aug  material cost transferred from sps",,204.8,
AUGCOGS-24BL051705,1164,A51001 - Freight - Out - Expense (New),981,,08-11-2025,"Jasfer Industry Co., Limited",137,24BL051705,"Jasfer Industry Co., Limited - Aug  material cost transferred from sps",167,,
AUGCOGS-24BL051705,1164.5,,966,A20001 - Accounts Payable Suppliers & Vendors (New),08-11-2025,"Jasfer Industry Co., Limited",137,24BL051705,"Jasfer Industry Co., Limited - Aug  material cost transferred from sps",,167,
AUGCOGS-24RT060101,1165,A51001 - Freight - Out - Expense (New),981,,08-11-2025,"Jasfer Industry Co., Limited",137,24RT060101,"Jasfer Industry Co., Limited - Aug  material cost transferred from sps",314,,
AUGCOGS-24RT060101,1165.5,,966,A20001 - Accounts Payable Suppliers & Vendors (New),08-11-2025,"Jasfer Industry Co., Limited",137,24RT060101,"Jasfer Industry Co., Limited - Aug  material cost transferred from sps",,314,
AUGCOGS-WHGV2409-1,1166,A51001 - Freight - Out - Expense (New),981,,08-11-2025,"Jasfer Industry Co., Limited",137,WHGV2409-1,"Jasfer Industry Co., Limited - Aug  material cost transferred from sps",172,,
AUGCOGS-WHGV2409-1,1166.5,,966,A20001 - Accounts Payable Suppliers & Vendors (New),08-11-2025,"Jasfer Industry Co., Limited",137,WHGV2409-1,"Jasfer Industry Co., Limited - Aug  material cost transferred from sps",,172,
AUGCOGS-24JSF09050,1167,A51001 - Freight - Out - Expense (New),981,,08-11-2025,"Jasfer Industry Co., Limited",137,24JSF09050,"Jasfer Industry Co., Limited - Aug  material cost transferred from sps",43,,
AUGCOGS-24JSF09050,1167.5,,966,A20001 - Accounts Payable Suppliers & Vendors (New),08-11-2025,"Jasfer Industry Co., Limited",137,24JSF09050,"Jasfer Industry Co., Limited - Aug  material cost transferred from sps",,43,
AUGCOGS-WHGV2408-1,1168,A51001 - Freight - Out - Expense (New),981,,08-11-2025,"Jasfer Industry Co., Limited",137,WHGV2408-1,"Jasfer Industry Co., Limited - Aug  material cost transferred from sps",314,,
AUGCOGS-WHGV2408-1,1168.5,,966,A20001 - Accounts Payable Suppliers & Vendors (New),08-11-2025,"Jasfer Industry Co., Limited",137,WHGV2408-1,"Jasfer Industry Co., Limited - Aug  material cost transferred from sps",,314,
AUGCOGS-24JSF09005,1169,A51001 - Freight - Out - Expense (New),981,,08-11-2025,"Jasfer Industry Co., Limited",137,24JSF09005,"Jasfer Industry Co., Limited - Aug  material cost transferred from sps",313.19,,
AUGCOGS-24JSF09005,1169.5,,966,A20001 - Accounts Payable Suppliers & Vendors (New),08-11-2025,"Jasfer Industry Co., Limited",137,24JSF09005,"Jasfer Industry Co., Limited - Aug  material cost transferred from sps",,313.19,
AUGCOGS-24JS081306,1170,A51001 - Freight - Out - Expense (New),981,,08-11-2025,"Jasfer Industry Co., Limited",137,24JS081306,"Jasfer Industry Co., Limited - Aug  material cost transferred from sps",314,,
AUGCOGS-24JS081306,1170.5,,966,A20001 - Accounts Payable Suppliers & Vendors (New),08-11-2025,"Jasfer Industry Co., Limited",137,24JS081306,"Jasfer Industry Co., Limited - Aug  material cost transferred from sps",,314,
AUGCOGS-24JS081305,1171,A51001 - Freight - Out - Expense (New),981,,08-11-2025,"Jasfer Industry Co., Limited",137,24JS081305,"Jasfer Industry Co., Limited - Aug  material cost transferred from sps",314,,
AUGCOGS-24JS081305,1171.5,,966,A20001 - Accounts Payable Suppliers & Vendors (New),08-11-2025,"Jasfer Industry Co., Limited",137,24JS081305,"Jasfer Industry Co., Limited - Aug  material cost transferred from sps",,314,
AUGCOGS-24JSF06014,1172,A51001 - Freight - Out - Expense (New),981,,08-11-2025,"Jasfer Industry Co., Limited",137,24JSF06014,"Jasfer Industry Co., Limited - Aug  material cost transferred from sps",313.19,,
AUGCOGS-24JSF06014,1172.5,,966,A20001 - Accounts Payable Suppliers & Vendors (New),08-11-2025,"Jasfer Industry Co., Limited",137,24JSF06014,"Jasfer Industry Co., Limited - Aug  material cost transferred from sps",,313.19,
AUGCOGS-20242912,1173,A51001 - Freight - Out - Expense (New),981,,08-11-2025,"Jasfer Industry Co., Limited",137,20242912,"Jasfer Industry Co., Limited - Aug  material cost transferred from sps",308.3,,
AUGCOGS-20242912,1173.5,,966,A20001 - Accounts Payable Suppliers & Vendors (New),08-11-2025,"Jasfer Industry Co., Limited",137,20242912,"Jasfer Industry Co., Limited - Aug  material cost transferred from sps",,308.3,
AUGCOGS-24RT073005,1174,A51001 - Freight - Out - Expense (New),981,,08-11-2025,"Jasfer Industry Co., Limited",137,24RT073005,"Jasfer Industry Co., Limited - Aug  material cost transferred from sps",348.88,,
AUGCOGS-24RT073005,1174.5,,966,A20001 - Accounts Payable Suppliers & Vendors (New),08-11-2025,"Jasfer Industry Co., Limited",137,24RT073005,"Jasfer Industry Co., Limited - Aug  material cost transferred from sps",,348.88,
AUGCOGS-24JS081301,1175,A51001 - Freight - Out - Expense (New),981,,08-11-2025,"Jasfer Industry Co., Limited",137,24JS081301,"Jasfer Industry Co., Limited - Aug  material cost transferred from sps",314,,
AUGCOGS-24JS081301,1175.5,,966,A20001 - Accounts Payable Suppliers & Vendors (New),08-11-2025,"Jasfer Industry Co., Limited",137,24JS081301,"Jasfer Industry Co., Limited - Aug  material cost transferred from sps",,314,
AUGCOGS-24RT091801,1176,A51001 - Freight - Out - Expense (New),981,,08-11-2025,"Jasfer Industry Co., Limited",137,24RT091801,"Jasfer Industry Co., Limited - Aug  material cost transferred from sps",314,,
AUGCOGS-24RT091801,1176.5,,966,A20001 - Accounts Payable Suppliers & Vendors (New),08-11-2025,"Jasfer Industry Co., Limited",137,24RT091801,"Jasfer Industry Co., Limited - Aug  material cost transferred from sps",,314,
AUGCOGS-24JS090404,1177,A51001 - Freight - Out - Expense (New),981,,08-11-2025,"Jasfer Industry Co., Limited",137,24JS090404,"Jasfer Industry Co., Limited - Aug  material cost transferred from sps",314,,
AUGCOGS-24JS090404,1177.5,,966,A20001 - Accounts Payable Suppliers & Vendors (New),08-11-2025,"Jasfer Industry Co., Limited",137,24JS090404,"Jasfer Industry Co., Limited - Aug  material cost transferred from sps",,314,
AUGCOGS-24JSF08007,1178,A51001 - Freight - Out - Expense (New),981,,08-11-2025,"Jasfer Industry Co., Limited",137,24JSF08007,"Jasfer Industry Co., Limited - Aug  material cost transferred from sps",313.19,,
AUGCOGS-24JSF08007,1178.5,,966,A20001 - Accounts Payable Suppliers & Vendors (New),08-11-2025,"Jasfer Industry Co., Limited",137,24JSF08007,"Jasfer Industry Co., Limited - Aug  material cost transferred from sps",,313.19,
AUGCOGS-24BL073001,1179,A51001 - Freight - Out - Expense (New),981,,08-11-2025,"Jasfer Industry Co., Limited",137,24BL073001,"Jasfer Industry Co., Limited - Aug  material cost transferred from sps",672.88,,
AUGCOGS-24BL073001,1179.5,,966,A20001 - Accounts Payable Suppliers & Vendors (New),08-11-2025,"Jasfer Industry Co., Limited",137,24BL073001,"Jasfer Industry Co., Limited - Aug  material cost transferred from sps",,672.88,
AUGCOGS-:24JS083101,1180,A51001 - Freight - Out - Expense (New),981,,08-11-2025,"Jasfer Industry Co., Limited",137,:24JS083101,"Jasfer Industry Co., Limited - Aug  material cost transferred from sps",319.08,,
AUGCOGS-:24JS083101,1180.5,,966,A20001 - Accounts Payable Suppliers & Vendors (New),08-11-2025,"Jasfer Industry Co., Limited",137,:24JS083101,"Jasfer Industry Co., Limited - Aug  material cost transferred from sps",,319.08,
AUGCOGS-24JSF05018,1181,A51001 - Freight - Out - Expense (New),981,,08-11-2025,"Jasfer Industry Co., Limited",137,24JSF05018,"Jasfer Industry Co., Limited - Aug  material cost transferred from sps",313.19,,
AUGCOGS-24JSF05018,1181.5,,966,A20001 - Accounts Payable Suppliers & Vendors (New),08-11-2025,"Jasfer Industry Co., Limited",137,24JSF05018,"Jasfer Industry Co., Limited - Aug  material cost transferred from sps",,313.19,
AUGCOGS-24JS090401,1182,A51001 - Freight - Out - Expense (New),981,,08-11-2025,"Jasfer Industry Co., Limited",137,24JS090401,"Jasfer Industry Co., Limited - Aug  material cost transferred from sps",173.44,,
AUGCOGS-24JS090401,1182.5,,966,A20001 - Accounts Payable Suppliers & Vendors (New),08-11-2025,"Jasfer Industry Co., Limited",137,24JS090401,"Jasfer Industry Co., Limited - Aug  material cost transferred from sps",,173.44,
AUGCOGS-24JSF08059,1183,A51001 - Freight - Out - Expense (New),981,,08-11-2025,"Jasfer Industry Co., Limited",137,24JSF08059,"Jasfer Industry Co., Limited - Aug  material cost transferred from sps",313.19,,
AUGCOGS-24JSF08059,1183.5,,966,A20001 - Accounts Payable Suppliers & Vendors (New),08-11-2025,"Jasfer Industry Co., Limited",137,24JSF08059,"Jasfer Industry Co., Limited - Aug  material cost transferred from sps",,313.19,
AUGCOGS-24BL091202,1184,A51001 - Freight - Out - Expense (New),981,,08-11-2025,"Jasfer Industry Co., Limited",137,24BL091202,"Jasfer Industry Co., Limited - Aug  material cost transferred from sps",339.44,,
AUGCOGS-24BL091202,1184.5,,966,A20001 - Accounts Payable Suppliers & Vendors (New),08-11-2025,"Jasfer Industry Co., Limited",137,24BL091202,"Jasfer Industry Co., Limited - Aug  material cost transferred from sps",,339.44,
AUGCOGS-24BL100705,1185,A51001 - Freight - Out - Expense (New),981,,08-11-2025,"Jasfer Industry Co., Limited",137,24BL100705,"Jasfer Industry Co., Limited - Aug  material cost transferred from sps",371.94,,
AUGCOGS-24BL100705,1185.5,,966,A20001 - Accounts Payable Suppliers & Vendors (New),08-11-2025,"Jasfer Industry Co., Limited",137,24BL100705,"Jasfer Industry Co., Limited - Aug  material cost transferred from sps",,371.94,
AUGCOGS-24BL092506,1186,A51001 - Freight - Out - Expense (New),981,,08-11-2025,"Jasfer Industry Co., Limited",137,24BL092506,"Jasfer Industry Co., Limited - Aug  material cost transferred from sps",173.44,,
AUGCOGS-24BL092506,1186.5,,966,A20001 - Accounts Payable Suppliers & Vendors (New),08-11-2025,"Jasfer Industry Co., Limited",137,24BL092506,"Jasfer Industry Co., Limited - Aug  material cost transferred from sps",,173.44,
AUGCOGS-24JSF10005,1187,A51001 - Freight - Out - Expense (New),981,,08-11-2025,"Jasfer Industry Co., Limited",137,24JSF10005,"Jasfer Industry Co., Limited - Aug  material cost transferred from sps",173,,
AUGCOGS-24JSF10005,1187.5,,966,A20001 - Accounts Payable Suppliers & Vendors (New),08-11-2025,"Jasfer Industry Co., Limited",137,24JSF10005,"Jasfer Industry Co., Limited - Aug  material cost transferred from sps",,173,
AUGCOGS-24BL092702,1188,A51001 - Freight - Out - Expense (New),981,,08-11-2025,"Jasfer Industry Co., Limited",137,24BL092702,"Jasfer Industry Co., Limited - Aug  material cost transferred from sps",173.44,,
AUGCOGS-24BL092702,1188.5,,966,A20001 - Accounts Payable Suppliers & Vendors (New),08-11-2025,"Jasfer Industry Co., Limited",137,24BL092702,"Jasfer Industry Co., Limited - Aug  material cost transferred from sps",,173.44,
AUGCOGS-24JSF10040,1189,A51001 - Freight - Out - Expense (New),981,,08-11-2025,"Jasfer Industry Co., Limited",137,24JSF10040,"Jasfer Industry Co., Limited - Aug  material cost transferred from sps",313.19,,
AUGCOGS-24JSF10040,1189.5,,966,A20001 - Accounts Payable Suppliers & Vendors (New),08-11-2025,"Jasfer Industry Co., Limited",137,24JSF10040,"Jasfer Industry Co., Limited - Aug  material cost transferred from sps",,313.19,
AUGCOGS-24JS101604,1190,A51001 - Freight - Out - Expense (New),981,,08-11-2025,"Jasfer Industry Co., Limited",137,24JS101604,"Jasfer Industry Co., Limited - Aug  material cost transferred from sps",166,,
AUGCOGS-24JS101604,1190.5,,966,A20001 - Accounts Payable Suppliers & Vendors (New),08-11-2025,"Jasfer Industry Co., Limited",137,24JS101604,"Jasfer Industry Co., Limited - Aug  material cost transferred from sps",,166,
AUGCOGS-24BL100801,1191,A51001 - Freight - Out - Expense (New),981,,08-11-2025,"Jasfer Industry Co., Limited",137,24BL100801,"Jasfer Industry Co., Limited - Aug  material cost transferred from sps",339.44,,
AUGCOGS-24BL100801,1191.5,,966,A20001 - Accounts Payable Suppliers & Vendors (New),08-11-2025,"Jasfer Industry Co., Limited",137,24BL100801,"Jasfer Industry Co., Limited - Aug  material cost transferred from sps",,339.44,
AUGCOGS-24BL102512,1192,A51001 - Freight - Out - Expense (New),981,,08-11-2025,"Jasfer Industry Co., Limited",137,24BL102512,"Jasfer Industry Co., Limited - Aug  material cost transferred from sps",167.44,,
AUGCOGS-24BL102512,1192.5,,966,A20001 - Accounts Payable Suppliers & Vendors (New),08-11-2025,"Jasfer Industry Co., Limited",137,24BL102512,"Jasfer Industry Co., Limited - Aug  material cost transferred from sps",,167.44,
AUGCOGS-24JSF08047,1193,A51001 - Freight - Out - Expense (New),981,,08-11-2025,"Jasfer Industry Co., Limited",137,24JSF08047,"Jasfer Industry Co., Limited - Aug  material cost transferred from sps",313.19,,
AUGCOGS-24JSF08047,1193.5,,966,A20001 - Accounts Payable Suppliers & Vendors (New),08-11-2025,"Jasfer Industry Co., Limited",137,24JSF08047,"Jasfer Industry Co., Limited - Aug  material cost transferred from sps",,313.19,
AUGCOGS-24BL100603,1194,A51001 - Freight - Out - Expense (New),981,,08-11-2025,"Jasfer Industry Co., Limited",137,24BL100603,"Jasfer Industry Co., Limited - Aug  material cost transferred from sps",5090,,
AUGCOGS-24BL100603,1194.5,,966,A20001 - Accounts Payable Suppliers & Vendors (New),08-11-2025,"Jasfer Industry Co., Limited",137,24BL100603,"Jasfer Industry Co., Limited - Aug  material cost transferred from sps",,5090,
AUGCOGS-24JSF11003,1195,A51001 - Freight - Out - Expense (New),981,,08-11-2025,"Jasfer Industry Co., Limited",137,24JSF11003,"Jasfer Industry Co., Limited - Aug  material cost transferred from sps",173,,
AUGCOGS-24JSF11003,1195.5,,966,A20001 - Accounts Payable Suppliers & Vendors (New),08-11-2025,"Jasfer Industry Co., Limited",137,24JSF11003,"Jasfer Industry Co., Limited - Aug  material cost transferred from sps",,173,
AUGCOGS-24JS101909,1196,A51001 - Freight - Out - Expense (New),981,,08-11-2025,"Jasfer Industry Co., Limited",137,24JS101909,"Jasfer Industry Co., Limited - Aug  material cost transferred from sps",314,,
AUGCOGS-24JS101909,1196.5,,966,A20001 - Accounts Payable Suppliers & Vendors (New),08-11-2025,"Jasfer Industry Co., Limited",137,24JS101909,"Jasfer Industry Co., Limited - Aug  material cost transferred from sps",,314,
AUGCOGS-24JSF09048,1197,A51001 - Freight - Out - Expense (New),981,,08-11-2025,"Jasfer Industry Co., Limited",137,24JSF09048,"Jasfer Industry Co., Limited - Aug  material cost transferred from sps",173,,
AUGCOGS-24JSF09048,1197.5,,966,A20001 - Accounts Payable Suppliers & Vendors (New),08-11-2025,"Jasfer Industry Co., Limited",137,24JSF09048,"Jasfer Industry Co., Limited - Aug  material cost transferred from sps",,173,
AUGCOGS-24BL101206,1198,A51001 - Freight - Out - Expense (New),981,,08-11-2025,"Jasfer Industry Co., Limited",137,24BL101206,"Jasfer Industry Co., Limited - Aug  material cost transferred from sps",173.44,,
AUGCOGS-24BL101206,1198.5,,966,A20001 - Accounts Payable Suppliers & Vendors (New),08-11-2025,"Jasfer Industry Co., Limited",137,24BL101206,"Jasfer Industry Co., Limited - Aug  material cost transferred from sps",,173.44,
AUGCOGS-24BL101201,1199,A51001 - Freight - Out - Expense (New),981,,08-11-2025,"Jasfer Industry Co., Limited",137,24BL101201,"Jasfer Industry Co., Limited - Aug  material cost transferred from sps",173.44,,
AUGCOGS-24BL101201,1199.5,,966,A20001 - Accounts Payable Suppliers & Vendors (New),08-11-2025,"Jasfer Industry Co., Limited",137,24BL101201,"Jasfer Industry Co., Limited - Aug  material cost transferred from sps",,173.44,
AUGCOGS-24BL101506,1200,A51001 - Freight - Out - Expense (New),981,,08-11-2025,"Jasfer Industry Co., Limited",137,24BL101506,"Jasfer Industry Co., Limited - Aug  material cost transferred from sps",173.44,,
AUGCOGS-24BL101506,1200.5,,966,A20001 - Accounts Payable Suppliers & Vendors (New),08-11-2025,"Jasfer Industry Co., Limited",137,24BL101506,"Jasfer Industry Co., Limited - Aug  material cost transferred from sps",,173.44,
AUGCOGS-24JSF07074,1201,A51001 - Freight - Out - Expense (New),981,,08-11-2025,"Jasfer Industry Co., Limited",137,24JSF07074,"Jasfer Industry Co., Limited - Aug  material cost transferred from sps",313.19,,
AUGCOGS-24JSF07074,1201.5,,966,A20001 - Accounts Payable Suppliers & Vendors (New),08-11-2025,"Jasfer Industry Co., Limited",137,24JSF07074,"Jasfer Industry Co., Limited - Aug  material cost transferred from sps",,313.19,
AUGCOGS-24ISF10034,1202,A51001 - Freight - Out - Expense (New),981,,08-11-2025,"Jasfer Industry Co., Limited",137,24ISF10034,"Jasfer Industry Co., Limited - Aug  material cost transferred from sps",422.19,,
AUGCOGS-24ISF10034,1202.5,,966,A20001 - Accounts Payable Suppliers & Vendors (New),08-11-2025,"Jasfer Industry Co., Limited",137,24ISF10034,"Jasfer Industry Co., Limited - Aug  material cost transferred from sps",,422.19,
AUGCOGS-ZB202410029USA,1203,A51001 - Freight - Out - Expense (New),981,,08-11-2025,ZBOM Cabinets Corp.,1297,ZB202410029USA,ZBOM Cabinets Corp. - Aug  material cost transferred from sps,788.65,,
AUGCOGS-ZB202410029USA,1203.5,,966,A20001 - Accounts Payable Suppliers & Vendors (New),08-11-2025,ZBOM Cabinets Corp.,1297,ZB202410029USA,ZBOM Cabinets Corp. - Aug  material cost transferred from sps,,788.65,
AUGCOGS-24JSF09052,1204,A51001 - Freight - Out - Expense (New),981,,08-11-2025,"Jasfer Industry Co., Limited",137,24JSF09052,"Jasfer Industry Co., Limited - Aug  material cost transferred from sps",313.19,,
AUGCOGS-24JSF09052,1204.5,,966,A20001 - Accounts Payable Suppliers & Vendors (New),08-11-2025,"Jasfer Industry Co., Limited",137,24JSF09052,"Jasfer Industry Co., Limited - Aug  material cost transferred from sps",,313.19,
AUGCOGS-24JSF09030,1205,A51001 - Freight - Out - Expense (New),981,,08-11-2025,"Jasfer Industry Co., Limited",137,24JSF09030,"Jasfer Industry Co., Limited - Aug  material cost transferred from sps",173,,
AUGCOGS-24JSF09030,1205.5,,966,A20001 - Accounts Payable Suppliers & Vendors (New),08-11-2025,"Jasfer Industry Co., Limited",137,24JSF09030,"Jasfer Industry Co., Limited - Aug  material cost transferred from sps",,173,
AUGCOGS-24JS102401,1206,A51001 - Freight - Out - Expense (New),981,,08-11-2025,"Jasfer Industry Co., Limited",137,24JS102401,"Jasfer Industry Co., Limited - Aug  material cost transferred from sps",314,,
AUGCOGS-24JS102401,1206.5,,966,A20001 - Accounts Payable Suppliers & Vendors (New),08-11-2025,"Jasfer Industry Co., Limited",137,24JS102401,"Jasfer Industry Co., Limited - Aug  material cost transferred from sps",,314,
AUGCOGS-24JSF08020,1207,A51001 - Freight - Out - Expense (New),981,,08-11-2025,"Jasfer Industry Co., Limited",137,24JSF08020,"Jasfer Industry Co., Limited - Aug  material cost transferred from sps",43,,
AUGCOGS-24JSF08020,1207.5,,966,A20001 - Accounts Payable Suppliers & Vendors (New),08-11-2025,"Jasfer Industry Co., Limited",137,24JSF08020,"Jasfer Industry Co., Limited - Aug  material cost transferred from sps",,43,
AUGCOGS-24RT051002,1208,A51001 - Freight - Out - Expense (New),981,,08-11-2025,"Jasfer Industry Co., Limited",137,24RT051002,"Jasfer Industry Co., Limited - Aug  material cost transferred from sps",173.44,,
AUGCOGS-24RT051002,1208.5,,966,A20001 - Accounts Payable Suppliers & Vendors (New),08-11-2025,"Jasfer Industry Co., Limited",137,24RT051002,"Jasfer Industry Co., Limited - Aug  material cost transferred from sps",,173.44,
AUGCOGS-GV2024069,1209,A51001 - Freight - Out - Expense (New),981,,08-11-2025,"Cambodian Zulite Stone Co., Ltd.",1237,GV2024069,"Cambodian Zulite Stone Co., Ltd. - Aug  material cost transferred from sps",204.8,,
AUGCOGS-GV2024069,1209.5,,966,A20001 - Accounts Payable Suppliers & Vendors (New),08-11-2025,"Cambodian Zulite Stone Co., Ltd.",1237,GV2024069,"Cambodian Zulite Stone Co., Ltd. - Aug  material cost transferred from sps",,204.8,
AUGCOGS-24RT102510,1210,A51001 - Freight - Out - Expense (New),981,,08-11-2025,"Jasfer Industry Co., Limited",137,24RT102510,"Jasfer Industry Co., Limited - Aug  material cost transferred from sps",173.44,,
AUGCOGS-24RT102510,1210.5,,966,A20001 - Accounts Payable Suppliers & Vendors (New),08-11-2025,"Jasfer Industry Co., Limited",137,24RT102510,"Jasfer Industry Co., Limited - Aug  material cost transferred from sps",,173.44,
AUGCOGS-24RT102509,1211,A51001 - Freight - Out - Expense (New),981,,08-11-2025,"Jasfer Industry Co., Limited",137,24RT102509,"Jasfer Industry Co., Limited - Aug  material cost transferred from sps",174.44,,
AUGCOGS-24RT102509,1211.5,,966,A20001 - Accounts Payable Suppliers & Vendors (New),08-11-2025,"Jasfer Industry Co., Limited",137,24RT102509,"Jasfer Industry Co., Limited - Aug  material cost transferred from sps",,174.44,
AUGCOGS-24RT102511,1212,A51001 - Freight - Out - Expense (New),981,,08-11-2025,"Jasfer Industry Co., Limited",137,24RT102511,"Jasfer Industry Co., Limited - Aug  material cost transferred from sps",43,,
AUGCOGS-24RT102511,1212.5,,966,A20001 - Accounts Payable Suppliers & Vendors (New),08-11-2025,"Jasfer Industry Co., Limited",137,24RT102511,"Jasfer Industry Co., Limited - Aug  material cost transferred from sps",,43,
AUGCOGS-24BL101801,1213,A51001 - Freight - Out - Expense (New),981,,08-11-2025,"Jasfer Industry Co., Limited",137,24BL101801,"Jasfer Industry Co., Limited - Aug  material cost transferred from sps",167,,
AUGCOGS-24BL101801,1213.5,,966,A20001 - Accounts Payable Suppliers & Vendors (New),08-11-2025,"Jasfer Industry Co., Limited",137,24BL101801,"Jasfer Industry Co., Limited - Aug  material cost transferred from sps",,167,
AUGCOGS-24JSF10034,1214,A51001 - Freight - Out - Expense (New),981,,08-11-2025,"Jasfer Industry Co., Limited",137,24JSF10034,"Jasfer Industry Co., Limited - Aug  material cost transferred from sps",313.19,,
AUGCOGS-24JSF10034,1214.5,,966,A20001 - Accounts Payable Suppliers & Vendors (New),08-11-2025,"Jasfer Industry Co., Limited",137,24JSF10034,"Jasfer Industry Co., Limited - Aug  material cost transferred from sps",,313.19,
AUGCOGS-24BL110102,1215,A51001 - Freight - Out - Expense (New),981,,08-11-2025,"Jasfer Industry Co., Limited",137,24BL110102,"Jasfer Industry Co., Limited - Aug  material cost transferred from sps",163,,
AUGCOGS-24BL110102,1215.5,,966,A20001 - Accounts Payable Suppliers & Vendors (New),08-11-2025,"Jasfer Industry Co., Limited",137,24BL110102,"Jasfer Industry Co., Limited - Aug  material cost transferred from sps",,163,
AUGCOGS-24JS110405,1216,A51001 - Freight - Out - Expense (New),981,,08-11-2025,"Jasfer Industry Co., Limited",137,24JS110405,"Jasfer Industry Co., Limited - Aug  material cost transferred from sps",314,,
AUGCOGS-24JS110405,1216.5,,966,A20001 - Accounts Payable Suppliers & Vendors (New),08-11-2025,"Jasfer Industry Co., Limited",137,24JS110405,"Jasfer Industry Co., Limited - Aug  material cost transferred from sps",,314,
AUGCOGS-24RT110105,1217,A51001 - Freight - Out - Expense (New),981,,08-11-2025,"Jasfer Industry Co., Limited",137,24RT110105,"Jasfer Industry Co., Limited - Aug  material cost transferred from sps",174.44,,
AUGCOGS-24RT110105,1217.5,,966,A20001 - Accounts Payable Suppliers & Vendors (New),08-11-2025,"Jasfer Industry Co., Limited",137,24RT110105,"Jasfer Industry Co., Limited - Aug  material cost transferred from sps",,174.44,
AUGCOGS-GV2024073,1218,A51001 - Freight - Out - Expense (New),981,,08-11-2025,"Cambodian Zulite Stone Co., Ltd.",1237,GV2024073,"Cambodian Zulite Stone Co., Ltd. - Aug  material cost transferred from sps",204.8,,
AUGCOGS-GV2024073,1218.5,,966,A20001 - Accounts Payable Suppliers & Vendors (New),08-11-2025,"Cambodian Zulite Stone Co., Ltd.",1237,GV2024073,"Cambodian Zulite Stone Co., Ltd. - Aug  material cost transferred from sps",,204.8,
AUGCOGS-24BL102902,1219,A51001 - Freight - Out - Expense (New),981,,08-11-2025,"Jasfer Industry Co., Limited",137,24BL102902,"Jasfer Industry Co., Limited - Aug  material cost transferred from sps",173.44,,
AUGCOGS-24BL102902,1219.5,,966,A20001 - Accounts Payable Suppliers & Vendors (New),08-11-2025,"Jasfer Industry Co., Limited",137,24BL102902,"Jasfer Industry Co., Limited - Aug  material cost transferred from sps",,173.44,
AUGCOGS-24JSF07072,1220,A51001 - Freight - Out - Expense (New),981,,08-11-2025,"Jasfer Industry Co., Limited",137,24JSF07072,"Jasfer Industry Co., Limited - Aug  material cost transferred from sps",313.19,,
AUGCOGS-24JSF07072,1220.5,,966,A20001 - Accounts Payable Suppliers & Vendors (New),08-11-2025,"Jasfer Industry Co., Limited",137,24JSF07072,"Jasfer Industry Co., Limited - Aug  material cost transferred from sps",,313.19,
AUGCOGS-24JSF09020,1221,A51001 - Freight - Out - Expense (New),981,,08-11-2025,"Jasfer Industry Co., Limited",137,24JSF09020,"Jasfer Industry Co., Limited - Aug  material cost transferred from sps",173,,
AUGCOGS-24JSF09020,1221.5,,966,A20001 - Accounts Payable Suppliers & Vendors (New),08-11-2025,"Jasfer Industry Co., Limited",137,24JSF09020,"Jasfer Industry Co., Limited - Aug  material cost transferred from sps",,173,
AUGCOGS-24JSF11048,1222,A51001 - Freight - Out - Expense (New),981,,08-11-2025,"Jasfer Industry Co., Limited",137,24JSF11048,"Jasfer Industry Co., Limited - Aug  material cost transferred from sps",170,,
AUGCOGS-24JSF11048,1222.5,,966,A20001 - Accounts Payable Suppliers & Vendors (New),08-11-2025,"Jasfer Industry Co., Limited",137,24JSF11048,"Jasfer Industry Co., Limited - Aug  material cost transferred from sps",,170,
AUGCOGS-24JS10707,1223,A51001 - Freight - Out - Expense (New),981,,08-11-2025,"Jasfer Industry Co., Limited",137,24JS10707,"Jasfer Industry Co., Limited - Aug  material cost transferred from sps",218,,
AUGCOGS-24JS10707,1223.5,,966,A20001 - Accounts Payable Suppliers & Vendors (New),08-11-2025,"Jasfer Industry Co., Limited",137,24JS10707,"Jasfer Industry Co., Limited - Aug  material cost transferred from sps",,218,
AUGCOGS-GV2024077,1224,A51001 - Freight - Out - Expense (New),981,,08-11-2025,"Cambodian Zulite Stone Co., Ltd.",1237,GV2024077,"Cambodian Zulite Stone Co., Ltd. - Aug  material cost transferred from sps",204.8,,
AUGCOGS-GV2024077,1224.5,,966,A20001 - Accounts Payable Suppliers & Vendors (New),08-11-2025,"Cambodian Zulite Stone Co., Ltd.",1237,GV2024077,"Cambodian Zulite Stone Co., Ltd. - Aug  material cost transferred from sps",,204.8,
AUGCOGS-24JS103008,1225,A51001 - Freight - Out - Expense (New),981,,08-11-2025,"Jasfer Industry Co., Limited",137,24JS103008,"Jasfer Industry Co., Limited - Aug  material cost transferred from sps",127.5,,
AUGCOGS-24JS103008,1225.5,,966,A20001 - Accounts Payable Suppliers & Vendors (New),08-11-2025,"Jasfer Industry Co., Limited",137,24JS103008,"Jasfer Industry Co., Limited - Aug  material cost transferred from sps",,127.5,
AUGCOGS-24JSF10064,1226,A51001 - Freight - Out - Expense (New),981,,08-11-2025,"Jasfer Industry Co., Limited",137,24JSF10064,"Jasfer Industry Co., Limited - Aug  material cost transferred from sps",337,,
AUGCOGS-24JSF10064,1226.5,,966,A20001 - Accounts Payable Suppliers & Vendors (New),08-11-2025,"Jasfer Industry Co., Limited",137,24JSF10064,"Jasfer Industry Co., Limited - Aug  material cost transferred from sps",,337,
AUGCOGS-24JSF11016,1227,A51001 - Freight - Out - Expense (New),981,,08-11-2025,"Jasfer Industry Co., Limited",137,24JSF11016,"Jasfer Industry Co., Limited - Aug  material cost transferred from sps",43,,
AUGCOGS-24JSF11016,1227.5,,966,A20001 - Accounts Payable Suppliers & Vendors (New),08-11-2025,"Jasfer Industry Co., Limited",137,24JSF11016,"Jasfer Industry Co., Limited - Aug  material cost transferred from sps",,43,
AUGCOGS-24RT110505,1228,A51001 - Freight - Out - Expense (New),981,,08-11-2025,"Jasfer Industry Co., Limited",137,24RT110505,"Jasfer Industry Co., Limited - Aug  material cost transferred from sps",237.5,,
AUGCOGS-24RT110505,1228.5,,966,A20001 - Accounts Payable Suppliers & Vendors (New),08-11-2025,"Jasfer Industry Co., Limited",137,24RT110505,"Jasfer Industry Co., Limited - Aug  material cost transferred from sps",,237.5,
AUGCOGS-GV2024076,1229,A51001 - Freight - Out - Expense (New),981,,08-11-2025,"Cambodian Zulite Stone Co., Ltd.",1237,GV2024076,"Cambodian Zulite Stone Co., Ltd. - Aug  material cost transferred from sps",204.8,,
AUGCOGS-GV2024076,1229.5,,966,A20001 - Accounts Payable Suppliers & Vendors (New),08-11-2025,"Cambodian Zulite Stone Co., Ltd.",1237,GV2024076,"Cambodian Zulite Stone Co., Ltd. - Aug  material cost transferred from sps",,204.8,
AUGCOGS-GV2024075,1230,A51001 - Freight - Out - Expense (New),981,,08-11-2025,"Cambodian Zulite Stone Co., Ltd.",1237,GV2024075,"Cambodian Zulite Stone Co., Ltd. - Aug  material cost transferred from sps",204.8,,
AUGCOGS-GV2024075,1230.5,,966,A20001 - Accounts Payable Suppliers & Vendors (New),08-11-2025,"Cambodian Zulite Stone Co., Ltd.",1237,GV2024075,"Cambodian Zulite Stone Co., Ltd. - Aug  material cost transferred from sps",,204.8,
AUGCOGS-24JSF11002,1231,A51001 - Freight - Out - Expense (New),981,,08-11-2025,"Jasfer Industry Co., Limited",137,24JSF11002,"Jasfer Industry Co., Limited - Aug  material cost transferred from sps",192,,
AUGCOGS-24JSF11002,1231.5,,966,A20001 - Accounts Payable Suppliers & Vendors (New),08-11-2025,"Jasfer Industry Co., Limited",137,24JSF11002,"Jasfer Industry Co., Limited - Aug  material cost transferred from sps",,192,
AUGCOGS-24RT110701,1232,A51001 - Freight - Out - Expense (New),981,,08-11-2025,"Jasfer Industry Co., Limited",137,24RT110701,"Jasfer Industry Co., Limited - Aug  material cost transferred from sps",173.44,,
AUGCOGS-24RT110701,1232.5,,966,A20001 - Accounts Payable Suppliers & Vendors (New),08-11-2025,"Jasfer Industry Co., Limited",137,24RT110701,"Jasfer Industry Co., Limited - Aug  material cost transferred from sps",,173.44,
AUGCOGS-24RT110602,1233,A51001 - Freight - Out - Expense (New),981,,08-11-2025,"Jasfer Industry Co., Limited",137,24RT110602,"Jasfer Industry Co., Limited - Aug  material cost transferred from sps",174.44,,
AUGCOGS-24RT110602,1233.5,,966,A20001 - Accounts Payable Suppliers & Vendors (New),08-11-2025,"Jasfer Industry Co., Limited",137,24RT110602,"Jasfer Industry Co., Limited - Aug  material cost transferred from sps",,174.44,
AUGCOGS-23BL121204,1234,A51001 - Freight - Out - Expense (New),981,,08-11-2025,"Jasfer Industry Co., Limited",137,23BL121204,"Jasfer Industry Co., Limited - Aug  material cost transferred from sps",173.44,,
AUGCOGS-23BL121204,1234.5,,966,A20001 - Accounts Payable Suppliers & Vendors (New),08-11-2025,"Jasfer Industry Co., Limited",137,23BL121204,"Jasfer Industry Co., Limited - Aug  material cost transferred from sps",,173.44,
AUGCOGS-24JSF10071,1235,A51001 - Freight - Out - Expense (New),981,,08-11-2025,"Jasfer Industry Co., Limited",137,24JSF10071,"Jasfer Industry Co., Limited - Aug  material cost transferred from sps",86,,
AUGCOGS-24JSF10071,1235.5,,966,A20001 - Accounts Payable Suppliers & Vendors (New),08-11-2025,"Jasfer Industry Co., Limited",137,24JSF10071,"Jasfer Industry Co., Limited - Aug  material cost transferred from sps",,86,
AUGCOGS-24JSF11011,1236,A51001 - Freight - Out - Expense (New),981,,08-11-2025,"Jasfer Industry Co., Limited",137,24JSF11011,"Jasfer Industry Co., Limited - Aug  material cost transferred from sps",173,,
AUGCOGS-24JSF11011,1236.5,,966,A20001 - Accounts Payable Suppliers & Vendors (New),08-11-2025,"Jasfer Industry Co., Limited",137,24JSF11011,"Jasfer Industry Co., Limited - Aug  material cost transferred from sps",,173,
AUGCOGS-GV2024080,1237,A51001 - Freight - Out - Expense (New),981,,08-11-2025,"Cambodian Zulite Stone Co., Ltd.",1237,GV2024080,"Cambodian Zulite Stone Co., Ltd. - Aug  material cost transferred from sps",409.6,,
AUGCOGS-GV2024080,1237.5,,966,A20001 - Accounts Payable Suppliers & Vendors (New),08-11-2025,"Cambodian Zulite Stone Co., Ltd.",1237,GV2024080,"Cambodian Zulite Stone Co., Ltd. - Aug  material cost transferred from sps",,409.6,
AUGCOGS-24JSF08010,1238,A51001 - Freight - Out - Expense (New),981,,08-11-2025,"Jasfer Industry Co., Limited",137,24JSF08010,"Jasfer Industry Co., Limited - Aug  material cost transferred from sps",173,,
AUGCOGS-24JSF08010,1238.5,,966,A20001 - Accounts Payable Suppliers & Vendors (New),08-11-2025,"Jasfer Industry Co., Limited",137,24JSF08010,"Jasfer Industry Co., Limited - Aug  material cost transferred from sps",,173,
AUGCOGS-ZB202410026USA,1239,A51001 - Freight - Out - Expense (New),981,,08-11-2025,ZBOM Cabinets Corp.,1297,ZB202410026USA,ZBOM Cabinets Corp. - Aug  material cost transferred from sps,788.75,,
AUGCOGS-ZB202410026USA,1239.5,,966,A20001 - Accounts Payable Suppliers & Vendors (New),08-11-2025,ZBOM Cabinets Corp.,1297,ZB202410026USA,ZBOM Cabinets Corp. - Aug  material cost transferred from sps,,788.75,
AUGCOGS-24RT111102,1240,A51001 - Freight - Out - Expense (New),981,,08-11-2025,"Jasfer Industry Co., Limited",137,24RT111102,"Jasfer Industry Co., Limited - Aug  material cost transferred from sps",173.44,,
AUGCOGS-24RT111102,1240.5,,966,A20001 - Accounts Payable Suppliers & Vendors (New),08-11-2025,"Jasfer Industry Co., Limited",137,24RT111102,"Jasfer Industry Co., Limited - Aug  material cost transferred from sps",,173.44,
AUGCOGS-24BL111402,1241,A51001 - Freight - Out - Expense (New),981,,08-11-2025,"Jasfer Industry Co., Limited",137,24BL111402,"Jasfer Industry Co., Limited - Aug  material cost transferred from sps",67.78,,
AUGCOGS-24BL111402,1241.5,,966,A20001 - Accounts Payable Suppliers & Vendors (New),08-11-2025,"Jasfer Industry Co., Limited",137,24BL111402,"Jasfer Industry Co., Limited - Aug  material cost transferred from sps",,67.78,
AUGCOGS-24BL111403,1242,A51001 - Freight - Out - Expense (New),981,,08-11-2025,"Jasfer Industry Co., Limited",137,24BL111403,"Jasfer Industry Co., Limited - Aug  material cost transferred from sps",114.78,,
AUGCOGS-24BL111403,1242.5,,966,A20001 - Accounts Payable Suppliers & Vendors (New),08-11-2025,"Jasfer Industry Co., Limited",137,24BL111403,"Jasfer Industry Co., Limited - Aug  material cost transferred from sps",,114.78,
AUGCOGS-24RT111407,1243,A51001 - Freight - Out - Expense (New),981,,08-11-2025,"Jasfer Industry Co., Limited",137,24RT111407,"Jasfer Industry Co., Limited - Aug  material cost transferred from sps",174.44,,
AUGCOGS-24RT111407,1243.5,,966,A20001 - Accounts Payable Suppliers & Vendors (New),08-11-2025,"Jasfer Industry Co., Limited",137,24RT111407,"Jasfer Industry Co., Limited - Aug  material cost transferred from sps",,174.44,
AUGCOGS-24RT111401,1244,A51001 - Freight - Out - Expense (New),981,,08-11-2025,"Jasfer Industry Co., Limited",137,24RT111401,"Jasfer Industry Co., Limited - Aug  material cost transferred from sps",67.76,,
AUGCOGS-24RT111401,1244.5,,966,A20001 - Accounts Payable Suppliers & Vendors (New),08-11-2025,"Jasfer Industry Co., Limited",137,24RT111401,"Jasfer Industry Co., Limited - Aug  material cost transferred from sps",,67.76,
AUGCOGS-24RT111502,1245,A51001 - Freight - Out - Expense (New),981,,08-11-2025,"Jasfer Industry Co., Limited",137,24RT111502,"Jasfer Industry Co., Limited - Aug  material cost transferred from sps",67.78,,
AUGCOGS-24RT111502,1245.5,,966,A20001 - Accounts Payable Suppliers & Vendors (New),08-11-2025,"Jasfer Industry Co., Limited",137,24RT111502,"Jasfer Industry Co., Limited - Aug  material cost transferred from sps",,67.78,
AUGCOGS-24RT111501,1246,A51001 - Freight - Out - Expense (New),981,,08-11-2025,"Jasfer Industry Co., Limited",137,24RT111501,"Jasfer Industry Co., Limited - Aug  material cost transferred from sps",67.78,,
AUGCOGS-24RT111501,1246.5,,966,A20001 - Accounts Payable Suppliers & Vendors (New),08-11-2025,"Jasfer Industry Co., Limited",137,24RT111501,"Jasfer Industry Co., Limited - Aug  material cost transferred from sps",,67.78,
AUGCOGS-GV2024067,1247,A51001 - Freight - Out - Expense (New),981,,08-11-2025,"Cambodian Zulite Stone Co., Ltd.",1237,GV2024067,"Cambodian Zulite Stone Co., Ltd. - Aug  material cost transferred from sps",853.62,,
AUGCOGS-GV2024067,1247.5,,966,A20001 - Accounts Payable Suppliers & Vendors (New),08-11-2025,"Cambodian Zulite Stone Co., Ltd.",1237,GV2024067,"Cambodian Zulite Stone Co., Ltd. - Aug  material cost transferred from sps",,853.62,
AUGCOGS-GV2024067-B,1248,A51001 - Freight - Out - Expense (New),981,,08-11-2025,"Cambodian Zulite Stone Co., Ltd.",1237,GV2024067-B,"Cambodian Zulite Stone Co., Ltd. - Aug  material cost transferred from sps",855.48,,
AUGCOGS-GV2024067-B,1248.5,,966,A20001 - Accounts Payable Suppliers & Vendors (New),08-11-2025,"Cambodian Zulite Stone Co., Ltd.",1237,GV2024067-B,"Cambodian Zulite Stone Co., Ltd. - Aug  material cost transferred from sps",,855.48,
AUGCOGS-24RT111801,1249,A51001 - Freight - Out - Expense (New),981,,08-11-2025,"Jasfer Industry Co., Limited",137,24RT111801,"Jasfer Industry Co., Limited - Aug  material cost transferred from sps",173.44,,
AUGCOGS-24RT111801,1249.5,,966,A20001 - Accounts Payable Suppliers & Vendors (New),08-11-2025,"Jasfer Industry Co., Limited",137,24RT111801,"Jasfer Industry Co., Limited - Aug  material cost transferred from sps",,173.44,
AUGCOGS-24RT112108,1250,A51001 - Freight - Out - Expense (New),981,,08-11-2025,"Jasfer Industry Co., Limited",137,24RT112108,"Jasfer Industry Co., Limited - Aug  material cost transferred from sps",173,,
AUGCOGS-24RT112108,1250.5,,966,A20001 - Accounts Payable Suppliers & Vendors (New),08-11-2025,"Jasfer Industry Co., Limited",137,24RT112108,"Jasfer Industry Co., Limited - Aug  material cost transferred from sps",,173,
AUGCOGS-24JS120202,1251,A51001 - Freight - Out - Expense (New),981,,08-11-2025,"Jasfer Industry Co., Limited",137,24JS120202,"Jasfer Industry Co., Limited - Aug  material cost transferred from sps",67.78,,
AUGCOGS-24JS120202,1251.5,,966,A20001 - Accounts Payable Suppliers & Vendors (New),08-11-2025,"Jasfer Industry Co., Limited",137,24JS120202,"Jasfer Industry Co., Limited - Aug  material cost transferred from sps",,67.78,
AUGCOGS-24JS120201,1252,A51001 - Freight - Out - Expense (New),981,,08-11-2025,"Jasfer Industry Co., Limited",137,24JS120201,"Jasfer Industry Co., Limited - Aug  material cost transferred from sps",67.78,,
AUGCOGS-24JS120201,1252.5,,966,A20001 - Accounts Payable Suppliers & Vendors (New),08-11-2025,"Jasfer Industry Co., Limited",137,24JS120201,"Jasfer Industry Co., Limited - Aug  material cost transferred from sps",,67.78,
AUGCOGS-24BL112201,1253,A51001 - Freight - Out - Expense (New),981,,08-11-2025,"Jasfer Industry Co., Limited",137,24BL112201,"Jasfer Industry Co., Limited - Aug  material cost transferred from sps",173.44,,
AUGCOGS-24BL112201,1253.5,,966,A20001 - Accounts Payable Suppliers & Vendors (New),08-11-2025,"Jasfer Industry Co., Limited",137,24BL112201,"Jasfer Industry Co., Limited - Aug  material cost transferred from sps",,173.44,
AUGCOGS-24JSF11046,1254,A51001 - Freight - Out - Expense (New),981,,08-11-2025,"Jasfer Industry Co., Limited",137,24JSF11046,"Jasfer Industry Co., Limited - Aug  material cost transferred from sps",305.56,,
AUGCOGS-24JSF11046,1254.5,,966,A20001 - Accounts Payable Suppliers & Vendors (New),08-11-2025,"Jasfer Industry Co., Limited",137,24JSF11046,"Jasfer Industry Co., Limited - Aug  material cost transferred from sps",,305.56,
AUGCOGS-24JSF11045,1255,A51001 - Freight - Out - Expense (New),981,,08-11-2025,"Jasfer Industry Co., Limited",137,24JSF11045,"Jasfer Industry Co., Limited - Aug  material cost transferred from sps",313.19,,
AUGCOGS-24JSF11045,1255.5,,966,A20001 - Accounts Payable Suppliers & Vendors (New),08-11-2025,"Jasfer Industry Co., Limited",137,24JSF11045,"Jasfer Industry Co., Limited - Aug  material cost transferred from sps",,313.19,
AUGCOGS-24JSF11050,1256,A51001 - Freight - Out - Expense (New),981,,08-11-2025,"Jasfer Industry Co., Limited",137,24JSF11050,"Jasfer Industry Co., Limited - Aug  material cost transferred from sps",173,,
AUGCOGS-24JSF11050,1256.5,,966,A20001 - Accounts Payable Suppliers & Vendors (New),08-11-2025,"Jasfer Industry Co., Limited",137,24JSF11050,"Jasfer Industry Co., Limited - Aug  material cost transferred from sps",,173,
AUGCOGS-24JS120205,1257,A51001 - Freight - Out - Expense (New),981,,08-11-2025,"Jasfer Industry Co., Limited",137,24JS120205,"Jasfer Industry Co., Limited - Aug  material cost transferred from sps",43,,
AUGCOGS-24JS120205,1257.5,,966,A20001 - Accounts Payable Suppliers & Vendors (New),08-11-2025,"Jasfer Industry Co., Limited",137,24JS120205,"Jasfer Industry Co., Limited - Aug  material cost transferred from sps",,43,
AUGCOGS-GV2024102,1258,A51001 - Freight - Out - Expense (New),981,,08-11-2025,"Cambodian Zulite Stone Co., Ltd.",1237,GV2024102,"Cambodian Zulite Stone Co., Ltd. - Aug  material cost transferred from sps",1705,,
AUGCOGS-GV2024102,1258.5,,966,A20001 - Accounts Payable Suppliers & Vendors (New),08-11-2025,"Cambodian Zulite Stone Co., Ltd.",1237,GV2024102,"Cambodian Zulite Stone Co., Ltd. - Aug  material cost transferred from sps",,1705,
AUGCOGS-24JSF09056,1259,A51001 - Freight - Out - Expense (New),981,,08-11-2025,"Jasfer Industry Co., Limited",137,24JSF09056,"Jasfer Industry Co., Limited - Aug  material cost transferred from sps",173,,
AUGCOGS-24JSF09056,1259.5,,966,A20001 - Accounts Payable Suppliers & Vendors (New),08-11-2025,"Jasfer Industry Co., Limited",137,24JSF09056,"Jasfer Industry Co., Limited - Aug  material cost transferred from sps",,173,
AUGCOGS-:24JS120405,1260,A51001 - Freight - Out - Expense (New),981,,08-11-2025,"Jasfer Industry Co., Limited",137,:24JS120405,"Jasfer Industry Co., Limited - Aug  material cost transferred from sps",163,,
AUGCOGS-:24JS120405,1260.5,,966,A20001 - Accounts Payable Suppliers & Vendors (New),08-11-2025,"Jasfer Industry Co., Limited",137,:24JS120405,"Jasfer Industry Co., Limited - Aug  material cost transferred from sps",,163,
AUGCOGS-24JSF12004,1261,A51001 - Freight - Out - Expense (New),981,,08-11-2025,"Jasfer Industry Co., Limited",137,24JSF12004,"Jasfer Industry Co., Limited - Aug  material cost transferred from sps",173,,
AUGCOGS-24JSF12004,1261.5,,966,A20001 - Accounts Payable Suppliers & Vendors (New),08-11-2025,"Jasfer Industry Co., Limited",137,24JSF12004,"Jasfer Industry Co., Limited - Aug  material cost transferred from sps",,173,
AUGCOGS-23BL062701,1262,A51001 - Freight - Out - Expense (New),981,,08-11-2025,"Jasfer Industry Co., Limited",137,23BL062701,"Jasfer Industry Co., Limited - Aug  material cost transferred from sps",176.52,,
AUGCOGS-23BL062701,1262.5,,966,A20001 - Accounts Payable Suppliers & Vendors (New),08-11-2025,"Jasfer Industry Co., Limited",137,23BL062701,"Jasfer Industry Co., Limited - Aug  material cost transferred from sps",,176.52,
AUGCOGS-22RT051003,1263,A51001 - Freight - Out - Expense (New),981,,08-11-2025,"Jasfer Industry Co., Limited",137,22RT051003,"Jasfer Industry Co., Limited - Aug  material cost transferred from sps",48,,
AUGCOGS-22RT051003,1263.5,,966,A20001 - Accounts Payable Suppliers & Vendors (New),08-11-2025,"Jasfer Industry Co., Limited",137,22RT051003,"Jasfer Industry Co., Limited - Aug  material cost transferred from sps",,48,
AUGCOGS-SR297-23,1264,A51001 - Freight - Out - Expense (New),981,,08-11-2025,HARMONY HOSPITALITY CO LTD,2517,SR297-23,HARMONY HOSPITALITY CO LTD - Aug  material cost transferred from sps,130.09,,
AUGCOGS-SR297-23,1264.5,,966,A20001 - Accounts Payable Suppliers & Vendors (New),08-11-2025,HARMONY HOSPITALITY CO LTD,2517,SR297-23,HARMONY HOSPITALITY CO LTD - Aug  material cost transferred from sps,,130.09,
AUGCOGS-EXP2024000000498,1265,A51001 - Freight - Out - Expense (New),981,,08-12-2025,Papatya,1333,EXP2024000000498,Papatya - Aug  material cost transferred from sps,5079.08,,
AUGCOGS-EXP2024000000498,1265.5,,966,A20001 - Accounts Payable Suppliers & Vendors (New),08-12-2025,Papatya,1333,EXP2024000000498,Papatya - Aug  material cost transferred from sps,,5079.08,
AUGCOGS-FT 1/34873,1266,A51001 - Freight - Out - Expense (New),981,,08-12-2025,JMSMILL,1955,FT 1/34873,JMSMILL - Aug  material cost transferred from sps,195,,
AUGCOGS-FT 1/34873,1266.5,,966,A20001 - Accounts Payable Suppliers & Vendors (New),08-12-2025,JMSMILL,1955,FT 1/34873,JMSMILL - Aug  material cost transferred from sps,,195,
AUGCOGS-EXRJ/202425/0960,1267,A51001 - Freight - Out - Expense (New),981,,08-12-2025,JaipurR,1969,EXRJ/202425/0960,JaipurR - Aug  material cost transferred from sps,262.5,,
AUGCOGS-EXRJ/202425/0960,1267.5,,966,A20001 - Accounts Payable Suppliers & Vendors (New),08-12-2025,JaipurR,1969,EXRJ/202425/0960,JaipurR - Aug  material cost transferred from sps,,262.5,
AUGCOGS-22530781-E,1268,A51001 - Freight - Out - Expense (New),981,,08-12-2025,Fama Sofas S.L.U,1248,22530781-E,Fama Sofas S.L.U - Aug  material cost transferred from sps,902.7,,
AUGCOGS-22530781-E,1268.5,,966,A20001 - Accounts Payable Suppliers & Vendors (New),08-12-2025,Fama Sofas S.L.U,1248,22530781-E,Fama Sofas S.L.U - Aug  material cost transferred from sps,,902.7,
AUGCOGS-EXRJ/202425/0891,1269,A51001 - Freight - Out - Expense (New),981,,08-12-2025,JaipurR,1969,EXRJ/202425/0891,JaipurR - Aug  material cost transferred from sps,150,,
AUGCOGS-EXRJ/202425/0891,1269.5,,966,A20001 - Accounts Payable Suppliers & Vendors (New),08-12-2025,JaipurR,1969,EXRJ/202425/0891,JaipurR - Aug  material cost transferred from sps,,150,
AUGCOGS-22530969-E,1270,A51001 - Freight - Out - Expense (New),981,,08-12-2025,Fama Sofas S.L.U,1248,22530969-E,Fama Sofas S.L.U - Aug  material cost transferred from sps,104.6,,
AUGCOGS-22530969-E,1270.5,,966,A20001 - Accounts Payable Suppliers & Vendors (New),08-12-2025,Fama Sofas S.L.U,1248,22530969-E,Fama Sofas S.L.U - Aug  material cost transferred from sps,,104.6,
AUGCOGS-72500017,1271,A51001 - Freight - Out - Expense (New),981,,08-12-2025,TMLeade,1957,72500017,TMLeade - Aug  material cost transferred from sps,105.1,,
AUGCOGS-72500017,1271.5,,966,A20001 - Accounts Payable Suppliers & Vendors (New),08-12-2025,TMLeade,1957,72500017,TMLeade - Aug  material cost transferred from sps,,105.1,
AUGCOGS-24JSF07044,1272,A51001 - Freight - Out - Expense (New),981,,08-12-2025,"Jasfer Industry Co., Limited",137,24JSF07044,"Jasfer Industry Co., Limited - Aug  material cost transferred from sps",16.71,,
AUGCOGS-24JSF07044,1272.5,,966,A20001 - Accounts Payable Suppliers & Vendors (New),08-12-2025,"Jasfer Industry Co., Limited",137,24JSF07044,"Jasfer Industry Co., Limited - Aug  material cost transferred from sps",,16.71,
AUGCOGS-INV-1277,1273,A51001 - Freight - Out - Expense (New),981,,08-12-2025,SminkSt,1973,INV-1277,SminkSt - Aug  material cost transferred from sps,1614.17,,
AUGCOGS-INV-1277,1273.5,,966,A20001 - Accounts Payable Suppliers & Vendors (New),08-12-2025,SminkSt,1973,INV-1277,SminkSt - Aug  material cost transferred from sps,,1614.17,
AUGCOGS-24JSF12048,1274,A51001 - Freight - Out - Expense (New),981,,08-12-2025,"Jasfer Industry Co., Limited",137,24JSF12048,"Jasfer Industry Co., Limited - Aug  material cost transferred from sps",16,,
AUGCOGS-24JSF12048,1274.5,,966,A20001 - Accounts Payable Suppliers & Vendors (New),08-12-2025,"Jasfer Industry Co., Limited",137,24JSF12048,"Jasfer Industry Co., Limited - Aug  material cost transferred from sps",,16,
AUGCOGS-24JSF12049,1275,A51001 - Freight - Out - Expense (New),981,,08-12-2025,"Jasfer Industry Co., Limited",137,24JSF12049,"Jasfer Industry Co., Limited - Aug  material cost transferred from sps",15,,
AUGCOGS-24JSF12049,1275.5,,966,A20001 - Accounts Payable Suppliers & Vendors (New),08-12-2025,"Jasfer Industry Co., Limited",137,24JSF12049,"Jasfer Industry Co., Limited - Aug  material cost transferred from sps",,15,
AUGCOGS-SR395-5,1276,A51001 - Freight - Out - Expense (New),981,,08-12-2025,HARMONY HOSPITALITY CO LTD,2517,SR395-5,HARMONY HOSPITALITY CO LTD - Aug  material cost transferred from sps,875.7,,
AUGCOGS-SR395-5,1276.5,,966,A20001 - Accounts Payable Suppliers & Vendors (New),08-12-2025,HARMONY HOSPITALITY CO LTD,2517,SR395-5,HARMONY HOSPITALITY CO LTD - Aug  material cost transferred from sps,,875.7,
AUGCOGS-GV048-1,1277,A51001 - Freight - Out - Expense (New),981,,08-12-2025,HARMONY HOSPITALITY CO LTD,2517,GV048-1,HARMONY HOSPITALITY CO LTD - Aug  material cost transferred from sps,677.67,,
AUGCOGS-GV048-1,1277.5,,966,A20001 - Accounts Payable Suppliers & Vendors (New),08-12-2025,HARMONY HOSPITALITY CO LTD,2517,GV048-1,HARMONY HOSPITALITY CO LTD - Aug  material cost transferred from sps,,677.67,
AUGCOGS-SR411-8P5,1278,A51001 - Freight - Out - Expense (New),981,,08-12-2025,HARMONY HOSPITALITY CO LTD,2517,SR411-8P5,HARMONY HOSPITALITY CO LTD - Aug  material cost transferred from sps,243,,
AUGCOGS-SR411-8P5,1278.5,,966,A20001 - Accounts Payable Suppliers & Vendors (New),08-12-2025,HARMONY HOSPITALITY CO LTD,2517,SR411-8P5,HARMONY HOSPITALITY CO LTD - Aug  material cost transferred from sps,,243,
AUGCOGS-SR173-5PM,1279,A51001 - Freight - Out - Expense (New),981,,08-12-2025,HARMONY HOSPITALITY CO LTD,2517,SR173-5PM,HARMONY HOSPITALITY CO LTD - Aug  material cost transferred from sps,45,,
AUGCOGS-SR173-5PM,1279.5,,966,A20001 - Accounts Payable Suppliers & Vendors (New),08-12-2025,HARMONY HOSPITALITY CO LTD,2517,SR173-5PM,HARMONY HOSPITALITY CO LTD - Aug  material cost transferred from sps,,45,
AUGCOGS-SR391-2,1280,A51001 - Freight - Out - Expense (New),981,,08-12-2025,HARMONY HOSPITALITY CO LTD,2517,SR391-2,HARMONY HOSPITALITY CO LTD - Aug  material cost transferred from sps,259.07,,
AUGCOGS-SR391-2,1280.5,,966,A20001 - Accounts Payable Suppliers & Vendors (New),08-12-2025,HARMONY HOSPITALITY CO LTD,2517,SR391-2,HARMONY HOSPITALITY CO LTD - Aug  material cost transferred from sps,,259.07,
AUGCOGS-23JS031401,1281,A51001 - Freight - Out - Expense (New),981,,08/13/2025,"Jasfer Industry Co., Limited",137,23JS031401,"Jasfer Industry Co., Limited - Aug  material cost transferred from sps",6.44,,
AUGCOGS-23JS031401,1281.5,,966,A20001 - Accounts Payable Suppliers & Vendors (New),08/13/2025,"Jasfer Industry Co., Limited",137,23JS031401,"Jasfer Industry Co., Limited - Aug  material cost transferred from sps",,6.44,
AUGCOGS-24RT043003,1282,A51001 - Freight - Out - Expense (New),981,,08/13/2025,"Jasfer Industry Co., Limited",137,24RT043003,"Jasfer Industry Co., Limited - Aug  material cost transferred from sps",5,,
AUGCOGS-24RT043003,1282.5,,966,A20001 - Accounts Payable Suppliers & Vendors (New),08/13/2025,"Jasfer Industry Co., Limited",137,24RT043003,"Jasfer Industry Co., Limited - Aug  material cost transferred from sps",,5,
AUGCOGS-24JS062401,1283,A51001 - Freight - Out - Expense (New),981,,08/13/2025,"Jasfer Industry Co., Limited",137,24JS062401,"Jasfer Industry Co., Limited - Aug  material cost transferred from sps",5,,
AUGCOGS-24JS062401,1283.5,,966,A20001 - Accounts Payable Suppliers & Vendors (New),08/13/2025,"Jasfer Industry Co., Limited",137,24JS062401,"Jasfer Industry Co., Limited - Aug  material cost transferred from sps",,5,
"AUGCOGS-411, 412, 426",1284,A51001 - Freight - Out - Expense (New),981,,08/13/2025,GIBAM SHOPS SPA,1253,"411, 412, 426",GIBAM SHOPS SPA - Aug  material cost transferred from sps,555,,
"AUGCOGS-411, 412, 426",1284.5,,966,A20001 - Accounts Payable Suppliers & Vendors (New),08/13/2025,GIBAM SHOPS SPA,1253,"411, 412, 426",GIBAM SHOPS SPA - Aug  material cost transferred from sps,,555,
AUGCOGS-24RT101807,1285,A51001 - Freight - Out - Expense (New),981,,08/13/2025,"Jasfer Industry Co., Limited",137,24RT101807,"Jasfer Industry Co., Limited - Aug  material cost transferred from sps",5,,
AUGCOGS-24RT101807,1285.5,,966,A20001 - Accounts Payable Suppliers & Vendors (New),08/13/2025,"Jasfer Industry Co., Limited",137,24RT101807,"Jasfer Industry Co., Limited - Aug  material cost transferred from sps",,5,
AUGCOGS-24JS071902,1286,A51001 - Freight - Out - Expense (New),981,,08/13/2025,"Jasfer Industry Co., Limited",137,24JS071902,"Jasfer Industry Co., Limited - Aug  material cost transferred from sps",5,,
AUGCOGS-24JS071902,1286.5,,966,A20001 - Accounts Payable Suppliers & Vendors (New),08/13/2025,"Jasfer Industry Co., Limited",137,24JS071902,"Jasfer Industry Co., Limited - Aug  material cost transferred from sps",,5,
AUGCOGS-24JS081304,1287,A51001 - Freight - Out - Expense (New),981,,08/13/2025,"Jasfer Industry Co., Limited",137,24JS081304,"Jasfer Industry Co., Limited - Aug  material cost transferred from sps",5,,
AUGCOGS-24JS081304,1287.5,,966,A20001 - Accounts Payable Suppliers & Vendors (New),08/13/2025,"Jasfer Industry Co., Limited",137,24JS081304,"Jasfer Industry Co., Limited - Aug  material cost transferred from sps",,5,
AUGCOGS-24RT082101,1288,A51001 - Freight - Out - Expense (New),981,,08/13/2025,"Jasfer Industry Co., Limited",137,24RT082101,"Jasfer Industry Co., Limited - Aug  material cost transferred from sps",5,,
AUGCOGS-24RT082101,1288.5,,966,A20001 - Accounts Payable Suppliers & Vendors (New),08/13/2025,"Jasfer Industry Co., Limited",137,24RT082101,"Jasfer Industry Co., Limited - Aug  material cost transferred from sps",,5,
AUGCOGS-PI-25AG329GRV-V,1289,A51001 - Freight - Out - Expense (New),981,,08/13/2025,"Jasfer Industry Co., Limited",137,PI-25AG329GRV-V,"Jasfer Industry Co., Limited - Aug  material cost transferred from sps",305.44,,
AUGCOGS-PI-25AG329GRV-V,1289.5,,966,A20001 - Accounts Payable Suppliers & Vendors (New),08/13/2025,"Jasfer Industry Co., Limited",137,PI-25AG329GRV-V,"Jasfer Industry Co., Limited - Aug  material cost transferred from sps",,305.44,
AUGCOGS-24AR100901,1290,A51001 - Freight - Out - Expense (New),981,,08/13/2025,"Jasfer Industry Co., Limited",137,24AR100901,"Jasfer Industry Co., Limited - Aug  material cost transferred from sps",23,,
AUGCOGS-24AR100901,1290.5,,966,A20001 - Accounts Payable Suppliers & Vendors (New),08/13/2025,"Jasfer Industry Co., Limited",137,24AR100901,"Jasfer Industry Co., Limited - Aug  material cost transferred from sps",,23,
AUGCOGS-24JSF11004,1291,A51001 - Freight - Out - Expense (New),981,,08/13/2025,"Jasfer Industry Co., Limited",137,24JSF11004,"Jasfer Industry Co., Limited - Aug  material cost transferred from sps",15.13,,
AUGCOGS-24JSF11004,1291.5,,966,A20001 - Accounts Payable Suppliers & Vendors (New),08/13/2025,"Jasfer Industry Co., Limited",137,24JSF11004,"Jasfer Industry Co., Limited - Aug  material cost transferred from sps",,15.13,
AUGCOGS-24JSF04008,1292,A51001 - Freight - Out - Expense (New),981,,08/13/2025,"Jasfer Industry Co., Limited",137,24JSF04008,"Jasfer Industry Co., Limited - Aug  material cost transferred from sps",148,,
AUGCOGS-24JSF04008,1292.5,,966,A20001 - Accounts Payable Suppliers & Vendors (New),08/13/2025,"Jasfer Industry Co., Limited",137,24JSF04008,"Jasfer Industry Co., Limited - Aug  material cost transferred from sps",,148,
AUGCOGS-24JSF11010-1,1293,A51001 - Freight - Out - Expense (New),981,,08/13/2025,"Jasfer Industry Co., Limited",137,24JSF11010-1,"Jasfer Industry Co., Limited - Aug  material cost transferred from sps",10,,
AUGCOGS-24JSF11010-1,1293.5,,966,A20001 - Accounts Payable Suppliers & Vendors (New),08/13/2025,"Jasfer Industry Co., Limited",137,24JSF11010-1,"Jasfer Industry Co., Limited - Aug  material cost transferred from sps",,10,
AUGCOGS-24JSF11010-2,1294,A51001 - Freight - Out - Expense (New),981,,08/13/2025,"Jasfer Industry Co., Limited",137,24JSF11010-2,"Jasfer Industry Co., Limited - Aug  material cost transferred from sps",10,,
AUGCOGS-24JSF11010-2,1294.5,,966,A20001 - Accounts Payable Suppliers & Vendors (New),08/13/2025,"Jasfer Industry Co., Limited",137,24JSF11010-2,"Jasfer Industry Co., Limited - Aug  material cost transferred from sps",,10,
AUGCOGS-24JSF11010-3,1295,A51001 - Freight - Out - Expense (New),981,,08/13/2025,"Jasfer Industry Co., Limited",137,24JSF11010-3,"Jasfer Industry Co., Limited - Aug  material cost transferred from sps",9,,
AUGCOGS-24JSF11010-3,1295.5,,966,A20001 - Accounts Payable Suppliers & Vendors (New),08/13/2025,"Jasfer Industry Co., Limited",137,24JSF11010-3,"Jasfer Industry Co., Limited - Aug  material cost transferred from sps",,9,
AUGCOGS-24JSF11010-4,1296,A51001 - Freight - Out - Expense (New),981,,08/13/2025,"Jasfer Industry Co., Limited",137,24JSF11010-4,"Jasfer Industry Co., Limited - Aug  material cost transferred from sps",9,,
AUGCOGS-24JSF11010-4,1296.5,,966,A20001 - Accounts Payable Suppliers & Vendors (New),08/13/2025,"Jasfer Industry Co., Limited",137,24JSF11010-4,"Jasfer Industry Co., Limited - Aug  material cost transferred from sps",,9,
AUGCOGS-24JSF11010-5,1297,A51001 - Freight - Out - Expense (New),981,,08/13/2025,"Jasfer Industry Co., Limited",137,24JSF11010-5,"Jasfer Industry Co., Limited - Aug  material cost transferred from sps",9,,
AUGCOGS-24JSF11010-5,1297.5,,966,A20001 - Accounts Payable Suppliers & Vendors (New),08/13/2025,"Jasfer Industry Co., Limited",137,24JSF11010-5,"Jasfer Industry Co., Limited - Aug  material cost transferred from sps",,9,
AUGCOGS-24JSF11008,1298,A51001 - Freight - Out - Expense (New),981,,08/13/2025,"Jasfer Industry Co., Limited",137,24JSF11008,"Jasfer Industry Co., Limited - Aug  material cost transferred from sps",6,,
AUGCOGS-24JSF11008,1298.5,,966,A20001 - Accounts Payable Suppliers & Vendors (New),08/13/2025,"Jasfer Industry Co., Limited",137,24JSF11008,"Jasfer Industry Co., Limited - Aug  material cost transferred from sps",,6,
AUGCOGS-24JSF11009,1299,A51001 - Freight - Out - Expense (New),981,,08/13/2025,"Jasfer Industry Co., Limited",137,24JSF11009,"Jasfer Industry Co., Limited - Aug  material cost transferred from sps",4,,
AUGCOGS-24JSF11009,1299.5,,966,A20001 - Accounts Payable Suppliers & Vendors (New),08/13/2025,"Jasfer Industry Co., Limited",137,24JSF11009,"Jasfer Industry Co., Limited - Aug  material cost transferred from sps",,4,
AUGCOGS-24JSF11010-6,1300,A51001 - Freight - Out - Expense (New),981,,08/13/2025,"Jasfer Industry Co., Limited",137,24JSF11010-6,"Jasfer Industry Co., Limited - Aug  material cost transferred from sps",9,,
AUGCOGS-24JSF11010-6,1300.5,,966,A20001 - Accounts Payable Suppliers & Vendors (New),08/13/2025,"Jasfer Industry Co., Limited",137,24JSF11010-6,"Jasfer Industry Co., Limited - Aug  material cost transferred from sps",,9,
AUGCOGS-GV2024087,1301,A51001 - Freight - Out - Expense (New),981,,08/13/2025,"Cambodian Zulite Stone Co., Ltd.",1237,GV2024087,"Cambodian Zulite Stone Co., Ltd. - Aug  material cost transferred from sps",387.4,,
AUGCOGS-GV2024087,1301.5,,966,A20001 - Accounts Payable Suppliers & Vendors (New),08/13/2025,"Cambodian Zulite Stone Co., Ltd.",1237,GV2024087,"Cambodian Zulite Stone Co., Ltd. - Aug  material cost transferred from sps",,387.4,
AUGCOGS-24GBCI342,1302,A51001 - Freight - Out - Expense (New),981,,08/13/2025,Foshan Global Bridge Import & Export,3518,24GBCI342,Foshan Global Bridge Import & Export - Aug  material cost transferred from sps,139.42,,
AUGCOGS-24GBCI342,1302.5,,966,A20001 - Accounts Payable Suppliers & Vendors (New),08/13/2025,Foshan Global Bridge Import & Export,3518,24GBCI342,Foshan Global Bridge Import & Export - Aug  material cost transferred from sps,,139.42,
AUGCOGS-24RT111202,1303,A51001 - Freight - Out - Expense (New),981,,08/13/2025,"Jasfer Industry Co., Limited",137,24RT111202,"Jasfer Industry Co., Limited - Aug  material cost transferred from sps",5,,
AUGCOGS-24RT111202,1303.5,,966,A20001 - Accounts Payable Suppliers & Vendors (New),08/13/2025,"Jasfer Industry Co., Limited",137,24RT111202,"Jasfer Industry Co., Limited - Aug  material cost transferred from sps",,5,
AUGCOGS-GV2024089,1304,A51001 - Freight - Out - Expense (New),981,,08/13/2025,"Cambodian Zulite Stone Co., Ltd.",1237,GV2024089,"Cambodian Zulite Stone Co., Ltd. - Aug  material cost transferred from sps",387.4,,
AUGCOGS-GV2024089,1304.5,,966,A20001 - Accounts Payable Suppliers & Vendors (New),08/13/2025,"Cambodian Zulite Stone Co., Ltd.",1237,GV2024089,"Cambodian Zulite Stone Co., Ltd. - Aug  material cost transferred from sps",,387.4,
AUGCOGS-24JSF12101,1305,A51001 - Freight - Out - Expense (New),981,,08/13/2025,"Jasfer Industry Co., Limited",137,24JSF12101,"Jasfer Industry Co., Limited - Aug  material cost transferred from sps",10,,
AUGCOGS-24JSF12101,1305.5,,966,A20001 - Accounts Payable Suppliers & Vendors (New),08/13/2025,"Jasfer Industry Co., Limited",137,24JSF12101,"Jasfer Industry Co., Limited - Aug  material cost transferred from sps",,10,
AUGCOGS-GV2024094,1306,A51001 - Freight - Out - Expense (New),981,,08/13/2025,"Cambodian Zulite Stone Co., Ltd.",1237,GV2024094,"Cambodian Zulite Stone Co., Ltd. - Aug  material cost transferred from sps",387.4,,
AUGCOGS-GV2024094,1306.5,,966,A20001 - Accounts Payable Suppliers & Vendors (New),08/13/2025,"Cambodian Zulite Stone Co., Ltd.",1237,GV2024094,"Cambodian Zulite Stone Co., Ltd. - Aug  material cost transferred from sps",,387.4,
"AUGCOGS-SR173-5K,SR173-5C,",1307,A51001 - Freight - Out - Expense (New),981,,08/13/2025,Richwood Hospitality Co. LTD,1285,"SR173-5K,SR173-5C,",Richwood Hospitality Co. LTD - Aug  material cost transferred from sps,61.68,,
"AUGCOGS-SR173-5K,SR173-5C,",1307.5,,966,A20001 - Accounts Payable Suppliers & Vendors (New),08/13/2025,Richwood Hospitality Co. LTD,1285,"SR173-5K,SR173-5C,",Richwood Hospitality Co. LTD - Aug  material cost transferred from sps,,61.68,
AUGCOGS-GV2024091,1308,A51001 - Freight - Out - Expense (New),981,,08/13/2025,"Cambodian Zulite Stone Co., Ltd.",1237,GV2024091,"Cambodian Zulite Stone Co., Ltd. - Aug  material cost transferred from sps",387.4,,
AUGCOGS-GV2024091,1308.5,,966,A20001 - Accounts Payable Suppliers & Vendors (New),08/13/2025,"Cambodian Zulite Stone Co., Ltd.",1237,GV2024091,"Cambodian Zulite Stone Co., Ltd. - Aug  material cost transferred from sps",,387.4,
AUGCOGS-GV2024093,1309,A51001 - Freight - Out - Expense (New),981,,08/13/2025,"Cambodian Zulite Stone Co., Ltd.",1237,GV2024093,"Cambodian Zulite Stone Co., Ltd. - Aug  material cost transferred from sps",387.4,,
AUGCOGS-GV2024093,1309.5,,966,A20001 - Accounts Payable Suppliers & Vendors (New),08/13/2025,"Cambodian Zulite Stone Co., Ltd.",1237,GV2024093,"Cambodian Zulite Stone Co., Ltd. - Aug  material cost transferred from sps",,387.4,
AUGCOGS-GV2024101,1310,A51001 - Freight - Out - Expense (New),981,,08/13/2025,"Cambodian Zulite Stone Co., Ltd.",1237,GV2024101,"Cambodian Zulite Stone Co., Ltd. - Aug  material cost transferred from sps",387.4,,
AUGCOGS-GV2024101,1310.5,,966,A20001 - Accounts Payable Suppliers & Vendors (New),08/13/2025,"Cambodian Zulite Stone Co., Ltd.",1237,GV2024101,"Cambodian Zulite Stone Co., Ltd. - Aug  material cost transferred from sps",,387.4,
AUGCOGS-24JS120906,1311,A51001 - Freight - Out - Expense (New),981,,08/13/2025,"Jasfer Industry Co., Limited",137,24JS120906,"Jasfer Industry Co., Limited - Aug  material cost transferred from sps",50.99,,
AUGCOGS-24JS120906,1311.5,,966,A20001 - Accounts Payable Suppliers & Vendors (New),08/13/2025,"Jasfer Industry Co., Limited",137,24JS120906,"Jasfer Industry Co., Limited - Aug  material cost transferred from sps",,50.99,
AUGCOGS-ZB202409014USA,1312,A51001 - Freight - Out - Expense (New),981,,08/13/2025,ZBOM Cabinets Corp.,1297,ZB202409014USA,ZBOM Cabinets Corp. - Aug  material cost transferred from sps,763.36,,
AUGCOGS-ZB202409014USA,1312.5,,966,A20001 - Accounts Payable Suppliers & Vendors (New),08/13/2025,ZBOM Cabinets Corp.,1297,ZB202409014USA,ZBOM Cabinets Corp. - Aug  material cost transferred from sps,,763.36,
AUGCOGS-24JSF12032,1313,A51001 - Freight - Out - Expense (New),981,,08/13/2025,"Jasfer Industry Co., Limited",137,24JSF12032,"Jasfer Industry Co., Limited - Aug  material cost transferred from sps",10,,
AUGCOGS-24JSF12032,1313.5,,966,A20001 - Accounts Payable Suppliers & Vendors (New),08/13/2025,"Jasfer Industry Co., Limited",137,24JSF12032,"Jasfer Industry Co., Limited - Aug  material cost transferred from sps",,10,
AUGCOGS-23JS032403,1314,A51001 - Freight - Out - Expense (New),981,,08/13/2025,"Jasfer Industry Co., Limited",137,23JS032403,"Jasfer Industry Co., Limited - Aug  material cost transferred from sps",5,,
AUGCOGS-23JS032403,1314.5,,966,A20001 - Accounts Payable Suppliers & Vendors (New),08/13/2025,"Jasfer Industry Co., Limited",137,23JS032403,"Jasfer Industry Co., Limited - Aug  material cost transferred from sps",,5,
AUGCOGS-GV042,1315,A51001 - Freight - Out - Expense (New),981,,08/13/2025,Richwood Hospitality Co. LTD,1285,GV042,Richwood Hospitality Co. LTD - Aug  material cost transferred from sps,75.42,,
AUGCOGS-GV042,1315.5,,966,A20001 - Accounts Payable Suppliers & Vendors (New),08/13/2025,Richwood Hospitality Co. LTD,1285,GV042,Richwood Hospitality Co. LTD - Aug  material cost transferred from sps,,75.42,
AUGCOGS-25JSF01036,1316,A51001 - Freight - Out - Expense (New),981,,08/13/2025,"Jasfer Industry Co., Limited",137,25JSF01036,"Jasfer Industry Co., Limited - Aug  material cost transferred from sps",153.51,,
AUGCOGS-25JSF01036,1316.5,,966,A20001 - Accounts Payable Suppliers & Vendors (New),08/13/2025,"Jasfer Industry Co., Limited",137,25JSF01036,"Jasfer Industry Co., Limited - Aug  material cost transferred from sps",,153.51,
AUGCOGS-INV-GV-01-02-25,1317,A51001 - Freight - Out - Expense (New),981,,08/13/2025,AMY Building Material Investments,1331,INV-GV-01-02-25,AMY Building Material Investments - Aug  material cost transferred from sps,75.42,,
AUGCOGS-INV-GV-01-02-25,1317.5,,966,A20001 - Accounts Payable Suppliers & Vendors (New),08/13/2025,AMY Building Material Investments,1331,INV-GV-01-02-25,AMY Building Material Investments - Aug  material cost transferred from sps,,75.42,
AUGCOGS-GV2025008,1318,A51001 - Freight - Out - Expense (New),981,,08/13/2025,"Cambodian Zulite Stone Co., Ltd.",1237,GV2025008,"Cambodian Zulite Stone Co., Ltd. - Aug  material cost transferred from sps",2659.95,,
AUGCOGS-GV2025008,1318.5,,966,A20001 - Accounts Payable Suppliers & Vendors (New),08/13/2025,"Cambodian Zulite Stone Co., Ltd.",1237,GV2025008,"Cambodian Zulite Stone Co., Ltd. - Aug  material cost transferred from sps",,2659.95,
AUGCOGS-GV2025012-1&2,1319,A51001 - Freight - Out - Expense (New),981,,08/13/2025,"Cambodian Zulite Stone Co., Ltd.",1237,GV2025012-1&2,"Cambodian Zulite Stone Co., Ltd. - Aug  material cost transferred from sps",120,,
AUGCOGS-GV2025012-1&2,1319.5,,966,A20001 - Accounts Payable Suppliers & Vendors (New),08/13/2025,"Cambodian Zulite Stone Co., Ltd.",1237,GV2025012-1&2,"Cambodian Zulite Stone Co., Ltd. - Aug  material cost transferred from sps",,120,
"AUGCOGS-SR273-54P1,SR411-14,SR395-6,SR393-16",1320,A51001 - Freight - Out - Expense (New),981,,08/13/2025,Richwood Hospitality Co. LTD,1285,"SR273-54P1,SR411-14,SR395-6,SR393-16",Richwood Hospitality Co. LTD - Aug  material cost transferred from sps,60,,
"AUGCOGS-SR273-54P1,SR411-14,SR395-6,SR393-16",1320.5,,966,A20001 - Accounts Payable Suppliers & Vendors (New),08/13/2025,Richwood Hospitality Co. LTD,1285,"SR273-54P1,SR411-14,SR395-6,SR393-16",Richwood Hospitality Co. LTD - Aug  material cost transferred from sps,,60,
AUGCOGS-25JSF03054,1321,A51001 - Freight - Out - Expense (New),981,,08/13/2025,"Jasfer Industry Co., Limited",137,25JSF03054,"Jasfer Industry Co., Limited - Aug  material cost transferred from sps",100.45,,
AUGCOGS-25JSF03054,1321.5,,966,A20001 - Accounts Payable Suppliers & Vendors (New),08/13/2025,"Jasfer Industry Co., Limited",137,25JSF03054,"Jasfer Industry Co., Limited - Aug  material cost transferred from sps",,100.45,
"AUGCOGS-SR307-7,SR425",1322,A51001 - Freight - Out - Expense (New),981,,08/13/2025,Richwood Hospitality Co. LTD,1285,"SR307-7,SR425",Richwood Hospitality Co. LTD - Aug  material cost transferred from sps,37.71,,
"AUGCOGS-SR307-7,SR425",1322.5,,966,A20001 - Accounts Payable Suppliers & Vendors (New),08/13/2025,Richwood Hospitality Co. LTD,1285,"SR307-7,SR425",Richwood Hospitality Co. LTD - Aug  material cost transferred from sps,,37.71,
AUGCOGS-25JSF02101,1323,A51001 - Freight - Out - Expense (New),981,,08/14/2025,"Jasfer Industry Co., Limited",137,25JSF02101,"Jasfer Industry Co., Limited - Aug  material cost transferred from sps",19,,
AUGCOGS-25JSF02101,1323.5,,966,A20001 - Accounts Payable Suppliers & Vendors (New),08/14/2025,"Jasfer Industry Co., Limited",137,25JSF02101,"Jasfer Industry Co., Limited - Aug  material cost transferred from sps",,19,
AUGCOGS-24JSF11001,1324,A51001 - Freight - Out - Expense (New),981,,08/14/2025,"Jasfer Industry Co., Limited",137,24JSF11001,"Jasfer Industry Co., Limited - Aug  material cost transferred from sps",19,,
AUGCOGS-24JSF11001,1324.5,,966,A20001 - Accounts Payable Suppliers & Vendors (New),08/14/2025,"Jasfer Industry Co., Limited",137,24JSF11001,"Jasfer Industry Co., Limited - Aug  material cost transferred from sps",,19,
AUGCOGS-24BL010601,1325,A51001 - Freight - Out - Expense (New),981,,08/14/2025,"Jasfer Industry Co., Limited",137,24BL010601,"Jasfer Industry Co., Limited - Aug  material cost transferred from sps",175.42,,
AUGCOGS-24BL010601,1325.5,,966,A20001 - Accounts Payable Suppliers & Vendors (New),08/14/2025,"Jasfer Industry Co., Limited",137,24BL010601,"Jasfer Industry Co., Limited - Aug  material cost transferred from sps",,175.42,
AUGCOGS-25JSF01051,1326,A51001 - Freight - Out - Expense (New),981,,08/14/2025,"Jasfer Industry Co., Limited",137,25JSF01051,"Jasfer Industry Co., Limited - Aug  material cost transferred from sps",16,,
AUGCOGS-25JSF01051,1326.5,,966,A20001 - Accounts Payable Suppliers & Vendors (New),08/14/2025,"Jasfer Industry Co., Limited",137,25JSF01051,"Jasfer Industry Co., Limited - Aug  material cost transferred from sps",,16,
AUGCOGS-24JSF12052,1327,A51001 - Freight - Out - Expense (New),981,,08/14/2025,"Jasfer Industry Co., Limited",137,24JSF12052,"Jasfer Industry Co., Limited - Aug  material cost transferred from sps",112,,
AUGCOGS-24JSF12052,1327.5,,966,A20001 - Accounts Payable Suppliers & Vendors (New),08/14/2025,"Jasfer Industry Co., Limited",137,24JSF12052,"Jasfer Industry Co., Limited - Aug  material cost transferred from sps",,112,
AUGCOGS-24BL120402,1328,A51001 - Freight - Out - Expense (New),981,,08/14/2025,"Jasfer Industry Co., Limited",137,24BL120402,"Jasfer Industry Co., Limited - Aug  material cost transferred from sps",15.42,,
AUGCOGS-24BL120402,1328.5,,966,A20001 - Accounts Payable Suppliers & Vendors (New),08/14/2025,"Jasfer Industry Co., Limited",137,24BL120402,"Jasfer Industry Co., Limited - Aug  material cost transferred from sps",,15.42,
AUGCOGS-GV2025012-3&4,1329,A51001 - Freight - Out - Expense (New),981,,08/14/2025,"Cambodian Zulite Stone Co., Ltd.",1237,GV2025012-3&4,"Cambodian Zulite Stone Co., Ltd. - Aug  material cost transferred from sps",3950.19,,
AUGCOGS-GV2025012-3&4,1329.5,,966,A20001 - Accounts Payable Suppliers & Vendors (New),08/14/2025,"Cambodian Zulite Stone Co., Ltd.",1237,GV2025012-3&4,"Cambodian Zulite Stone Co., Ltd. - Aug  material cost transferred from sps",,3950.19,
AUGCOGS-25RT010904,1330,A51001 - Freight - Out - Expense (New),981,,08/14/2025,"Jasfer Industry Co., Limited",137,25RT010904,"Jasfer Industry Co., Limited - Aug  material cost transferred from sps",16,,
AUGCOGS-25RT010904,1330.5,,966,A20001 - Accounts Payable Suppliers & Vendors (New),08/14/2025,"Jasfer Industry Co., Limited",137,25RT010904,"Jasfer Industry Co., Limited - Aug  material cost transferred from sps",,16,
AUGCOGS-25RT010903,1331,A51001 - Freight - Out - Expense (New),981,,08/14/2025,"Jasfer Industry Co., Limited",137,25RT010903,"Jasfer Industry Co., Limited - Aug  material cost transferred from sps",16,,
AUGCOGS-25RT010903,1331.5,,966,A20001 - Accounts Payable Suppliers & Vendors (New),08/14/2025,"Jasfer Industry Co., Limited",137,25RT010903,"Jasfer Industry Co., Limited - Aug  material cost transferred from sps",,16,
AUGCOGS-22533248-E,1332,A51001 - Freight - Out - Expense (New),981,,08/15/2025,Fama Sofas S.L.U,1248,22533248-E,Fama Sofas S.L.U - Aug  material cost transferred from sps,370,,
AUGCOGS-22533248-E,1332.5,,966,A20001 - Accounts Payable Suppliers & Vendors (New),08/15/2025,Fama Sofas S.L.U,1248,22533248-E,Fama Sofas S.L.U - Aug  material cost transferred from sps,,370,
AUGCOGS-INV-HE.05-02-03-25,1333,A51001 - Freight - Out - Expense (New),981,,08/15/2025,AMY Building Material Investments,1331,INV-HE.05-02-03-25,AMY Building Material Investments - Aug  material cost transferred from sps,5905.39,,
AUGCOGS-INV-HE.05-02-03-25,1333.5,,966,A20001 - Accounts Payable Suppliers & Vendors (New),08/15/2025,AMY Building Material Investments,1331,INV-HE.05-02-03-25,AMY Building Material Investments - Aug  material cost transferred from sps,,5905.39,
AUGCOGS-24JSF02004,1334,A51001 - Freight - Out - Expense (New),981,,08/16/2025,"Jasfer Industry Co., Limited",137,24JSF02004,"Jasfer Industry Co., Limited - Aug  material cost transferred from sps",9,,
AUGCOGS-24JSF02004,1334.5,,966,A20001 - Accounts Payable Suppliers & Vendors (New),08/16/2025,"Jasfer Industry Co., Limited",137,24JSF02004,"Jasfer Industry Co., Limited - Aug  material cost transferred from sps",,9,
AUGCOGS-24BL102511,1335,A51001 - Freight - Out - Expense (New),981,,08/16/2025,"Jasfer Industry Co., Limited",137,24BL102511,"Jasfer Industry Co., Limited - Aug  material cost transferred from sps",10,,
AUGCOGS-24BL102511,1335.5,,966,A20001 - Accounts Payable Suppliers & Vendors (New),08/16/2025,"Jasfer Industry Co., Limited",137,24BL102511,"Jasfer Industry Co., Limited - Aug  material cost transferred from sps",,10,
AUGCOGS-24JSF10069,1336,A51001 - Freight - Out - Expense (New),981,,08/16/2025,"Jasfer Industry Co., Limited",137,24JSF10069,"Jasfer Industry Co., Limited - Aug  material cost transferred from sps",10,,
AUGCOGS-24JSF10069,1336.5,,966,A20001 - Accounts Payable Suppliers & Vendors (New),08/16/2025,"Jasfer Industry Co., Limited",137,24JSF10069,"Jasfer Industry Co., Limited - Aug  material cost transferred from sps",,10,
AUGCOGS-24BL103006,1337,A51001 - Freight - Out - Expense (New),981,,08/16/2025,"Jasfer Industry Co., Limited",137,24BL103006,"Jasfer Industry Co., Limited - Aug  material cost transferred from sps",9,,
AUGCOGS-24BL103006,1337.5,,966,A20001 - Accounts Payable Suppliers & Vendors (New),08/16/2025,"Jasfer Industry Co., Limited",137,24BL103006,"Jasfer Industry Co., Limited - Aug  material cost transferred from sps",,9,
AUGCOGS-GV2024078,1338,A51001 - Freight - Out - Expense (New),981,,08/16/2025,"Cambodian Zulite Stone Co., Ltd.",1237,GV2024078,"Cambodian Zulite Stone Co., Ltd. - Aug  material cost transferred from sps",433,,
AUGCOGS-GV2024078,1338.5,,966,A20001 - Accounts Payable Suppliers & Vendors (New),08/16/2025,"Cambodian Zulite Stone Co., Ltd.",1237,GV2024078,"Cambodian Zulite Stone Co., Ltd. - Aug  material cost transferred from sps",,433,
AUGCOGS-4BL111402,1339,A51001 - Freight - Out - Expense (New),981,,08/16/2025,"Jasfer Industry Co., Limited",137,4BL111402,"Jasfer Industry Co., Limited - Aug  material cost transferred from sps",47,,
AUGCOGS-4BL111402,1339.5,,966,A20001 - Accounts Payable Suppliers & Vendors (New),08/16/2025,"Jasfer Industry Co., Limited",137,4BL111402,"Jasfer Industry Co., Limited - Aug  material cost transferred from sps",,47,
AUGCOGS-24JSF10017,1340,A51001 - Freight - Out - Expense (New),981,,08/16/2025,"Jasfer Industry Co., Limited",137,24JSF10017,"Jasfer Industry Co., Limited - Aug  material cost transferred from sps",9.42,,
AUGCOGS-24JSF10017,1340.5,,966,A20001 - Accounts Payable Suppliers & Vendors (New),08/16/2025,"Jasfer Industry Co., Limited",137,24JSF10017,"Jasfer Industry Co., Limited - Aug  material cost transferred from sps",,9.42,
AUGCOGS-24RT111904,1341,A51001 - Freight - Out - Expense (New),981,,08/16/2025,"Jasfer Industry Co., Limited",137,24RT111904,"Jasfer Industry Co., Limited - Aug  material cost transferred from sps",10,,
AUGCOGS-24RT111904,1341.5,,966,A20001 - Accounts Payable Suppliers & Vendors (New),08/16/2025,"Jasfer Industry Co., Limited",137,24RT111904,"Jasfer Industry Co., Limited - Aug  material cost transferred from sps",,10,
AUGCOGS-24JSF10020,1342,A51001 - Freight - Out - Expense (New),981,,08/16/2025,"Jasfer Industry Co., Limited",137,24JSF10020,"Jasfer Industry Co., Limited - Aug  material cost transferred from sps",118,,
AUGCOGS-24JSF10020,1342.5,,966,A20001 - Accounts Payable Suppliers & Vendors (New),08/16/2025,"Jasfer Industry Co., Limited",137,24JSF10020,"Jasfer Industry Co., Limited - Aug  material cost transferred from sps",,118,
AUGCOGS-24JSF11021,1343,A51001 - Freight - Out - Expense (New),981,,08/16/2025,"Jasfer Industry Co., Limited",137,24JSF11021,"Jasfer Industry Co., Limited - Aug  material cost transferred from sps",48,,
AUGCOGS-24JSF11021,1343.5,,966,A20001 - Accounts Payable Suppliers & Vendors (New),08/16/2025,"Jasfer Industry Co., Limited",137,24JSF11021,"Jasfer Industry Co., Limited - Aug  material cost transferred from sps",,48,
AUGCOGS-GV2024100,1344,A51001 - Freight - Out - Expense (New),981,,08/16/2025,"Cambodian Zulite Stone Co., Ltd.",1237,GV2024100,"Cambodian Zulite Stone Co., Ltd. - Aug  material cost transferred from sps",542,,
AUGCOGS-GV2024100,1344.5,,966,A20001 - Accounts Payable Suppliers & Vendors (New),08/16/2025,"Cambodian Zulite Stone Co., Ltd.",1237,GV2024100,"Cambodian Zulite Stone Co., Ltd. - Aug  material cost transferred from sps",,542,
AUGCOGS-24JSF11049,1345,A51001 - Freight - Out - Expense (New),981,,08/16/2025,"Jasfer Industry Co., Limited",137,24JSF11049,"Jasfer Industry Co., Limited - Aug  material cost transferred from sps",48,,
AUGCOGS-24JSF11049,1345.5,,966,A20001 - Accounts Payable Suppliers & Vendors (New),08/16/2025,"Jasfer Industry Co., Limited",137,24JSF11049,"Jasfer Industry Co., Limited - Aug  material cost transferred from sps",,48,
AUGCOGS-24RT112703,1346,A51001 - Freight - Out - Expense (New),981,,08/16/2025,"Jasfer Industry Co., Limited",137,24RT112703,"Jasfer Industry Co., Limited - Aug  material cost transferred from sps",9,,
AUGCOGS-24RT112703,1346.5,,966,A20001 - Accounts Payable Suppliers & Vendors (New),08/16/2025,"Jasfer Industry Co., Limited",137,24RT112703,"Jasfer Industry Co., Limited - Aug  material cost transferred from sps",,9,
AUGCOGS-7130/VE,1347,A51001 - Freight - Out - Expense (New),981,,08/16/2025,MirageGranitoCeramico S.p.A,173,7130/VE,MirageGranitoCeramico S.p.A - Aug  material cost transferred from sps,990,,
AUGCOGS-7130/VE,1347.5,,966,A20001 - Accounts Payable Suppliers & Vendors (New),08/16/2025,MirageGranitoCeramico S.p.A,173,7130/VE,MirageGranitoCeramico S.p.A - Aug  material cost transferred from sps,,990,
AUGCOGS-GV2025005,1348,A51001 - Freight - Out - Expense (New),981,,08/16/2025,"Cambodian Zulite Stone Co., Ltd.",1237,GV2025005,"Cambodian Zulite Stone Co., Ltd. - Aug  material cost transferred from sps",325,,
AUGCOGS-GV2025005,1348.5,,966,A20001 - Accounts Payable Suppliers & Vendors (New),08/16/2025,"Cambodian Zulite Stone Co., Ltd.",1237,GV2025005,"Cambodian Zulite Stone Co., Ltd. - Aug  material cost transferred from sps",,325,
AUGCOGS-24JSF11035,1349,A51001 - Freight - Out - Expense (New),981,,08/18/2025,"Jasfer Industry Co., Limited",137,24JSF11035,"Jasfer Industry Co., Limited - Aug  material cost transferred from sps",121,,
AUGCOGS-24JSF11035,1349.5,,966,A20001 - Accounts Payable Suppliers & Vendors (New),08/18/2025,"Jasfer Industry Co., Limited",137,24JSF11035,"Jasfer Industry Co., Limited - Aug  material cost transferred from sps",,121,
AUGCOGS-23JSF12050,1350,A51001 - Freight - Out - Expense (New),981,,08/18/2025,"Jasfer Industry Co., Limited",137,23JSF12050,"Jasfer Industry Co., Limited - Aug  material cost transferred from sps",109,,
AUGCOGS-23JSF12050,1350.5,,966,A20001 - Accounts Payable Suppliers & Vendors (New),08/18/2025,"Jasfer Industry Co., Limited",137,23JSF12050,"Jasfer Industry Co., Limited - Aug  material cost transferred from sps",,109,
AUGCOGS-24JSF03012,1351,A51001 - Freight - Out - Expense (New),981,,08/18/2025,"Jasfer Industry Co., Limited",137,24JSF03012,"Jasfer Industry Co., Limited - Aug  material cost transferred from sps",110,,
AUGCOGS-24JSF03012,1351.5,,966,A20001 - Accounts Payable Suppliers & Vendors (New),08/18/2025,"Jasfer Industry Co., Limited",137,24JSF03012,"Jasfer Industry Co., Limited - Aug  material cost transferred from sps",,110,
AUGCOGS-24JSF08036,1352,A51001 - Freight - Out - Expense (New),981,,08/18/2025,"Jasfer Industry Co., Limited",137,24JSF08036,"Jasfer Industry Co., Limited - Aug  material cost transferred from sps",109,,
AUGCOGS-24JSF08036,1352.5,,966,A20001 - Accounts Payable Suppliers & Vendors (New),08/18/2025,"Jasfer Industry Co., Limited",137,24JSF08036,"Jasfer Industry Co., Limited - Aug  material cost transferred from sps",,109,
AUGCOGS-24JSF08044,1353,A51001 - Freight - Out - Expense (New),981,,08/18/2025,"Jasfer Industry Co., Limited",137,24JSF08044,"Jasfer Industry Co., Limited - Aug  material cost transferred from sps",109,,
AUGCOGS-24JSF08044,1353.5,,966,A20001 - Accounts Payable Suppliers & Vendors (New),08/18/2025,"Jasfer Industry Co., Limited",137,24JSF08044,"Jasfer Industry Co., Limited - Aug  material cost transferred from sps",,109,
AUGCOGS-24JSF08041,1354,A51001 - Freight - Out - Expense (New),981,,08/18/2025,"Jasfer Industry Co., Limited",137,24JSF08041,"Jasfer Industry Co., Limited - Aug  material cost transferred from sps",109,,
AUGCOGS-24JSF08041,1354.5,,966,A20001 - Accounts Payable Suppliers & Vendors (New),08/18/2025,"Jasfer Industry Co., Limited",137,24JSF08041,"Jasfer Industry Co., Limited - Aug  material cost transferred from sps",,109,
AUGCOGS-24RT101607,1355,A51001 - Freight - Out - Expense (New),981,,08/18/2025,"Jasfer Industry Co., Limited",137,24RT101607,"Jasfer Industry Co., Limited - Aug  material cost transferred from sps",110,,
AUGCOGS-24RT101607,1355.5,,966,A20001 - Accounts Payable Suppliers & Vendors (New),08/18/2025,"Jasfer Industry Co., Limited",137,24RT101607,"Jasfer Industry Co., Limited - Aug  material cost transferred from sps",,110,
AUGCOGS-24JS101205,1356,A51001 - Freight - Out - Expense (New),981,,08/18/2025,"Jasfer Industry Co., Limited",137,24JS101205,"Jasfer Industry Co., Limited - Aug  material cost transferred from sps",137.75,,
AUGCOGS-24JS101205,1356.5,,966,A20001 - Accounts Payable Suppliers & Vendors (New),08/18/2025,"Jasfer Industry Co., Limited",137,24JS101205,"Jasfer Industry Co., Limited - Aug  material cost transferred from sps",,137.75,
AUGCOGS-24JS101103,1357,A51001 - Freight - Out - Expense (New),981,,08/18/2025,"Jasfer Industry Co., Limited",137,24JS101103,"Jasfer Industry Co., Limited - Aug  material cost transferred from sps",137.75,,
AUGCOGS-24JS101103,1357.5,,966,A20001 - Accounts Payable Suppliers & Vendors (New),08/18/2025,"Jasfer Industry Co., Limited",137,24JS101103,"Jasfer Industry Co., Limited - Aug  material cost transferred from sps",,137.75,
AUGCOGS-24RT102506,1358,A51001 - Freight - Out - Expense (New),981,,08/18/2025,"Jasfer Industry Co., Limited",137,24RT102506,"Jasfer Industry Co., Limited - Aug  material cost transferred from sps",121,,
AUGCOGS-24RT102506,1358.5,,966,A20001 - Accounts Payable Suppliers & Vendors (New),08/18/2025,"Jasfer Industry Co., Limited",137,24RT102506,"Jasfer Industry Co., Limited - Aug  material cost transferred from sps",,121,
AUGCOGS-24JSF10008,1359,A51001 - Freight - Out - Expense (New),981,,08/18/2025,"Jasfer Industry Co., Limited",137,24JSF10008,"Jasfer Industry Co., Limited - Aug  material cost transferred from sps",120,,
AUGCOGS-24JSF10008,1359.5,,966,A20001 - Accounts Payable Suppliers & Vendors (New),08/18/2025,"Jasfer Industry Co., Limited",137,24JSF10008,"Jasfer Industry Co., Limited - Aug  material cost transferred from sps",,120,
AUGCOGS-24JS103001,1360,A51001 - Freight - Out - Expense (New),981,,08/18/2025,"Jasfer Industry Co., Limited",137,24JS103001,"Jasfer Industry Co., Limited - Aug  material cost transferred from sps",137.75,,
AUGCOGS-24JS103001,1360.5,,966,A20001 - Accounts Payable Suppliers & Vendors (New),08/18/2025,"Jasfer Industry Co., Limited",137,24JS103001,"Jasfer Industry Co., Limited - Aug  material cost transferred from sps",,137.75,
AUGCOGS-24JS110108,1361,A51001 - Freight - Out - Expense (New),981,,08/18/2025,"Jasfer Industry Co., Limited",137,24JS110108,"Jasfer Industry Co., Limited - Aug  material cost transferred from sps",137.75,,
AUGCOGS-24JS110108,1361.5,,966,A20001 - Accounts Payable Suppliers & Vendors (New),08/18/2025,"Jasfer Industry Co., Limited",137,24JS110108,"Jasfer Industry Co., Limited - Aug  material cost transferred from sps",,137.75,
AUGCOGS-24JSF11028,1362,A51001 - Freight - Out - Expense (New),981,,08/18/2025,"Jasfer Industry Co., Limited",137,24JSF11028,"Jasfer Industry Co., Limited - Aug  material cost transferred from sps",121,,
AUGCOGS-24JSF11028,1362.5,,966,A20001 - Accounts Payable Suppliers & Vendors (New),08/18/2025,"Jasfer Industry Co., Limited",137,24JSF11028,"Jasfer Industry Co., Limited - Aug  material cost transferred from sps",,121,
AUGCOGS-24RT103106,1363,A51001 - Freight - Out - Expense (New),981,,08/18/2025,"Jasfer Industry Co., Limited",137,24RT103106,"Jasfer Industry Co., Limited - Aug  material cost transferred from sps",1365,,
AUGCOGS-24RT103106,1363.5,,966,A20001 - Accounts Payable Suppliers & Vendors (New),08/18/2025,"Jasfer Industry Co., Limited",137,24RT103106,"Jasfer Industry Co., Limited - Aug  material cost transferred from sps",,1365,
AUGCOGS-24JS110808,1364,A51001 - Freight - Out - Expense (New),981,,08/18/2025,"Jasfer Industry Co., Limited",137,24JS110808,"Jasfer Industry Co., Limited - Aug  material cost transferred from sps",275.5,,
AUGCOGS-24JS110808,1364.5,,966,A20001 - Accounts Payable Suppliers & Vendors (New),08/18/2025,"Jasfer Industry Co., Limited",137,24JS110808,"Jasfer Industry Co., Limited - Aug  material cost transferred from sps",,275.5,
AUGCOGS-24JSF11029,1365,A51001 - Freight - Out - Expense (New),981,,08/18/2025,"Jasfer Industry Co., Limited",137,24JSF11029,"Jasfer Industry Co., Limited - Aug  material cost transferred from sps",351,,
AUGCOGS-24JSF11029,1365.5,,966,A20001 - Accounts Payable Suppliers & Vendors (New),08/18/2025,"Jasfer Industry Co., Limited",137,24JSF11029,"Jasfer Industry Co., Limited - Aug  material cost transferred from sps",,351,
AUGCOGS-24JSF11022,1366,A51001 - Freight - Out - Expense (New),981,,08/18/2025,"Jasfer Industry Co., Limited",137,24JSF11022,"Jasfer Industry Co., Limited - Aug  material cost transferred from sps",218,,
AUGCOGS-24JSF11022,1366.5,,966,A20001 - Accounts Payable Suppliers & Vendors (New),08/18/2025,"Jasfer Industry Co., Limited",137,24JSF11022,"Jasfer Industry Co., Limited - Aug  material cost transferred from sps",,218,
AUGCOGS-24JSF11033,1367,A51001 - Freight - Out - Expense (New),981,,08/18/2025,"Jasfer Industry Co., Limited",137,24JSF11033,"Jasfer Industry Co., Limited - Aug  material cost transferred from sps",121,,
AUGCOGS-24JSF11033,1367.5,,966,A20001 - Accounts Payable Suppliers & Vendors (New),08/18/2025,"Jasfer Industry Co., Limited",137,24JSF11033,"Jasfer Industry Co., Limited - Aug  material cost transferred from sps",,121,
AUGCOGS-24JS111101,1368,A51001 - Freight - Out - Expense (New),981,,08/18/2025,"Jasfer Industry Co., Limited",137,24JS111101,"Jasfer Industry Co., Limited - Aug  material cost transferred from sps",137.75,,
AUGCOGS-24JS111101,1368.5,,966,A20001 - Accounts Payable Suppliers & Vendors (New),08/18/2025,"Jasfer Industry Co., Limited",137,24JS111101,"Jasfer Industry Co., Limited - Aug  material cost transferred from sps",,137.75,
AUGCOGS-24RT112701,1369,A51001 - Freight - Out - Expense (New),981,,08/18/2025,"Jasfer Industry Co., Limited",137,24RT112701,"Jasfer Industry Co., Limited - Aug  material cost transferred from sps",120,,
AUGCOGS-24RT112701,1369.5,,966,A20001 - Accounts Payable Suppliers & Vendors (New),08/18/2025,"Jasfer Industry Co., Limited",137,24RT112701,"Jasfer Industry Co., Limited - Aug  material cost transferred from sps",,120,
AUGCOGS-24JS111304,1370,A51001 - Freight - Out - Expense (New),981,,08/18/2025,"Jasfer Industry Co., Limited",137,24JS111304,"Jasfer Industry Co., Limited - Aug  material cost transferred from sps",137.75,,
AUGCOGS-24JS111304,1370.5,,966,A20001 - Accounts Payable Suppliers & Vendors (New),08/18/2025,"Jasfer Industry Co., Limited",137,24JS111304,"Jasfer Industry Co., Limited - Aug  material cost transferred from sps",,137.75,
AUGCOGS-24JSF12012,1371,A51001 - Freight - Out - Expense (New),981,,08/18/2025,"Jasfer Industry Co., Limited",137,24JSF12012,"Jasfer Industry Co., Limited - Aug  material cost transferred from sps",109,,
AUGCOGS-24JSF12012,1371.5,,966,A20001 - Accounts Payable Suppliers & Vendors (New),08/18/2025,"Jasfer Industry Co., Limited",137,24JSF12012,"Jasfer Industry Co., Limited - Aug  material cost transferred from sps",,109,
AUGCOGS-24JSF12013,1372,A51001 - Freight - Out - Expense (New),981,,08/18/2025,"Jasfer Industry Co., Limited",137,24JSF12013,"Jasfer Industry Co., Limited - Aug  material cost transferred from sps",110,,
AUGCOGS-24JSF12013,1372.5,,966,A20001 - Accounts Payable Suppliers & Vendors (New),08/18/2025,"Jasfer Industry Co., Limited",137,24JSF12013,"Jasfer Industry Co., Limited - Aug  material cost transferred from sps",,110,
AUGCOGS-24JSF11064,1373,A51001 - Freight - Out - Expense (New),981,,08/18/2025,"Jasfer Industry Co., Limited",137,24JSF11064,"Jasfer Industry Co., Limited - Aug  material cost transferred from sps",109,,
AUGCOGS-24JSF11064,1373.5,,966,A20001 - Accounts Payable Suppliers & Vendors (New),08/18/2025,"Jasfer Industry Co., Limited",137,24JSF11064,"Jasfer Industry Co., Limited - Aug  material cost transferred from sps",,109,
AUGCOGS-24JS112005,1374,A51001 - Freight - Out - Expense (New),981,,08/18/2025,"Jasfer Industry Co., Limited",137,24JS112005,"Jasfer Industry Co., Limited - Aug  material cost transferred from sps",137.75,,
AUGCOGS-24JS112005,1374.5,,966,A20001 - Accounts Payable Suppliers & Vendors (New),08/18/2025,"Jasfer Industry Co., Limited",137,24JS112005,"Jasfer Industry Co., Limited - Aug  material cost transferred from sps",,137.75,
AUGCOGS-24RT111203,1375,A51001 - Freight - Out - Expense (New),981,,08/18/2025,"Jasfer Industry Co., Limited",137,24RT111203,"Jasfer Industry Co., Limited - Aug  material cost transferred from sps",137.75,,
AUGCOGS-24RT111203,1375.5,,966,A20001 - Accounts Payable Suppliers & Vendors (New),08/18/2025,"Jasfer Industry Co., Limited",137,24RT111203,"Jasfer Industry Co., Limited - Aug  material cost transferred from sps",,137.75,
AUGCOGS-24JSF11038,1376,A51001 - Freight - Out - Expense (New),981,,08/18/2025,"Jasfer Industry Co., Limited",137,24JSF11038,"Jasfer Industry Co., Limited - Aug  material cost transferred from sps",109,,
AUGCOGS-24JSF11038,1376.5,,966,A20001 - Accounts Payable Suppliers & Vendors (New),08/18/2025,"Jasfer Industry Co., Limited",137,24JSF11038,"Jasfer Industry Co., Limited - Aug  material cost transferred from sps",,109,
AUGCOGS-24JSF12016,1377,A51001 - Freight - Out - Expense (New),981,,08/18/2025,"Jasfer Industry Co., Limited",137,24JSF12016,"Jasfer Industry Co., Limited - Aug  material cost transferred from sps",121,,
AUGCOGS-24JSF12016,1377.5,,966,A20001 - Accounts Payable Suppliers & Vendors (New),08/18/2025,"Jasfer Industry Co., Limited",137,24JSF12016,"Jasfer Industry Co., Limited - Aug  material cost transferred from sps",,121,
AUGCOGS-24JSF11059,1378,A51001 - Freight - Out - Expense (New),981,,08/18/2025,"Jasfer Industry Co., Limited",137,24JSF11059,"Jasfer Industry Co., Limited - Aug  material cost transferred from sps",229,,
AUGCOGS-24JSF11059,1378.5,,966,A20001 - Accounts Payable Suppliers & Vendors (New),08/18/2025,"Jasfer Industry Co., Limited",137,24JSF11059,"Jasfer Industry Co., Limited - Aug  material cost transferred from sps",,229,
AUGCOGS-24JS112702,1379,A51001 - Freight - Out - Expense (New),981,,08/18/2025,"Jasfer Industry Co., Limited",137,24JS112702,"Jasfer Industry Co., Limited - Aug  material cost transferred from sps",137.75,,
AUGCOGS-24JS112702,1379.5,,966,A20001 - Accounts Payable Suppliers & Vendors (New),08/18/2025,"Jasfer Industry Co., Limited",137,24JS112702,"Jasfer Industry Co., Limited - Aug  material cost transferred from sps",,137.75,
AUGCOGS-24JS102508,1380,A51001 - Freight - Out - Expense (New),981,,08/18/2025,"Jasfer Industry Co., Limited",137,24JS102508,"Jasfer Industry Co., Limited - Aug  material cost transferred from sps",137.75,,
AUGCOGS-24JS102508,1380.5,,966,A20001 - Accounts Payable Suppliers & Vendors (New),08/18/2025,"Jasfer Industry Co., Limited",137,24JS102508,"Jasfer Industry Co., Limited - Aug  material cost transferred from sps",,137.75,
AUGCOGS-24JSF12008,1381,A51001 - Freight - Out - Expense (New),981,,08/18/2025,"Jasfer Industry Co., Limited",137,24JSF12008,"Jasfer Industry Co., Limited - Aug  material cost transferred from sps",109,,
AUGCOGS-24JSF12008,1381.5,,966,A20001 - Accounts Payable Suppliers & Vendors (New),08/18/2025,"Jasfer Industry Co., Limited",137,24JSF12008,"Jasfer Industry Co., Limited - Aug  material cost transferred from sps",,109,
AUGCOGS-24JSF11065,1382,A51001 - Freight - Out - Expense (New),981,,08/18/2025,"Jasfer Industry Co., Limited",137,24JSF11065,"Jasfer Industry Co., Limited - Aug  material cost transferred from sps",120,,
AUGCOGS-24JSF11065,1382.5,,966,A20001 - Accounts Payable Suppliers & Vendors (New),08/18/2025,"Jasfer Industry Co., Limited",137,24JSF11065,"Jasfer Industry Co., Limited - Aug  material cost transferred from sps",,120,
AUGCOGS-24JSF11053,1383,A51001 - Freight - Out - Expense (New),981,,08/18/2025,"Jasfer Industry Co., Limited",137,24JSF11053,"Jasfer Industry Co., Limited - Aug  material cost transferred from sps",120,,
AUGCOGS-24JSF11053,1383.5,,966,A20001 - Accounts Payable Suppliers & Vendors (New),08/18/2025,"Jasfer Industry Co., Limited",137,24JSF11053,"Jasfer Industry Co., Limited - Aug  material cost transferred from sps",,120,
AUGCOGS-24JS121702,1384,A51001 - Freight - Out - Expense (New),981,,08/18/2025,"Jasfer Industry Co., Limited",137,24JS121702,"Jasfer Industry Co., Limited - Aug  material cost transferred from sps",137.75,,
AUGCOGS-24JS121702,1384.5,,966,A20001 - Accounts Payable Suppliers & Vendors (New),08/18/2025,"Jasfer Industry Co., Limited",137,24JS121702,"Jasfer Industry Co., Limited - Aug  material cost transferred from sps",,137.75,
AUGCOGS-24JSF11030,1385,A51001 - Freight - Out - Expense (New),981,,08/18/2025,"Jasfer Industry Co., Limited",137,24JSF11030,"Jasfer Industry Co., Limited - Aug  material cost transferred from sps",109,,
AUGCOGS-24JSF11030,1385.5,,966,A20001 - Accounts Payable Suppliers & Vendors (New),08/18/2025,"Jasfer Industry Co., Limited",137,24JSF11030,"Jasfer Industry Co., Limited - Aug  material cost transferred from sps",,109,
AUGCOGS-24RT120905,1386,A51001 - Freight - Out - Expense (New),981,,08/18/2025,"Jasfer Industry Co., Limited",137,24RT120905,"Jasfer Industry Co., Limited - Aug  material cost transferred from sps",120,,
AUGCOGS-24RT120905,1386.5,,966,A20001 - Accounts Payable Suppliers & Vendors (New),08/18/2025,"Jasfer Industry Co., Limited",137,24RT120905,"Jasfer Industry Co., Limited - Aug  material cost transferred from sps",,120,
AUGCOGS-24JSF12009,1387,A51001 - Freight - Out - Expense (New),981,,08/18/2025,"Jasfer Industry Co., Limited",137,24JSF12009,"Jasfer Industry Co., Limited - Aug  material cost transferred from sps",120,,
AUGCOGS-24JSF12009,1387.5,,966,A20001 - Accounts Payable Suppliers & Vendors (New),08/18/2025,"Jasfer Industry Co., Limited",137,24JSF12009,"Jasfer Industry Co., Limited - Aug  material cost transferred from sps",,120,
AUGCOGS-24JSF12033,1388,A51001 - Freight - Out - Expense (New),981,,08/18/2025,"Jasfer Industry Co., Limited",137,24JSF12033,"Jasfer Industry Co., Limited - Aug  material cost transferred from sps",120,,
AUGCOGS-24JSF12033,1388.5,,966,A20001 - Accounts Payable Suppliers & Vendors (New),08/18/2025,"Jasfer Industry Co., Limited",137,24JSF12033,"Jasfer Industry Co., Limited - Aug  material cost transferred from sps",,120,
AUGCOGS-24JSF12015,1389,A51001 - Freight - Out - Expense (New),981,,08/18/2025,"Jasfer Industry Co., Limited",137,24JSF12015,"Jasfer Industry Co., Limited - Aug  material cost transferred from sps",230,,
AUGCOGS-24JSF12015,1389.5,,966,A20001 - Accounts Payable Suppliers & Vendors (New),08/18/2025,"Jasfer Industry Co., Limited",137,24JSF12015,"Jasfer Industry Co., Limited - Aug  material cost transferred from sps",,230,
AUGCOGS-24JSF12024,1390,A51001 - Freight - Out - Expense (New),981,,08/18/2025,"Jasfer Industry Co., Limited",137,24JSF12024,"Jasfer Industry Co., Limited - Aug  material cost transferred from sps",120,,
AUGCOGS-24JSF12024,1390.5,,966,A20001 - Accounts Payable Suppliers & Vendors (New),08/18/2025,"Jasfer Industry Co., Limited",137,24JSF12024,"Jasfer Industry Co., Limited - Aug  material cost transferred from sps",,120,
AUGCOGS-24JS122003,1391,A51001 - Freight - Out - Expense (New),981,,08/18/2025,"Jasfer Industry Co., Limited",137,24JS122003,"Jasfer Industry Co., Limited - Aug  material cost transferred from sps",137.75,,
AUGCOGS-24JS122003,1391.5,,966,A20001 - Accounts Payable Suppliers & Vendors (New),08/18/2025,"Jasfer Industry Co., Limited",137,24JS122003,"Jasfer Industry Co., Limited - Aug  material cost transferred from sps",,137.75,
AUGCOGS-25JSF01053,1392,A51001 - Freight - Out - Expense (New),981,,08/18/2025,"Jasfer Industry Co., Limited",137,25JSF01053,"Jasfer Industry Co., Limited - Aug  material cost transferred from sps",120,,
AUGCOGS-25JSF01053,1392.5,,966,A20001 - Accounts Payable Suppliers & Vendors (New),08/18/2025,"Jasfer Industry Co., Limited",137,25JSF01053,"Jasfer Industry Co., Limited - Aug  material cost transferred from sps",,120,
AUGCOGS-GV2025014,1393,A51001 - Freight - Out - Expense (New),981,,08/18/2025,"Cambodian Zulite Stone Co., Ltd.",1237,GV2025014,"Cambodian Zulite Stone Co., Ltd. - Aug  material cost transferred from sps",856.73,,
AUGCOGS-GV2025014,1393.5,,966,A20001 - Accounts Payable Suppliers & Vendors (New),08/18/2025,"Cambodian Zulite Stone Co., Ltd.",1237,GV2025014,"Cambodian Zulite Stone Co., Ltd. - Aug  material cost transferred from sps",,856.73,
AUGCOGS-22448000-E,1394,A51001 - Freight - Out - Expense (New),981,,08/19/2025,Fama Sofas S.L.U,1248,22448000-E,Fama Sofas S.L.U - Aug  material cost transferred from sps,110,,
AUGCOGS-22448000-E,1394.5,,966,A20001 - Accounts Payable Suppliers & Vendors (New),08/19/2025,Fama Sofas S.L.U,1248,22448000-E,Fama Sofas S.L.U - Aug  material cost transferred from sps,,110,
AUGCOGS-22530967-E,1395,A51001 - Freight - Out - Expense (New),981,,08/19/2025,Fama Sofas S.L.U,1248,22530967-E,Fama Sofas S.L.U - Aug  material cost transferred from sps,210,,
AUGCOGS-22530967-E,1395.5,,966,A20001 - Accounts Payable Suppliers & Vendors (New),08/19/2025,Fama Sofas S.L.U,1248,22530967-E,Fama Sofas S.L.U - Aug  material cost transferred from sps,,210,
AUGCOGS-41188101/1,1016,A51001 - Freight - Out - Expense (New),981,,08/01/2025,MDC Interior Solutions,1267,41188101,MDC Interior Solutions - Aug  material cost transferred from sps,217.65,,Imported external id with / because same id already present in netsuite
AUGCOGS-41188101/1,1016.5,,966,A20001 - Accounts Payable Suppliers & Vendors (New),08/01/2025,MDC Interior Solutions,1267,41188101,MDC Interior Solutions - Aug  material cost transferred from sps,,217.65,
