External ID,S.no,Debit,Account ID,Debit Internal ID,Credit,Credit Internal ID,Date,Customer,Entity ID,Invoice#,Memo,Description,Debit AMT,Credit AMT
EXTERNAL - SR350-9PA,153,A51001 - Freight - Out - Expense (New),981,981,,,7/21/2025,HARMONY HOSPITALITY CO LTD,2517,SR350-9PA,HARMONY HOSPITALITY CO LTD - Import July 25 cogs for freight from SPS to Netsuite,Import July 25 cogs for freight from SPS to Netsuite,3318.50,
EXTERNAL - SR350-9PA,153.5,,966,,A20001 - Accounts Payable Suppliers & Vendors (New),966,7/21/2025,HARMONY HOSPITALITY CO LTD,2517,SR350-9PA,HARMONY HOSPITALITY CO LTD - Import July 25 cogs for freight from SPS to Netsuite,Import July 25 cogs for freight from SPS to Netsuite,,3318.50
EXTERNAL - SR350-9S,154,A51001 - Freight - Out - Expense (New),981,981,,,7/21/2025,HARMONY HOSPITALITY CO LTD,2517,SR350-9S,HARMONY HOSPITALITY CO LTD - Import July 25 cogs for freight from SPS to Netsuite,Import July 25 cogs for freight from SPS to Netsuite,3885.00,
EXTERNAL - SR350-9S,154.5,,966,,A20001 - Accounts Payable Suppliers & Vendors (New),966,7/21/2025,HARMONY HOSPITALITY CO LTD,2517,SR350-9S,HARMONY HOSPITALITY CO LTD - Import July 25 cogs for freight from SPS to Netsuite,Import July 25 cogs for freight from SPS to Netsuite,,3885.00
EXTERNAL - 24JSF11024,155,A12001 - Inventory (New),953,953,,,7/22/2025,"Jasfer Industry Co., Limited",137,24JSF11024,"Jasfer Industry Co., Limited - Import July 25 cogs for freight from SPS to Netsuite",Import July 25 cogs for freight from SPS to Netsuite,1054.00,
EXTERNAL - 24JSF11024,155.5,,981,,A51001 - Freight - Out - Expense (New),981,7/22/2025,"Jasfer Industry Co., Limited",137,24JSF11024,"Jasfer Industry Co., Limited - Import July 25 cogs for freight from SPS to Netsuite",Import July 25 cogs for freight from SPS to Netsuite,,1054.00
EXTERNAL - 24BL123005,156,A12001 - Inventory (New),953,953,,,7/22/2025,"Jasfer Industry Co., Limited",137,24BL123005,"Jasfer Industry Co., Limited - Import July 25 cogs for freight from SPS to Netsuite",Import July 25 cogs for freight from SPS to Netsuite,87.05,
EXTERNAL - 24BL123005,156.5,,981,,A51001 - Freight - Out - Expense (New),981,7/22/2025,"Jasfer Industry Co., Limited",137,24BL123005,"Jasfer Industry Co., Limited - Import July 25 cogs for freight from SPS to Netsuite",Import July 25 cogs for freight from SPS to Netsuite,,87.05
EXTERNAL - 202505104,157,A12001 - Inventory (New),953,953,,,7/22/2025,An Cuong Wood-Working,1542,202505104,An Cuong Wood-Working - Import July 25 cogs for freight from SPS to Netsuite,Import July 25 cogs for freight from SPS to Netsuite,150.00,
EXTERNAL - 202505104,157.5,,981,,A51001 - Freight - Out - Expense (New),981,7/22/2025,An Cuong Wood-Working,1542,202505104,An Cuong Wood-Working - Import July 25 cogs for freight from SPS to Netsuite,Import July 25 cogs for freight from SPS to Netsuite,,150.00
EXTERNAL - 24JSF11060,158,A12001 - Inventory (New),953,953,,,7/22/2025,"Jasfer Industry Co., Limited",137,24JSF11060,"Jasfer Industry Co., Limited - Import July 25 cogs for freight from SPS to Netsuite",Import July 25 cogs for freight from SPS to Netsuite,916.44,
EXTERNAL - 24JSF11060,158.5,,981,,A51001 - Freight - Out - Expense (New),981,7/22/2025,"Jasfer Industry Co., Limited",137,24JSF11060,"Jasfer Industry Co., Limited - Import July 25 cogs for freight from SPS to Netsuite",Import July 25 cogs for freight from SPS to Netsuite,,916.44
EXTERNAL - 25BL011605,159,A12001 - Inventory (New),953,953,,,7/22/2025,"Jasfer Industry Co., Limited",137,25BL011605,"Jasfer Industry Co., Limited - Import July 25 cogs for freight from SPS to Netsuite",Import July 25 cogs for freight from SPS to Netsuite,56.86,
EXTERNAL - 25BL011605,159.5,,981,,A51001 - Freight - Out - Expense (New),981,7/22/2025,"Jasfer Industry Co., Limited",137,25BL011605,"Jasfer Industry Co., Limited - Import July 25 cogs for freight from SPS to Netsuite",Import July 25 cogs for freight from SPS to Netsuite,,56.86
EXTERNAL - 25BL020701,160,A12001 - Inventory (New),953,953,,,7/22/2025,"Jasfer Industry Co., Limited",137,25BL020701,"Jasfer Industry Co., Limited - Import July 25 cogs for freight from SPS to Netsuite",Import July 25 cogs for freight from SPS to Netsuite,642.19,
EXTERNAL - 25BL020701,160.5,,981,,A51001 - Freight - Out - Expense (New),981,7/22/2025,"Jasfer Industry Co., Limited",137,25BL020701,"Jasfer Industry Co., Limited - Import July 25 cogs for freight from SPS to Netsuite",Import July 25 cogs for freight from SPS to Netsuite,,642.19
EXTERNAL - 25JSF01022,161,A12001 - Inventory (New),953,953,,,7/22/2025,"Jasfer Industry Co., Limited",137,25JSF01022,"Jasfer Industry Co., Limited - Import July 25 cogs for freight from SPS to Netsuite",Import July 25 cogs for freight from SPS to Netsuite,1306.30,
EXTERNAL - 25JSF01022,161.5,,981,,A51001 - Freight - Out - Expense (New),981,7/22/2025,"Jasfer Industry Co., Limited",137,25JSF01022,"Jasfer Industry Co., Limited - Import July 25 cogs for freight from SPS to Netsuite",Import July 25 cogs for freight from SPS to Netsuite,,1306.30
EXTERNAL - 23BL121201,162,A12001 - Inventory (New),953,953,,,7/22/2025,"Jasfer Industry Co., Limited",137,23BL121201,"Jasfer Industry Co., Limited - Import July 25 cogs for freight from SPS to Netsuite",Import July 25 cogs for freight from SPS to Netsuite,131.33,
EXTERNAL - 23BL121201,162.5,,981,,A51001 - Freight - Out - Expense (New),981,7/22/2025,"Jasfer Industry Co., Limited",137,23BL121201,"Jasfer Industry Co., Limited - Import July 25 cogs for freight from SPS to Netsuite",Import July 25 cogs for freight from SPS to Netsuite,,131.33
EXTERNAL - 25JS011601,163,A12001 - Inventory (New),953,953,,,7/22/2025,"Jasfer Industry Co., Limited",137,25JS011601,"Jasfer Industry Co., Limited - Import July 25 cogs for freight from SPS to Netsuite",Import July 25 cogs for freight from SPS to Netsuite,59.90,
EXTERNAL - 25JS011601,163.5,,981,,A51001 - Freight - Out - Expense (New),981,7/22/2025,"Jasfer Industry Co., Limited",137,25JS011601,"Jasfer Industry Co., Limited - Import July 25 cogs for freight from SPS to Netsuite",Import July 25 cogs for freight from SPS to Netsuite,,59.90
EXTERNAL - 25JS02135,164,A12001 - Inventory (New),953,953,,,7/22/2025,"Jasfer Industry Co., Limited",137,25JS02135,"Jasfer Industry Co., Limited - Import July 25 cogs for freight from SPS to Netsuite",Import July 25 cogs for freight from SPS to Netsuite,248.72,
EXTERNAL - 25JS02135,164.5,,981,,A51001 - Freight - Out - Expense (New),981,7/22/2025,"Jasfer Industry Co., Limited",137,25JS02135,"Jasfer Industry Co., Limited - Import July 25 cogs for freight from SPS to Netsuite",Import July 25 cogs for freight from SPS to Netsuite,,248.72
EXTERNAL - GV2025013,165,A12001 - Inventory (New),953,953,,,7/22/2025,"Cambodian Zulite Stone Co., Ltd.",1237,GV2025013,"Cambodian Zulite Stone Co., Ltd. - Import July 25 cogs for freight from SPS to Netsuite",Import July 25 cogs for freight from SPS to Netsuite,1936.50,
EXTERNAL - GV2025013,165.5,,981,,A51001 - Freight - Out - Expense (New),981,7/22/2025,"Cambodian Zulite Stone Co., Ltd.",1237,GV2025013,"Cambodian Zulite Stone Co., Ltd. - Import July 25 cogs for freight from SPS to Netsuite",Import July 25 cogs for freight from SPS to Netsuite,,1936.50
EXTERNAL - 25RT022002,166,A12001 - Inventory (New),953,953,,,7/22/2025,"Jasfer Industry Co., Limited",137,25RT022002,"Jasfer Industry Co., Limited - Import July 25 cogs for freight from SPS to Netsuite",Import July 25 cogs for freight from SPS to Netsuite,267.00,
EXTERNAL - 25RT022002,166.5,,981,,A51001 - Freight - Out - Expense (New),981,7/22/2025,"Jasfer Industry Co., Limited",137,25RT022002,"Jasfer Industry Co., Limited - Import July 25 cogs for freight from SPS to Netsuite",Import July 25 cogs for freight from SPS to Netsuite,,267.00
EXTERNAL - 24JSF11028 - AP,167,A51001 - Freight - Out - Expense (New),981,981,,,7/22/2025,"Jasfer Industry Co., Limited",137,24JSF11028 - AP,"Jasfer Industry Co., Limited - Import July 25 cogs for freight from SPS to Netsuite",Import July 25 cogs for freight from SPS to Netsuite,35.00,
EXTERNAL - 24JSF11028 - AP,167.5,,966,,A20001 - Accounts Payable Suppliers & Vendors (New),966,7/22/2025,"Jasfer Industry Co., Limited",137,24JSF11028 - AP,"Jasfer Industry Co., Limited - Import July 25 cogs for freight from SPS to Netsuite",Import July 25 cogs for freight from SPS to Netsuite,,35.00
EXTERNAL - 24JSF11028 - Inventorty,168,A12001 - Inventory (New),953,953,,,7/22/2025,"Jasfer Industry Co., Limited",137,24JSF11028 - Inventorty,"Jasfer Industry Co., Limited - Import July 25 cogs for freight from SPS to Netsuite",Import July 25 cogs for freight from SPS to Netsuite,576.91,
EXTERNAL - 24JSF11028 - Inventorty,168.5,,981,,A51001 - Freight - Out - Expense (New),981,7/22/2025,"Jasfer Industry Co., Limited",137,24JSF11028 - Inventorty,"Jasfer Industry Co., Limited - Import July 25 cogs for freight from SPS to Netsuite",Import July 25 cogs for freight from SPS to Netsuite,,576.91
EXTERNAL - 25BL030705,169,A12001 - Inventory (New),953,953,,,7/22/2025,"Jasfer Industry Co., Limited",137,25BL030705,"Jasfer Industry Co., Limited - Import July 25 cogs for freight from SPS to Netsuite",Import July 25 cogs for freight from SPS to Netsuite,739.04,
EXTERNAL - 25BL030705,169.5,,981,,A51001 - Freight - Out - Expense (New),981,7/22/2025,"Jasfer Industry Co., Limited",137,25BL030705,"Jasfer Industry Co., Limited - Import July 25 cogs for freight from SPS to Netsuite",Import July 25 cogs for freight from SPS to Netsuite,,739.04
EXTERNAL - 25BL021302,170,A12001 - Inventory (New),953,953,,,7/22/2025,"Jasfer Industry Co., Limited",137,25BL021302,"Jasfer Industry Co., Limited - Import July 25 cogs for freight from SPS to Netsuite",Import July 25 cogs for freight from SPS to Netsuite,1126.00,
EXTERNAL - 25BL021302,170.5,,981,,A51001 - Freight - Out - Expense (New),981,7/22/2025,"Jasfer Industry Co., Limited",137,25BL021302,"Jasfer Industry Co., Limited - Import July 25 cogs for freight from SPS to Netsuite",Import July 25 cogs for freight from SPS to Netsuite,,1126.00
EXTERNAL - 25JSF03038,171,A12001 - Inventory (New),953,953,,,7/22/2025,"Jasfer Industry Co., Limited",137,25JSF03038,"Jasfer Industry Co., Limited - Import July 25 cogs for freight from SPS to Netsuite",Import July 25 cogs for freight from SPS to Netsuite,1795.28,
EXTERNAL - 25JSF03038,171.5,,981,,A51001 - Freight - Out - Expense (New),981,7/22/2025,"Jasfer Industry Co., Limited",137,25JSF03038,"Jasfer Industry Co., Limited - Import July 25 cogs for freight from SPS to Netsuite",Import July 25 cogs for freight from SPS to Netsuite,,1795.28
EXTERNAL - 25BL031204,172,A12001 - Inventory (New),953,953,,,7/22/2025,"Jasfer Industry Co., Limited",137,25BL031204,"Jasfer Industry Co., Limited - Import July 25 cogs for freight from SPS to Netsuite",Import July 25 cogs for freight from SPS to Netsuite,26.52,
EXTERNAL - 25BL031204,172.5,,981,,A51001 - Freight - Out - Expense (New),981,7/22/2025,"Jasfer Industry Co., Limited",137,25BL031204,"Jasfer Industry Co., Limited - Import July 25 cogs for freight from SPS to Netsuite",Import July 25 cogs for freight from SPS to Netsuite,,26.52
EXTERNAL - 25JSF03067,173,A12001 - Inventory (New),953,953,,,7/22/2025,"Jasfer Industry Co., Limited",137,25JSF03067,"Jasfer Industry Co., Limited - Import July 25 cogs for freight from SPS to Netsuite",Import July 25 cogs for freight from SPS to Netsuite,308.64,
EXTERNAL - 25JSF03067,173.5,,981,,A51001 - Freight - Out - Expense (New),981,7/22/2025,"Jasfer Industry Co., Limited",137,25JSF03067,"Jasfer Industry Co., Limited - Import July 25 cogs for freight from SPS to Netsuite",Import July 25 cogs for freight from SPS to Netsuite,,308.64
EXTERNAL - 25JSF03064,174,A12001 - Inventory (New),953,953,,,7/22/2025,"Jasfer Industry Co., Limited",137,25JSF03064,"Jasfer Industry Co., Limited - Import July 25 cogs for freight from SPS to Netsuite",Import July 25 cogs for freight from SPS to Netsuite,476.13,
EXTERNAL - 25JSF03064,174.5,,981,,A51001 - Freight - Out - Expense (New),981,7/22/2025,"Jasfer Industry Co., Limited",137,25JSF03064,"Jasfer Industry Co., Limited - Import July 25 cogs for freight from SPS to Netsuite",Import July 25 cogs for freight from SPS to Netsuite,,476.13
EXTERNAL - 25BL030704,175,A12001 - Inventory (New),953,953,,,7/22/2025,"Jasfer Industry Co., Limited",137,25BL030704,"Jasfer Industry Co., Limited - Import July 25 cogs for freight from SPS to Netsuite",Import July 25 cogs for freight from SPS to Netsuite,73.09,
EXTERNAL - 25BL030704,175.5,,981,,A51001 - Freight - Out - Expense (New),981,7/22/2025,"Jasfer Industry Co., Limited",137,25BL030704,"Jasfer Industry Co., Limited - Import July 25 cogs for freight from SPS to Netsuite",Import July 25 cogs for freight from SPS to Netsuite,,73.09
EXTERNAL - 25RT040202,176,A12001 - Inventory (New),953,953,,,7/22/2025,"Jasfer Industry Co., Limited",137,25RT040202,"Jasfer Industry Co., Limited - Import July 25 cogs for freight from SPS to Netsuite",Import July 25 cogs for freight from SPS to Netsuite,425.55,
EXTERNAL - 25RT040202,176.5,,981,,A51001 - Freight - Out - Expense (New),981,7/22/2025,"Jasfer Industry Co., Limited",137,25RT040202,"Jasfer Industry Co., Limited - Import July 25 cogs for freight from SPS to Netsuite",Import July 25 cogs for freight from SPS to Netsuite,,425.55
EXTERNAL - 25BL032501,177,A12001 - Inventory (New),953,953,,,7/22/2025,"Jasfer Industry Co., Limited",137,25BL032501,"Jasfer Industry Co., Limited - Import July 25 cogs for freight from SPS to Netsuite",Import July 25 cogs for freight from SPS to Netsuite,220.75,
EXTERNAL - 25BL032501,177.5,,981,,A51001 - Freight - Out - Expense (New),981,7/22/2025,"Jasfer Industry Co., Limited",137,25BL032501,"Jasfer Industry Co., Limited - Import July 25 cogs for freight from SPS to Netsuite",Import July 25 cogs for freight from SPS to Netsuite,,220.75
EXTERNAL - 25JSF03200,178,A12001 - Inventory (New),953,953,,,7/22/2025,"Jasfer Industry Co., Limited",137,25JSF03200,"Jasfer Industry Co., Limited - Import July 25 cogs for freight from SPS to Netsuite",Import July 25 cogs for freight from SPS to Netsuite,168.62,
EXTERNAL - 25JSF03200,178.5,,981,,A51001 - Freight - Out - Expense (New),981,7/22/2025,"Jasfer Industry Co., Limited",137,25JSF03200,"Jasfer Industry Co., Limited - Import July 25 cogs for freight from SPS to Netsuite",Import July 25 cogs for freight from SPS to Netsuite,,168.62
EXTERNAL - 25BL040401,179,A12001 - Inventory (New),953,953,,,7/22/2025,"Jasfer Industry Co., Limited",137,25BL040401,"Jasfer Industry Co., Limited - Import July 25 cogs for freight from SPS to Netsuite",Import July 25 cogs for freight from SPS to Netsuite,365.99,
EXTERNAL - 25BL040401,179.5,,981,,A51001 - Freight - Out - Expense (New),981,7/22/2025,"Jasfer Industry Co., Limited",137,25BL040401,"Jasfer Industry Co., Limited - Import July 25 cogs for freight from SPS to Netsuite",Import July 25 cogs for freight from SPS to Netsuite,,365.99
EXTERNAL - 25JS040601,180,A12001 - Inventory (New),953,953,,,7/22/2025,"Jasfer Industry Co., Limited",137,25JS040601,"Jasfer Industry Co., Limited - Import July 25 cogs for freight from SPS to Netsuite",Import July 25 cogs for freight from SPS to Netsuite,467.27,
EXTERNAL - 25JS040601,180.5,,981,,A51001 - Freight - Out - Expense (New),981,7/22/2025,"Jasfer Industry Co., Limited",137,25JS040601,"Jasfer Industry Co., Limited - Import July 25 cogs for freight from SPS to Netsuite",Import July 25 cogs for freight from SPS to Netsuite,,467.27
EXTERNAL - 25BL041601,181,A12001 - Inventory (New),953,953,,,7/22/2025,"Jasfer Industry Co., Limited",137,25BL041601,"Jasfer Industry Co., Limited - Import July 25 cogs for freight from SPS to Netsuite",Import July 25 cogs for freight from SPS to Netsuite,387.25,
EXTERNAL - 25BL041601,181.5,,981,,A51001 - Freight - Out - Expense (New),981,7/22/2025,"Jasfer Industry Co., Limited",137,25BL041601,"Jasfer Industry Co., Limited - Import July 25 cogs for freight from SPS to Netsuite",Import July 25 cogs for freight from SPS to Netsuite,,387.25
EXTERNAL - 25BL040802,182,A12001 - Inventory (New),953,953,,,7/22/2025,"Jasfer Industry Co., Limited",137,25BL040802,"Jasfer Industry Co., Limited - Import July 25 cogs for freight from SPS to Netsuite",Import July 25 cogs for freight from SPS to Netsuite,430.15,
EXTERNAL - 25BL040802,182.5,,981,,A51001 - Freight - Out - Expense (New),981,7/22/2025,"Jasfer Industry Co., Limited",137,25BL040802,"Jasfer Industry Co., Limited - Import July 25 cogs for freight from SPS to Netsuite",Import July 25 cogs for freight from SPS to Netsuite,,430.15
EXTERNAL - ZB202410026USA - AP,183,A51001 - Freight - Out - Expense (New),981,981,,,7/22/2025,ZBOM Cabinets Corp.,1297,ZB202410026USA - AP,ZBOM Cabinets Corp. - Import July 25 cogs for freight from SPS to Netsuite,Import July 25 cogs for freight from SPS to Netsuite,7849.50,
EXTERNAL - ZB202410026USA - AP,183.5,,966,,A20001 - Accounts Payable Suppliers & Vendors (New),966,7/22/2025,ZBOM Cabinets Corp.,1297,ZB202410026USA - AP,ZBOM Cabinets Corp. - Import July 25 cogs for freight from SPS to Netsuite,Import July 25 cogs for freight from SPS to Netsuite,,7849.50
EXTERNAL - ZB202410026USA - Inventory,184,A12001 - Inventory (New),953,953,,,7/22/2025,ZBOM Cabinets Corp.,1297,ZB202410026USA - Inventory,ZBOM Cabinets Corp. - Import July 25 cogs for freight from SPS to Netsuite,Import July 25 cogs for freight from SPS to Netsuite,487.50,
EXTERNAL - ZB202410026USA - Inventory,184.5,,981,,A51001 - Freight - Out - Expense (New),981,7/22/2025,ZBOM Cabinets Corp.,1297,ZB202410026USA - Inventory,ZBOM Cabinets Corp. - Import July 25 cogs for freight from SPS to Netsuite,Import July 25 cogs for freight from SPS to Netsuite,,487.50
EXTERNAL - 45839- AP,185,A51001 - Freight - Out - Expense (New),981,981,,,7/23/2025,"Jasfer Industry Co., Limited",137,45839- AP,"Jasfer Industry Co., Limited - Import July 25 cogs for freight from SPS to Netsuite",Import July 25 cogs for freight from SPS to Netsuite,287692.10,
EXTERNAL - 45839- AP,185.5,,966,,A20001 - Accounts Payable Suppliers & Vendors (New),966,7/23/2025,"Jasfer Industry Co., Limited",137,45839- AP,"Jasfer Industry Co., Limited - Import July 25 cogs for freight from SPS to Netsuite",Import July 25 cogs for freight from SPS to Netsuite,,287692.10
EXTERNAL - 45839 - Inventory,186,A12001 - Inventory (New),953,953,,,7/23/2025,"Jasfer Industry Co., Limited",137,45839 - Inventory,"Jasfer Industry Co., Limited - Import July 25 cogs for freight from SPS to Netsuite",Import July 25 cogs for freight from SPS to Netsuite,287692.10,
EXTERNAL - 45839 - Inventory,186.5,,981,,A51001 - Freight - Out - Expense (New),981,7/23/2025,"Jasfer Industry Co., Limited",137,45839 - Inventory,"Jasfer Industry Co., Limited - Import July 25 cogs for freight from SPS to Netsuite",Import July 25 cogs for freight from SPS to Netsuite,,287692.10
EXTERNAL - 5,187,A51001 - Freight - Out - Expense (New),981,981,,,7/24/2025,Pantarei S.R.L,1280,5,Pantarei S.R.L - Import July 25 cogs for freight from SPS to Netsuite,Import July 25 cogs for freight from SPS to Netsuite,121.92,
EXTERNAL - 5,187.5,,966,,A20001 - Accounts Payable Suppliers & Vendors (New),966,7/24/2025,Pantarei S.R.L,1280,5,Pantarei S.R.L - Import July 25 cogs for freight from SPS to Netsuite,Import July 25 cogs for freight from SPS to Netsuite,,121.92
"EXTERNAL - 2024-FE-0000421, 12 - AP",188,A51001 - Freight - Out - Expense (New),981,981,,,7/24/2025,GIBAM SHOPS SPA,1253,"2024-FE-0000421, 12 - AP",GIBAM SHOPS SPA - Import July 25 cogs for freight from SPS to Netsuite,Import July 25 cogs for freight from SPS to Netsuite,62.00,
"EXTERNAL - 2024-FE-0000421, 12 - AP",188.5,,966,,A20001 - Accounts Payable Suppliers & Vendors (New),966,7/24/2025,GIBAM SHOPS SPA,1253,"2024-FE-0000421, 12 - AP",GIBAM SHOPS SPA - Import July 25 cogs for freight from SPS to Netsuite,Import July 25 cogs for freight from SPS to Netsuite,,62.00
"EXTERNAL - 2024-FE-0000421, 12 - Inv",189,A12001 - Inventory (New),953,953,,,7/24/2025,GIBAM SHOPS SPA,1253,"2024-FE-0000421, 12 - Inv",GIBAM SHOPS SPA - Import July 25 cogs for freight from SPS to Netsuite,Import July 25 cogs for freight from SPS to Netsuite,50.00,
"EXTERNAL - 2024-FE-0000421, 12 - Inv",189.5,,981,,A51001 - Freight - Out - Expense (New),981,7/24/2025,GIBAM SHOPS SPA,1253,"2024-FE-0000421, 12 - Inv",GIBAM SHOPS SPA - Import July 25 cogs for freight from SPS to Netsuite,Import July 25 cogs for freight from SPS to Netsuite,,50.00
EXTERNAL - 2025-FE-0000016 - AP,190,A51001 - Freight - Out - Expense (New),981,981,,,7/24/2025,GIBAM SHOPS SPA,1253,2025-FE-0000016 - AP,GIBAM SHOPS SPA - Import July 25 cogs for freight from SPS to Netsuite,Import July 25 cogs for freight from SPS to Netsuite,67.00,
EXTERNAL - 2025-FE-0000016 - AP,190.5,,981,,A51001 - Freight - Out - Expense (New),981,7/24/2025,GIBAM SHOPS SPA,1253,2025-FE-0000016 - AP,GIBAM SHOPS SPA - Import July 25 cogs for freight from SPS to Netsuite,Import July 25 cogs for freight from SPS to Netsuite,,67.00
EXTERNAL - 2025-FE-0000016 - Inv,191,A12001 - Inventory (New),953,953,,,7/24/2025,GIBAM SHOPS SPA,1253,2025-FE-0000016 - Inv,GIBAM SHOPS SPA - Import July 25 cogs for freight from SPS to Netsuite,Import July 25 cogs for freight from SPS to Netsuite,55.00,
EXTERNAL - 2025-FE-0000016 - Inv,191.5,,981,,A51001 - Freight - Out - Expense (New),981,7/24/2025,GIBAM SHOPS SPA,1253,2025-FE-0000016 - Inv,GIBAM SHOPS SPA - Import July 25 cogs for freight from SPS to Netsuite,Import July 25 cogs for freight from SPS to Netsuite,,55.00
EXTERNAL - 22533845-E,192,A51001 - Freight - Out - Expense (New),981,981,,,7/24/2025,Fama Sofas S.L.U,1248,22533845-E,Fama Sofas S.L.U - Import July 25 cogs for freight from SPS to Netsuite,Import July 25 cogs for freight from SPS to Netsuite,0.42,
EXTERNAL - 22533845-E,192.5,,966,,A20001 - Accounts Payable Suppliers & Vendors (New),966,7/24/2025,Fama Sofas S.L.U,1248,22533845-E,Fama Sofas S.L.U - Import July 25 cogs for freight from SPS to Netsuite,Import July 25 cogs for freight from SPS to Netsuite,,0.42
EXTERNAL - 2025-FE-0000020 - AP,193,A51001 - Freight - Out - Expense (New),981,981,,,7/24/2025,GIBAM SHOPS SPA,1253,2025-FE-0000020 - AP,GIBAM SHOPS SPA - Import July 25 cogs for freight from SPS to Netsuite,Import July 25 cogs for freight from SPS to Netsuite,67.00,
EXTERNAL - 2025-FE-0000020 - AP,193.5,,966,,A20001 - Accounts Payable Suppliers & Vendors (New),966,7/24/2025,GIBAM SHOPS SPA,1253,2025-FE-0000020 - AP,GIBAM SHOPS SPA - Import July 25 cogs for freight from SPS to Netsuite,Import July 25 cogs for freight from SPS to Netsuite,,67.00
EXTERNAL - 22530781-E - AP,194,A51001 - Freight - Out - Expense (New),981,981,,,7/24/2025,Fama Sofas S.L.U,1248,22530781-E - AP,Fama Sofas S.L.U - Import July 25 cogs for freight from SPS to Netsuite,Import July 25 cogs for freight from SPS to Netsuite,1056.45,
EXTERNAL - 22530781-E - AP,194.5,,966,,A20001 - Accounts Payable Suppliers & Vendors (New),966,7/24/2025,Fama Sofas S.L.U,1248,22530781-E - AP,Fama Sofas S.L.U - Import July 25 cogs for freight from SPS to Netsuite,Import July 25 cogs for freight from SPS to Netsuite,,1056.45
EXTERNAL - 2025-FE-0000019 - AP,195,A51001 - Freight - Out - Expense (New),981,981,,,7/24/2025,GIBAM SHOPS SPA,1253,2025-FE-0000019 - AP,GIBAM SHOPS SPA - Import July 25 cogs for freight from SPS to Netsuite,Import July 25 cogs for freight from SPS to Netsuite,67.00,
EXTERNAL - 2025-FE-0000019 - AP,195.5,,966,,A20001 - Accounts Payable Suppliers & Vendors (New),966,7/24/2025,GIBAM SHOPS SPA,1253,2025-FE-0000019 - AP,GIBAM SHOPS SPA - Import July 25 cogs for freight from SPS to Netsuite,Import July 25 cogs for freight from SPS to Netsuite,,67.00
EXTERNAL - 2025-FE-0000021- AP,196,A51001 - Freight - Out - Expense (New),981,981,,,7/24/2025,GIBAM SHOPS SPA,1253,2025-FE-0000021- AP,GIBAM SHOPS SPA - Import July 25 cogs for freight from SPS to Netsuite,Import July 25 cogs for freight from SPS to Netsuite,68.00,
EXTERNAL - 2025-FE-0000021- AP,196.5,,966,,A20001 - Accounts Payable Suppliers & Vendors (New),966,7/24/2025,GIBAM SHOPS SPA,1253,2025-FE-0000021- AP,GIBAM SHOPS SPA - Import July 25 cogs for freight from SPS to Netsuite,Import July 25 cogs for freight from SPS to Netsuite,,68.00
EXTERNAL - 2025-FE-0000013 - AP,197,A51001 - Freight - Out - Expense (New),981,981,,,7/24/2025,GIBAM SHOPS SPA,1253,2025-FE-0000013 - AP,GIBAM SHOPS SPA - Import July 25 cogs for freight from SPS to Netsuite,Import July 25 cogs for freight from SPS to Netsuite,67.00,
EXTERNAL - 2025-FE-0000013 - AP,197.5,,966,,A20001 - Accounts Payable Suppliers & Vendors (New),966,7/24/2025,GIBAM SHOPS SPA,1253,2025-FE-0000013 - AP,GIBAM SHOPS SPA - Import July 25 cogs for freight from SPS to Netsuite,Import July 25 cogs for freight from SPS to Netsuite,,67.00
EXTERNAL - 2025-FE-0000014- AP,198,A51001 - Freight - Out - Expense (New),981,981,,,7/24/2025,GIBAM SHOPS SPA,1253,2025-FE-0000014- AP,GIBAM SHOPS SPA - Import July 25 cogs for freight from SPS to Netsuite,Import July 25 cogs for freight from SPS to Netsuite,67.00,
EXTERNAL - 2025-FE-0000014- AP,198.5,,966,,A20001 - Accounts Payable Suppliers & Vendors (New),966,7/24/2025,GIBAM SHOPS SPA,1253,2025-FE-0000014- AP,GIBAM SHOPS SPA - Import July 25 cogs for freight from SPS to Netsuite,Import July 25 cogs for freight from SPS to Netsuite,,67.00
EXTERNAL - 2025-FE-0000015 - AP,199,A51001 - Freight - Out - Expense (New),981,981,,,7/24/2025,GIBAM SHOPS SPA,1253,2025-FE-0000015 - AP,GIBAM SHOPS SPA - Import July 25 cogs for freight from SPS to Netsuite,Import July 25 cogs for freight from SPS to Netsuite,67.00,
EXTERNAL - 2025-FE-0000015 - AP,199.5,,966,,A20001 - Accounts Payable Suppliers & Vendors (New),966,7/24/2025,GIBAM SHOPS SPA,1253,2025-FE-0000015 - AP,GIBAM SHOPS SPA - Import July 25 cogs for freight from SPS to Netsuite,Import July 25 cogs for freight from SPS to Netsuite,,67.00
EXTERNAL - 20250209 - AP,200,A51001 - Freight - Out - Expense (New),981,981,,,7/24/2025,An Cuong Wood-Working,1542,20250209 - AP,An Cuong Wood-Working - Import July 25 cogs for freight from SPS to Netsuite,Import July 25 cogs for freight from SPS to Netsuite,6177.49,
EXTERNAL - 20250209 - AP,200.5,,966,,A20001 - Accounts Payable Suppliers & Vendors (New),966,7/24/2025,An Cuong Wood-Working,1542,20250209 - AP,An Cuong Wood-Working - Import July 25 cogs for freight from SPS to Netsuite,Import July 25 cogs for freight from SPS to Netsuite,,6177.49
EXTERNAL - 2025-FE-0000020 - Inventory,201,A12001 - Inventory (New),953,953,,,7/24/2025,GIBAM SHOPS SPA,1253,2025-FE-0000020 - Inventory,GIBAM SHOPS SPA - Import July 25 cogs for freight from SPS to Netsuite,Import July 25 cogs for freight from SPS to Netsuite,55.00,
EXTERNAL - 2025-FE-0000020 - Inventory,201.5,,981,,A51001 - Freight - Out - Expense (New),981,7/24/2025,GIBAM SHOPS SPA,1253,2025-FE-0000020 - Inventory,GIBAM SHOPS SPA - Import July 25 cogs for freight from SPS to Netsuite,Import July 25 cogs for freight from SPS to Netsuite,,55.00
EXTERNAL - 22530781-E - Inventory,202,A12001 - Inventory (New),953,953,,,7/24/2025,Fama Sofas S.L.U,1248,22530781-E - Inventory,Fama Sofas S.L.U - Import July 25 cogs for freight from SPS to Netsuite,Import July 25 cogs for freight from SPS to Netsuite,816.00,
EXTERNAL - 22530781-E - Inventory,202.5,,981,,A51001 - Freight - Out - Expense (New),981,7/24/2025,Fama Sofas S.L.U,1248,22530781-E - Inventory,Fama Sofas S.L.U - Import July 25 cogs for freight from SPS to Netsuite,Import July 25 cogs for freight from SPS to Netsuite,,816.00
EXTERNAL - 2025-FE-0000019 - Inventory,203,A12001 - Inventory (New),953,953,,,7/24/2025,GIBAM SHOPS SPA,1253,2025-FE-0000019 - Inventory,GIBAM SHOPS SPA - Import July 25 cogs for freight from SPS to Netsuite,Import July 25 cogs for freight from SPS to Netsuite,55.00,
EXTERNAL - 2025-FE-0000019 - Inventory,203.5,,981,,A51001 - Freight - Out - Expense (New),981,7/24/2025,GIBAM SHOPS SPA,1253,2025-FE-0000019 - Inventory,GIBAM SHOPS SPA - Import July 25 cogs for freight from SPS to Netsuite,Import July 25 cogs for freight from SPS to Netsuite,,55.00
EXTERNAL - 2025-FE-0000021 - Inventory,204,A12001 - Inventory (New),953,953,,,7/24/2025,GIBAM SHOPS SPA,1253,2025-FE-0000021 - Inventory,GIBAM SHOPS SPA - Import July 25 cogs for freight from SPS to Netsuite,Import July 25 cogs for freight from SPS to Netsuite,55.00,
EXTERNAL - 2025-FE-0000021 - Inventory,204.5,,981,,A51001 - Freight - Out - Expense (New),981,7/24/2025,GIBAM SHOPS SPA,1253,2025-FE-0000021 - Inventory,GIBAM SHOPS SPA - Import July 25 cogs for freight from SPS to Netsuite,Import July 25 cogs for freight from SPS to Netsuite,,55.00
EXTERNAL - 2025-FE-0000013- Inventory,205,A12001 - Inventory (New),953,953,,,7/24/2025,GIBAM SHOPS SPA,1253,2025-FE-0000013- Inventory,GIBAM SHOPS SPA - Import July 25 cogs for freight from SPS to Netsuite,Import July 25 cogs for freight from SPS to Netsuite,55.00,
EXTERNAL - 2025-FE-0000013- Inventory,205.5,,981,,A51001 - Freight - Out - Expense (New),981,7/24/2025,GIBAM SHOPS SPA,1253,2025-FE-0000013- Inventory,GIBAM SHOPS SPA - Import July 25 cogs for freight from SPS to Netsuite,Import July 25 cogs for freight from SPS to Netsuite,,55.00
EXTERNAL - 2025-FE-0000014 - Inventory,206,A12001 - Inventory (New),953,953,,,7/24/2025,GIBAM SHOPS SPA,1253,2025-FE-0000014 - Inventory,GIBAM SHOPS SPA - Import July 25 cogs for freight from SPS to Netsuite,Import July 25 cogs for freight from SPS to Netsuite,55.00,
EXTERNAL - 2025-FE-0000014 - Inventory,206.5,,981,,A51001 - Freight - Out - Expense (New),981,7/24/2025,GIBAM SHOPS SPA,1253,2025-FE-0000014 - Inventory,GIBAM SHOPS SPA - Import July 25 cogs for freight from SPS to Netsuite,Import July 25 cogs for freight from SPS to Netsuite,,55.00
EXTERNAL - 2025-FE-0000015- Inventory,207,A12001 - Inventory (New),953,953,,,7/24/2025,GIBAM SHOPS SPA,1253,2025-FE-0000015- Inventory,GIBAM SHOPS SPA - Import July 25 cogs for freight from SPS to Netsuite,Import July 25 cogs for freight from SPS to Netsuite,55.00,
EXTERNAL - 2025-FE-0000015- Inventory,207.5,,981,,A51001 - Freight - Out - Expense (New),981,7/24/2025,GIBAM SHOPS SPA,1253,2025-FE-0000015- Inventory,GIBAM SHOPS SPA - Import July 25 cogs for freight from SPS to Netsuite,Import July 25 cogs for freight from SPS to Netsuite,,55.00
EXTERNAL - 20250209- Inventory,208,A12001 - Inventory (New),953,953,,,7/24/2025,An Cuong Wood-Working,1542,20250209- Inventory,An Cuong Wood-Working - Import July 25 cogs for freight from SPS to Netsuite,Import July 25 cogs for freight from SPS to Netsuite,5789.50,
EXTERNAL - 20250209- Inventory,208.5,,981,,A51001 - Freight - Out - Expense (New),981,7/24/2025,An Cuong Wood-Working,1542,20250209- Inventory,An Cuong Wood-Working - Import July 25 cogs for freight from SPS to Netsuite,Import July 25 cogs for freight from SPS to Netsuite,,5789.50
EXTERNAL - 20250180,209,A51001 - Freight - Out - Expense (New),981,981,,,7/24/2025,An Cuong Wood-Working,1542,20250180,An Cuong Wood-Working - Import July 25 cogs for freight from SPS to Netsuite,Import July 25 cogs for freight from SPS to Netsuite,458.02,
EXTERNAL - 20250180,209.5,,966,,A20001 - Accounts Payable Suppliers & Vendors (New),966,7/24/2025,An Cuong Wood-Working,1542,20250180,An Cuong Wood-Working - Import July 25 cogs for freight from SPS to Netsuite,Import July 25 cogs for freight from SPS to Netsuite,,458.02
EXTERNAL - 20250179,210,A51001 - Freight - Out - Expense (New),981,981,,,7/24/2025,An Cuong Wood-Working,1542,20250179,An Cuong Wood-Working - Import July 25 cogs for freight from SPS to Netsuite,Import July 25 cogs for freight from SPS to Netsuite,85.83,
EXTERNAL - 20250179,210.5,,966,,A20001 - Accounts Payable Suppliers & Vendors (New),966,7/24/2025,An Cuong Wood-Working,1542,20250179,An Cuong Wood-Working - Import July 25 cogs for freight from SPS to Netsuite,Import July 25 cogs for freight from SPS to Netsuite,,85.83
EXTERNAL - 25JSF03078,211,A51001 - Freight - Out - Expense (New),981,981,,,7/24/2025,"Jasfer Industry Co., Limited",137,25JSF03078,"Jasfer Industry Co., Limited - Import July 25 cogs for freight from SPS to Netsuite",Import July 25 cogs for freight from SPS to Netsuite,3526.57,
EXTERNAL - 25JSF03078,211.5,,966,,A20001 - Accounts Payable Suppliers & Vendors (New),966,7/24/2025,"Jasfer Industry Co., Limited",137,25JSF03078,"Jasfer Industry Co., Limited - Import July 25 cogs for freight from SPS to Netsuite",Import July 25 cogs for freight from SPS to Netsuite,,3526.57
EXTERNAL - SR273-52P3,212,A51001 - Freight - Out - Expense (New),981,981,,,7/24/2025,HARMONY HOSPITALITY CO LTD,2517,SR273-52P3,HARMONY HOSPITALITY CO LTD - Import July 25 cogs for freight from SPS to Netsuite,Import July 25 cogs for freight from SPS to Netsuite,14666.45,
EXTERNAL - SR273-52P3,212.5,,966,,A20001 - Accounts Payable Suppliers & Vendors (New),966,7/24/2025,HARMONY HOSPITALITY CO LTD,2517,SR273-52P3,HARMONY HOSPITALITY CO LTD - Import July 25 cogs for freight from SPS to Netsuite,Import July 25 cogs for freight from SPS to Netsuite,,14666.45
EXTERNAL - 25RT021202,213,A12001 - Inventory (New),953,953,,,7/25/2025,"Jasfer Industry Co., Limited",137,25RT021202,"Jasfer Industry Co., Limited - Import July 25 cogs for freight from SPS to Netsuite",Import July 25 cogs for freight from SPS to Netsuite,468.09,
EXTERNAL - 25RT021202,213.5,,981,,A51001 - Freight - Out - Expense (New),981,7/25/2025,"Jasfer Industry Co., Limited",137,25RT021202,"Jasfer Industry Co., Limited - Import July 25 cogs for freight from SPS to Netsuite",Import July 25 cogs for freight from SPS to Netsuite,,468.09
EXTERNAL - 24JSF08043,214,A12001 - Inventory (New),953,953,,,7/25/2025,"Jasfer Industry Co., Limited",137,24JSF08043,"Jasfer Industry Co., Limited - Import July 25 cogs for freight from SPS to Netsuite",Import July 25 cogs for freight from SPS to Netsuite,170.48,
EXTERNAL - 24JSF08043,214.5,,981,,A51001 - Freight - Out - Expense (New),981,7/25/2025,"Jasfer Industry Co., Limited",137,24JSF08043,"Jasfer Industry Co., Limited - Import July 25 cogs for freight from SPS to Netsuite",Import July 25 cogs for freight from SPS to Netsuite,,170.48
EXTERNAL - 25JS011606,215,A12001 - Inventory (New),953,953,,,7/25/2025,"Jasfer Industry Co., Limited",137,25JS011606,"Jasfer Industry Co., Limited - Import July 25 cogs for freight from SPS to Netsuite",Import July 25 cogs for freight from SPS to Netsuite,5609.12,
EXTERNAL - 25JS011606,215.5,,981,,A51001 - Freight - Out - Expense (New),981,7/25/2025,"Jasfer Industry Co., Limited",137,25JS011606,"Jasfer Industry Co., Limited - Import July 25 cogs for freight from SPS to Netsuite",Import July 25 cogs for freight from SPS to Netsuite,,5609.12
EXTERNAL - 25AG543GRV-V,216,A51001 - Freight - Out - Expense (New),981,981,,,7/25/2025,"Jasfer Industry Co., Limited",137,25AG543GRV-V,"Jasfer Industry Co., Limited - Import July 25 cogs for freight from SPS to Netsuite",Import July 25 cogs for freight from SPS to Netsuite,619.43,
EXTERNAL - 25AG543GRV-V,216.5,,966,,A20001 - Accounts Payable Suppliers & Vendors (New),966,7/25/2025,"Jasfer Industry Co., Limited",137,25AG543GRV-V,"Jasfer Industry Co., Limited - Import July 25 cogs for freight from SPS to Netsuite",Import July 25 cogs for freight from SPS to Netsuite,,619.43
EXTERNAL - 22532283-E,217,A51001 - Freight - Out - Expense (New),981,981,,,7/25/2025,Fama Sofas S.L.U,1248,22532283-E,Fama Sofas S.L.U - Import July 25 cogs for freight from SPS to Netsuite,Import July 25 cogs for freight from SPS to Netsuite,5378.85,
EXTERNAL - 22532283-E,217.5,,966,,A20001 - Accounts Payable Suppliers & Vendors (New),966,7/25/2025,Fama Sofas S.L.U,1248,22532283-E,Fama Sofas S.L.U - Import July 25 cogs for freight from SPS to Netsuite,Import July 25 cogs for freight from SPS to Netsuite,,5378.85
EXTERNAL - 24JSF04042,218,A12001 - Inventory (New),953,953,,,7/25/2025,"Jasfer Industry Co., Limited",137,24JSF04042,"Jasfer Industry Co., Limited - Import July 25 cogs for freight from SPS to Netsuite",Import July 25 cogs for freight from SPS to Netsuite,66.18,
EXTERNAL - 24JSF04042,218.5,,981,,A51001 - Freight - Out - Expense (New),981,7/25/2025,"Jasfer Industry Co., Limited",137,24JSF04042,"Jasfer Industry Co., Limited - Import July 25 cogs for freight from SPS to Netsuite",Import July 25 cogs for freight from SPS to Netsuite,,66.18
EXTERNAL - 25JS020701,219,A12001 - Inventory (New),953,953,,,7/25/2025,"Jasfer Industry Co., Limited",137,25JS020701,"Jasfer Industry Co., Limited - Import July 25 cogs for freight from SPS to Netsuite",Import July 25 cogs for freight from SPS to Netsuite,536.59,
EXTERNAL - 25JS020701,219.5,,981,,A51001 - Freight - Out - Expense (New),981,7/25/2025,"Jasfer Industry Co., Limited",137,25JS020701,"Jasfer Industry Co., Limited - Import July 25 cogs for freight from SPS to Netsuite",Import July 25 cogs for freight from SPS to Netsuite,,536.59
EXTERNAL - 21576/VE,220,A12001 - Inventory (New),953,953,,,7/25/2025,MirageGranitoCeramico S.p.A,173,21576/VE,MirageGranitoCeramico S.p.A - Import July 25 cogs for freight from SPS to Netsuite,Import July 25 cogs for freight from SPS to Netsuite,3922.02,
EXTERNAL - 21576/VE,220.5,,981,,A51001 - Freight - Out - Expense (New),981,7/25/2025,MirageGranitoCeramico S.p.A,173,21576/VE,MirageGranitoCeramico S.p.A - Import July 25 cogs for freight from SPS to Netsuite,Import July 25 cogs for freight from SPS to Netsuite,,3922.02
EXTERNAL - 25JSF02008,221,A12001 - Inventory (New),953,953,,,7/25/2025,"Jasfer Industry Co., Limited",137,25JSF02008,"Jasfer Industry Co., Limited - Import July 25 cogs for freight from SPS to Netsuite",Import July 25 cogs for freight from SPS to Netsuite,1290.15,
EXTERNAL - 25JSF02008,221.5,,981,,A51001 - Freight - Out - Expense (New),981,7/25/2025,"Jasfer Industry Co., Limited",137,25JSF02008,"Jasfer Industry Co., Limited - Import July 25 cogs for freight from SPS to Netsuite",Import July 25 cogs for freight from SPS to Netsuite,,1290.15
EXTERNAL - 25BL021202,222,A12001 - Inventory (New),953,953,,,7/25/2025,"Jasfer Industry Co., Limited",137,25BL021202,"Jasfer Industry Co., Limited - Import July 25 cogs for freight from SPS to Netsuite",Import July 25 cogs for freight from SPS to Netsuite,594.47,
EXTERNAL - 25BL021202,222.5,,981,,A51001 - Freight - Out - Expense (New),981,7/25/2025,"Jasfer Industry Co., Limited",137,25BL021202,"Jasfer Industry Co., Limited - Import July 25 cogs for freight from SPS to Netsuite",Import July 25 cogs for freight from SPS to Netsuite,,594.47
EXTERNAL - 25BL021201,223,A12001 - Inventory (New),953,953,,,7/25/2025,"Jasfer Industry Co., Limited",137,25BL021201,"Jasfer Industry Co., Limited - Import July 25 cogs for freight from SPS to Netsuite",Import July 25 cogs for freight from SPS to Netsuite,927.59,
EXTERNAL - 25BL021201,223.5,,981,,A51001 - Freight - Out - Expense (New),981,7/25/2025,"Jasfer Industry Co., Limited",137,25BL021201,"Jasfer Industry Co., Limited - Import July 25 cogs for freight from SPS to Netsuite",Import July 25 cogs for freight from SPS to Netsuite,,927.59
EXTERNAL - 25JSF02017,224,A12001 - Inventory (New),953,953,,,7/25/2025,"Jasfer Industry Co., Limited",137,25JSF02017,"Jasfer Industry Co., Limited - Import July 25 cogs for freight from SPS to Netsuite",Import July 25 cogs for freight from SPS to Netsuite,185.76,
EXTERNAL - 25JSF02017,224.5,,981,,A51001 - Freight - Out - Expense (New),981,7/25/2025,"Jasfer Industry Co., Limited",137,25JSF02017,"Jasfer Industry Co., Limited - Import July 25 cogs for freight from SPS to Netsuite",Import July 25 cogs for freight from SPS to Netsuite,,185.76
EXTERNAL - 25JSF03053,225,A12001 - Inventory (New),953,953,,,7/25/2025,"Jasfer Industry Co., Limited",137,25JSF03053,"Jasfer Industry Co., Limited - Import July 25 cogs for freight from SPS to Netsuite",Import July 25 cogs for freight from SPS to Netsuite,647.85,
EXTERNAL - 25JSF03053,225.5,,981,,A51001 - Freight - Out - Expense (New),981,7/25/2025,"Jasfer Industry Co., Limited",137,25JSF03053,"Jasfer Industry Co., Limited - Import July 25 cogs for freight from SPS to Netsuite",Import July 25 cogs for freight from SPS to Netsuite,,647.85
EXTERNAL - 25JS032502,226,A12001 - Inventory (New),953,953,,,7/25/2025,"Jasfer Industry Co., Limited",137,25JS032502,"Jasfer Industry Co., Limited - Import July 25 cogs for freight from SPS to Netsuite",Import July 25 cogs for freight from SPS to Netsuite,269.11,
EXTERNAL - 25JS032502,226.5,,981,,A51001 - Freight - Out - Expense (New),981,7/25/2025,"Jasfer Industry Co., Limited",137,25JS032502,"Jasfer Industry Co., Limited - Import July 25 cogs for freight from SPS to Netsuite",Import July 25 cogs for freight from SPS to Netsuite,,269.11
EXTERNAL - 25JS032704,227,A51001 - Freight - Out - Expense (New),981,981,,,7/25/2025,"Jasfer Industry Co., Limited",137,25JS032704,"Jasfer Industry Co., Limited - Import July 25 cogs for freight from SPS to Netsuite",Import July 25 cogs for freight from SPS to Netsuite,2069.08,
EXTERNAL - 25JS032704,227.5,,981,,A51001 - Freight - Out - Expense (New),981,7/25/2025,"Jasfer Industry Co., Limited",137,25JS032704,"Jasfer Industry Co., Limited - Import July 25 cogs for freight from SPS to Netsuite",Import July 25 cogs for freight from SPS to Netsuite,,2069.08
EXTERNAL - 25JS051504,228,A51001 - Freight - Out - Expense (New),981,981,,,7/25/2025,"Jasfer Industry Co., Limited",137,25JS051504,"Jasfer Industry Co., Limited - Import July 25 cogs for freight from SPS to Netsuite",Import July 25 cogs for freight from SPS to Netsuite,430.74,
EXTERNAL - 25JS051504,228.5,,981,,A51001 - Freight - Out - Expense (New),981,7/25/2025,"Jasfer Industry Co., Limited",137,25JS051504,"Jasfer Industry Co., Limited - Import July 25 cogs for freight from SPS to Netsuite",Import July 25 cogs for freight from SPS to Netsuite,,430.74
EXTERNAL - 25JSF04038,229,A12001 - Inventory (New),953,953,,,7/25/2025,"Jasfer Industry Co., Limited",137,25JSF04038,"Jasfer Industry Co., Limited - Import July 25 cogs for freight from SPS to Netsuite",Import July 25 cogs for freight from SPS to Netsuite,121.71,
EXTERNAL - 25JSF04038,229.5,,981,,A51001 - Freight - Out - Expense (New),981,7/25/2025,"Jasfer Industry Co., Limited",137,25JSF04038,"Jasfer Industry Co., Limited - Import July 25 cogs for freight from SPS to Netsuite",Import July 25 cogs for freight from SPS to Netsuite,,121.71
EXTERNAL - 2025-FE-0000017 -AP,230,A51001 - Freight - Out - Expense (New),981,981,,,7/24/2025,GIBAM SHOPS SPA,1253,2025-FE-0000017 -AP,GIBAM SHOPS SPA - Import July 25 cogs for freight from SPS to Netsuite,Import July 25 cogs for freight from SPS to Netsuite,67.00,
EXTERNAL - 2025-FE-0000017 -AP,230.5,,966,,A20001 - Accounts Payable Suppliers & Vendors (New),966,7/24/2025,GIBAM SHOPS SPA,1253,2025-FE-0000017 -AP,GIBAM SHOPS SPA - Import July 25 cogs for freight from SPS to Netsuite,Import July 25 cogs for freight from SPS to Netsuite,,67.00
EXTERNAL - 22530968-E -AP,231,A51001 - Freight - Out - Expense (New),981,981,,,7/24/2025,Fama Sofas S.L.U,1248,22530968-E -AP,Fama Sofas S.L.U - Import July 25 cogs for freight from SPS to Netsuite,Import July 25 cogs for freight from SPS to Netsuite,7236.00,
EXTERNAL - 22530968-E -AP,231.5,,966,,A20001 - Accounts Payable Suppliers & Vendors (New),966,7/24/2025,Fama Sofas S.L.U,1248,22530968-E -AP,Fama Sofas S.L.U - Import July 25 cogs for freight from SPS to Netsuite,Import July 25 cogs for freight from SPS to Netsuite,,7236.00
EXTERNAL - 2025-FE-0000018 -AP,232,A51001 - Freight - Out - Expense (New),981,981,,,7/24/2025,GIBAM SHOPS SPA,1253,2025-FE-0000018 -AP,GIBAM SHOPS SPA - Import July 25 cogs for freight from SPS to Netsuite,Import July 25 cogs for freight from SPS to Netsuite,67.00,
EXTERNAL - 2025-FE-0000018 -AP,232.5,,966,,A20001 - Accounts Payable Suppliers & Vendors (New),966,7/24/2025,GIBAM SHOPS SPA,1253,2025-FE-0000018 -AP,GIBAM SHOPS SPA - Import July 25 cogs for freight from SPS to Netsuite,Import July 25 cogs for freight from SPS to Netsuite,,67.00
EXTERNAL - INV-1277 -AP,233,A51001 - Freight - Out - Expense (New),981,981,,,7/24/2025,SminkSt,1973,INV-1277 -AP,SminkSt - Import July 25 cogs for freight from SPS to Netsuite,Import July 25 cogs for freight from SPS to Netsuite,1002.97,
EXTERNAL - INV-1277 -AP,233.5,,966,,A20001 - Accounts Payable Suppliers & Vendors (New),966,7/24/2025,SminkSt,1973,INV-1277 -AP,SminkSt - Import July 25 cogs for freight from SPS to Netsuite,Import July 25 cogs for freight from SPS to Netsuite,,1002.97
EXTERNAL - 2025-FE-0000023 -AP,234,A51001 - Freight - Out - Expense (New),981,981,,,7/24/2025,GIBAM SHOPS SPA,1253,2025-FE-0000023 -AP,GIBAM SHOPS SPA - Import July 25 cogs for freight from SPS to Netsuite,Import July 25 cogs for freight from SPS to Netsuite,68.00,
EXTERNAL - 2025-FE-0000023 -AP,234.5,,966,,A20001 - Accounts Payable Suppliers & Vendors (New),966,7/24/2025,GIBAM SHOPS SPA,1253,2025-FE-0000023 -AP,GIBAM SHOPS SPA - Import July 25 cogs for freight from SPS to Netsuite,Import July 25 cogs for freight from SPS to Netsuite,,68.00
EXTERNAL - 25JSF07215 -AP,235,A51001 - Freight - Out - Expense (New),981,981,,,7/25/2025,"Jasfer Industry Co., Limited",137,25JSF07215 -AP,"Jasfer Industry Co., Limited - Import July 25 cogs for freight from SPS to Netsuite",Import July 25 cogs for freight from SPS to Netsuite,946.33,
EXTERNAL - 25JSF07215 -AP,235.5,,966,,A20001 - Accounts Payable Suppliers & Vendors (New),966,7/25/2025,"Jasfer Industry Co., Limited",137,25JSF07215 -AP,"Jasfer Industry Co., Limited - Import July 25 cogs for freight from SPS to Netsuite",Import July 25 cogs for freight from SPS to Netsuite,,946.33
EXTERNAL - 23JSF12050 -AP,236,A51001 - Freight - Out - Expense (New),981,981,,,7/25/2025,"Jasfer Industry Co., Limited",137,23JSF12050 -AP,"Jasfer Industry Co., Limited - Import July 25 cogs for freight from SPS to Netsuite",Import July 25 cogs for freight from SPS to Netsuite,166.00,
EXTERNAL - 23JSF12050 -AP,236.5,,966,,A20001 - Accounts Payable Suppliers & Vendors (New),966,7/25/2025,"Jasfer Industry Co., Limited",137,23JSF12050 -AP,"Jasfer Industry Co., Limited - Import July 25 cogs for freight from SPS to Netsuite",Import July 25 cogs for freight from SPS to Netsuite,,166.00
EXTERNAL - 24JSF11059 -AP,237,A51001 - Freight - Out - Expense (New),981,981,,,7/25/2025,"Jasfer Industry Co., Limited",137,24JSF11059 -AP,"Jasfer Industry Co., Limited - Import July 25 cogs for freight from SPS to Netsuite",Import July 25 cogs for freight from SPS to Netsuite,68.00,
EXTERNAL - 24JSF11059 -AP,237.5,,966,,A20001 - Accounts Payable Suppliers & Vendors (New),966,7/25/2025,"Jasfer Industry Co., Limited",137,24JSF11059 -AP,"Jasfer Industry Co., Limited - Import July 25 cogs for freight from SPS to Netsuite",Import July 25 cogs for freight from SPS to Netsuite,,68.00
EXTERNAL - 24JSF11061 -AP,238,A51001 - Freight - Out - Expense (New),981,981,,,7/25/2025,"Jasfer Industry Co., Limited",137,24JSF11061 -AP,"Jasfer Industry Co., Limited - Import July 25 cogs for freight from SPS to Netsuite",Import July 25 cogs for freight from SPS to Netsuite,20.00,
EXTERNAL - 24JSF11061 -AP,238.5,,966,,A20001 - Accounts Payable Suppliers & Vendors (New),966,7/25/2025,"Jasfer Industry Co., Limited",137,24JSF11061 -AP,"Jasfer Industry Co., Limited - Import July 25 cogs for freight from SPS to Netsuite",Import July 25 cogs for freight from SPS to Netsuite,,20.00
EXTERNAL - 25RT010201 -AP,239,A51001 - Freight - Out - Expense (New),981,981,,,7/25/2025,"Jasfer Industry Co., Limited",137,25RT010201 -AP,"Jasfer Industry Co., Limited - Import July 25 cogs for freight from SPS to Netsuite",Import July 25 cogs for freight from SPS to Netsuite,10.38,
EXTERNAL - 25RT010201 -AP,239.5,,966,,A20001 - Accounts Payable Suppliers & Vendors (New),966,7/25/2025,"Jasfer Industry Co., Limited",137,25RT010201 -AP,"Jasfer Industry Co., Limited - Import July 25 cogs for freight from SPS to Netsuite",Import July 25 cogs for freight from SPS to Netsuite,,10.38
EXTERNAL - 25JSF01055 -AP,240,A51001 - Freight - Out - Expense (New),981,981,,,7/25/2025,"Jasfer Industry Co., Limited",137,25JSF01055 -AP,"Jasfer Industry Co., Limited - Import July 25 cogs for freight from SPS to Netsuite",Import July 25 cogs for freight from SPS to Netsuite,0.00,
EXTERNAL - 25JSF01055 -AP,240.5,,966,,A20001 - Accounts Payable Suppliers & Vendors (New),966,7/25/2025,"Jasfer Industry Co., Limited",137,25JSF01055 -AP,"Jasfer Industry Co., Limited - Import July 25 cogs for freight from SPS to Netsuite",Import July 25 cogs for freight from SPS to Netsuite,,0.00
EXTERNAL - 25JSF02044 -AP,241,A51001 - Freight - Out - Expense (New),981,981,,,7/25/2025,"Jasfer Industry Co., Limited",137,25JSF02044 -AP,"Jasfer Industry Co., Limited - Import July 25 cogs for freight from SPS to Netsuite",Import July 25 cogs for freight from SPS to Netsuite,411.19,
EXTERNAL - 25JSF02044 -AP,241.5,,966,,A20001 - Accounts Payable Suppliers & Vendors (New),966,7/25/2025,"Jasfer Industry Co., Limited",137,25JSF02044 -AP,"Jasfer Industry Co., Limited - Import July 25 cogs for freight from SPS to Netsuite",Import July 25 cogs for freight from SPS to Netsuite,,411.19
EXTERNAL - 25BL021204 -AP,242,A51001 - Freight - Out - Expense (New),981,981,,,7/25/2025,"Jasfer Industry Co., Limited",137,25BL021204 -AP,"Jasfer Industry Co., Limited - Import July 25 cogs for freight from SPS to Netsuite",Import July 25 cogs for freight from SPS to Netsuite,424.09,
EXTERNAL - 25BL021204 -AP,242.5,,966,,A20001 - Accounts Payable Suppliers & Vendors (New),966,7/25/2025,"Jasfer Industry Co., Limited",137,25BL021204 -AP,"Jasfer Industry Co., Limited - Import July 25 cogs for freight from SPS to Netsuite",Import July 25 cogs for freight from SPS to Netsuite,,424.09
EXTERNAL - GV2025008 -AP,243,A51001 - Freight - Out - Expense (New),981,981,,,7/25/2025,"Cambodian Zulite Stone Co., Ltd.",1237,GV2025008 -AP,"Cambodian Zulite Stone Co., Ltd. - Import July 25 cogs for freight from SPS to Netsuite",Import July 25 cogs for freight from SPS to Netsuite,4223.94,
EXTERNAL - GV2025008 -AP,243.5,,966,,A20001 - Accounts Payable Suppliers & Vendors (New),966,7/25/2025,"Cambodian Zulite Stone Co., Ltd.",1237,GV2025008 -AP,"Cambodian Zulite Stone Co., Ltd. - Import July 25 cogs for freight from SPS to Netsuite",Import July 25 cogs for freight from SPS to Netsuite,,4223.94
EXTERNAL - 24BL120402 -AP,244,A51001 - Freight - Out - Expense (New),981,981,,,7/25/2025,"Jasfer Industry Co., Limited",137,24BL120402 -AP,"Jasfer Industry Co., Limited - Import July 25 cogs for freight from SPS to Netsuite",Import July 25 cogs for freight from SPS to Netsuite,10.00,
EXTERNAL - 24BL120402 -AP,244.5,,966,,A20001 - Accounts Payable Suppliers & Vendors (New),966,7/25/2025,"Jasfer Industry Co., Limited",137,24BL120402 -AP,"Jasfer Industry Co., Limited - Import July 25 cogs for freight from SPS to Netsuite",Import July 25 cogs for freight from SPS to Netsuite,,10.00
EXTERNAL - 2025-FE-0000017-Inventory,245,A12001 - Inventory (New),953,953,,,7/24/2025,GIBAM SHOPS SPA,1253,2025-FE-0000017-Inventory,GIBAM SHOPS SPA - Import July 25 cogs for freight from SPS to Netsuite,Import July 25 cogs for freight from SPS to Netsuite,55.00,
EXTERNAL - 2025-FE-0000017-Inventory,245.5,,981,,A51001 - Freight - Out - Expense (New),981,7/24/2025,GIBAM SHOPS SPA,1253,2025-FE-0000017-Inventory,GIBAM SHOPS SPA - Import July 25 cogs for freight from SPS to Netsuite,Import July 25 cogs for freight from SPS to Netsuite,,55.00
EXTERNAL - 22530968-E-Inventory,246,A12001 - Inventory (New),953,953,,,7/24/2025,Fama Sofas S.L.U,1248,22530968-E-Inventory,Fama Sofas S.L.U - Import July 25 cogs for freight from SPS to Netsuite,Import July 25 cogs for freight from SPS to Netsuite,7000.00,
EXTERNAL - 22530968-E-Inventory,246.5,,981,,A51001 - Freight - Out - Expense (New),981,7/24/2025,Fama Sofas S.L.U,1248,22530968-E-Inventory,Fama Sofas S.L.U - Import July 25 cogs for freight from SPS to Netsuite,Import July 25 cogs for freight from SPS to Netsuite,,7000.00
EXTERNAL - 2025-FE-0000018-Inventory,247,A12001 - Inventory (New),953,953,,,7/24/2025,GIBAM SHOPS SPA,1253,2025-FE-0000018-Inventory,GIBAM SHOPS SPA - Import July 25 cogs for freight from SPS to Netsuite,Import July 25 cogs for freight from SPS to Netsuite,55.00,
EXTERNAL - 2025-FE-0000018-Inventory,247.5,,981,,A51001 - Freight - Out - Expense (New),981,7/24/2025,GIBAM SHOPS SPA,1253,2025-FE-0000018-Inventory,GIBAM SHOPS SPA - Import July 25 cogs for freight from SPS to Netsuite,Import July 25 cogs for freight from SPS to Netsuite,,55.00
EXTERNAL - INV-1277-Inventory,248,A12001 - Inventory (New),953,953,,,7/24/2025,SminkSt,1973,INV-1277-Inventory,SminkSt - Import July 25 cogs for freight from SPS to Netsuite,Import July 25 cogs for freight from SPS to Netsuite,0.00,
EXTERNAL - INV-1277-Inventory,248.5,,981,,A51001 - Freight - Out - Expense (New),981,7/24/2025,SminkSt,1973,INV-1277-Inventory,SminkSt - Import July 25 cogs for freight from SPS to Netsuite,Import July 25 cogs for freight from SPS to Netsuite,,0.00
EXTERNAL - 2025-FE-0000023-Inventory,249,A12001 - Inventory (New),953,953,,,7/24/2025,GIBAM SHOPS SPA,1253,2025-FE-0000023-Inventory,GIBAM SHOPS SPA - Import July 25 cogs for freight from SPS to Netsuite,Import July 25 cogs for freight from SPS to Netsuite,55.00,
EXTERNAL - 2025-FE-0000023-Inventory,249.5,,981,,A51001 - Freight - Out - Expense (New),981,7/24/2025,GIBAM SHOPS SPA,1253,2025-FE-0000023-Inventory,GIBAM SHOPS SPA - Import July 25 cogs for freight from SPS to Netsuite,Import July 25 cogs for freight from SPS to Netsuite,,55.00
EXTERNAL - 25JSF07215-Inventory,250,A12001 - Inventory (New),953,953,,,7/25/2025,"Jasfer Industry Co., Limited",137,25JSF07215-Inventory,"Jasfer Industry Co., Limited - Import July 25 cogs for freight from SPS to Netsuite",Import July 25 cogs for freight from SPS to Netsuite,946.33,
EXTERNAL - 25JSF07215-Inventory,250.5,,981,,A51001 - Freight - Out - Expense (New),981,7/25/2025,"Jasfer Industry Co., Limited",137,25JSF07215-Inventory,"Jasfer Industry Co., Limited - Import July 25 cogs for freight from SPS to Netsuite",Import July 25 cogs for freight from SPS to Netsuite,,946.33
EXTERNAL - 23JSF12050-Inventory,251,A12001 - Inventory (New),953,953,,,7/25/2025,"Jasfer Industry Co., Limited",137,23JSF12050-Inventory,"Jasfer Industry Co., Limited - Import July 25 cogs for freight from SPS to Netsuite",Import July 25 cogs for freight from SPS to Netsuite,34.00,
EXTERNAL - 23JSF12050-Inventory,251.5,,981,,A51001 - Freight - Out - Expense (New),981,7/25/2025,"Jasfer Industry Co., Limited",137,23JSF12050-Inventory,"Jasfer Industry Co., Limited - Import July 25 cogs for freight from SPS to Netsuite",Import July 25 cogs for freight from SPS to Netsuite,,34.00
EXTERNAL - 24JSF11059-Inventory,252,A12001 - Inventory (New),953,953,,,7/25/2025,"Jasfer Industry Co., Limited",137,24JSF11059-Inventory,"Jasfer Industry Co., Limited - Import July 25 cogs for freight from SPS to Netsuite",Import July 25 cogs for freight from SPS to Netsuite,351.29,
EXTERNAL - 24JSF11059-Inventory,252.5,,981,,A51001 - Freight - Out - Expense (New),981,7/25/2025,"Jasfer Industry Co., Limited",137,24JSF11059-Inventory,"Jasfer Industry Co., Limited - Import July 25 cogs for freight from SPS to Netsuite",Import July 25 cogs for freight from SPS to Netsuite,,351.29
EXTERNAL - 24JSF11061-Inventory,253,A12001 - Inventory (New),953,953,,,7/25/2025,"Jasfer Industry Co., Limited",137,24JSF11061-Inventory,"Jasfer Industry Co., Limited - Import July 25 cogs for freight from SPS to Netsuite",Import July 25 cogs for freight from SPS to Netsuite,240.58,
EXTERNAL - 24JSF11061-Inventory,253.5,,981,,A51001 - Freight - Out - Expense (New),981,7/25/2025,"Jasfer Industry Co., Limited",137,24JSF11061-Inventory,"Jasfer Industry Co., Limited - Import July 25 cogs for freight from SPS to Netsuite",Import July 25 cogs for freight from SPS to Netsuite,,240.58
EXTERNAL - 25RT010201-Inventory,254,A12001 - Inventory (New),953,953,,,7/25/2025,"Jasfer Industry Co., Limited",137,25RT010201-Inventory,"Jasfer Industry Co., Limited - Import July 25 cogs for freight from SPS to Netsuite",Import July 25 cogs for freight from SPS to Netsuite,10.38,
EXTERNAL - 25RT010201-Inventory,254.5,,981,,A51001 - Freight - Out - Expense (New),981,7/25/2025,"Jasfer Industry Co., Limited",137,25RT010201-Inventory,"Jasfer Industry Co., Limited - Import July 25 cogs for freight from SPS to Netsuite",Import July 25 cogs for freight from SPS to Netsuite,,10.38
EXTERNAL - 25JSF01055-Inventory,255,A12001 - Inventory (New),953,953,,,7/25/2025,"Jasfer Industry Co., Limited",137,25JSF01055-Inventory,"Jasfer Industry Co., Limited - Import July 25 cogs for freight from SPS to Netsuite",Import July 25 cogs for freight from SPS to Netsuite,669.73,
EXTERNAL - 25JSF01055-Inventory,255.5,,981,,A51001 - Freight - Out - Expense (New),981,7/25/2025,"Jasfer Industry Co., Limited",137,25JSF01055-Inventory,"Jasfer Industry Co., Limited - Import July 25 cogs for freight from SPS to Netsuite",Import July 25 cogs for freight from SPS to Netsuite,,669.73
EXTERNAL - 25JSF02044-Inventory,256,A12001 - Inventory (New),953,953,,,7/25/2025,"Jasfer Industry Co., Limited",137,25JSF02044-Inventory,"Jasfer Industry Co., Limited - Import July 25 cogs for freight from SPS to Netsuite",Import July 25 cogs for freight from SPS to Netsuite,0.00,
EXTERNAL - 25JSF02044-Inventory,256.5,,981,,A51001 - Freight - Out - Expense (New),981,7/25/2025,"Jasfer Industry Co., Limited",137,25JSF02044-Inventory,"Jasfer Industry Co., Limited - Import July 25 cogs for freight from SPS to Netsuite",Import July 25 cogs for freight from SPS to Netsuite,,0.00
EXTERNAL - 25BL021204-Inventory,257,A12001 - Inventory (New),953,953,,,7/25/2025,"Jasfer Industry Co., Limited",137,25BL021204-Inventory,"Jasfer Industry Co., Limited - Import July 25 cogs for freight from SPS to Netsuite",Import July 25 cogs for freight from SPS to Netsuite,424.09,
EXTERNAL - 25BL021204-Inventory,257.5,,981,,A51001 - Freight - Out - Expense (New),981,7/25/2025,"Jasfer Industry Co., Limited",137,25BL021204-Inventory,"Jasfer Industry Co., Limited - Import July 25 cogs for freight from SPS to Netsuite",Import July 25 cogs for freight from SPS to Netsuite,,424.09
EXTERNAL - GV2025008-Inventory,258,A12001 - Inventory (New),953,953,,,7/25/2025,"Cambodian Zulite Stone Co., Ltd.",1237,GV2025008-Inventory,"Cambodian Zulite Stone Co., Ltd. - Import July 25 cogs for freight from SPS to Netsuite",Import July 25 cogs for freight from SPS to Netsuite,1710.00,
EXTERNAL - GV2025008-Inventory,258.5,,981,,A51001 - Freight - Out - Expense (New),981,7/25/2025,"Cambodian Zulite Stone Co., Ltd.",1237,GV2025008-Inventory,"Cambodian Zulite Stone Co., Ltd. - Import July 25 cogs for freight from SPS to Netsuite",Import July 25 cogs for freight from SPS to Netsuite,,1710.00
EXTERNAL - 24BL120402-Inventory,259,A12001 - Inventory (New),953,953,,,7/25/2025,"Jasfer Industry Co., Limited",137,24BL120402-Inventory,"Jasfer Industry Co., Limited - Import July 25 cogs for freight from SPS to Netsuite",Import July 25 cogs for freight from SPS to Netsuite,82.31,
EXTERNAL - 24BL120402-Inventory,259.5,,981,,A51001 - Freight - Out - Expense (New),981,7/25/2025,"Jasfer Industry Co., Limited",137,24BL120402-Inventory,"Jasfer Industry Co., Limited - Import July 25 cogs for freight from SPS to Netsuite",Import July 25 cogs for freight from SPS to Netsuite,,82.31
EXTERNAL - 25RT032701 - AP,260,A51001 - Freight - Out - Expense (New),981,981,,,7/25/2025,"Jasfer Industry Co., Limited",137,25RT032701 - AP,"Jasfer Industry Co., Limited - Import July 25 cogs for freight from SPS to Netsuite",Import July 25 cogs for freight from SPS to Netsuite,498.00,
EXTERNAL - 25RT032701 - AP,260.5,,966,,A20001 - Accounts Payable Suppliers & Vendors (New),966,7/25/2025,"Jasfer Industry Co., Limited",137,25RT032701 - AP,"Jasfer Industry Co., Limited - Import July 25 cogs for freight from SPS to Netsuite",Import July 25 cogs for freight from SPS to Netsuite,,498.00
EXTERNAL - 25RT032701 - Inventory,261,A12001 - Inventory (New),953,953,,,7/25/2025,"Jasfer Industry Co., Limited",137,25RT032701 - Inventory,"Jasfer Industry Co., Limited - Import July 25 cogs for freight from SPS to Netsuite",Import July 25 cogs for freight from SPS to Netsuite,498.00,
EXTERNAL - 25RT032701 - Inventory,261.5,,981,,A51001 - Freight - Out - Expense (New),981,7/25/2025,"Jasfer Industry Co., Limited",137,25RT032701 - Inventory,"Jasfer Industry Co., Limited - Import July 25 cogs for freight from SPS to Netsuite",Import July 25 cogs for freight from SPS to Netsuite,,498.00
EXTERNAL - 25BL052802-AP,262,A51001 - Freight - Out - Expense (New),981,981,,,7/25/2025,"Jasfer Industry Co., Limited",137,25BL052802-AP,"Jasfer Industry Co., Limited - Import July 25 cogs for freight from SPS to Netsuite",Import July 25 cogs for freight from SPS to Netsuite,397.04,
EXTERNAL - 25BL052802-AP,262.5,,966,,A20001 - Accounts Payable Suppliers & Vendors (New),966,7/25/2025,"Jasfer Industry Co., Limited",137,25BL052802-AP,"Jasfer Industry Co., Limited - Import July 25 cogs for freight from SPS to Netsuite",Import July 25 cogs for freight from SPS to Netsuite,,397.04
EXTERNAL - 23JSF10033-AP,263,A51001 - Freight - Out - Expense (New),981,981,,,7/26/2025,"Jasfer Industry Co., Limited",137,23JSF10033-AP,"Jasfer Industry Co., Limited - Import July 25 cogs for freight from SPS to Netsuite",Import July 25 cogs for freight from SPS to Netsuite,5.00,
EXTERNAL - 23JSF10033-AP,263.5,,966,,A20001 - Accounts Payable Suppliers & Vendors (New),966,7/26/2025,"Jasfer Industry Co., Limited",137,23JSF10033-AP,"Jasfer Industry Co., Limited - Import July 25 cogs for freight from SPS to Netsuite",Import July 25 cogs for freight from SPS to Netsuite,,5.00
EXTERNAL - 24BL111011-AP,264,A51001 - Freight - Out - Expense (New),981,981,,,7/26/2025,"Jasfer Industry Co., Limited",137,24BL111011-AP,"Jasfer Industry Co., Limited - Import July 25 cogs for freight from SPS to Netsuite",Import July 25 cogs for freight from SPS to Netsuite,5.00,
EXTERNAL - 24BL111011-AP,264.5,,966,,A20001 - Accounts Payable Suppliers & Vendors (New),966,7/26/2025,"Jasfer Industry Co., Limited",137,24BL111011-AP,"Jasfer Industry Co., Limited - Import July 25 cogs for freight from SPS to Netsuite",Import July 25 cogs for freight from SPS to Netsuite,,5.00
EXTERNAL - 24BL111108-AP,265,A51001 - Freight - Out - Expense (New),981,981,,,7/26/2025,"Jasfer Industry Co., Limited",137,24BL111108-AP,"Jasfer Industry Co., Limited - Import July 25 cogs for freight from SPS to Netsuite",Import July 25 cogs for freight from SPS to Netsuite,38.00,
EXTERNAL - 24BL111108-AP,265.5,,966,,A20001 - Accounts Payable Suppliers & Vendors (New),966,7/26/2025,"Jasfer Industry Co., Limited",137,24BL111108-AP,"Jasfer Industry Co., Limited - Import July 25 cogs for freight from SPS to Netsuite",Import July 25 cogs for freight from SPS to Netsuite,,38.00
EXTERNAL - 24BL110405-AP,266,A51001 - Freight - Out - Expense (New),981,981,,,7/26/2025,"Jasfer Industry Co., Limited",137,24BL110405-AP,"Jasfer Industry Co., Limited - Import July 25 cogs for freight from SPS to Netsuite",Import July 25 cogs for freight from SPS to Netsuite,4.00,
EXTERNAL - 24BL110405-AP,266.5,,966,,A20001 - Accounts Payable Suppliers & Vendors (New),966,7/26/2025,"Jasfer Industry Co., Limited",137,24BL110405-AP,"Jasfer Industry Co., Limited - Import July 25 cogs for freight from SPS to Netsuite",Import July 25 cogs for freight from SPS to Netsuite,,4.00
EXTERNAL - 24JS10707-AP,267,A51001 - Freight - Out - Expense (New),981,981,,,7/26/2025,"Jasfer Industry Co., Limited",137,24JS10707-AP,"Jasfer Industry Co., Limited - Import July 25 cogs for freight from SPS to Netsuite",Import July 25 cogs for freight from SPS to Netsuite,4.00,
EXTERNAL - 24JS10707-AP,267.5,,966,,A20001 - Accounts Payable Suppliers & Vendors (New),966,7/26/2025,"Jasfer Industry Co., Limited",137,24JS10707-AP,"Jasfer Industry Co., Limited - Import July 25 cogs for freight from SPS to Netsuite",Import July 25 cogs for freight from SPS to Netsuite,,4.00
EXTERNAL - 24BL110706-AP,268,A51001 - Freight - Out - Expense (New),981,981,,,7/26/2025,"Jasfer Industry Co., Limited",137,24BL110706-AP,"Jasfer Industry Co., Limited - Import July 25 cogs for freight from SPS to Netsuite",Import July 25 cogs for freight from SPS to Netsuite,5.00,
EXTERNAL - 24BL110706-AP,268.5,,966,,A20001 - Accounts Payable Suppliers & Vendors (New),966,7/26/2025,"Jasfer Industry Co., Limited",137,24BL110706-AP,"Jasfer Industry Co., Limited - Import July 25 cogs for freight from SPS to Netsuite",Import July 25 cogs for freight from SPS to Netsuite,,5.00
EXTERNAL - 4BL111402-AP,269,A51001 - Freight - Out - Expense (New),981,981,,,7/26/2025,"Jasfer Industry Co., Limited",137,4BL111402-AP,"Jasfer Industry Co., Limited - Import July 25 cogs for freight from SPS to Netsuite",Import July 25 cogs for freight from SPS to Netsuite,5.00,
EXTERNAL - 4BL111402-AP,269.5,,966,,A20001 - Accounts Payable Suppliers & Vendors (New),966,7/26/2025,"Jasfer Industry Co., Limited",137,4BL111402-AP,"Jasfer Industry Co., Limited - Import July 25 cogs for freight from SPS to Netsuite",Import July 25 cogs for freight from SPS to Netsuite,,5.00
EXTERNAL - 24BL111403-AP,270,A51001 - Freight - Out - Expense (New),981,981,,,7/26/2025,"Jasfer Industry Co., Limited",137,24BL111403-AP,"Jasfer Industry Co., Limited - Import July 25 cogs for freight from SPS to Netsuite",Import July 25 cogs for freight from SPS to Netsuite,5.00,
EXTERNAL - 24BL111403-AP,270.5,,966,,A20001 - Accounts Payable Suppliers & Vendors (New),966,7/26/2025,"Jasfer Industry Co., Limited",137,24BL111403-AP,"Jasfer Industry Co., Limited - Import July 25 cogs for freight from SPS to Netsuite",Import July 25 cogs for freight from SPS to Netsuite,,5.00
EXTERNAL - 24BL111405-AP,271,A51001 - Freight - Out - Expense (New),981,981,,,7/26/2025,"Jasfer Industry Co., Limited",137,24BL111405-AP,"Jasfer Industry Co., Limited - Import July 25 cogs for freight from SPS to Netsuite",Import July 25 cogs for freight from SPS to Netsuite,5.00,
EXTERNAL - 24BL111405-AP,271.5,,966,,A20001 - Accounts Payable Suppliers & Vendors (New),966,7/26/2025,"Jasfer Industry Co., Limited",137,24BL111405-AP,"Jasfer Industry Co., Limited - Import July 25 cogs for freight from SPS to Netsuite",Import July 25 cogs for freight from SPS to Netsuite,,5.00
EXTERNAL - 24BL111406-AP,272,A51001 - Freight - Out - Expense (New),981,981,,,7/26/2025,"Jasfer Industry Co., Limited",137,24BL111406-AP,"Jasfer Industry Co., Limited - Import July 25 cogs for freight from SPS to Netsuite",Import July 25 cogs for freight from SPS to Netsuite,38.00,
EXTERNAL - 24BL111406-AP,272.5,,966,,A20001 - Accounts Payable Suppliers & Vendors (New),966,7/26/2025,"Jasfer Industry Co., Limited",137,24BL111406-AP,"Jasfer Industry Co., Limited - Import July 25 cogs for freight from SPS to Netsuite",Import July 25 cogs for freight from SPS to Netsuite,,38.00
EXTERNAL - 24BL111407-AP,273,A51001 - Freight - Out - Expense (New),981,981,,,7/26/2025,"Jasfer Industry Co., Limited",137,24BL111407-AP,"Jasfer Industry Co., Limited - Import July 25 cogs for freight from SPS to Netsuite",Import July 25 cogs for freight from SPS to Netsuite,38.00,
EXTERNAL - 24BL111407-AP,273.5,,966,,A20001 - Accounts Payable Suppliers & Vendors (New),966,7/26/2025,"Jasfer Industry Co., Limited",137,24BL111407-AP,"Jasfer Industry Co., Limited - Import July 25 cogs for freight from SPS to Netsuite",Import July 25 cogs for freight from SPS to Netsuite,,38.00
EXTERNAL - 24JSF11021-AP,274,A51001 - Freight - Out - Expense (New),981,981,,,7/26/2025,"Jasfer Industry Co., Limited",137,24JSF11021-AP,"Jasfer Industry Co., Limited - Import July 25 cogs for freight from SPS to Netsuite",Import July 25 cogs for freight from SPS to Netsuite,5.00,
EXTERNAL - 24JSF11021-AP,274.5,,966,,A20001 - Accounts Payable Suppliers & Vendors (New),966,7/26/2025,"Jasfer Industry Co., Limited",137,24JSF11021-AP,"Jasfer Industry Co., Limited - Import July 25 cogs for freight from SPS to Netsuite",Import July 25 cogs for freight from SPS to Netsuite,,5.00
EXTERNAL - 24JSF11037-AP,275,A51001 - Freight - Out - Expense (New),981,981,,,7/26/2025,"Jasfer Industry Co., Limited",137,24JSF11037-AP,"Jasfer Industry Co., Limited - Import July 25 cogs for freight from SPS to Netsuite",Import July 25 cogs for freight from SPS to Netsuite,20.00,
EXTERNAL - 24JSF11037-AP,275.5,,966,,A20001 - Accounts Payable Suppliers & Vendors (New),966,7/26/2025,"Jasfer Industry Co., Limited",137,24JSF11037-AP,"Jasfer Industry Co., Limited - Import July 25 cogs for freight from SPS to Netsuite",Import July 25 cogs for freight from SPS to Netsuite,,20.00
EXTERNAL - 24BL112302-AP,276,A51001 - Freight - Out - Expense (New),981,981,,,7/26/2025,"Jasfer Industry Co., Limited",137,24BL112302-AP,"Jasfer Industry Co., Limited - Import July 25 cogs for freight from SPS to Netsuite",Import July 25 cogs for freight from SPS to Netsuite,4.00,
EXTERNAL - 24BL112302-AP,276.5,,966,,A20001 - Accounts Payable Suppliers & Vendors (New),966,7/26/2025,"Jasfer Industry Co., Limited",137,24BL112302-AP,"Jasfer Industry Co., Limited - Import July 25 cogs for freight from SPS to Netsuite",Import July 25 cogs for freight from SPS to Netsuite,,4.00
EXTERNAL - 24JSF10045-AP,277,A51001 - Freight - Out - Expense (New),981,981,,,7/26/2025,"Jasfer Industry Co., Limited",137,24JSF10045-AP,"Jasfer Industry Co., Limited - Import July 25 cogs for freight from SPS to Netsuite",Import July 25 cogs for freight from SPS to Netsuite,174.50,
EXTERNAL - 24JSF10045-AP,277.5,,966,,A20001 - Accounts Payable Suppliers & Vendors (New),966,7/26/2025,"Jasfer Industry Co., Limited",137,24JSF10045-AP,"Jasfer Industry Co., Limited - Import July 25 cogs for freight from SPS to Netsuite",Import July 25 cogs for freight from SPS to Netsuite,,174.50
EXTERNAL - 24JSF11049-AP,278,A51001 - Freight - Out - Expense (New),981,981,,,7/26/2025,"Jasfer Industry Co., Limited",137,24JSF11049-AP,"Jasfer Industry Co., Limited - Import July 25 cogs for freight from SPS to Netsuite",Import July 25 cogs for freight from SPS to Netsuite,5.00,
EXTERNAL - 24JSF11049-AP,278.5,,966,,A20001 - Accounts Payable Suppliers & Vendors (New),966,7/26/2025,"Jasfer Industry Co., Limited",137,24JSF11049-AP,"Jasfer Industry Co., Limited - Import July 25 cogs for freight from SPS to Netsuite",Import July 25 cogs for freight from SPS to Netsuite,,5.00
EXTERNAL - 20250275-AP,279,A51001 - Freight - Out - Expense (New),981,981,,,7/26/2025,An Cuong Wood-Working,1542,20250275-AP,An Cuong Wood-Working - Import July 25 cogs for freight from SPS to Netsuite,Import July 25 cogs for freight from SPS to Netsuite,4223.45,
EXTERNAL - 20250275-AP,279.5,,966,,A20001 - Accounts Payable Suppliers & Vendors (New),966,7/26/2025,An Cuong Wood-Working,1542,20250275-AP,An Cuong Wood-Working - Import July 25 cogs for freight from SPS to Netsuite,Import July 25 cogs for freight from SPS to Netsuite,,4223.45
EXTERNAL - 24JS121801-AP,280,A51001 - Freight - Out - Expense (New),981,981,,,7/26/2025,"Jasfer Industry Co., Limited",137,24JS121801-AP,"Jasfer Industry Co., Limited - Import July 25 cogs for freight from SPS to Netsuite",Import July 25 cogs for freight from SPS to Netsuite,5.00,
EXTERNAL - 24JS121801-AP,280.5,,966,,A20001 - Accounts Payable Suppliers & Vendors (New),966,7/26/2025,"Jasfer Industry Co., Limited",137,24JS121801-AP,"Jasfer Industry Co., Limited - Import July 25 cogs for freight from SPS to Netsuite",Import July 25 cogs for freight from SPS to Netsuite,,5.00
EXTERNAL - 24BL120203-AP,281,A51001 - Freight - Out - Expense (New),981,981,,,7/26/2025,"Jasfer Industry Co., Limited",137,24BL120203-AP,"Jasfer Industry Co., Limited - Import July 25 cogs for freight from SPS to Netsuite",Import July 25 cogs for freight from SPS to Netsuite,5.00,
EXTERNAL - 24BL120203-AP,281.5,,966,,A20001 - Accounts Payable Suppliers & Vendors (New),966,7/26/2025,"Jasfer Industry Co., Limited",137,24BL120203-AP,"Jasfer Industry Co., Limited - Import July 25 cogs for freight from SPS to Netsuite",Import July 25 cogs for freight from SPS to Netsuite,,5.00
EXTERNAL - 24BL120508-AP,282,A51001 - Freight - Out - Expense (New),981,981,,,7/26/2025,"Jasfer Industry Co., Limited",137,24BL120508-AP,"Jasfer Industry Co., Limited - Import July 25 cogs for freight from SPS to Netsuite",Import July 25 cogs for freight from SPS to Netsuite,74.00,
EXTERNAL - 24BL120508-AP,282.5,,966,,A20001 - Accounts Payable Suppliers & Vendors (New),966,7/26/2025,"Jasfer Industry Co., Limited",137,24BL120508-AP,"Jasfer Industry Co., Limited - Import July 25 cogs for freight from SPS to Netsuite",Import July 25 cogs for freight from SPS to Netsuite,,74.00
EXTERNAL - 24JSF08064-AP,283,A51001 - Freight - Out - Expense (New),981,981,,,7/26/2025,"Jasfer Industry Co., Limited",137,24JSF08064-AP,"Jasfer Industry Co., Limited - Import July 25 cogs for freight from SPS to Netsuite",Import July 25 cogs for freight from SPS to Netsuite,20.00,
EXTERNAL - 24JSF08064-AP,283.5,,966,,A20001 - Accounts Payable Suppliers & Vendors (New),966,7/26/2025,"Jasfer Industry Co., Limited",137,24JSF08064-AP,"Jasfer Industry Co., Limited - Import July 25 cogs for freight from SPS to Netsuite",Import July 25 cogs for freight from SPS to Netsuite,,20.00
EXTERNAL - GV2024106-A-Balance-2-AP,284,A51001 - Freight - Out - Expense (New),981,981,,,7/26/2025,"Xiamen Deyuan Panmin Trading Co., LTD",1295,GV2024106-A-Balance-2-AP,"Xiamen Deyuan Panmin Trading Co., LTD - Import July 25 cogs for freight from SPS to Netsuite",Import July 25 cogs for freight from SPS to Netsuite,977.00,
EXTERNAL - GV2024106-A-Balance-2-AP,284.5,,966,,A20001 - Accounts Payable Suppliers & Vendors (New),966,7/26/2025,"Xiamen Deyuan Panmin Trading Co., LTD",1295,GV2024106-A-Balance-2-AP,"Xiamen Deyuan Panmin Trading Co., LTD - Import July 25 cogs for freight from SPS to Netsuite",Import July 25 cogs for freight from SPS to Netsuite,,977.00
EXTERNAL - 20250316-AP,285,A51001 - Freight - Out - Expense (New),981,981,,,7/26/2025,An Cuong Wood-Working,1542,20250316-AP,An Cuong Wood-Working - Import July 25 cogs for freight from SPS to Netsuite,Import July 25 cogs for freight from SPS to Netsuite,4897.73,
EXTERNAL - 20250316-AP,285.5,,966,,A20001 - Accounts Payable Suppliers & Vendors (New),966,7/26/2025,An Cuong Wood-Working,1542,20250316-AP,An Cuong Wood-Working - Import July 25 cogs for freight from SPS to Netsuite,Import July 25 cogs for freight from SPS to Netsuite,,4897.73
EXTERNAL - GV2025003-AP,286,A51001 - Freight - Out - Expense (New),981,981,,,7/26/2025,"Cambodian Zulite Stone Co., Ltd.",1237,GV2025003-AP,"Cambodian Zulite Stone Co., Ltd. - Import July 25 cogs for freight from SPS to Netsuite",Import July 25 cogs for freight from SPS to Netsuite,2299.97,
EXTERNAL - GV2025003-AP,286.5,,966,,A20001 - Accounts Payable Suppliers & Vendors (New),966,7/26/2025,"Cambodian Zulite Stone Co., Ltd.",1237,GV2025003-AP,"Cambodian Zulite Stone Co., Ltd. - Import July 25 cogs for freight from SPS to Netsuite",Import July 25 cogs for freight from SPS to Netsuite,,2299.97
EXTERNAL - GV2025002-AP,287,A51001 - Freight - Out - Expense (New),981,981,,,7/26/2025,"Cambodian Zulite Stone Co., Ltd.",1237,GV2025002-AP,"Cambodian Zulite Stone Co., Ltd. - Import July 25 cogs for freight from SPS to Netsuite",Import July 25 cogs for freight from SPS to Netsuite,6896.72,
EXTERNAL - GV2025002-AP,287.5,,966,,A20001 - Accounts Payable Suppliers & Vendors (New),966,7/26/2025,"Cambodian Zulite Stone Co., Ltd.",1237,GV2025002-AP,"Cambodian Zulite Stone Co., Ltd. - Import July 25 cogs for freight from SPS to Netsuite",Import July 25 cogs for freight from SPS to Netsuite,,6896.72
EXTERNAL - GV2025008-B-AP,288,A51001 - Freight - Out - Expense (New),981,981,,,7/26/2025,"Xiamen Deyuan Panmin Trading Co., LTD",1295,GV2025008-B-AP,"Xiamen Deyuan Panmin Trading Co., LTD - Import July 25 cogs for freight from SPS to Netsuite",Import July 25 cogs for freight from SPS to Netsuite,977.00,
EXTERNAL - GV2025008-B-AP,288.5,,966,,A20001 - Accounts Payable Suppliers & Vendors (New),966,7/26/2025,"Xiamen Deyuan Panmin Trading Co., LTD",1295,GV2025008-B-AP,"Xiamen Deyuan Panmin Trading Co., LTD - Import July 25 cogs for freight from SPS to Netsuite",Import July 25 cogs for freight from SPS to Netsuite,,977.00
EXTERNAL - GV2025009-B-AP,289,A51001 - Freight - Out - Expense (New),981,981,,,7/26/2025,"Xiamen Deyuan Panmin Trading Co., LTD",1295,GV2025009-B-AP,"Xiamen Deyuan Panmin Trading Co., LTD - Import July 25 cogs for freight from SPS to Netsuite",Import July 25 cogs for freight from SPS to Netsuite,977.00,
EXTERNAL - GV2025009-B-AP,289.5,,966,,A20001 - Accounts Payable Suppliers & Vendors (New),966,7/26/2025,"Xiamen Deyuan Panmin Trading Co., LTD",1295,GV2025009-B-AP,"Xiamen Deyuan Panmin Trading Co., LTD - Import July 25 cogs for freight from SPS to Netsuite",Import July 25 cogs for freight from SPS to Netsuite,,977.00
EXTERNAL - GV2025007-B-AP,290,A51001 - Freight - Out - Expense (New),981,981,,,7/26/2025,"Xiamen Deyuan Panmin Trading Co., LTD",1295,GV2025007-B-AP,"Xiamen Deyuan Panmin Trading Co., LTD - Import July 25 cogs for freight from SPS to Netsuite",Import July 25 cogs for freight from SPS to Netsuite,977.00,
EXTERNAL - GV2025007-B-AP,290.5,,966,,A20001 - Accounts Payable Suppliers & Vendors (New),966,7/26/2025,"Xiamen Deyuan Panmin Trading Co., LTD",1295,GV2025007-B-AP,"Xiamen Deyuan Panmin Trading Co., LTD - Import July 25 cogs for freight from SPS to Netsuite",Import July 25 cogs for freight from SPS to Netsuite,,977.00
EXTERNAL - INVOICE NO.:24JSF11061-AP,291,A51001 - Freight - Out - Expense (New),981,981,,,7/26/2025,"Jasfer Industry Co., Limited",137,INVOICE NO.:24JSF11061-AP,"Jasfer Industry Co., Limited - Import July 25 cogs for freight from SPS to Netsuite",Import July 25 cogs for freight from SPS to Netsuite,20.00,
EXTERNAL - INVOICE NO.:24JSF11061-AP,291.5,,966,,A20001 - Accounts Payable Suppliers & Vendors (New),966,7/26/2025,"Jasfer Industry Co., Limited",137,INVOICE NO.:24JSF11061-AP,"Jasfer Industry Co., Limited - Import July 25 cogs for freight from SPS to Netsuite",Import July 25 cogs for freight from SPS to Netsuite,,20.00
EXTERNAL - GV2025011-B-AP,292,A51001 - Freight - Out - Expense (New),981,981,,,7/26/2025,"Xiamen Deyuan Panmin Trading Co., LTD",1295,GV2025011-B-AP,"Xiamen Deyuan Panmin Trading Co., LTD - Import July 25 cogs for freight from SPS to Netsuite",Import July 25 cogs for freight from SPS to Netsuite,976.00,
EXTERNAL - GV2025011-B-AP,292.5,,966,,A20001 - Accounts Payable Suppliers & Vendors (New),966,7/26/2025,"Xiamen Deyuan Panmin Trading Co., LTD",1295,GV2025011-B-AP,"Xiamen Deyuan Panmin Trading Co., LTD - Import July 25 cogs for freight from SPS to Netsuite",Import July 25 cogs for freight from SPS to Netsuite,,976.00
EXTERNAL - GV2025010-B-AP,293,A51001 - Freight - Out - Expense (New),981,981,,,7/26/2025,"Xiamen Deyuan Panmin Trading Co., LTD",1295,GV2025010-B-AP,"Xiamen Deyuan Panmin Trading Co., LTD - Import July 25 cogs for freight from SPS to Netsuite",Import July 25 cogs for freight from SPS to Netsuite,976.00,
EXTERNAL - GV2025010-B-AP,293.5,,966,,A20001 - Accounts Payable Suppliers & Vendors (New),966,7/26/2025,"Xiamen Deyuan Panmin Trading Co., LTD",1295,GV2025010-B-AP,"Xiamen Deyuan Panmin Trading Co., LTD - Import July 25 cogs for freight from SPS to Netsuite",Import July 25 cogs for freight from SPS to Netsuite,,976.00
EXTERNAL - 23JS120909-AP,294,A51001 - Freight - Out - Expense (New),981,981,,,7/28/2025,"Jasfer Industry Co., Limited",137,23JS120909-AP,"Jasfer Industry Co., Limited - Import July 25 cogs for freight from SPS to Netsuite",Import July 25 cogs for freight from SPS to Netsuite,90.00,
EXTERNAL - 23JS120909-AP,294.5,,966,,A20001 - Accounts Payable Suppliers & Vendors (New),966,7/28/2025,"Jasfer Industry Co., Limited",137,23JS120909-AP,"Jasfer Industry Co., Limited - Import July 25 cogs for freight from SPS to Netsuite",Import July 25 cogs for freight from SPS to Netsuite,,90.00
EXTERNAL - 24BL040204-AP,295,A51001 - Freight - Out - Expense (New),981,981,,,7/28/2025,"Jasfer Industry Co., Limited",137,24BL040204-AP,"Jasfer Industry Co., Limited - Import July 25 cogs for freight from SPS to Netsuite",Import July 25 cogs for freight from SPS to Netsuite,40.00,
EXTERNAL - 24BL040204-AP,295.5,,966,,A20001 - Accounts Payable Suppliers & Vendors (New),966,7/28/2025,"Jasfer Industry Co., Limited",137,24BL040204-AP,"Jasfer Industry Co., Limited - Import July 25 cogs for freight from SPS to Netsuite",Import July 25 cogs for freight from SPS to Netsuite,,40.00
EXTERNAL - 24BL051705-AP,296,A51001 - Freight - Out - Expense (New),981,981,,,7/28/2025,"Jasfer Industry Co., Limited",137,24BL051705-AP,"Jasfer Industry Co., Limited - Import July 25 cogs for freight from SPS to Netsuite",Import July 25 cogs for freight from SPS to Netsuite,69.00,
EXTERNAL - 24BL051705-AP,296.5,,966,,A20001 - Accounts Payable Suppliers & Vendors (New),966,7/28/2025,"Jasfer Industry Co., Limited",137,24BL051705-AP,"Jasfer Industry Co., Limited - Import July 25 cogs for freight from SPS to Netsuite",Import July 25 cogs for freight from SPS to Netsuite,,69.00
EXTERNAL - 24RT060101-AP,297,A51001 - Freight - Out - Expense (New),981,981,,,7/28/2025,"Jasfer Industry Co., Limited",137,24RT060101-AP,"Jasfer Industry Co., Limited - Import July 25 cogs for freight from SPS to Netsuite",Import July 25 cogs for freight from SPS to Netsuite,87.00,
EXTERNAL - 24RT060101-AP,297.5,,966,,A20001 - Accounts Payable Suppliers & Vendors (New),966,7/28/2025,"Jasfer Industry Co., Limited",137,24RT060101-AP,"Jasfer Industry Co., Limited - Import July 25 cogs for freight from SPS to Netsuite",Import July 25 cogs for freight from SPS to Netsuite,,87.00
EXTERNAL - WHGV2408-1-AP,298,A51001 - Freight - Out - Expense (New),981,981,,,7/28/2025,"Jasfer Industry Co., Limited",137,WHGV2408-1-AP,"Jasfer Industry Co., Limited - Import July 25 cogs for freight from SPS to Netsuite",Import July 25 cogs for freight from SPS to Netsuite,87.00,
EXTERNAL - WHGV2408-1-AP,298.5,,966,,A20001 - Accounts Payable Suppliers & Vendors (New),966,7/28/2025,"Jasfer Industry Co., Limited",137,WHGV2408-1-AP,"Jasfer Industry Co., Limited - Import July 25 cogs for freight from SPS to Netsuite",Import July 25 cogs for freight from SPS to Netsuite,,87.00
EXTERNAL - 24JSF09005-AP,299,A51001 - Freight - Out - Expense (New),981,981,,,7/28/2025,"Jasfer Industry Co., Limited",137,24JSF09005-AP,"Jasfer Industry Co., Limited - Import July 25 cogs for freight from SPS to Netsuite",Import July 25 cogs for freight from SPS to Netsuite,65.00,
EXTERNAL - 24JSF09005-AP,299.5,,966,,A20001 - Accounts Payable Suppliers & Vendors (New),966,7/28/2025,"Jasfer Industry Co., Limited",137,24JSF09005-AP,"Jasfer Industry Co., Limited - Import July 25 cogs for freight from SPS to Netsuite",Import July 25 cogs for freight from SPS to Netsuite,,65.00
EXTERNAL - 24JS081306-AP,300,A51001 - Freight - Out - Expense (New),981,981,,,7/28/2025,"Jasfer Industry Co., Limited",137,24JS081306-AP,"Jasfer Industry Co., Limited - Import July 25 cogs for freight from SPS to Netsuite",Import July 25 cogs for freight from SPS to Netsuite,87.00,
EXTERNAL - 24JS081306-AP,300.5,,966,,A20001 - Accounts Payable Suppliers & Vendors (New),966,7/28/2025,"Jasfer Industry Co., Limited",137,24JS081306-AP,"Jasfer Industry Co., Limited - Import July 25 cogs for freight from SPS to Netsuite",Import July 25 cogs for freight from SPS to Netsuite,,87.00
EXTERNAL - 24JS081305-AP,301,A51001 - Freight - Out - Expense (New),981,981,,,7/28/2025,"Jasfer Industry Co., Limited",137,24JS081305-AP,"Jasfer Industry Co., Limited - Import July 25 cogs for freight from SPS to Netsuite",Import July 25 cogs for freight from SPS to Netsuite,87.00,
EXTERNAL - 24JS081305-AP,301.5,,966,,A20001 - Accounts Payable Suppliers & Vendors (New),966,7/28/2025,"Jasfer Industry Co., Limited",137,24JS081305-AP,"Jasfer Industry Co., Limited - Import July 25 cogs for freight from SPS to Netsuite",Import July 25 cogs for freight from SPS to Netsuite,,87.00
EXTERNAL - 24JSF06014-AP,302,A51001 - Freight - Out - Expense (New),981,981,,,7/28/2025,"Jasfer Industry Co., Limited",137,24JSF06014-AP,"Jasfer Industry Co., Limited - Import July 25 cogs for freight from SPS to Netsuite",Import July 25 cogs for freight from SPS to Netsuite,64.00,
EXTERNAL - 24JSF06014-AP,302.5,,966,,A20001 - Accounts Payable Suppliers & Vendors (New),966,7/28/2025,"Jasfer Industry Co., Limited",137,24JSF06014-AP,"Jasfer Industry Co., Limited - Import July 25 cogs for freight from SPS to Netsuite",Import July 25 cogs for freight from SPS to Netsuite,,64.00
EXTERNAL - 20242912-AP,303,A51001 - Freight - Out - Expense (New),981,981,,,7/28/2025,"Jasfer Industry Co., Limited",137,20242912-AP,"Jasfer Industry Co., Limited - Import July 25 cogs for freight from SPS to Netsuite",Import July 25 cogs for freight from SPS to Netsuite,67.00,
EXTERNAL - 20242912-AP,303.5,,966,,A20001 - Accounts Payable Suppliers & Vendors (New),966,7/28/2025,"Jasfer Industry Co., Limited",137,20242912-AP,"Jasfer Industry Co., Limited - Import July 25 cogs for freight from SPS to Netsuite",Import July 25 cogs for freight from SPS to Netsuite,,67.00
EXTERNAL - 24JS081301-AP,304,A51001 - Freight - Out - Expense (New),981,981,,,7/28/2025,"Jasfer Industry Co., Limited",137,24JS081301-AP,"Jasfer Industry Co., Limited - Import July 25 cogs for freight from SPS to Netsuite",Import July 25 cogs for freight from SPS to Netsuite,87.00,
EXTERNAL - 24JS081301-AP,304.5,,966,,A20001 - Accounts Payable Suppliers & Vendors (New),966,7/28/2025,"Jasfer Industry Co., Limited",137,24JS081301-AP,"Jasfer Industry Co., Limited - Import July 25 cogs for freight from SPS to Netsuite",Import July 25 cogs for freight from SPS to Netsuite,,87.00
EXTERNAL - 24RT091801-AP,305,A51001 - Freight - Out - Expense (New),981,981,,,7/28/2025,"Jasfer Industry Co., Limited",137,24RT091801-AP,"Jasfer Industry Co., Limited - Import July 25 cogs for freight from SPS to Netsuite",Import July 25 cogs for freight from SPS to Netsuite,87.00,
EXTERNAL - 24RT091801-AP,305.5,,966,,A20001 - Accounts Payable Suppliers & Vendors (New),966,7/28/2025,"Jasfer Industry Co., Limited",137,24RT091801-AP,"Jasfer Industry Co., Limited - Import July 25 cogs for freight from SPS to Netsuite",Import July 25 cogs for freight from SPS to Netsuite,,87.00
EXTERNAL - SR411-11-AP,306,A51001 - Freight - Out - Expense (New),981,981,,,7/28/2025,Richwood Hospitality Co. LTD,1285,SR411-11-AP,Richwood Hospitality Co. LTD - Import July 25 cogs for freight from SPS to Netsuite,Import July 25 cogs for freight from SPS to Netsuite,234.00,
EXTERNAL - SR411-11-AP,306.5,,966,,A20001 - Accounts Payable Suppliers & Vendors (New),966,7/28/2025,Richwood Hospitality Co. LTD,1285,SR411-11-AP,Richwood Hospitality Co. LTD - Import July 25 cogs for freight from SPS to Netsuite,Import July 25 cogs for freight from SPS to Netsuite,,234.00
"EXTERNAL - SR350-8,SR350-6,SR382-4,ctnr4,-AP",307,A51001 - Freight - Out - Expense (New),981,981,,,7/28/2025,Richwood Hospitality Co. LTD,1285,"SR350-8,SR350-6,SR382-4,ctnr4,-AP",Richwood Hospitality Co. LTD - Import July 25 cogs for freight from SPS to Netsuite,Import July 25 cogs for freight from SPS to Netsuite,2220.00,
"EXTERNAL - SR350-8,SR350-6,SR382-4,ctnr4,-AP",307.5,,966,,A20001 - Accounts Payable Suppliers & Vendors (New),966,7/28/2025,Richwood Hospitality Co. LTD,1285,"SR350-8,SR350-6,SR382-4,ctnr4,-AP",Richwood Hospitality Co. LTD - Import July 25 cogs for freight from SPS to Netsuite,Import July 25 cogs for freight from SPS to Netsuite,,2220.00
"EXTERNAL - SR350-8,SR350-6,SR297-12,SR297-13,ctnr1,2,3-AP",308,A51001 - Freight - Out - Expense (New),981,981,,,7/28/2025,Richwood Hospitality Co. LTD,1285,"SR350-8,SR350-6,SR297-12,SR297-13,ctnr1,2,3-AP",Richwood Hospitality Co. LTD - Import July 25 cogs for freight from SPS to Netsuite,Import July 25 cogs for freight from SPS to Netsuite,2790.00,
"EXTERNAL - SR350-8,SR350-6,SR297-12,SR297-13,ctnr1,2,3-AP",308.5,,966,,A20001 - Accounts Payable Suppliers & Vendors (New),966,7/28/2025,Richwood Hospitality Co. LTD,1285,"SR350-8,SR350-6,SR297-12,SR297-13,ctnr1,2,3-AP",Richwood Hospitality Co. LTD - Import July 25 cogs for freight from SPS to Netsuite,Import July 25 cogs for freight from SPS to Netsuite,,2790.00
EXTERNAL - 24JS090404-AP,309,A51001 - Freight - Out - Expense (New),981,981,,,7/28/2025,"Jasfer Industry Co., Limited",137,24JS090404-AP,"Jasfer Industry Co., Limited - Import July 25 cogs for freight from SPS to Netsuite",Import July 25 cogs for freight from SPS to Netsuite,90.00,
EXTERNAL - 24JS090404-AP,309.5,,966,,A20001 - Accounts Payable Suppliers & Vendors (New),966,7/28/2025,"Jasfer Industry Co., Limited",137,24JS090404-AP,"Jasfer Industry Co., Limited - Import July 25 cogs for freight from SPS to Netsuite",Import July 25 cogs for freight from SPS to Netsuite,,90.00
EXTERNAL - 24JSF08007-AP,310,A51001 - Freight - Out - Expense (New),981,981,,,7/28/2025,"Jasfer Industry Co., Limited",137,24JSF08007-AP,"Jasfer Industry Co., Limited - Import July 25 cogs for freight from SPS to Netsuite",Import July 25 cogs for freight from SPS to Netsuite,64.00,
EXTERNAL - 24JSF08007-AP,310.5,,966,,A20001 - Accounts Payable Suppliers & Vendors (New),966,7/28/2025,"Jasfer Industry Co., Limited",137,24JSF08007-AP,"Jasfer Industry Co., Limited - Import July 25 cogs for freight from SPS to Netsuite",Import July 25 cogs for freight from SPS to Netsuite,,64.00
EXTERNAL - 24BL073001-AP,311,A51001 - Freight - Out - Expense (New),981,981,,,7/28/2025,"Jasfer Industry Co., Limited",137,24BL073001-AP,"Jasfer Industry Co., Limited - Import July 25 cogs for freight from SPS to Netsuite",Import July 25 cogs for freight from SPS to Netsuite,214.00,
EXTERNAL - 24BL073001-AP,311.5,,966,,A20001 - Accounts Payable Suppliers & Vendors (New),966,7/28/2025,"Jasfer Industry Co., Limited",137,24BL073001-AP,"Jasfer Industry Co., Limited - Import July 25 cogs for freight from SPS to Netsuite",Import July 25 cogs for freight from SPS to Netsuite,,214.00
EXTERNAL - EXP2024000000498-AP,312,A51001 - Freight - Out - Expense (New),981,981,,,7/28/2025,Papatya,1333,EXP2024000000498-AP,Papatya - Import July 25 cogs for freight from SPS to Netsuite,Import July 25 cogs for freight from SPS to Netsuite,650.00,
EXTERNAL - EXP2024000000498-AP,312.5,,966,,A20001 - Accounts Payable Suppliers & Vendors (New),966,7/28/2025,Papatya,1333,EXP2024000000498-AP,Papatya - Import July 25 cogs for freight from SPS to Netsuite,Import July 25 cogs for freight from SPS to Netsuite,,650.00
EXTERNAL - :24JS083101-AP,313,A51001 - Freight - Out - Expense (New),981,981,,,7/28/2025,"Jasfer Industry Co., Limited",137,:24JS083101-AP,"Jasfer Industry Co., Limited - Import July 25 cogs for freight from SPS to Netsuite",Import July 25 cogs for freight from SPS to Netsuite,90.00,
EXTERNAL - :24JS083101-AP,313.5,,966,,A20001 - Accounts Payable Suppliers & Vendors (New),966,7/28/2025,"Jasfer Industry Co., Limited",137,:24JS083101-AP,"Jasfer Industry Co., Limited - Import July 25 cogs for freight from SPS to Netsuite",Import July 25 cogs for freight from SPS to Netsuite,,90.00
EXTERNAL - 24JSF05018-AP,314,A51001 - Freight - Out - Expense (New),981,981,,,7/28/2025,"Jasfer Industry Co., Limited",137,24JSF05018-AP,"Jasfer Industry Co., Limited - Import July 25 cogs for freight from SPS to Netsuite",Import July 25 cogs for freight from SPS to Netsuite,65.00,
EXTERNAL - 24JSF05018-AP,314.5,,966,,A20001 - Accounts Payable Suppliers & Vendors (New),966,7/28/2025,"Jasfer Industry Co., Limited",137,24JSF05018-AP,"Jasfer Industry Co., Limited - Import July 25 cogs for freight from SPS to Netsuite",Import July 25 cogs for freight from SPS to Netsuite,,65.00
EXTERNAL - 24JSF08059-AP,315,A51001 - Freight - Out - Expense (New),981,981,,,7/28/2025,"Jasfer Industry Co., Limited",137,24JSF08059-AP,"Jasfer Industry Co., Limited - Import July 25 cogs for freight from SPS to Netsuite",Import July 25 cogs for freight from SPS to Netsuite,65.00,
EXTERNAL - 24JSF08059-AP,315.5,,966,,A20001 - Accounts Payable Suppliers & Vendors (New),966,7/28/2025,"Jasfer Industry Co., Limited",137,24JSF08059-AP,"Jasfer Industry Co., Limited - Import July 25 cogs for freight from SPS to Netsuite",Import July 25 cogs for freight from SPS to Netsuite,,65.00
EXTERNAL - 24BL091202-AP,316,A51001 - Freight - Out - Expense (New),981,981,,,7/28/2025,"Jasfer Industry Co., Limited",137,24BL091202-AP,"Jasfer Industry Co., Limited - Import July 25 cogs for freight from SPS to Netsuite",Import July 25 cogs for freight from SPS to Netsuite,107.00,
EXTERNAL - 24BL091202-AP,316.5,,966,,A20001 - Accounts Payable Suppliers & Vendors (New),966,7/28/2025,"Jasfer Industry Co., Limited",137,24BL091202-AP,"Jasfer Industry Co., Limited - Import July 25 cogs for freight from SPS to Netsuite",Import July 25 cogs for freight from SPS to Netsuite,,107.00
EXTERNAL - 24JSF09045-AP,317,A51001 - Freight - Out - Expense (New),981,981,,,7/28/2025,"Jasfer Industry Co., Limited",137,24JSF09045-AP,"Jasfer Industry Co., Limited - Import July 25 cogs for freight from SPS to Netsuite",Import July 25 cogs for freight from SPS to Netsuite,218.00,
EXTERNAL - 24JSF09045-AP,317.5,,966,,A20001 - Accounts Payable Suppliers & Vendors (New),966,7/28/2025,"Jasfer Industry Co., Limited",137,24JSF09045-AP,"Jasfer Industry Co., Limited - Import July 25 cogs for freight from SPS to Netsuite",Import July 25 cogs for freight from SPS to Netsuite,,218.00
EXTERNAL - 24JS092501-AP,318,A51001 - Freight - Out - Expense (New),981,981,,,7/28/2025,"Jasfer Industry Co., Limited",137,24JS092501-AP,"Jasfer Industry Co., Limited - Import July 25 cogs for freight from SPS to Netsuite",Import July 25 cogs for freight from SPS to Netsuite,218.00,
EXTERNAL - 24JS092501-AP,318.5,,966,,A20001 - Accounts Payable Suppliers & Vendors (New),966,7/28/2025,"Jasfer Industry Co., Limited",137,24JS092501-AP,"Jasfer Industry Co., Limited - Import July 25 cogs for freight from SPS to Netsuite",Import July 25 cogs for freight from SPS to Netsuite,,218.00
EXTERNAL - 266/VE-AP,319,A51001 - Freight - Out - Expense (New),981,981,,,7/28/2025,MirageGranitoCeramico S.p.A,173,266/VE-AP,MirageGranitoCeramico S.p.A - Import July 25 cogs for freight from SPS to Netsuite,Import July 25 cogs for freight from SPS to Netsuite,541.00,
EXTERNAL - 266/VE-AP,319.5,,966,,A20001 - Accounts Payable Suppliers & Vendors (New),966,7/28/2025,MirageGranitoCeramico S.p.A,173,266/VE-AP,MirageGranitoCeramico S.p.A - Import July 25 cogs for freight from SPS to Netsuite,Import July 25 cogs for freight from SPS to Netsuite,,541.00
EXTERNAL - 24JSF10040-AP,320,A51001 - Freight - Out - Expense (New),981,981,,,7/28/2025,"Jasfer Industry Co., Limited",137,24JSF10040-AP,"Jasfer Industry Co., Limited - Import July 25 cogs for freight from SPS to Netsuite",Import July 25 cogs for freight from SPS to Netsuite,64.00,
EXTERNAL - 24JSF10040-AP,320.5,,966,,A20001 - Accounts Payable Suppliers & Vendors (New),966,7/28/2025,"Jasfer Industry Co., Limited",137,24JSF10040-AP,"Jasfer Industry Co., Limited - Import July 25 cogs for freight from SPS to Netsuite",Import July 25 cogs for freight from SPS to Netsuite,,64.00
EXTERNAL - 24JS101604-AP,321,A51001 - Freight - Out - Expense (New),981,981,,,7/28/2025,"Jasfer Industry Co., Limited",137,24JS101604-AP,"Jasfer Industry Co., Limited - Import July 25 cogs for freight from SPS to Netsuite",Import July 25 cogs for freight from SPS to Netsuite,69.00,
EXTERNAL - 24JS101604-AP,321.5,,966,,A20001 - Accounts Payable Suppliers & Vendors (New),966,7/28/2025,"Jasfer Industry Co., Limited",137,24JS101604-AP,"Jasfer Industry Co., Limited - Import July 25 cogs for freight from SPS to Netsuite",Import July 25 cogs for freight from SPS to Netsuite,,69.00
EXTERNAL - 24BL100801-AP,322,A51001 - Freight - Out - Expense (New),981,981,,,7/28/2025,"Jasfer Industry Co., Limited",137,24BL100801-AP,"Jasfer Industry Co., Limited - Import July 25 cogs for freight from SPS to Netsuite",Import July 25 cogs for freight from SPS to Netsuite,108.00,
EXTERNAL - 24BL100801-AP,322.5,,966,,A20001 - Accounts Payable Suppliers & Vendors (New),966,7/28/2025,"Jasfer Industry Co., Limited",137,24BL100801-AP,"Jasfer Industry Co., Limited - Import July 25 cogs for freight from SPS to Netsuite",Import July 25 cogs for freight from SPS to Netsuite,,108.00
EXTERNAL - 24JS101606-AP,323,A51001 - Freight - Out - Expense (New),981,981,,,7/28/2025,"Jasfer Industry Co., Limited",137,24JS101606-AP,"Jasfer Industry Co., Limited - Import July 25 cogs for freight from SPS to Netsuite",Import July 25 cogs for freight from SPS to Netsuite,229.00,
EXTERNAL - 24JS101606-AP,323.5,,966,,A20001 - Accounts Payable Suppliers & Vendors (New),966,7/28/2025,"Jasfer Industry Co., Limited",137,24JS101606-AP,"Jasfer Industry Co., Limited - Import July 25 cogs for freight from SPS to Netsuite",Import July 25 cogs for freight from SPS to Netsuite,,229.00
EXTERNAL - 24BL102512-AP,324,A51001 - Freight - Out - Expense (New),981,981,,,7/28/2025,"Jasfer Industry Co., Limited",137,24BL102512-AP,"Jasfer Industry Co., Limited - Import July 25 cogs for freight from SPS to Netsuite",Import July 25 cogs for freight from SPS to Netsuite,69.00,
EXTERNAL - 24BL102512-AP,324.5,,966,,A20001 - Accounts Payable Suppliers & Vendors (New),966,7/28/2025,"Jasfer Industry Co., Limited",137,24BL102512-AP,"Jasfer Industry Co., Limited - Import July 25 cogs for freight from SPS to Netsuite",Import July 25 cogs for freight from SPS to Netsuite,,69.00
EXTERNAL - 24JSF08047-AP,325,A51001 - Freight - Out - Expense (New),981,981,,,7/28/2025,"Jasfer Industry Co., Limited",137,24JSF08047-AP,"Jasfer Industry Co., Limited - Import July 25 cogs for freight from SPS to Netsuite",Import July 25 cogs for freight from SPS to Netsuite,65.00,
EXTERNAL - 24JSF08047-AP,325.5,,966,,A20001 - Accounts Payable Suppliers & Vendors (New),966,7/28/2025,"Jasfer Industry Co., Limited",137,24JSF08047-AP,"Jasfer Industry Co., Limited - Import July 25 cogs for freight from SPS to Netsuite",Import July 25 cogs for freight from SPS to Netsuite,,65.00
EXTERNAL - 24JS101909-AP,326,A51001 - Freight - Out - Expense (New),981,981,,,7/28/2025,"Jasfer Industry Co., Limited",137,24JS101909-AP,"Jasfer Industry Co., Limited - Import July 25 cogs for freight from SPS to Netsuite",Import July 25 cogs for freight from SPS to Netsuite,87.00,
EXTERNAL - 24JS101909-AP,326.5,,966,,A20001 - Accounts Payable Suppliers & Vendors (New),966,7/28/2025,"Jasfer Industry Co., Limited",137,24JS101909-AP,"Jasfer Industry Co., Limited - Import July 25 cogs for freight from SPS to Netsuite",Import July 25 cogs for freight from SPS to Netsuite,,87.00
EXTERNAL - PI-25AG329GRV-V-AP,327,A51001 - Freight - Out - Expense (New),981,981,,,7/28/2025,"Jasfer Industry Co., Limited",137,PI-25AG329GRV-V-AP,"Jasfer Industry Co., Limited - Import July 25 cogs for freight from SPS to Netsuite",Import July 25 cogs for freight from SPS to Netsuite,2640.00,
EXTERNAL - PI-25AG329GRV-V-AP,327.5,,966,,A20001 - Accounts Payable Suppliers & Vendors (New),966,7/28/2025,"Jasfer Industry Co., Limited",137,PI-25AG329GRV-V-AP,"Jasfer Industry Co., Limited - Import July 25 cogs for freight from SPS to Netsuite",Import July 25 cogs for freight from SPS to Netsuite,,2640.00
EXTERNAL - 24JS100904-AP,328,A51001 - Freight - Out - Expense (New),981,981,,,7/28/2025,"Jasfer Industry Co., Limited",137,24JS100904-AP,"Jasfer Industry Co., Limited - Import July 25 cogs for freight from SPS to Netsuite",Import July 25 cogs for freight from SPS to Netsuite,218.00,
EXTERNAL - 24JS100904-AP,328.5,,966,,A20001 - Accounts Payable Suppliers & Vendors (New),966,7/28/2025,"Jasfer Industry Co., Limited",137,24JS100904-AP,"Jasfer Industry Co., Limited - Import July 25 cogs for freight from SPS to Netsuite",Import July 25 cogs for freight from SPS to Netsuite,,218.00
EXTERNAL - SR407-5-AP,329,A51001 - Freight - Out - Expense (New),981,981,,,7/28/2025,Richwood Hospitality Co. LTD,1285,SR407-5-AP,Richwood Hospitality Co. LTD - Import July 25 cogs for freight from SPS to Netsuite,Import July 25 cogs for freight from SPS to Netsuite,234.00,
EXTERNAL - SR407-5-AP,329.5,,966,,A20001 - Accounts Payable Suppliers & Vendors (New),966,7/28/2025,Richwood Hospitality Co. LTD,1285,SR407-5-AP,Richwood Hospitality Co. LTD - Import July 25 cogs for freight from SPS to Netsuite,Import July 25 cogs for freight from SPS to Netsuite,,234.00
EXTERNAL - 24AR100901-AP,330,A51001 - Freight - Out - Expense (New),981,981,,,7/28/2025,"Jasfer Industry Co., Limited",137,24AR100901-AP,"Jasfer Industry Co., Limited - Import July 25 cogs for freight from SPS to Netsuite",Import July 25 cogs for freight from SPS to Netsuite,1320.00,
EXTERNAL - 24AR100901-AP,330.5,,966,,A20001 - Accounts Payable Suppliers & Vendors (New),966,7/28/2025,"Jasfer Industry Co., Limited",137,24AR100901-AP,"Jasfer Industry Co., Limited - Import July 25 cogs for freight from SPS to Netsuite",Import July 25 cogs for freight from SPS to Netsuite,,1320.00
EXTERNAL - 24JSF07074-AP,331,A51001 - Freight - Out - Expense (New),981,981,,,7/28/2025,"Jasfer Industry Co., Limited",137,24JSF07074-AP,"Jasfer Industry Co., Limited - Import July 25 cogs for freight from SPS to Netsuite",Import July 25 cogs for freight from SPS to Netsuite,64.00,
EXTERNAL - 24JSF07074-AP,331.5,,966,,A20001 - Accounts Payable Suppliers & Vendors (New),966,7/28/2025,"Jasfer Industry Co., Limited",137,24JSF07074-AP,"Jasfer Industry Co., Limited - Import July 25 cogs for freight from SPS to Netsuite",Import July 25 cogs for freight from SPS to Netsuite,,64.00
EXTERNAL - 24ISF10034-AP,332,A51001 - Freight - Out - Expense (New),981,981,,,7/28/2025,"Jasfer Industry Co., Limited",137,24ISF10034-AP,"Jasfer Industry Co., Limited - Import July 25 cogs for freight from SPS to Netsuite",Import July 25 cogs for freight from SPS to Netsuite,258.00,
EXTERNAL - 24ISF10034-AP,332.5,,966,,A20001 - Accounts Payable Suppliers & Vendors (New),966,7/28/2025,"Jasfer Industry Co., Limited",137,24ISF10034-AP,"Jasfer Industry Co., Limited - Import July 25 cogs for freight from SPS to Netsuite",Import July 25 cogs for freight from SPS to Netsuite,,258.00
EXTERNAL - 24JSF09052-AP,333,A51001 - Freight - Out - Expense (New),981,981,,,7/28/2025,"Jasfer Industry Co., Limited",137,24JSF09052-AP,"Jasfer Industry Co., Limited - Import July 25 cogs for freight from SPS to Netsuite",Import July 25 cogs for freight from SPS to Netsuite,65.00,
EXTERNAL - 24JSF09052-AP,333.5,,966,,A20001 - Accounts Payable Suppliers & Vendors (New),966,7/28/2025,"Jasfer Industry Co., Limited",137,24JSF09052-AP,"Jasfer Industry Co., Limited - Import July 25 cogs for freight from SPS to Netsuite",Import July 25 cogs for freight from SPS to Netsuite,,65.00
EXTERNAL - SR253-3-AP,334,A51001 - Freight - Out - Expense (New),981,981,,,7/28/2025,Richwood Hospitality Co. LTD,1285,SR253-3-AP,Richwood Hospitality Co. LTD - Import July 25 cogs for freight from SPS to Netsuite,Import July 25 cogs for freight from SPS to Netsuite,234.00,
EXTERNAL - SR253-3-AP,334.5,,966,,A20001 - Accounts Payable Suppliers & Vendors (New),966,7/28/2025,Richwood Hospitality Co. LTD,1285,SR253-3-AP,Richwood Hospitality Co. LTD - Import July 25 cogs for freight from SPS to Netsuite,Import July 25 cogs for freight from SPS to Netsuite,,234.00
EXTERNAL - SR253-9-AP,335,A51001 - Freight - Out - Expense (New),981,981,,,7/28/2025,Richwood Hospitality Co. LTD,1285,SR253-9-AP,Richwood Hospitality Co. LTD - Import July 25 cogs for freight from SPS to Netsuite,Import July 25 cogs for freight from SPS to Netsuite,234.00,
EXTERNAL - SR253-9-AP,335.5,,966,,A20001 - Accounts Payable Suppliers & Vendors (New),966,7/28/2025,Richwood Hospitality Co. LTD,1285,SR253-9-AP,Richwood Hospitality Co. LTD - Import July 25 cogs for freight from SPS to Netsuite,Import July 25 cogs for freight from SPS to Netsuite,,234.00
EXTERNAL - 24JS102401-AP,336,A51001 - Freight - Out - Expense (New),981,981,,,7/28/2025,"Jasfer Industry Co., Limited",137,24JS102401-AP,"Jasfer Industry Co., Limited - Import July 25 cogs for freight from SPS to Netsuite",Import July 25 cogs for freight from SPS to Netsuite,87.00,
EXTERNAL - 24JS102401-AP,336.5,,966,,A20001 - Accounts Payable Suppliers & Vendors (New),966,7/28/2025,"Jasfer Industry Co., Limited",137,24JS102401-AP,"Jasfer Industry Co., Limited - Import July 25 cogs for freight from SPS to Netsuite",Import July 25 cogs for freight from SPS to Netsuite,,87.00
EXTERNAL - 24JSF07018-AP,337,A51001 - Freight - Out - Expense (New),981,981,,,7/28/2025,"Jasfer Industry Co., Limited",137,24JSF07018-AP,"Jasfer Industry Co., Limited - Import July 25 cogs for freight from SPS to Netsuite",Import July 25 cogs for freight from SPS to Netsuite,292.00,
EXTERNAL - 24JSF07018-AP,337.5,,966,,A20001 - Accounts Payable Suppliers & Vendors (New),966,7/28/2025,"Jasfer Industry Co., Limited",137,24JSF07018-AP,"Jasfer Industry Co., Limited - Import July 25 cogs for freight from SPS to Netsuite",Import July 25 cogs for freight from SPS to Netsuite,,292.00
"EXTERNAL - SR382-4,ctnr1,2,3-AP",338,A51001 - Freight - Out - Expense (New),981,981,,,7/28/2025,Richwood Hospitality Co. LTD,1285,"SR382-4,ctnr1,2,3-AP",Richwood Hospitality Co. LTD - Import July 25 cogs for freight from SPS to Netsuite,Import July 25 cogs for freight from SPS to Netsuite,3230.00,
"EXTERNAL - SR382-4,ctnr1,2,3-AP",338.5,,966,,A20001 - Accounts Payable Suppliers & Vendors (New),966,7/28/2025,Richwood Hospitality Co. LTD,1285,"SR382-4,ctnr1,2,3-AP",Richwood Hospitality Co. LTD - Import July 25 cogs for freight from SPS to Netsuite,Import July 25 cogs for freight from SPS to Netsuite,,3230.00
EXTERNAL - 24BL101801-AP,339,A51001 - Freight - Out - Expense (New),981,981,,,7/28/2025,"Jasfer Industry Co., Limited",137,24BL101801-AP,"Jasfer Industry Co., Limited - Import July 25 cogs for freight from SPS to Netsuite",Import July 25 cogs for freight from SPS to Netsuite,69.00,
EXTERNAL - 24BL101801-AP,339.5,,966,,A20001 - Accounts Payable Suppliers & Vendors (New),966,7/28/2025,"Jasfer Industry Co., Limited",137,24BL101801-AP,"Jasfer Industry Co., Limited - Import July 25 cogs for freight from SPS to Netsuite",Import July 25 cogs for freight from SPS to Netsuite,,69.00
EXTERNAL - 24JSF07051-AP,340,A51001 - Freight - Out - Expense (New),981,981,,,7/28/2025,"Jasfer Industry Co., Limited",137,24JSF07051-AP,"Jasfer Industry Co., Limited - Import July 25 cogs for freight from SPS to Netsuite",Import July 25 cogs for freight from SPS to Netsuite,422.00,
EXTERNAL - 24JSF07051-AP,340.5,,966,,A20001 - Accounts Payable Suppliers & Vendors (New),966,7/28/2025,"Jasfer Industry Co., Limited",137,24JSF07051-AP,"Jasfer Industry Co., Limited - Import July 25 cogs for freight from SPS to Netsuite",Import July 25 cogs for freight from SPS to Netsuite,,422.00
"EXTERNAL - SR407-12,ctnr9-AP",341,A51001 - Freight - Out - Expense (New),981,981,,,7/28/2025,Richwood Hospitality Co. LTD,1285,"SR407-12,ctnr9-AP",Richwood Hospitality Co. LTD - Import July 25 cogs for freight from SPS to Netsuite,Import July 25 cogs for freight from SPS to Netsuite,234.00,
"EXTERNAL - SR407-12,ctnr9-AP",341.5,,966,,A20001 - Accounts Payable Suppliers & Vendors (New),966,7/28/2025,Richwood Hospitality Co. LTD,1285,"SR407-12,ctnr9-AP",Richwood Hospitality Co. LTD - Import July 25 cogs for freight from SPS to Netsuite,Import July 25 cogs for freight from SPS to Netsuite,,234.00
EXTERNAL - 24RT110504-AP,342,A51001 - Freight - Out - Expense (New),981,981,,,7/28/2025,"Jasfer Industry Co., Limited",137,24RT110504-AP,"Jasfer Industry Co., Limited - Import July 25 cogs for freight from SPS to Netsuite",Import July 25 cogs for freight from SPS to Netsuite,1490.00,
EXTERNAL - 24RT110504-AP,342.5,,966,,A20001 - Accounts Payable Suppliers & Vendors (New),966,7/28/2025,"Jasfer Industry Co., Limited",137,24RT110504-AP,"Jasfer Industry Co., Limited - Import July 25 cogs for freight from SPS to Netsuite",Import July 25 cogs for freight from SPS to Netsuite,,1490.00
EXTERNAL - 24RT110203-AP,343,A51001 - Freight - Out - Expense (New),981,981,,,7/28/2025,"Jasfer Industry Co., Limited",137,24RT110203-AP,"Jasfer Industry Co., Limited - Import July 25 cogs for freight from SPS to Netsuite",Import July 25 cogs for freight from SPS to Netsuite,229.00,
EXTERNAL - 24RT110203-AP,343.5,,966,,A20001 - Accounts Payable Suppliers & Vendors (New),966,7/28/2025,"Jasfer Industry Co., Limited",137,24RT110203-AP,"Jasfer Industry Co., Limited - Import July 25 cogs for freight from SPS to Netsuite",Import July 25 cogs for freight from SPS to Netsuite,,229.00
EXTERNAL - 24JSF04008-AP,344,A51001 - Freight - Out - Expense (New),981,981,,,7/28/2025,"Jasfer Industry Co., Limited",137,24JSF04008-AP,"Jasfer Industry Co., Limited - Import July 25 cogs for freight from SPS to Netsuite",Import July 25 cogs for freight from SPS to Netsuite,228.00,
EXTERNAL - 24JSF04008-AP,344.5,,966,,A20001 - Accounts Payable Suppliers & Vendors (New),966,7/28/2025,"Jasfer Industry Co., Limited",137,24JSF04008-AP,"Jasfer Industry Co., Limited - Import July 25 cogs for freight from SPS to Netsuite",Import July 25 cogs for freight from SPS to Netsuite,,228.00
EXTERNAL - 24JSF10034-AP,345,A51001 - Freight - Out - Expense (New),981,981,,,7/28/2025,"Jasfer Industry Co., Limited",137,24JSF10034-AP,"Jasfer Industry Co., Limited - Import July 25 cogs for freight from SPS to Netsuite",Import July 25 cogs for freight from SPS to Netsuite,259.00,
EXTERNAL - 24JSF10034-AP,345.5,,966,,A20001 - Accounts Payable Suppliers & Vendors (New),966,7/28/2025,"Jasfer Industry Co., Limited",137,24JSF10034-AP,"Jasfer Industry Co., Limited - Import July 25 cogs for freight from SPS to Netsuite",Import July 25 cogs for freight from SPS to Netsuite,,259.00
EXTERNAL - 24BL110102-AP,346,A51001 - Freight - Out - Expense (New),981,981,,,7/28/2025,"Jasfer Industry Co., Limited",137,24BL110102-AP,"Jasfer Industry Co., Limited - Import July 25 cogs for freight from SPS to Netsuite",Import July 25 cogs for freight from SPS to Netsuite,101.00,
EXTERNAL - 24BL110102-AP,346.5,,966,,A20001 - Accounts Payable Suppliers & Vendors (New),966,7/28/2025,"Jasfer Industry Co., Limited",137,24BL110102-AP,"Jasfer Industry Co., Limited - Import July 25 cogs for freight from SPS to Netsuite",Import July 25 cogs for freight from SPS to Netsuite,,101.00
EXTERNAL - 24JS110405-AP,347,A51001 - Freight - Out - Expense (New),981,981,,,7/28/2025,"Jasfer Industry Co., Limited",137,24JS110405-AP,"Jasfer Industry Co., Limited - Import July 25 cogs for freight from SPS to Netsuite",Import July 25 cogs for freight from SPS to Netsuite,87.00,
EXTERNAL - 24JS110405-AP,347.5,,966,,A20001 - Accounts Payable Suppliers & Vendors (New),966,7/28/2025,"Jasfer Industry Co., Limited",137,24JS110405-AP,"Jasfer Industry Co., Limited - Import July 25 cogs for freight from SPS to Netsuite",Import July 25 cogs for freight from SPS to Netsuite,,87.00
EXTERNAL - GV2024074-AP,348,A51001 - Freight - Out - Expense (New),981,981,,,7/28/2025,"Cambodian Zulite Stone Co., Ltd.",1237,GV2024074-AP,"Cambodian Zulite Stone Co., Ltd. - Import July 25 cogs for freight from SPS to Netsuite",Import July 25 cogs for freight from SPS to Netsuite,323.00,
EXTERNAL - GV2024074-AP,348.5,,966,,A20001 - Accounts Payable Suppliers & Vendors (New),966,7/28/2025,"Cambodian Zulite Stone Co., Ltd.",1237,GV2024074-AP,"Cambodian Zulite Stone Co., Ltd. - Import July 25 cogs for freight from SPS to Netsuite",Import July 25 cogs for freight from SPS to Netsuite,,323.00
EXTERNAL - 24JS102903-AP,349,A51001 - Freight - Out - Expense (New),981,981,,,7/28/2025,"Jasfer Industry Co., Limited",137,24JS102903-AP,"Jasfer Industry Co., Limited - Import July 25 cogs for freight from SPS to Netsuite",Import July 25 cogs for freight from SPS to Netsuite,228.00,
EXTERNAL - 24JS102903-AP,349.5,,966,,A20001 - Accounts Payable Suppliers & Vendors (New),966,7/28/2025,"Jasfer Industry Co., Limited",137,24JS102903-AP,"Jasfer Industry Co., Limited - Import July 25 cogs for freight from SPS to Netsuite",Import July 25 cogs for freight from SPS to Netsuite,,228.00
EXTERNAL - GV047-AP,350,A51001 - Freight - Out - Expense (New),981,981,,,7/28/2025,Richwood Hospitality Co. LTD,1285,GV047-AP,Richwood Hospitality Co. LTD - Import July 25 cogs for freight from SPS to Netsuite,Import July 25 cogs for freight from SPS to Netsuite,6280.00,
EXTERNAL - GV047-AP,350.5,,966,,A20001 - Accounts Payable Suppliers & Vendors (New),966,7/28/2025,Richwood Hospitality Co. LTD,1285,GV047-AP,Richwood Hospitality Co. LTD - Import July 25 cogs for freight from SPS to Netsuite,Import July 25 cogs for freight from SPS to Netsuite,,6280.00
EXTERNAL - 24JSF09055-AP,351,A51001 - Freight - Out - Expense (New),981,981,,,7/28/2025,"Jasfer Industry Co., Limited",137,24JSF09055-AP,"Jasfer Industry Co., Limited - Import July 25 cogs for freight from SPS to Netsuite",Import July 25 cogs for freight from SPS to Netsuite,1944.00,
EXTERNAL - 24JSF09055-AP,351.5,,966,,A20001 - Accounts Payable Suppliers & Vendors (New),966,7/28/2025,"Jasfer Industry Co., Limited",137,24JSF09055-AP,"Jasfer Industry Co., Limited - Import July 25 cogs for freight from SPS to Netsuite",Import July 25 cogs for freight from SPS to Netsuite,,1944.00
EXTERNAL - SR411-9-AP,352,A51001 - Freight - Out - Expense (New),981,981,,,7/28/2025,Richwood Hospitality Co. LTD,1285,SR411-9-AP,Richwood Hospitality Co. LTD - Import July 25 cogs for freight from SPS to Netsuite,Import July 25 cogs for freight from SPS to Netsuite,1450.00,
EXTERNAL - SR411-9-AP,352.5,,966,,A20001 - Accounts Payable Suppliers & Vendors (New),966,7/28/2025,Richwood Hospitality Co. LTD,1285,SR411-9-AP,Richwood Hospitality Co. LTD - Import July 25 cogs for freight from SPS to Netsuite,Import July 25 cogs for freight from SPS to Netsuite,,1450.00
EXTERNAL - GV2024087-AP,353,A51001 - Freight - Out - Expense (New),981,981,,,7/28/2025,"Cambodian Zulite Stone Co., Ltd.",1237,GV2024087-AP,"Cambodian Zulite Stone Co., Ltd. - Import July 25 cogs for freight from SPS to Netsuite",Import July 25 cogs for freight from SPS to Netsuite,271.00,
EXTERNAL - GV2024087-AP,353.5,,966,,A20001 - Accounts Payable Suppliers & Vendors (New),966,7/28/2025,"Cambodian Zulite Stone Co., Ltd.",1237,GV2024087-AP,"Cambodian Zulite Stone Co., Ltd. - Import July 25 cogs for freight from SPS to Netsuite",Import July 25 cogs for freight from SPS to Netsuite,,271.00
EXTERNAL - 24JSF07072-AP,354,A51001 - Freight - Out - Expense (New),981,981,,,7/28/2025,"Jasfer Industry Co., Limited",137,24JSF07072-AP,"Jasfer Industry Co., Limited - Import July 25 cogs for freight from SPS to Netsuite",Import July 25 cogs for freight from SPS to Netsuite,64.00,
EXTERNAL - 24JSF07072-AP,354.5,,966,,A20001 - Accounts Payable Suppliers & Vendors (New),966,7/28/2025,"Jasfer Industry Co., Limited",137,24JSF07072-AP,"Jasfer Industry Co., Limited - Import July 25 cogs for freight from SPS to Netsuite",Import July 25 cogs for freight from SPS to Netsuite,,64.00
EXTERNAL - 20250136-AP,355,A51001 - Freight - Out - Expense (New),981,981,,,7/28/2025,An Cuong Wood-Working,1542,20250136-AP,An Cuong Wood-Working - Import July 25 cogs for freight from SPS to Netsuite,Import July 25 cogs for freight from SPS to Netsuite,1640.00,
EXTERNAL - 20250136-AP,355.5,,966,,A20001 - Accounts Payable Suppliers & Vendors (New),966,7/28/2025,An Cuong Wood-Working,1542,20250136-AP,An Cuong Wood-Working - Import July 25 cogs for freight from SPS to Netsuite,Import July 25 cogs for freight from SPS to Netsuite,,1640.00
EXTERNAL - 24JS110803-AP,356,A51001 - Freight - Out - Expense (New),981,981,,,7/28/2025,"Jasfer Industry Co., Limited",137,24JS110803-AP,"Jasfer Industry Co., Limited - Import July 25 cogs for freight from SPS to Netsuite",Import July 25 cogs for freight from SPS to Netsuite,87.00,
EXTERNAL - 24JS110803-AP,356.5,,966,,A20001 - Accounts Payable Suppliers & Vendors (New),966,7/28/2025,"Jasfer Industry Co., Limited",137,24JS110803-AP,"Jasfer Industry Co., Limited - Import July 25 cogs for freight from SPS to Netsuite",Import July 25 cogs for freight from SPS to Netsuite,,87.00
EXTERNAL - 24RT110602-AP,357,A51001 - Freight - Out - Expense (New),981,981,,,7/28/2025,"Jasfer Industry Co., Limited",137,24RT110602-AP,"Jasfer Industry Co., Limited - Import July 25 cogs for freight from SPS to Netsuite",Import July 25 cogs for freight from SPS to Netsuite,40.00,
EXTERNAL - 24RT110602-AP,357.5,,966,,A20001 - Accounts Payable Suppliers & Vendors (New),966,7/28/2025,"Jasfer Industry Co., Limited",137,24RT110602-AP,"Jasfer Industry Co., Limited - Import July 25 cogs for freight from SPS to Netsuite",Import July 25 cogs for freight from SPS to Netsuite,,40.00
EXTERNAL - GV2024084-AP,358,A51001 - Freight - Out - Expense (New),981,981,,,7/28/2025,"Cambodian Zulite Stone Co., Ltd.",1237,GV2024084-AP,"Cambodian Zulite Stone Co., Ltd. - Import July 25 cogs for freight from SPS to Netsuite",Import July 25 cogs for freight from SPS to Netsuite,323.00,
EXTERNAL - GV2024084-AP,358.5,,966,,A20001 - Accounts Payable Suppliers & Vendors (New),966,7/28/2025,"Cambodian Zulite Stone Co., Ltd.",1237,GV2024084-AP,"Cambodian Zulite Stone Co., Ltd. - Import July 25 cogs for freight from SPS to Netsuite",Import July 25 cogs for freight from SPS to Netsuite,,323.00
EXTERNAL - GV2024099-AP,359,A51001 - Freight - Out - Expense (New),981,981,,,7/28/2025,"Cambodian Zulite Stone Co., Ltd.",1237,GV2024099-AP,"Cambodian Zulite Stone Co., Ltd. - Import July 25 cogs for freight from SPS to Netsuite",Import July 25 cogs for freight from SPS to Netsuite,324.00,
EXTERNAL - GV2024099-AP,359.5,,966,,A20001 - Accounts Payable Suppliers & Vendors (New),966,7/28/2025,"Cambodian Zulite Stone Co., Ltd.",1237,GV2024099-AP,"Cambodian Zulite Stone Co., Ltd. - Import July 25 cogs for freight from SPS to Netsuite",Import July 25 cogs for freight from SPS to Netsuite,,324.00
EXTERNAL - 24JS111306-AP,360,A51001 - Freight - Out - Expense (New),981,981,,,7/28/2025,"Jasfer Industry Co., Limited",137,24JS111306-AP,"Jasfer Industry Co., Limited - Import July 25 cogs for freight from SPS to Netsuite",Import July 25 cogs for freight from SPS to Netsuite,136.00,
EXTERNAL - 24JS111306-AP,360.5,,966,,A20001 - Accounts Payable Suppliers & Vendors (New),966,7/28/2025,"Jasfer Industry Co., Limited",137,24JS111306-AP,"Jasfer Industry Co., Limited - Import July 25 cogs for freight from SPS to Netsuite",Import July 25 cogs for freight from SPS to Netsuite,,136.00
EXTERNAL - GV2024089-AP,361,A51001 - Freight - Out - Expense (New),981,981,,,7/28/2025,"Cambodian Zulite Stone Co., Ltd.",1237,GV2024089-AP,"Cambodian Zulite Stone Co., Ltd. - Import July 25 cogs for freight from SPS to Netsuite",Import July 25 cogs for freight from SPS to Netsuite,271.00,
EXTERNAL - GV2024089-AP,361.5,,966,,A20001 - Accounts Payable Suppliers & Vendors (New),966,7/28/2025,"Cambodian Zulite Stone Co., Ltd.",1237,GV2024089-AP,"Cambodian Zulite Stone Co., Ltd. - Import July 25 cogs for freight from SPS to Netsuite",Import July 25 cogs for freight from SPS to Netsuite,,271.00
EXTERNAL - 25BL052802-Inventory,362,A12001 - Inventory (New),953,953,,,7/25/2025,"Jasfer Industry Co., Limited",137,25BL052802-Inventory,"Jasfer Industry Co., Limited - Import July 25 cogs for freight from SPS to Netsuite",Import July 25 cogs for freight from SPS to Netsuite,0.00,
EXTERNAL - 25BL052802-Inventory,362.5,,981,,A51001 - Freight - Out - Expense (New),981,7/25/2025,"Jasfer Industry Co., Limited",137,25BL052802-Inventory,"Jasfer Industry Co., Limited - Import July 25 cogs for freight from SPS to Netsuite",Import July 25 cogs for freight from SPS to Netsuite,,0.00
EXTERNAL - 23JSF10033-Inventory,363,A12001 - Inventory (New),953,953,,,7/26/2025,"Jasfer Industry Co., Limited",137,23JSF10033-Inventory,"Jasfer Industry Co., Limited - Import July 25 cogs for freight from SPS to Netsuite",Import July 25 cogs for freight from SPS to Netsuite,5.00,
EXTERNAL - 23JSF10033-Inventory,363.5,,981,,A51001 - Freight - Out - Expense (New),981,7/26/2025,"Jasfer Industry Co., Limited",137,23JSF10033-Inventory,"Jasfer Industry Co., Limited - Import July 25 cogs for freight from SPS to Netsuite",Import July 25 cogs for freight from SPS to Netsuite,,5.00
EXTERNAL - 24BL111011-Inventory,364,A12001 - Inventory (New),953,953,,,7/26/2025,"Jasfer Industry Co., Limited",137,24BL111011-Inventory,"Jasfer Industry Co., Limited - Import July 25 cogs for freight from SPS to Netsuite",Import July 25 cogs for freight from SPS to Netsuite,1115.16,
EXTERNAL - 24BL111011-Inventory,364.5,,981,,A51001 - Freight - Out - Expense (New),981,7/26/2025,"Jasfer Industry Co., Limited",137,24BL111011-Inventory,"Jasfer Industry Co., Limited - Import July 25 cogs for freight from SPS to Netsuite",Import July 25 cogs for freight from SPS to Netsuite,,1115.16
EXTERNAL - 24BL111108-Inventory,365,A12001 - Inventory (New),953,953,,,7/26/2025,"Jasfer Industry Co., Limited",137,24BL111108-Inventory,"Jasfer Industry Co., Limited - Import July 25 cogs for freight from SPS to Netsuite",Import July 25 cogs for freight from SPS to Netsuite,38.00,
EXTERNAL - 24BL111108-Inventory,365.5,,981,,A51001 - Freight - Out - Expense (New),981,7/26/2025,"Jasfer Industry Co., Limited",137,24BL111108-Inventory,"Jasfer Industry Co., Limited - Import July 25 cogs for freight from SPS to Netsuite",Import July 25 cogs for freight from SPS to Netsuite,,38.00
EXTERNAL - 24BL110405-Inventory,366,A12001 - Inventory (New),953,953,,,7/26/2025,"Jasfer Industry Co., Limited",137,24BL110405-Inventory,"Jasfer Industry Co., Limited - Import July 25 cogs for freight from SPS to Netsuite",Import July 25 cogs for freight from SPS to Netsuite,4.00,
EXTERNAL - 24BL110405-Inventory,366.5,,981,,A51001 - Freight - Out - Expense (New),981,7/26/2025,"Jasfer Industry Co., Limited",137,24BL110405-Inventory,"Jasfer Industry Co., Limited - Import July 25 cogs for freight from SPS to Netsuite",Import July 25 cogs for freight from SPS to Netsuite,,4.00
EXTERNAL - 24JS10707-Inventory,367,A12001 - Inventory (New),953,953,,,7/26/2025,"Jasfer Industry Co., Limited",137,24JS10707-Inventory,"Jasfer Industry Co., Limited - Import July 25 cogs for freight from SPS to Netsuite",Import July 25 cogs for freight from SPS to Netsuite,4.00,
EXTERNAL - 24JS10707-Inventory,367.5,,981,,A51001 - Freight - Out - Expense (New),981,7/26/2025,"Jasfer Industry Co., Limited",137,24JS10707-Inventory,"Jasfer Industry Co., Limited - Import July 25 cogs for freight from SPS to Netsuite",Import July 25 cogs for freight from SPS to Netsuite,,4.00
EXTERNAL - 24BL110706-Inventory,368,A12001 - Inventory (New),953,953,,,7/26/2025,"Jasfer Industry Co., Limited",137,24BL110706-Inventory,"Jasfer Industry Co., Limited - Import July 25 cogs for freight from SPS to Netsuite",Import July 25 cogs for freight from SPS to Netsuite,5.00,
EXTERNAL - 24BL110706-Inventory,368.5,,981,,A51001 - Freight - Out - Expense (New),981,7/26/2025,"Jasfer Industry Co., Limited",137,24BL110706-Inventory,"Jasfer Industry Co., Limited - Import July 25 cogs for freight from SPS to Netsuite",Import July 25 cogs for freight from SPS to Netsuite,,5.00
EXTERNAL - 4BL111402-Inventory,369,A12001 - Inventory (New),953,953,,,7/26/2025,"Jasfer Industry Co., Limited",137,4BL111402-Inventory,"Jasfer Industry Co., Limited - Import July 25 cogs for freight from SPS to Netsuite",Import July 25 cogs for freight from SPS to Netsuite,5.00,
EXTERNAL - 4BL111402-Inventory,369.5,,981,,A51001 - Freight - Out - Expense (New),981,7/26/2025,"Jasfer Industry Co., Limited",137,4BL111402-Inventory,"Jasfer Industry Co., Limited - Import July 25 cogs for freight from SPS to Netsuite",Import July 25 cogs for freight from SPS to Netsuite,,5.00
EXTERNAL - 24BL111403-Inventory,370,A12001 - Inventory (New),953,953,,,7/26/2025,"Jasfer Industry Co., Limited",137,24BL111403-Inventory,"Jasfer Industry Co., Limited - Import July 25 cogs for freight from SPS to Netsuite",Import July 25 cogs for freight from SPS to Netsuite,5.00,
EXTERNAL - 24BL111403-Inventory,370.5,,981,,A51001 - Freight - Out - Expense (New),981,7/26/2025,"Jasfer Industry Co., Limited",137,24BL111403-Inventory,"Jasfer Industry Co., Limited - Import July 25 cogs for freight from SPS to Netsuite",Import July 25 cogs for freight from SPS to Netsuite,,5.00
EXTERNAL - 24BL111405-Inventory,371,A12001 - Inventory (New),953,953,,,7/26/2025,"Jasfer Industry Co., Limited",137,24BL111405-Inventory,"Jasfer Industry Co., Limited - Import July 25 cogs for freight from SPS to Netsuite",Import July 25 cogs for freight from SPS to Netsuite,5.00,
EXTERNAL - 24BL111405-Inventory,371.5,,981,,A51001 - Freight - Out - Expense (New),981,7/26/2025,"Jasfer Industry Co., Limited",137,24BL111405-Inventory,"Jasfer Industry Co., Limited - Import July 25 cogs for freight from SPS to Netsuite",Import July 25 cogs for freight from SPS to Netsuite,,5.00
EXTERNAL - 24BL111406-Inventory,372,A12001 - Inventory (New),953,953,,,7/26/2025,"Jasfer Industry Co., Limited",137,24BL111406-Inventory,"Jasfer Industry Co., Limited - Import July 25 cogs for freight from SPS to Netsuite",Import July 25 cogs for freight from SPS to Netsuite,38.00,
EXTERNAL - 24BL111406-Inventory,372.5,,981,,A51001 - Freight - Out - Expense (New),981,7/26/2025,"Jasfer Industry Co., Limited",137,24BL111406-Inventory,"Jasfer Industry Co., Limited - Import July 25 cogs for freight from SPS to Netsuite",Import July 25 cogs for freight from SPS to Netsuite,,38.00
EXTERNAL - 24BL111407-Inventory,373,A12001 - Inventory (New),953,953,,,7/26/2025,"Jasfer Industry Co., Limited",137,24BL111407-Inventory,"Jasfer Industry Co., Limited - Import July 25 cogs for freight from SPS to Netsuite",Import July 25 cogs for freight from SPS to Netsuite,38.00,
EXTERNAL - 24BL111407-Inventory,373.5,,981,,A51001 - Freight - Out - Expense (New),981,7/26/2025,"Jasfer Industry Co., Limited",137,24BL111407-Inventory,"Jasfer Industry Co., Limited - Import July 25 cogs for freight from SPS to Netsuite",Import July 25 cogs for freight from SPS to Netsuite,,38.00
EXTERNAL - 24JSF11021-Inventory,374,A12001 - Inventory (New),953,953,,,7/26/2025,"Jasfer Industry Co., Limited",137,24JSF11021-Inventory,"Jasfer Industry Co., Limited - Import July 25 cogs for freight from SPS to Netsuite",Import July 25 cogs for freight from SPS to Netsuite,5.00,
EXTERNAL - 24JSF11021-Inventory,374.5,,981,,A51001 - Freight - Out - Expense (New),981,7/26/2025,"Jasfer Industry Co., Limited",137,24JSF11021-Inventory,"Jasfer Industry Co., Limited - Import July 25 cogs for freight from SPS to Netsuite",Import July 25 cogs for freight from SPS to Netsuite,,5.00
EXTERNAL - 24JSF11037-Inventory,375,A12001 - Inventory (New),953,953,,,7/26/2025,"Jasfer Industry Co., Limited",137,24JSF11037-Inventory,"Jasfer Industry Co., Limited - Import July 25 cogs for freight from SPS to Netsuite",Import July 25 cogs for freight from SPS to Netsuite,20.00,
EXTERNAL - 24JSF11037-Inventory,375.5,,981,,A51001 - Freight - Out - Expense (New),981,7/26/2025,"Jasfer Industry Co., Limited",137,24JSF11037-Inventory,"Jasfer Industry Co., Limited - Import July 25 cogs for freight from SPS to Netsuite",Import July 25 cogs for freight from SPS to Netsuite,,20.00
EXTERNAL - 24BL112302-Inventory,376,A12001 - Inventory (New),953,953,,,7/26/2025,"Jasfer Industry Co., Limited",137,24BL112302-Inventory,"Jasfer Industry Co., Limited - Import July 25 cogs for freight from SPS to Netsuite",Import July 25 cogs for freight from SPS to Netsuite,4.00,
EXTERNAL - 24BL112302-Inventory,376.5,,981,,A51001 - Freight - Out - Expense (New),981,7/26/2025,"Jasfer Industry Co., Limited",137,24BL112302-Inventory,"Jasfer Industry Co., Limited - Import July 25 cogs for freight from SPS to Netsuite",Import July 25 cogs for freight from SPS to Netsuite,,4.00
EXTERNAL - 24JSF10045-Inventory,377,A12001 - Inventory (New),953,953,,,7/26/2025,"Jasfer Industry Co., Limited",137,24JSF10045-Inventory,"Jasfer Industry Co., Limited - Import July 25 cogs for freight from SPS to Netsuite",Import July 25 cogs for freight from SPS to Netsuite,174.50,
EXTERNAL - 24JSF10045-Inventory,377.5,,981,,A51001 - Freight - Out - Expense (New),981,7/26/2025,"Jasfer Industry Co., Limited",137,24JSF10045-Inventory,"Jasfer Industry Co., Limited - Import July 25 cogs for freight from SPS to Netsuite",Import July 25 cogs for freight from SPS to Netsuite,,174.50
EXTERNAL - 24JSF11049-Inventory,378,A12001 - Inventory (New),953,953,,,7/26/2025,"Jasfer Industry Co., Limited",137,24JSF11049-Inventory,"Jasfer Industry Co., Limited - Import July 25 cogs for freight from SPS to Netsuite",Import July 25 cogs for freight from SPS to Netsuite,5.00,
EXTERNAL - 24JSF11049-Inventory,378.5,,981,,A51001 - Freight - Out - Expense (New),981,7/26/2025,"Jasfer Industry Co., Limited",137,24JSF11049-Inventory,"Jasfer Industry Co., Limited - Import July 25 cogs for freight from SPS to Netsuite",Import July 25 cogs for freight from SPS to Netsuite,,5.00
EXTERNAL - 20250275-Inventory,379,A12001 - Inventory (New),953,953,,,7/26/2025,An Cuong Wood-Working,1542,20250275-Inventory,An Cuong Wood-Working - Import July 25 cogs for freight from SPS to Netsuite,Import July 25 cogs for freight from SPS to Netsuite,4060.00,
EXTERNAL - 20250275-Inventory,379.5,,981,,A51001 - Freight - Out - Expense (New),981,7/26/2025,An Cuong Wood-Working,1542,20250275-Inventory,An Cuong Wood-Working - Import July 25 cogs for freight from SPS to Netsuite,Import July 25 cogs for freight from SPS to Netsuite,,4060.00
EXTERNAL - 24JS121801-Inventory,380,A12001 - Inventory (New),953,953,,,7/26/2025,"Jasfer Industry Co., Limited",137,24JS121801-Inventory,"Jasfer Industry Co., Limited - Import July 25 cogs for freight from SPS to Netsuite",Import July 25 cogs for freight from SPS to Netsuite,5.00,
EXTERNAL - 24JS121801-Inventory,380.5,,981,,A51001 - Freight - Out - Expense (New),981,7/26/2025,"Jasfer Industry Co., Limited",137,24JS121801-Inventory,"Jasfer Industry Co., Limited - Import July 25 cogs for freight from SPS to Netsuite",Import July 25 cogs for freight from SPS to Netsuite,,5.00
EXTERNAL - 24BL120203-Inventory,381,A12001 - Inventory (New),953,953,,,7/26/2025,"Jasfer Industry Co., Limited",137,24BL120203-Inventory,"Jasfer Industry Co., Limited - Import July 25 cogs for freight from SPS to Netsuite",Import July 25 cogs for freight from SPS to Netsuite,5.00,
EXTERNAL - 24BL120203-Inventory,381.5,,981,,A51001 - Freight - Out - Expense (New),981,7/26/2025,"Jasfer Industry Co., Limited",137,24BL120203-Inventory,"Jasfer Industry Co., Limited - Import July 25 cogs for freight from SPS to Netsuite",Import July 25 cogs for freight from SPS to Netsuite,,5.00
EXTERNAL - 24BL120508-Inventory,382,A12001 - Inventory (New),953,953,,,7/26/2025,"Jasfer Industry Co., Limited",137,24BL120508-Inventory,"Jasfer Industry Co., Limited - Import July 25 cogs for freight from SPS to Netsuite",Import July 25 cogs for freight from SPS to Netsuite,74.00,
EXTERNAL - 24BL120508-Inventory,382.5,,981,,A51001 - Freight - Out - Expense (New),981,7/26/2025,"Jasfer Industry Co., Limited",137,24BL120508-Inventory,"Jasfer Industry Co., Limited - Import July 25 cogs for freight from SPS to Netsuite",Import July 25 cogs for freight from SPS to Netsuite,,74.00
EXTERNAL - 24JSF08064-Inventory,383,A12001 - Inventory (New),953,953,,,7/26/2025,"Jasfer Industry Co., Limited",137,24JSF08064-Inventory,"Jasfer Industry Co., Limited - Import July 25 cogs for freight from SPS to Netsuite",Import July 25 cogs for freight from SPS to Netsuite,20.00,
EXTERNAL - 24JSF08064-Inventory,383.5,,981,,A51001 - Freight - Out - Expense (New),981,7/26/2025,"Jasfer Industry Co., Limited",137,24JSF08064-Inventory,"Jasfer Industry Co., Limited - Import July 25 cogs for freight from SPS to Netsuite",Import July 25 cogs for freight from SPS to Netsuite,,20.00
EXTERNAL - GV2024106-A-Balance-2-Inventory,384,A12001 - Inventory (New),953,953,,,7/26/2025,"Xiamen Deyuan Panmin Trading Co., LTD",1295,GV2024106-A-Balance-2-Inventory,"Xiamen Deyuan Panmin Trading Co., LTD - Import July 25 cogs for freight from SPS to Netsuite",Import July 25 cogs for freight from SPS to Netsuite,977.00,
EXTERNAL - GV2024106-A-Balance-2-Inventory,384.5,,981,,A51001 - Freight - Out - Expense (New),981,7/26/2025,"Xiamen Deyuan Panmin Trading Co., LTD",1295,GV2024106-A-Balance-2-Inventory,"Xiamen Deyuan Panmin Trading Co., LTD - Import July 25 cogs for freight from SPS to Netsuite",Import July 25 cogs for freight from SPS to Netsuite,,977.00
EXTERNAL - 20250316-Inventory,385,A12001 - Inventory (New),953,953,,,7/26/2025,An Cuong Wood-Working,1542,20250316-Inventory,An Cuong Wood-Working - Import July 25 cogs for freight from SPS to Netsuite,Import July 25 cogs for freight from SPS to Netsuite,4760.00,
EXTERNAL - 20250316-Inventory,385.5,,981,,A51001 - Freight - Out - Expense (New),981,7/26/2025,An Cuong Wood-Working,1542,20250316-Inventory,An Cuong Wood-Working - Import July 25 cogs for freight from SPS to Netsuite,Import July 25 cogs for freight from SPS to Netsuite,,4760.00
EXTERNAL - GV2025003-Inventory,386,A12001 - Inventory (New),953,953,,,7/26/2025,"Cambodian Zulite Stone Co., Ltd.",1237,GV2025003-Inventory,"Cambodian Zulite Stone Co., Ltd. - Import July 25 cogs for freight from SPS to Netsuite",Import July 25 cogs for freight from SPS to Netsuite,2260.00,
EXTERNAL - GV2025003-Inventory,386.5,,981,,A51001 - Freight - Out - Expense (New),981,7/26/2025,"Cambodian Zulite Stone Co., Ltd.",1237,GV2025003-Inventory,"Cambodian Zulite Stone Co., Ltd. - Import July 25 cogs for freight from SPS to Netsuite",Import July 25 cogs for freight from SPS to Netsuite,,2260.00
EXTERNAL - GV2025002-Inventory,387,A12001 - Inventory (New),953,953,,,7/26/2025,"Cambodian Zulite Stone Co., Ltd.",1237,GV2025002-Inventory,"Cambodian Zulite Stone Co., Ltd. - Import July 25 cogs for freight from SPS to Netsuite",Import July 25 cogs for freight from SPS to Netsuite,6874.50,
EXTERNAL - GV2025002-Inventory,387.5,,981,,A51001 - Freight - Out - Expense (New),981,7/26/2025,"Cambodian Zulite Stone Co., Ltd.",1237,GV2025002-Inventory,"Cambodian Zulite Stone Co., Ltd. - Import July 25 cogs for freight from SPS to Netsuite",Import July 25 cogs for freight from SPS to Netsuite,,6874.50
EXTERNAL - GV2025008-B-Inventory,388,A12001 - Inventory (New),953,953,,,7/26/2025,"Xiamen Deyuan Panmin Trading Co., LTD",1295,GV2025008-B-Inventory,"Xiamen Deyuan Panmin Trading Co., LTD - Import July 25 cogs for freight from SPS to Netsuite",Import July 25 cogs for freight from SPS to Netsuite,977.00,
EXTERNAL - GV2025008-B-Inventory,388.5,,981,,A51001 - Freight - Out - Expense (New),981,7/26/2025,"Xiamen Deyuan Panmin Trading Co., LTD",1295,GV2025008-B-Inventory,"Xiamen Deyuan Panmin Trading Co., LTD - Import July 25 cogs for freight from SPS to Netsuite",Import July 25 cogs for freight from SPS to Netsuite,,977.00
EXTERNAL - GV2025009-B-Inventory,389,A12001 - Inventory (New),953,953,,,7/26/2025,"Xiamen Deyuan Panmin Trading Co., LTD",1295,GV2025009-B-Inventory,"Xiamen Deyuan Panmin Trading Co., LTD - Import July 25 cogs for freight from SPS to Netsuite",Import July 25 cogs for freight from SPS to Netsuite,977.00,
EXTERNAL - GV2025009-B-Inventory,389.5,,981,,A51001 - Freight - Out - Expense (New),981,7/26/2025,"Xiamen Deyuan Panmin Trading Co., LTD",1295,GV2025009-B-Inventory,"Xiamen Deyuan Panmin Trading Co., LTD - Import July 25 cogs for freight from SPS to Netsuite",Import July 25 cogs for freight from SPS to Netsuite,,977.00
EXTERNAL - GV2025007-B-Inventory,390,A12001 - Inventory (New),953,953,,,7/26/2025,"Xiamen Deyuan Panmin Trading Co., LTD",1295,GV2025007-B-Inventory,"Xiamen Deyuan Panmin Trading Co., LTD - Import July 25 cogs for freight from SPS to Netsuite",Import July 25 cogs for freight from SPS to Netsuite,977.00,
EXTERNAL - GV2025007-B-Inventory,390.5,,981,,A51001 - Freight - Out - Expense (New),981,7/26/2025,"Xiamen Deyuan Panmin Trading Co., LTD",1295,GV2025007-B-Inventory,"Xiamen Deyuan Panmin Trading Co., LTD - Import July 25 cogs for freight from SPS to Netsuite",Import July 25 cogs for freight from SPS to Netsuite,,977.00
EXTERNAL - INVOICE NO.:24JSF11061-Inventory,391,A12001 - Inventory (New),953,953,,,7/26/2025,"Jasfer Industry Co., Limited",137,INVOICE NO.:24JSF11061-Inventory,"Jasfer Industry Co., Limited - Import July 25 cogs for freight from SPS to Netsuite",Import July 25 cogs for freight from SPS to Netsuite,20.00,
EXTERNAL - INVOICE NO.:24JSF11061-Inventory,391.5,,981,,A51001 - Freight - Out - Expense (New),981,7/26/2025,"Jasfer Industry Co., Limited",137,INVOICE NO.:24JSF11061-Inventory,"Jasfer Industry Co., Limited - Import July 25 cogs for freight from SPS to Netsuite",Import July 25 cogs for freight from SPS to Netsuite,,20.00
EXTERNAL - GV2025011-B-Inventory,392,A12001 - Inventory (New),953,953,,,7/26/2025,"Xiamen Deyuan Panmin Trading Co., LTD",1295,GV2025011-B-Inventory,"Xiamen Deyuan Panmin Trading Co., LTD - Import July 25 cogs for freight from SPS to Netsuite",Import July 25 cogs for freight from SPS to Netsuite,976.00,
EXTERNAL - GV2025011-B-Inventory,392.5,,981,,A51001 - Freight - Out - Expense (New),981,7/26/2025,"Xiamen Deyuan Panmin Trading Co., LTD",1295,GV2025011-B-Inventory,"Xiamen Deyuan Panmin Trading Co., LTD - Import July 25 cogs for freight from SPS to Netsuite",Import July 25 cogs for freight from SPS to Netsuite,,976.00
EXTERNAL - GV2025010-B-Inventory,393,A12001 - Inventory (New),953,953,,,7/26/2025,"Xiamen Deyuan Panmin Trading Co., LTD",1295,GV2025010-B-Inventory,"Xiamen Deyuan Panmin Trading Co., LTD - Import July 25 cogs for freight from SPS to Netsuite",Import July 25 cogs for freight from SPS to Netsuite,976.00,
EXTERNAL - GV2025010-B-Inventory,393.5,,981,,A51001 - Freight - Out - Expense (New),981,7/26/2025,"Xiamen Deyuan Panmin Trading Co., LTD",1295,GV2025010-B-Inventory,"Xiamen Deyuan Panmin Trading Co., LTD - Import July 25 cogs for freight from SPS to Netsuite",Import July 25 cogs for freight from SPS to Netsuite,,976.00
EXTERNAL - 23JS120909-Inventory,394,A12001 - Inventory (New),953,953,,,7/28/2025,"Jasfer Industry Co., Limited",137,23JS120909-Inventory,"Jasfer Industry Co., Limited - Import July 25 cogs for freight from SPS to Netsuite",Import July 25 cogs for freight from SPS to Netsuite,90.00,
EXTERNAL - 23JS120909-Inventory,394.5,,981,,A51001 - Freight - Out - Expense (New),981,7/28/2025,"Jasfer Industry Co., Limited",137,23JS120909-Inventory,"Jasfer Industry Co., Limited - Import July 25 cogs for freight from SPS to Netsuite",Import July 25 cogs for freight from SPS to Netsuite,,90.00
EXTERNAL - 24BL040204-Inventory,395,A12001 - Inventory (New),953,953,,,7/28/2025,"Jasfer Industry Co., Limited",137,24BL040204-Inventory,"Jasfer Industry Co., Limited - Import July 25 cogs for freight from SPS to Netsuite",Import July 25 cogs for freight from SPS to Netsuite,40.00,
EXTERNAL - 24BL040204-Inventory,395.5,,981,,A51001 - Freight - Out - Expense (New),981,7/28/2025,"Jasfer Industry Co., Limited",137,24BL040204-Inventory,"Jasfer Industry Co., Limited - Import July 25 cogs for freight from SPS to Netsuite",Import July 25 cogs for freight from SPS to Netsuite,,40.00
EXTERNAL - 24BL051705-Inventory,396,A12001 - Inventory (New),953,953,,,7/28/2025,"Jasfer Industry Co., Limited",137,24BL051705-Inventory,"Jasfer Industry Co., Limited - Import July 25 cogs for freight from SPS to Netsuite",Import July 25 cogs for freight from SPS to Netsuite,69.00,
EXTERNAL - 24BL051705-Inventory,396.5,,981,,A51001 - Freight - Out - Expense (New),981,7/28/2025,"Jasfer Industry Co., Limited",137,24BL051705-Inventory,"Jasfer Industry Co., Limited - Import July 25 cogs for freight from SPS to Netsuite",Import July 25 cogs for freight from SPS to Netsuite,,69.00
EXTERNAL - 24RT060101-Inventory,397,A12001 - Inventory (New),953,953,,,7/28/2025,"Jasfer Industry Co., Limited",137,24RT060101-Inventory,"Jasfer Industry Co., Limited - Import July 25 cogs for freight from SPS to Netsuite",Import July 25 cogs for freight from SPS to Netsuite,87.00,
EXTERNAL - 24RT060101-Inventory,397.5,,981,,A51001 - Freight - Out - Expense (New),981,7/28/2025,"Jasfer Industry Co., Limited",137,24RT060101-Inventory,"Jasfer Industry Co., Limited - Import July 25 cogs for freight from SPS to Netsuite",Import July 25 cogs for freight from SPS to Netsuite,,87.00
EXTERNAL - WHGV2408-1-Inventory,398,A12001 - Inventory (New),953,953,,,7/28/2025,"Jasfer Industry Co., Limited",137,WHGV2408-1-Inventory,"Jasfer Industry Co., Limited - Import July 25 cogs for freight from SPS to Netsuite",Import July 25 cogs for freight from SPS to Netsuite,87.00,
EXTERNAL - WHGV2408-1-Inventory,398.5,,981,,A51001 - Freight - Out - Expense (New),981,7/28/2025,"Jasfer Industry Co., Limited",137,WHGV2408-1-Inventory,"Jasfer Industry Co., Limited - Import July 25 cogs for freight from SPS to Netsuite",Import July 25 cogs for freight from SPS to Netsuite,,87.00
EXTERNAL - 24JSF09005-Inventory,399,A12001 - Inventory (New),953,953,,,7/28/2025,"Jasfer Industry Co., Limited",137,24JSF09005-Inventory,"Jasfer Industry Co., Limited - Import July 25 cogs for freight from SPS to Netsuite",Import July 25 cogs for freight from SPS to Netsuite,65.00,
EXTERNAL - 24JSF09005-Inventory,399.5,,981,,A51001 - Freight - Out - Expense (New),981,7/28/2025,"Jasfer Industry Co., Limited",137,24JSF09005-Inventory,"Jasfer Industry Co., Limited - Import July 25 cogs for freight from SPS to Netsuite",Import July 25 cogs for freight from SPS to Netsuite,,65.00
EXTERNAL - 24JS081306-Inventory,400,A12001 - Inventory (New),953,953,,,7/28/2025,"Jasfer Industry Co., Limited",137,24JS081306-Inventory,"Jasfer Industry Co., Limited - Import July 25 cogs for freight from SPS to Netsuite",Import July 25 cogs for freight from SPS to Netsuite,87.00,
EXTERNAL - 24JS081306-Inventory,400.5,,981,,A51001 - Freight - Out - Expense (New),981,7/28/2025,"Jasfer Industry Co., Limited",137,24JS081306-Inventory,"Jasfer Industry Co., Limited - Import July 25 cogs for freight from SPS to Netsuite",Import July 25 cogs for freight from SPS to Netsuite,,87.00
EXTERNAL - 24JS081305-Inventory,401,A12001 - Inventory (New),953,953,,,7/28/2025,"Jasfer Industry Co., Limited",137,24JS081305-Inventory,"Jasfer Industry Co., Limited - Import July 25 cogs for freight from SPS to Netsuite",Import July 25 cogs for freight from SPS to Netsuite,87.00,
EXTERNAL - 24JS081305-Inventory,401.5,,981,,A51001 - Freight - Out - Expense (New),981,7/28/2025,"Jasfer Industry Co., Limited",137,24JS081305-Inventory,"Jasfer Industry Co., Limited - Import July 25 cogs for freight from SPS to Netsuite",Import July 25 cogs for freight from SPS to Netsuite,,87.00
EXTERNAL - 24JSF06014-Inventory,402,A12001 - Inventory (New),953,953,,,7/28/2025,"Jasfer Industry Co., Limited",137,24JSF06014-Inventory,"Jasfer Industry Co., Limited - Import July 25 cogs for freight from SPS to Netsuite",Import July 25 cogs for freight from SPS to Netsuite,64.00,
EXTERNAL - 24JSF06014-Inventory,402.5,,981,,A51001 - Freight - Out - Expense (New),981,7/28/2025,"Jasfer Industry Co., Limited",137,24JSF06014-Inventory,"Jasfer Industry Co., Limited - Import July 25 cogs for freight from SPS to Netsuite",Import July 25 cogs for freight from SPS to Netsuite,,64.00
EXTERNAL - 20242912-Inventory,403,A12001 - Inventory (New),953,953,,,7/28/2025,"Jasfer Industry Co., Limited",137,20242912-Inventory,"Jasfer Industry Co., Limited - Import July 25 cogs for freight from SPS to Netsuite",Import July 25 cogs for freight from SPS to Netsuite,67.00,
EXTERNAL - 20242912-Inventory,403.5,,981,,A51001 - Freight - Out - Expense (New),981,7/28/2025,"Jasfer Industry Co., Limited",137,20242912-Inventory,"Jasfer Industry Co., Limited - Import July 25 cogs for freight from SPS to Netsuite",Import July 25 cogs for freight from SPS to Netsuite,,67.00
EXTERNAL - 24JS081301-Inventory,404,A12001 - Inventory (New),953,953,,,7/28/2025,"Jasfer Industry Co., Limited",137,24JS081301-Inventory,"Jasfer Industry Co., Limited - Import July 25 cogs for freight from SPS to Netsuite",Import July 25 cogs for freight from SPS to Netsuite,87.00,
EXTERNAL - 24JS081301-Inventory,404.5,,981,,A51001 - Freight - Out - Expense (New),981,7/28/2025,"Jasfer Industry Co., Limited",137,24JS081301-Inventory,"Jasfer Industry Co., Limited - Import July 25 cogs for freight from SPS to Netsuite",Import July 25 cogs for freight from SPS to Netsuite,,87.00
EXTERNAL - 24RT091801-Inventory,405,A12001 - Inventory (New),953,953,,,7/28/2025,"Jasfer Industry Co., Limited",137,24RT091801-Inventory,"Jasfer Industry Co., Limited - Import July 25 cogs for freight from SPS to Netsuite",Import July 25 cogs for freight from SPS to Netsuite,87.00,
EXTERNAL - 24RT091801-Inventory,405.5,,981,,A51001 - Freight - Out - Expense (New),981,7/28/2025,"Jasfer Industry Co., Limited",137,24RT091801-Inventory,"Jasfer Industry Co., Limited - Import July 25 cogs for freight from SPS to Netsuite",Import July 25 cogs for freight from SPS to Netsuite,,87.00
EXTERNAL - SR411-11-Inventory,406,A12001 - Inventory (New),953,953,,,7/28/2025,Richwood Hospitality Co. LTD,1285,SR411-11-Inventory,Richwood Hospitality Co. LTD - Import July 25 cogs for freight from SPS to Netsuite,Import July 25 cogs for freight from SPS to Netsuite,234.00,
EXTERNAL - SR411-11-Inventory,406.5,,981,,A51001 - Freight - Out - Expense (New),981,7/28/2025,Richwood Hospitality Co. LTD,1285,SR411-11-Inventory,Richwood Hospitality Co. LTD - Import July 25 cogs for freight from SPS to Netsuite,Import July 25 cogs for freight from SPS to Netsuite,,234.00
"EXTERNAL - SR350-8,SR350-6,SR382-4,ctnr4,-Inventory",407,A12001 - Inventory (New),953,953,,,7/28/2025,Richwood Hospitality Co. LTD,1285,"SR350-8,SR350-6,SR382-4,ctnr4,-Inventory",Richwood Hospitality Co. LTD - Import July 25 cogs for freight from SPS to Netsuite,Import July 25 cogs for freight from SPS to Netsuite,2220.00,
"EXTERNAL - SR350-8,SR350-6,SR382-4,ctnr4,-Inventory",407.5,,981,,A51001 - Freight - Out - Expense (New),981,7/28/2025,Richwood Hospitality Co. LTD,1285,"SR350-8,SR350-6,SR382-4,ctnr4,-Inventory",Richwood Hospitality Co. LTD - Import July 25 cogs for freight from SPS to Netsuite,Import July 25 cogs for freight from SPS to Netsuite,,2220.00
"EXTERNAL - SR350-8,SR350-6,SR297-12,SR297-13,ctnr1,2,3-Inventory",408,A12001 - Inventory (New),953,953,,,7/28/2025,Richwood Hospitality Co. LTD,1285,"SR350-8,SR350-6,SR297-12,SR297-13,ctnr1,2,3-Inventory",Richwood Hospitality Co. LTD - Import July 25 cogs for freight from SPS to Netsuite,Import July 25 cogs for freight from SPS to Netsuite,2790.00,
"EXTERNAL - SR350-8,SR350-6,SR297-12,SR297-13,ctnr1,2,3-Inventory",408.5,,981,,A51001 - Freight - Out - Expense (New),981,7/28/2025,Richwood Hospitality Co. LTD,1285,"SR350-8,SR350-6,SR297-12,SR297-13,ctnr1,2,3-Inventory",Richwood Hospitality Co. LTD - Import July 25 cogs for freight from SPS to Netsuite,Import July 25 cogs for freight from SPS to Netsuite,,2790.00
EXTERNAL - 24JS090404-Inventory,409,A12001 - Inventory (New),953,953,,,7/28/2025,"Jasfer Industry Co., Limited",137,24JS090404-Inventory,"Jasfer Industry Co., Limited - Import July 25 cogs for freight from SPS to Netsuite",Import July 25 cogs for freight from SPS to Netsuite,90.00,
EXTERNAL - 24JS090404-Inventory,409.5,,981,,A51001 - Freight - Out - Expense (New),981,7/28/2025,"Jasfer Industry Co., Limited",137,24JS090404-Inventory,"Jasfer Industry Co., Limited - Import July 25 cogs for freight from SPS to Netsuite",Import July 25 cogs for freight from SPS to Netsuite,,90.00
EXTERNAL - 24JSF08007-Inventory,410,A12001 - Inventory (New),953,953,,,7/28/2025,"Jasfer Industry Co., Limited",137,24JSF08007-Inventory,"Jasfer Industry Co., Limited - Import July 25 cogs for freight from SPS to Netsuite",Import July 25 cogs for freight from SPS to Netsuite,64.00,
EXTERNAL - 24JSF08007-Inventory,410.5,,981,,A51001 - Freight - Out - Expense (New),981,7/28/2025,"Jasfer Industry Co., Limited",137,24JSF08007-Inventory,"Jasfer Industry Co., Limited - Import July 25 cogs for freight from SPS to Netsuite",Import July 25 cogs for freight from SPS to Netsuite,,64.00
EXTERNAL - 24BL073001-Inventory,411,A12001 - Inventory (New),953,953,,,7/28/2025,"Jasfer Industry Co., Limited",137,24BL073001-Inventory,"Jasfer Industry Co., Limited - Import July 25 cogs for freight from SPS to Netsuite",Import July 25 cogs for freight from SPS to Netsuite,214.00,
EXTERNAL - 24BL073001-Inventory,411.5,,981,,A51001 - Freight - Out - Expense (New),981,7/28/2025,"Jasfer Industry Co., Limited",137,24BL073001-Inventory,"Jasfer Industry Co., Limited - Import July 25 cogs for freight from SPS to Netsuite",Import July 25 cogs for freight from SPS to Netsuite,,214.00
EXTERNAL - EXP2024000000498-Inventory,412,A12001 - Inventory (New),953,953,,,7/28/2025,Papatya,1333,EXP2024000000498-Inventory,Papatya - Import July 25 cogs for freight from SPS to Netsuite,Import July 25 cogs for freight from SPS to Netsuite,650.00,
EXTERNAL - EXP2024000000498-Inventory,412.5,,981,,A51001 - Freight - Out - Expense (New),981,7/28/2025,Papatya,1333,EXP2024000000498-Inventory,Papatya - Import July 25 cogs for freight from SPS to Netsuite,Import July 25 cogs for freight from SPS to Netsuite,,650.00
EXTERNAL - :24JS083101-Inventory,413,A12001 - Inventory (New),953,953,,,7/28/2025,"Jasfer Industry Co., Limited",137,:24JS083101-Inventory,"Jasfer Industry Co., Limited - Import July 25 cogs for freight from SPS to Netsuite",Import July 25 cogs for freight from SPS to Netsuite,90.00,
EXTERNAL - :24JS083101-Inventory,413.5,,981,,A51001 - Freight - Out - Expense (New),981,7/28/2025,"Jasfer Industry Co., Limited",137,:24JS083101-Inventory,"Jasfer Industry Co., Limited - Import July 25 cogs for freight from SPS to Netsuite",Import July 25 cogs for freight from SPS to Netsuite,,90.00
EXTERNAL - 24JSF05018-Inventory,414,A12001 - Inventory (New),953,953,,,7/28/2025,"Jasfer Industry Co., Limited",137,24JSF05018-Inventory,"Jasfer Industry Co., Limited - Import July 25 cogs for freight from SPS to Netsuite",Import July 25 cogs for freight from SPS to Netsuite,65.00,
EXTERNAL - 24JSF05018-Inventory,414.5,,981,,A51001 - Freight - Out - Expense (New),981,7/28/2025,"Jasfer Industry Co., Limited",137,24JSF05018-Inventory,"Jasfer Industry Co., Limited - Import July 25 cogs for freight from SPS to Netsuite",Import July 25 cogs for freight from SPS to Netsuite,,65.00
EXTERNAL - 24JSF08059-Inventory,415,A12001 - Inventory (New),953,953,,,7/28/2025,"Jasfer Industry Co., Limited",137,24JSF08059-Inventory,"Jasfer Industry Co., Limited - Import July 25 cogs for freight from SPS to Netsuite",Import July 25 cogs for freight from SPS to Netsuite,65.00,
EXTERNAL - 24JSF08059-Inventory,415.5,,981,,A51001 - Freight - Out - Expense (New),981,7/28/2025,"Jasfer Industry Co., Limited",137,24JSF08059-Inventory,"Jasfer Industry Co., Limited - Import July 25 cogs for freight from SPS to Netsuite",Import July 25 cogs for freight from SPS to Netsuite,,65.00
EXTERNAL - 24BL091202-Inventory,416,A12001 - Inventory (New),953,953,,,7/28/2025,"Jasfer Industry Co., Limited",137,24BL091202-Inventory,"Jasfer Industry Co., Limited - Import July 25 cogs for freight from SPS to Netsuite",Import July 25 cogs for freight from SPS to Netsuite,107.00,
EXTERNAL - 24BL091202-Inventory,416.5,,981,,A51001 - Freight - Out - Expense (New),981,7/28/2025,"Jasfer Industry Co., Limited",137,24BL091202-Inventory,"Jasfer Industry Co., Limited - Import July 25 cogs for freight from SPS to Netsuite",Import July 25 cogs for freight from SPS to Netsuite,,107.00
EXTERNAL - 24JSF09045-Inventory,417,A12001 - Inventory (New),953,953,,,7/28/2025,"Jasfer Industry Co., Limited",137,24JSF09045-Inventory,"Jasfer Industry Co., Limited - Import July 25 cogs for freight from SPS to Netsuite",Import July 25 cogs for freight from SPS to Netsuite,218.00,
EXTERNAL - 24JSF09045-Inventory,417.5,,981,,A51001 - Freight - Out - Expense (New),981,7/28/2025,"Jasfer Industry Co., Limited",137,24JSF09045-Inventory,"Jasfer Industry Co., Limited - Import July 25 cogs for freight from SPS to Netsuite",Import July 25 cogs for freight from SPS to Netsuite,,218.00
EXTERNAL - 24JS092501-Inventory,418,A12001 - Inventory (New),953,953,,,7/28/2025,"Jasfer Industry Co., Limited",137,24JS092501-Inventory,"Jasfer Industry Co., Limited - Import July 25 cogs for freight from SPS to Netsuite",Import July 25 cogs for freight from SPS to Netsuite,438.75,
EXTERNAL - 24JS092501-Inventory,418.5,,981,,A51001 - Freight - Out - Expense (New),981,7/28/2025,"Jasfer Industry Co., Limited",137,24JS092501-Inventory,"Jasfer Industry Co., Limited - Import July 25 cogs for freight from SPS to Netsuite",Import July 25 cogs for freight from SPS to Netsuite,,438.75
EXTERNAL - 266/VE-Inventory,419,A12001 - Inventory (New),953,953,,,7/28/2025,MirageGranitoCeramico S.p.A,173,266/VE-Inventory,MirageGranitoCeramico S.p.A - Import July 25 cogs for freight from SPS to Netsuite,Import July 25 cogs for freight from SPS to Netsuite,541.00,
EXTERNAL - 266/VE-Inventory,419.5,,981,,A51001 - Freight - Out - Expense (New),981,7/28/2025,MirageGranitoCeramico S.p.A,173,266/VE-Inventory,MirageGranitoCeramico S.p.A - Import July 25 cogs for freight from SPS to Netsuite,Import July 25 cogs for freight from SPS to Netsuite,,541.00
EXTERNAL - 24JSF10040-Inventory,420,A12001 - Inventory (New),953,953,,,7/28/2025,"Jasfer Industry Co., Limited",137,24JSF10040-Inventory,"Jasfer Industry Co., Limited - Import July 25 cogs for freight from SPS to Netsuite",Import July 25 cogs for freight from SPS to Netsuite,64.00,
EXTERNAL - 24JSF10040-Inventory,420.5,,981,,A51001 - Freight - Out - Expense (New),981,7/28/2025,"Jasfer Industry Co., Limited",137,24JSF10040-Inventory,"Jasfer Industry Co., Limited - Import July 25 cogs for freight from SPS to Netsuite",Import July 25 cogs for freight from SPS to Netsuite,,64.00
EXTERNAL - 24JS101604-Inventory,421,A12001 - Inventory (New),953,953,,,7/28/2025,"Jasfer Industry Co., Limited",137,24JS101604-Inventory,"Jasfer Industry Co., Limited - Import July 25 cogs for freight from SPS to Netsuite",Import July 25 cogs for freight from SPS to Netsuite,69.00,
EXTERNAL - 24JS101604-Inventory,421.5,,981,,A51001 - Freight - Out - Expense (New),981,7/28/2025,"Jasfer Industry Co., Limited",137,24JS101604-Inventory,"Jasfer Industry Co., Limited - Import July 25 cogs for freight from SPS to Netsuite",Import July 25 cogs for freight from SPS to Netsuite,,69.00
EXTERNAL - 24BL100801-Inventory,422,A12001 - Inventory (New),953,953,,,7/28/2025,"Jasfer Industry Co., Limited",137,24BL100801-Inventory,"Jasfer Industry Co., Limited - Import July 25 cogs for freight from SPS to Netsuite",Import July 25 cogs for freight from SPS to Netsuite,108.00,
EXTERNAL - 24BL100801-Inventory,422.5,,981,,A51001 - Freight - Out - Expense (New),981,7/28/2025,"Jasfer Industry Co., Limited",137,24BL100801-Inventory,"Jasfer Industry Co., Limited - Import July 25 cogs for freight from SPS to Netsuite",Import July 25 cogs for freight from SPS to Netsuite,,108.00
EXTERNAL - 24JS101606-Inventory,423,A12001 - Inventory (New),953,953,,,7/28/2025,"Jasfer Industry Co., Limited",137,24JS101606-Inventory,"Jasfer Industry Co., Limited - Import July 25 cogs for freight from SPS to Netsuite",Import July 25 cogs for freight from SPS to Netsuite,229.00,
EXTERNAL - 24JS101606-Inventory,423.5,,981,,A51001 - Freight - Out - Expense (New),981,7/28/2025,"Jasfer Industry Co., Limited",137,24JS101606-Inventory,"Jasfer Industry Co., Limited - Import July 25 cogs for freight from SPS to Netsuite",Import July 25 cogs for freight from SPS to Netsuite,,229.00
EXTERNAL - 24BL102512-Inventory,424,A12001 - Inventory (New),953,953,,,7/28/2025,"Jasfer Industry Co., Limited",137,24BL102512-Inventory,"Jasfer Industry Co., Limited - Import July 25 cogs for freight from SPS to Netsuite",Import July 25 cogs for freight from SPS to Netsuite,69.00,
EXTERNAL - 24BL102512-Inventory,424.5,,981,,A51001 - Freight - Out - Expense (New),981,7/28/2025,"Jasfer Industry Co., Limited",137,24BL102512-Inventory,"Jasfer Industry Co., Limited - Import July 25 cogs for freight from SPS to Netsuite",Import July 25 cogs for freight from SPS to Netsuite,,69.00
EXTERNAL - 24JSF08047-Inventory,425,A12001 - Inventory (New),953,953,,,7/28/2025,"Jasfer Industry Co., Limited",137,24JSF08047-Inventory,"Jasfer Industry Co., Limited - Import July 25 cogs for freight from SPS to Netsuite",Import July 25 cogs for freight from SPS to Netsuite,65.00,
EXTERNAL - 24JSF08047-Inventory,425.5,,981,,A51001 - Freight - Out - Expense (New),981,7/28/2025,"Jasfer Industry Co., Limited",137,24JSF08047-Inventory,"Jasfer Industry Co., Limited - Import July 25 cogs for freight from SPS to Netsuite",Import July 25 cogs for freight from SPS to Netsuite,,65.00
EXTERNAL - 24JS101909-Inventory,426,A12001 - Inventory (New),953,953,,,7/28/2025,"Jasfer Industry Co., Limited",137,24JS101909-Inventory,"Jasfer Industry Co., Limited - Import July 25 cogs for freight from SPS to Netsuite",Import July 25 cogs for freight from SPS to Netsuite,87.00,
EXTERNAL - 24JS101909-Inventory,426.5,,981,,A51001 - Freight - Out - Expense (New),981,7/28/2025,"Jasfer Industry Co., Limited",137,24JS101909-Inventory,"Jasfer Industry Co., Limited - Import July 25 cogs for freight from SPS to Netsuite",Import July 25 cogs for freight from SPS to Netsuite,,87.00
EXTERNAL - PI-25AG329GRV-V-Inventory,427,A12001 - Inventory (New),953,953,,,7/28/2025,"Jasfer Industry Co., Limited",137,PI-25AG329GRV-V-Inventory,"Jasfer Industry Co., Limited - Import July 25 cogs for freight from SPS to Netsuite",Import July 25 cogs for freight from SPS to Netsuite,2640.00,
EXTERNAL - PI-25AG329GRV-V-Inventory,427.5,,981,,A51001 - Freight - Out - Expense (New),981,7/28/2025,"Jasfer Industry Co., Limited",137,PI-25AG329GRV-V-Inventory,"Jasfer Industry Co., Limited - Import July 25 cogs for freight from SPS to Netsuite",Import July 25 cogs for freight from SPS to Netsuite,,2640.00
EXTERNAL - 24JS100904-Inventory,428,A12001 - Inventory (New),953,953,,,7/28/2025,"Jasfer Industry Co., Limited",137,24JS100904-Inventory,"Jasfer Industry Co., Limited - Import July 25 cogs for freight from SPS to Netsuite",Import July 25 cogs for freight from SPS to Netsuite,218.00,
EXTERNAL - 24JS100904-Inventory,428.5,,981,,A51001 - Freight - Out - Expense (New),981,7/28/2025,"Jasfer Industry Co., Limited",137,24JS100904-Inventory,"Jasfer Industry Co., Limited - Import July 25 cogs for freight from SPS to Netsuite",Import July 25 cogs for freight from SPS to Netsuite,,218.00
EXTERNAL - SR407-5-Inventory,429,A12001 - Inventory (New),953,953,,,7/28/2025,Richwood Hospitality Co. LTD,1285,SR407-5-Inventory,Richwood Hospitality Co. LTD - Import July 25 cogs for freight from SPS to Netsuite,Import July 25 cogs for freight from SPS to Netsuite,234.00,
EXTERNAL - SR407-5-Inventory,429.5,,981,,A51001 - Freight - Out - Expense (New),981,7/28/2025,Richwood Hospitality Co. LTD,1285,SR407-5-Inventory,Richwood Hospitality Co. LTD - Import July 25 cogs for freight from SPS to Netsuite,Import July 25 cogs for freight from SPS to Netsuite,,234.00
EXTERNAL - 24AR100901-Inventory,430,A12001 - Inventory (New),953,953,,,7/28/2025,"Jasfer Industry Co., Limited",137,24AR100901-Inventory,"Jasfer Industry Co., Limited - Import July 25 cogs for freight from SPS to Netsuite",Import July 25 cogs for freight from SPS to Netsuite,1320.00,
EXTERNAL - 24AR100901-Inventory,430.5,,981,,A51001 - Freight - Out - Expense (New),981,7/28/2025,"Jasfer Industry Co., Limited",137,24AR100901-Inventory,"Jasfer Industry Co., Limited - Import July 25 cogs for freight from SPS to Netsuite",Import July 25 cogs for freight from SPS to Netsuite,,1320.00
EXTERNAL - 24JSF07074-Inventory,431,A12001 - Inventory (New),953,953,,,7/28/2025,"Jasfer Industry Co., Limited",137,24JSF07074-Inventory,"Jasfer Industry Co., Limited - Import July 25 cogs for freight from SPS to Netsuite",Import July 25 cogs for freight from SPS to Netsuite,64.00,
EXTERNAL - 24JSF07074-Inventory,431.5,,981,,A51001 - Freight - Out - Expense (New),981,7/28/2025,"Jasfer Industry Co., Limited",137,24JSF07074-Inventory,"Jasfer Industry Co., Limited - Import July 25 cogs for freight from SPS to Netsuite",Import July 25 cogs for freight from SPS to Netsuite,,64.00
EXTERNAL - 24ISF10034-Inventory,432,A12001 - Inventory (New),953,953,,,7/28/2025,"Jasfer Industry Co., Limited",137,24ISF10034-Inventory,"Jasfer Industry Co., Limited - Import July 25 cogs for freight from SPS to Netsuite",Import July 25 cogs for freight from SPS to Netsuite,258.00,
EXTERNAL - 24ISF10034-Inventory,432.5,,981,,A51001 - Freight - Out - Expense (New),981,7/28/2025,"Jasfer Industry Co., Limited",137,24ISF10034-Inventory,"Jasfer Industry Co., Limited - Import July 25 cogs for freight from SPS to Netsuite",Import July 25 cogs for freight from SPS to Netsuite,,258.00
EXTERNAL - 24JSF09052-Inventory,433,A12001 - Inventory (New),953,953,,,7/28/2025,"Jasfer Industry Co., Limited",137,24JSF09052-Inventory,"Jasfer Industry Co., Limited - Import July 25 cogs for freight from SPS to Netsuite",Import July 25 cogs for freight from SPS to Netsuite,65.00,
EXTERNAL - 24JSF09052-Inventory,433.5,,981,,A51001 - Freight - Out - Expense (New),981,7/28/2025,"Jasfer Industry Co., Limited",137,24JSF09052-Inventory,"Jasfer Industry Co., Limited - Import July 25 cogs for freight from SPS to Netsuite",Import July 25 cogs for freight from SPS to Netsuite,,65.00
EXTERNAL - SR253-3-Inventory,434,A12001 - Inventory (New),953,953,,,7/28/2025,Richwood Hospitality Co. LTD,1285,SR253-3-Inventory,Richwood Hospitality Co. LTD - Import July 25 cogs for freight from SPS to Netsuite,Import July 25 cogs for freight from SPS to Netsuite,234.00,
EXTERNAL - SR253-3-Inventory,434.5,,981,,A51001 - Freight - Out - Expense (New),981,7/28/2025,Richwood Hospitality Co. LTD,1285,SR253-3-Inventory,Richwood Hospitality Co. LTD - Import July 25 cogs for freight from SPS to Netsuite,Import July 25 cogs for freight from SPS to Netsuite,,234.00
EXTERNAL - SR253-9-Inventory,435,A12001 - Inventory (New),953,953,,,7/28/2025,Richwood Hospitality Co. LTD,1285,SR253-9-Inventory,Richwood Hospitality Co. LTD - Import July 25 cogs for freight from SPS to Netsuite,Import July 25 cogs for freight from SPS to Netsuite,234.00,
EXTERNAL - SR253-9-Inventory,435.5,,981,,A51001 - Freight - Out - Expense (New),981,7/28/2025,Richwood Hospitality Co. LTD,1285,SR253-9-Inventory,Richwood Hospitality Co. LTD - Import July 25 cogs for freight from SPS to Netsuite,Import July 25 cogs for freight from SPS to Netsuite,,234.00
EXTERNAL - 24JS102401-Inventory,436,A12001 - Inventory (New),953,953,,,7/28/2025,"Jasfer Industry Co., Limited",137,24JS102401-Inventory,"Jasfer Industry Co., Limited - Import July 25 cogs for freight from SPS to Netsuite",Import July 25 cogs for freight from SPS to Netsuite,87.00,
EXTERNAL - 24JS102401-Inventory,436.5,,981,,A51001 - Freight - Out - Expense (New),981,7/28/2025,"Jasfer Industry Co., Limited",137,24JS102401-Inventory,"Jasfer Industry Co., Limited - Import July 25 cogs for freight from SPS to Netsuite",Import July 25 cogs for freight from SPS to Netsuite,,87.00
EXTERNAL - 24JSF07018-Inventory,437,A12001 - Inventory (New),953,953,,,7/28/2025,"Jasfer Industry Co., Limited",137,24JSF07018-Inventory,"Jasfer Industry Co., Limited - Import July 25 cogs for freight from SPS to Netsuite",Import July 25 cogs for freight from SPS to Netsuite,292.00,
EXTERNAL - 24JSF07018-Inventory,437.5,,981,,A51001 - Freight - Out - Expense (New),981,7/28/2025,"Jasfer Industry Co., Limited",137,24JSF07018-Inventory,"Jasfer Industry Co., Limited - Import July 25 cogs for freight from SPS to Netsuite",Import July 25 cogs for freight from SPS to Netsuite,,292.00
"EXTERNAL - SR382-4,ctnr1,2,3-Inventory",438,A12001 - Inventory (New),953,953,,,7/28/2025,Richwood Hospitality Co. LTD,1285,"SR382-4,ctnr1,2,3-Inventory",Richwood Hospitality Co. LTD - Import July 25 cogs for freight from SPS to Netsuite,Import July 25 cogs for freight from SPS to Netsuite,3230.00,
"EXTERNAL - SR382-4,ctnr1,2,3-Inventory",438.5,,981,,A51001 - Freight - Out - Expense (New),981,7/28/2025,Richwood Hospitality Co. LTD,1285,"SR382-4,ctnr1,2,3-Inventory",Richwood Hospitality Co. LTD - Import July 25 cogs for freight from SPS to Netsuite,Import July 25 cogs for freight from SPS to Netsuite,,3230.00
EXTERNAL - 24BL101801-Inventory,439,A12001 - Inventory (New),953,953,,,7/28/2025,"Jasfer Industry Co., Limited",137,24BL101801-Inventory,"Jasfer Industry Co., Limited - Import July 25 cogs for freight from SPS to Netsuite",Import July 25 cogs for freight from SPS to Netsuite,69.00,
EXTERNAL - 24BL101801-Inventory,439.5,,981,,A51001 - Freight - Out - Expense (New),981,7/28/2025,"Jasfer Industry Co., Limited",137,24BL101801-Inventory,"Jasfer Industry Co., Limited - Import July 25 cogs for freight from SPS to Netsuite",Import July 25 cogs for freight from SPS to Netsuite,,69.00
EXTERNAL - 24JSF07051-Inventory,440,A12001 - Inventory (New),953,953,,,7/28/2025,"Jasfer Industry Co., Limited",137,24JSF07051-Inventory,"Jasfer Industry Co., Limited - Import July 25 cogs for freight from SPS to Netsuite",Import July 25 cogs for freight from SPS to Netsuite,422.00,
EXTERNAL - 24JSF07051-Inventory,440.5,,981,,A51001 - Freight - Out - Expense (New),981,7/28/2025,"Jasfer Industry Co., Limited",137,24JSF07051-Inventory,"Jasfer Industry Co., Limited - Import July 25 cogs for freight from SPS to Netsuite",Import July 25 cogs for freight from SPS to Netsuite,,422.00
"EXTERNAL - SR407-12,ctnr9-Inventory",441,A12001 - Inventory (New),953,953,,,7/28/2025,Richwood Hospitality Co. LTD,1285,"SR407-12,ctnr9-Inventory",Richwood Hospitality Co. LTD - Import July 25 cogs for freight from SPS to Netsuite,Import July 25 cogs for freight from SPS to Netsuite,234.00,
"EXTERNAL - SR407-12,ctnr9-Inventory",441.5,,981,,A51001 - Freight - Out - Expense (New),981,7/28/2025,Richwood Hospitality Co. LTD,1285,"SR407-12,ctnr9-Inventory",Richwood Hospitality Co. LTD - Import July 25 cogs for freight from SPS to Netsuite,Import July 25 cogs for freight from SPS to Netsuite,,234.00
EXTERNAL - 24RT110504-Inventory,442,A12001 - Inventory (New),953,953,,,7/28/2025,"Jasfer Industry Co., Limited",137,24RT110504-Inventory,"Jasfer Industry Co., Limited - Import July 25 cogs for freight from SPS to Netsuite",Import July 25 cogs for freight from SPS to Netsuite,1490.00,
EXTERNAL - 24RT110504-Inventory,442.5,,981,,A51001 - Freight - Out - Expense (New),981,7/28/2025,"Jasfer Industry Co., Limited",137,24RT110504-Inventory,"Jasfer Industry Co., Limited - Import July 25 cogs for freight from SPS to Netsuite",Import July 25 cogs for freight from SPS to Netsuite,,1490.00
EXTERNAL - 24RT110203-Inventory,443,A12001 - Inventory (New),953,953,,,7/28/2025,"Jasfer Industry Co., Limited",137,24RT110203-Inventory,"Jasfer Industry Co., Limited - Import July 25 cogs for freight from SPS to Netsuite",Import July 25 cogs for freight from SPS to Netsuite,229.00,
EXTERNAL - 24RT110203-Inventory,443.5,,981,,A51001 - Freight - Out - Expense (New),981,7/28/2025,"Jasfer Industry Co., Limited",137,24RT110203-Inventory,"Jasfer Industry Co., Limited - Import July 25 cogs for freight from SPS to Netsuite",Import July 25 cogs for freight from SPS to Netsuite,,229.00
EXTERNAL - 24JSF04008-Inventory,444,A12001 - Inventory (New),953,953,,,7/28/2025,"Jasfer Industry Co., Limited",137,24JSF04008-Inventory,"Jasfer Industry Co., Limited - Import July 25 cogs for freight from SPS to Netsuite",Import July 25 cogs for freight from SPS to Netsuite,228.00,
EXTERNAL - 24JSF04008-Inventory,444.5,,981,,A51001 - Freight - Out - Expense (New),981,7/28/2025,"Jasfer Industry Co., Limited",137,24JSF04008-Inventory,"Jasfer Industry Co., Limited - Import July 25 cogs for freight from SPS to Netsuite",Import July 25 cogs for freight from SPS to Netsuite,,228.00
EXTERNAL - 24JSF10034-Inventory,445,A12001 - Inventory (New),953,953,,,7/28/2025,"Jasfer Industry Co., Limited",137,24JSF10034-Inventory,"Jasfer Industry Co., Limited - Import July 25 cogs for freight from SPS to Netsuite",Import July 25 cogs for freight from SPS to Netsuite,259.00,
EXTERNAL - 24JSF10034-Inventory,445.5,,981,,A51001 - Freight - Out - Expense (New),981,7/28/2025,"Jasfer Industry Co., Limited",137,24JSF10034-Inventory,"Jasfer Industry Co., Limited - Import July 25 cogs for freight from SPS to Netsuite",Import July 25 cogs for freight from SPS to Netsuite,,259.00
EXTERNAL - 24BL110102-Inventory,446,A12001 - Inventory (New),953,953,,,7/28/2025,"Jasfer Industry Co., Limited",137,24BL110102-Inventory,"Jasfer Industry Co., Limited - Import July 25 cogs for freight from SPS to Netsuite",Import July 25 cogs for freight from SPS to Netsuite,101.00,
EXTERNAL - 24BL110102-Inventory,446.5,,981,,A51001 - Freight - Out - Expense (New),981,7/28/2025,"Jasfer Industry Co., Limited",137,24BL110102-Inventory,"Jasfer Industry Co., Limited - Import July 25 cogs for freight from SPS to Netsuite",Import July 25 cogs for freight from SPS to Netsuite,,101.00
EXTERNAL - 24JS110405-Inventory,447,A12001 - Inventory (New),953,953,,,7/28/2025,"Jasfer Industry Co., Limited",137,24JS110405-Inventory,"Jasfer Industry Co., Limited - Import July 25 cogs for freight from SPS to Netsuite",Import July 25 cogs for freight from SPS to Netsuite,87.00,
EXTERNAL - 24JS110405-Inventory,447.5,,981,,A51001 - Freight - Out - Expense (New),981,7/28/2025,"Jasfer Industry Co., Limited",137,24JS110405-Inventory,"Jasfer Industry Co., Limited - Import July 25 cogs for freight from SPS to Netsuite",Import July 25 cogs for freight from SPS to Netsuite,,87.00
EXTERNAL - GV2024074-Inventory,448,A12001 - Inventory (New),953,953,,,7/28/2025,"Cambodian Zulite Stone Co., Ltd.",1237,GV2024074-Inventory,"Cambodian Zulite Stone Co., Ltd. - Import July 25 cogs for freight from SPS to Netsuite",Import July 25 cogs for freight from SPS to Netsuite,323.00,
EXTERNAL - GV2024074-Inventory,448.5,,981,,A51001 - Freight - Out - Expense (New),981,7/28/2025,"Cambodian Zulite Stone Co., Ltd.",1237,GV2024074-Inventory,"Cambodian Zulite Stone Co., Ltd. - Import July 25 cogs for freight from SPS to Netsuite",Import July 25 cogs for freight from SPS to Netsuite,,323.00
EXTERNAL - 24JS102903-Inventory,449,A12001 - Inventory (New),953,953,,,7/28/2025,"Jasfer Industry Co., Limited",137,24JS102903-Inventory,"Jasfer Industry Co., Limited - Import July 25 cogs for freight from SPS to Netsuite",Import July 25 cogs for freight from SPS to Netsuite,228.00,
EXTERNAL - 24JS102903-Inventory,449.5,,981,,A51001 - Freight - Out - Expense (New),981,7/28/2025,"Jasfer Industry Co., Limited",137,24JS102903-Inventory,"Jasfer Industry Co., Limited - Import July 25 cogs for freight from SPS to Netsuite",Import July 25 cogs for freight from SPS to Netsuite,,228.00
EXTERNAL - GV047-Inventory,450,A12001 - Inventory (New),953,953,,,7/28/2025,Richwood Hospitality Co. LTD,1285,GV047-Inventory,Richwood Hospitality Co. LTD - Import July 25 cogs for freight from SPS to Netsuite,Import July 25 cogs for freight from SPS to Netsuite,6280.00,
EXTERNAL - GV047-Inventory,450.5,,981,,A51001 - Freight - Out - Expense (New),981,7/28/2025,Richwood Hospitality Co. LTD,1285,GV047-Inventory,Richwood Hospitality Co. LTD - Import July 25 cogs for freight from SPS to Netsuite,Import July 25 cogs for freight from SPS to Netsuite,,6280.00
EXTERNAL - 24JSF09055-Inventory,451,A12001 - Inventory (New),953,953,,,7/28/2025,"Jasfer Industry Co., Limited",137,24JSF09055-Inventory,"Jasfer Industry Co., Limited - Import July 25 cogs for freight from SPS to Netsuite",Import July 25 cogs for freight from SPS to Netsuite,1944.00,
EXTERNAL - 24JSF09055-Inventory,451.5,,981,,A51001 - Freight - Out - Expense (New),981,7/28/2025,"Jasfer Industry Co., Limited",137,24JSF09055-Inventory,"Jasfer Industry Co., Limited - Import July 25 cogs for freight from SPS to Netsuite",Import July 25 cogs for freight from SPS to Netsuite,,1944.00
EXTERNAL - SR411-9-Inventory,452,A12001 - Inventory (New),953,953,,,7/28/2025,Richwood Hospitality Co. LTD,1285,SR411-9-Inventory,Richwood Hospitality Co. LTD - Import July 25 cogs for freight from SPS to Netsuite,Import July 25 cogs for freight from SPS to Netsuite,1450.00,
EXTERNAL - SR411-9-Inventory,452.5,,981,,A51001 - Freight - Out - Expense (New),981,7/28/2025,Richwood Hospitality Co. LTD,1285,SR411-9-Inventory,Richwood Hospitality Co. LTD - Import July 25 cogs for freight from SPS to Netsuite,Import July 25 cogs for freight from SPS to Netsuite,,1450.00
EXTERNAL - GV2024087-Inventory,453,A12001 - Inventory (New),953,953,,,7/28/2025,"Cambodian Zulite Stone Co., Ltd.",1237,GV2024087-Inventory,"Cambodian Zulite Stone Co., Ltd. - Import July 25 cogs for freight from SPS to Netsuite",Import July 25 cogs for freight from SPS to Netsuite,271.00,
EXTERNAL - GV2024087-Inventory,453.5,,981,,A51001 - Freight - Out - Expense (New),981,7/28/2025,"Cambodian Zulite Stone Co., Ltd.",1237,GV2024087-Inventory,"Cambodian Zulite Stone Co., Ltd. - Import July 25 cogs for freight from SPS to Netsuite",Import July 25 cogs for freight from SPS to Netsuite,,271.00
EXTERNAL - 24JSF07072-Inventory,454,A12001 - Inventory (New),953,953,,,7/28/2025,"Jasfer Industry Co., Limited",137,24JSF07072-Inventory,"Jasfer Industry Co., Limited - Import July 25 cogs for freight from SPS to Netsuite",Import July 25 cogs for freight from SPS to Netsuite,64.00,
EXTERNAL - 24JSF07072-Inventory,454.5,,981,,A51001 - Freight - Out - Expense (New),981,7/28/2025,"Jasfer Industry Co., Limited",137,24JSF07072-Inventory,"Jasfer Industry Co., Limited - Import July 25 cogs for freight from SPS to Netsuite",Import July 25 cogs for freight from SPS to Netsuite,,64.00
EXTERNAL - 20250136-Inventory,455,A12001 - Inventory (New),953,953,,,7/28/2025,An Cuong Wood-Working,1542,20250136-Inventory,An Cuong Wood-Working - Import July 25 cogs for freight from SPS to Netsuite,Import July 25 cogs for freight from SPS to Netsuite,1640.00,
EXTERNAL - 20250136-Inventory,455.5,,981,,A51001 - Freight - Out - Expense (New),981,7/28/2025,An Cuong Wood-Working,1542,20250136-Inventory,An Cuong Wood-Working - Import July 25 cogs for freight from SPS to Netsuite,Import July 25 cogs for freight from SPS to Netsuite,,1640.00
EXTERNAL - 24JS110803-Inventory,456,A12001 - Inventory (New),953,953,,,7/28/2025,"Jasfer Industry Co., Limited",137,24JS110803-Inventory,"Jasfer Industry Co., Limited - Import July 25 cogs for freight from SPS to Netsuite",Import July 25 cogs for freight from SPS to Netsuite,87.00,
EXTERNAL - 24JS110803-Inventory,456.5,,981,,A51001 - Freight - Out - Expense (New),981,7/28/2025,"Jasfer Industry Co., Limited",137,24JS110803-Inventory,"Jasfer Industry Co., Limited - Import July 25 cogs for freight from SPS to Netsuite",Import July 25 cogs for freight from SPS to Netsuite,,87.00
EXTERNAL - 24RT110602-Inventory,457,A12001 - Inventory (New),953,953,,,7/28/2025,"Jasfer Industry Co., Limited",137,24RT110602-Inventory,"Jasfer Industry Co., Limited - Import July 25 cogs for freight from SPS to Netsuite",Import July 25 cogs for freight from SPS to Netsuite,40.00,
EXTERNAL - 24RT110602-Inventory,457.5,,981,,A51001 - Freight - Out - Expense (New),981,7/28/2025,"Jasfer Industry Co., Limited",137,24RT110602-Inventory,"Jasfer Industry Co., Limited - Import July 25 cogs for freight from SPS to Netsuite",Import July 25 cogs for freight from SPS to Netsuite,,40.00
EXTERNAL - GV2024084-Inventory,458,A12001 - Inventory (New),953,953,,,7/28/2025,"Cambodian Zulite Stone Co., Ltd.",1237,GV2024084-Inventory,"Cambodian Zulite Stone Co., Ltd. - Import July 25 cogs for freight from SPS to Netsuite",Import July 25 cogs for freight from SPS to Netsuite,323.00,
EXTERNAL - GV2024084-Inventory,458.5,,981,,A51001 - Freight - Out - Expense (New),981,7/28/2025,"Cambodian Zulite Stone Co., Ltd.",1237,GV2024084-Inventory,"Cambodian Zulite Stone Co., Ltd. - Import July 25 cogs for freight from SPS to Netsuite",Import July 25 cogs for freight from SPS to Netsuite,,323.00
EXTERNAL - GV2024099-Inventory,459,A12001 - Inventory (New),953,953,,,7/28/2025,"Cambodian Zulite Stone Co., Ltd.",1237,GV2024099-Inventory,"Cambodian Zulite Stone Co., Ltd. - Import July 25 cogs for freight from SPS to Netsuite",Import July 25 cogs for freight from SPS to Netsuite,324.00,
EXTERNAL - GV2024099-Inventory,459.5,,981,,A51001 - Freight - Out - Expense (New),981,7/28/2025,"Cambodian Zulite Stone Co., Ltd.",1237,GV2024099-Inventory,"Cambodian Zulite Stone Co., Ltd. - Import July 25 cogs for freight from SPS to Netsuite",Import July 25 cogs for freight from SPS to Netsuite,,324.00
EXTERNAL - 24JS111306-Inventory,460,A12001 - Inventory (New),953,953,,,7/28/2025,"Jasfer Industry Co., Limited",137,24JS111306-Inventory,"Jasfer Industry Co., Limited - Import July 25 cogs for freight from SPS to Netsuite",Import July 25 cogs for freight from SPS to Netsuite,136.00,
EXTERNAL - 24JS111306-Inventory,460.5,,981,,A51001 - Freight - Out - Expense (New),981,7/28/2025,"Jasfer Industry Co., Limited",137,24JS111306-Inventory,"Jasfer Industry Co., Limited - Import July 25 cogs for freight from SPS to Netsuite",Import July 25 cogs for freight from SPS to Netsuite,,136.00
EXTERNAL - GV2024089-Inventory,461,A12001 - Inventory (New),953,953,,,7/28/2025,"Cambodian Zulite Stone Co., Ltd.",1237,GV2024089-Inventory,"Cambodian Zulite Stone Co., Ltd. - Import July 25 cogs for freight from SPS to Netsuite",Import July 25 cogs for freight from SPS to Netsuite,271.00,
EXTERNAL - GV2024089-Inventory,461.5,,981,,A51001 - Freight - Out - Expense (New),981,7/28/2025,"Cambodian Zulite Stone Co., Ltd.",1237,GV2024089-Inventory,"Cambodian Zulite Stone Co., Ltd. - Import July 25 cogs for freight from SPS to Netsuite",Import July 25 cogs for freight from SPS to Netsuite,,271.00
EXTERNAL - 25760001-AP,462,A51001 - Freight - Out - Expense (New),981,981,,,7/28/2025,Marmite Sp. z o.o. - Poland,1562,25760001-AP,Marmite Sp. z o.o. - Poland - Import July 25 cogs for freight from SPS to Netsuite,Import July 25 cogs for freight from SPS to Netsuite,970.00,
EXTERNAL - 25760001-AP,462.5,,966,,A20001 - Accounts Payable Suppliers & Vendors (New),966,7/28/2025,Marmite Sp. z o.o. - Poland,1562,25760001-AP,Marmite Sp. z o.o. - Poland - Import July 25 cogs for freight from SPS to Netsuite,Import July 25 cogs for freight from SPS to Netsuite,,970.00
EXTERNAL - GV2024094-AP,463,A51001 - Freight - Out - Expense (New),981,981,,,7/28/2025,"Cambodian Zulite Stone Co., Ltd.",1237,GV2024094-AP,"Cambodian Zulite Stone Co., Ltd. - Import July 25 cogs for freight from SPS to Netsuite",Import July 25 cogs for freight from SPS to Netsuite,273.00,
EXTERNAL - GV2024094-AP,463.5,,966,,A20001 - Accounts Payable Suppliers & Vendors (New),966,7/28/2025,"Cambodian Zulite Stone Co., Ltd.",1237,GV2024094-AP,"Cambodian Zulite Stone Co., Ltd. - Import July 25 cogs for freight from SPS to Netsuite",Import July 25 cogs for freight from SPS to Netsuite,,273.00
EXTERNAL - GV2024091-AP,464,A51001 - Freight - Out - Expense (New),981,981,,,7/28/2025,"Cambodian Zulite Stone Co., Ltd.",1237,GV2024091-AP,"Cambodian Zulite Stone Co., Ltd. - Import July 25 cogs for freight from SPS to Netsuite",Import July 25 cogs for freight from SPS to Netsuite,271.00,
EXTERNAL - GV2024091-AP,464.5,,966,,A20001 - Accounts Payable Suppliers & Vendors (New),966,7/28/2025,"Cambodian Zulite Stone Co., Ltd.",1237,GV2024091-AP,"Cambodian Zulite Stone Co., Ltd. - Import July 25 cogs for freight from SPS to Netsuite",Import July 25 cogs for freight from SPS to Netsuite,,271.00
EXTERNAL - GV2024093-AP,465,A51001 - Freight - Out - Expense (New),981,981,,,7/28/2025,"Cambodian Zulite Stone Co., Ltd.",1237,GV2024093-AP,"Cambodian Zulite Stone Co., Ltd. - Import July 25 cogs for freight from SPS to Netsuite",Import July 25 cogs for freight from SPS to Netsuite,272.00,
EXTERNAL - GV2024093-AP,465.5,,966,,A20001 - Accounts Payable Suppliers & Vendors (New),966,7/28/2025,"Cambodian Zulite Stone Co., Ltd.",1237,GV2024093-AP,"Cambodian Zulite Stone Co., Ltd. - Import July 25 cogs for freight from SPS to Netsuite",Import July 25 cogs for freight from SPS to Netsuite,,272.00
EXTERNAL - 24JSF11045-AP,466,A51001 - Freight - Out - Expense (New),981,981,,,7/28/2025,"Jasfer Industry Co., Limited",137,24JSF11045-AP,"Jasfer Industry Co., Limited - Import July 25 cogs for freight from SPS to Netsuite",Import July 25 cogs for freight from SPS to Netsuite,65.00,
EXTERNAL - 24JSF11045-AP,466.5,,966,,A20001 - Accounts Payable Suppliers & Vendors (New),966,7/28/2025,"Jasfer Industry Co., Limited",137,24JSF11045-AP,"Jasfer Industry Co., Limited - Import July 25 cogs for freight from SPS to Netsuite",Import July 25 cogs for freight from SPS to Netsuite,,65.00
EXTERNAL - GV2024101-AP,467,A51001 - Freight - Out - Expense (New),981,981,,,7/28/2025,"Cambodian Zulite Stone Co., Ltd.",1237,GV2024101-AP,"Cambodian Zulite Stone Co., Ltd. - Import July 25 cogs for freight from SPS to Netsuite",Import July 25 cogs for freight from SPS to Netsuite,272.00,
EXTERNAL - GV2024101-AP,467.5,,966,,A20001 - Accounts Payable Suppliers & Vendors (New),966,7/28/2025,"Cambodian Zulite Stone Co., Ltd.",1237,GV2024101-AP,"Cambodian Zulite Stone Co., Ltd. - Import July 25 cogs for freight from SPS to Netsuite",Import July 25 cogs for freight from SPS to Netsuite,,272.00
EXTERNAL - :24JS120405-AP,468,A51001 - Freight - Out - Expense (New),981,981,,,7/28/2025,"Jasfer Industry Co., Limited",137,:24JS120405-AP,"Jasfer Industry Co., Limited - Import July 25 cogs for freight from SPS to Netsuite",Import July 25 cogs for freight from SPS to Netsuite,68.00,
EXTERNAL - :24JS120405-AP,468.5,,966,,A20001 - Accounts Payable Suppliers & Vendors (New),966,7/28/2025,"Jasfer Industry Co., Limited",137,:24JS120405-AP,"Jasfer Industry Co., Limited - Import July 25 cogs for freight from SPS to Netsuite",Import July 25 cogs for freight from SPS to Netsuite,,68.00
EXTERNAL - 31/VE-AP,469,A51001 - Freight - Out - Expense (New),981,981,,,7/28/2025,Ceramica Refin SPA,1238,31/VE-AP,Ceramica Refin SPA - Import July 25 cogs for freight from SPS to Netsuite,Import July 25 cogs for freight from SPS to Netsuite,109.00,
EXTERNAL - 31/VE-AP,469.5,,966,,A20001 - Accounts Payable Suppliers & Vendors (New),966,7/28/2025,Ceramica Refin SPA,1238,31/VE-AP,Ceramica Refin SPA - Import July 25 cogs for freight from SPS to Netsuite,Import July 25 cogs for freight from SPS to Netsuite,,109.00
EXTERNAL - 23BL062701-AP,470,A51001 - Freight - Out - Expense (New),981,981,,,7/28/2025,"Jasfer Industry Co., Limited",137,23BL062701-AP,"Jasfer Industry Co., Limited - Import July 25 cogs for freight from SPS to Netsuite",Import July 25 cogs for freight from SPS to Netsuite,40.00,
EXTERNAL - 23BL062701-AP,470.5,,966,,A20001 - Accounts Payable Suppliers & Vendors (New),966,7/28/2025,"Jasfer Industry Co., Limited",137,23BL062701-AP,"Jasfer Industry Co., Limited - Import July 25 cogs for freight from SPS to Netsuite",Import July 25 cogs for freight from SPS to Netsuite,,40.00
EXTERNAL - 8118113953-AP,471,A51001 - Freight - Out - Expense (New),981,981,,,7/28/2025,GRESDEA,1961,8118113953-AP,GRESDEA - Import July 25 cogs for freight from SPS to Netsuite,Import July 25 cogs for freight from SPS to Netsuite,770.00,
EXTERNAL - 8118113953-AP,471.5,,966,,A20001 - Accounts Payable Suppliers & Vendors (New),966,7/28/2025,GRESDEA,1961,8118113953-AP,GRESDEA - Import July 25 cogs for freight from SPS to Netsuite,Import July 25 cogs for freight from SPS to Netsuite,,770.00
EXTERNAL - 20241226-AP,472,A51001 - Freight - Out - Expense (New),981,981,,,7/28/2025,"Jasfer Industry Co., Limited",137,20241226-AP,"Jasfer Industry Co., Limited - Import July 25 cogs for freight from SPS to Netsuite",Import July 25 cogs for freight from SPS to Netsuite,218.00,
EXTERNAL - 20241226-AP,472.5,,966,,A20001 - Accounts Payable Suppliers & Vendors (New),966,7/28/2025,"Jasfer Industry Co., Limited",137,20241226-AP,"Jasfer Industry Co., Limited - Import July 25 cogs for freight from SPS to Netsuite",Import July 25 cogs for freight from SPS to Netsuite,,218.00
EXTERNAL - 23RT06006-AP,473,A51001 - Freight - Out - Expense (New),981,981,,,7/28/2025,"Jasfer Industry Co., Limited",137,23RT06006-AP,"Jasfer Industry Co., Limited - Import July 25 cogs for freight from SPS to Netsuite",Import July 25 cogs for freight from SPS to Netsuite,218.00,
EXTERNAL - 23RT06006-AP,473.5,,966,,A20001 - Accounts Payable Suppliers & Vendors (New),966,7/28/2025,"Jasfer Industry Co., Limited",137,23RT06006-AP,"Jasfer Industry Co., Limited - Import July 25 cogs for freight from SPS to Netsuite",Import July 25 cogs for freight from SPS to Netsuite,,218.00
EXTERNAL - 24JSF11035-AP,474,A51001 - Freight - Out - Expense (New),981,981,,,7/29/2025,"Jasfer Industry Co., Limited",137,24JSF11035-AP,"Jasfer Industry Co., Limited - Import July 25 cogs for freight from SPS to Netsuite",Import July 25 cogs for freight from SPS to Netsuite,35.00,
EXTERNAL - 24JSF11035-AP,474.5,,966,,A20001 - Accounts Payable Suppliers & Vendors (New),966,7/29/2025,"Jasfer Industry Co., Limited",137,24JSF11035-AP,"Jasfer Industry Co., Limited - Import July 25 cogs for freight from SPS to Netsuite",Import July 25 cogs for freight from SPS to Netsuite,,35.00
EXTERNAL - 1200/VE-AP,475,A51001 - Freight - Out - Expense (New),981,981,,,7/29/2025,MirageGranitoCeramico S.p.A,173,1200/VE-AP,MirageGranitoCeramico S.p.A - Import July 25 cogs for freight from SPS to Netsuite,Import July 25 cogs for freight from SPS to Netsuite,770.00,
EXTERNAL - 1200/VE-AP,475.5,,966,,A20001 - Accounts Payable Suppliers & Vendors (New),966,7/29/2025,MirageGranitoCeramico S.p.A,173,1200/VE-AP,MirageGranitoCeramico S.p.A - Import July 25 cogs for freight from SPS to Netsuite,Import July 25 cogs for freight from SPS to Netsuite,,770.00
EXTERNAL - 24JSF03012-AP,476,A51001 - Freight - Out - Expense (New),981,981,,,7/29/2025,"Jasfer Industry Co., Limited",137,24JSF03012-AP,"Jasfer Industry Co., Limited - Import July 25 cogs for freight from SPS to Netsuite",Import July 25 cogs for freight from SPS to Netsuite,34.00,
EXTERNAL - 24JSF03012-AP,476.5,,966,,A20001 - Accounts Payable Suppliers & Vendors (New),966,7/29/2025,"Jasfer Industry Co., Limited",137,24JSF03012-AP,"Jasfer Industry Co., Limited - Import July 25 cogs for freight from SPS to Netsuite",Import July 25 cogs for freight from SPS to Netsuite,,34.00
EXTERNAL - 24JSF08036-AP,477,A51001 - Freight - Out - Expense (New),981,981,,,7/29/2025,"Jasfer Industry Co., Limited",137,24JSF08036-AP,"Jasfer Industry Co., Limited - Import July 25 cogs for freight from SPS to Netsuite",Import July 25 cogs for freight from SPS to Netsuite,34.00,
EXTERNAL - 24JSF08036-AP,477.5,,966,,A20001 - Accounts Payable Suppliers & Vendors (New),966,7/29/2025,"Jasfer Industry Co., Limited",137,24JSF08036-AP,"Jasfer Industry Co., Limited - Import July 25 cogs for freight from SPS to Netsuite",Import July 25 cogs for freight from SPS to Netsuite,,34.00
EXTERNAL - 24JSF08044-AP,478,A51001 - Freight - Out - Expense (New),981,981,,,7/29/2025,"Jasfer Industry Co., Limited",137,24JSF08044-AP,"Jasfer Industry Co., Limited - Import July 25 cogs for freight from SPS to Netsuite",Import July 25 cogs for freight from SPS to Netsuite,34.00,
EXTERNAL - 24JSF08044-AP,478.5,,966,,A20001 - Accounts Payable Suppliers & Vendors (New),966,7/29/2025,"Jasfer Industry Co., Limited",137,24JSF08044-AP,"Jasfer Industry Co., Limited - Import July 25 cogs for freight from SPS to Netsuite",Import July 25 cogs for freight from SPS to Netsuite,,34.00
EXTERNAL - WHGV2409-1-AP,479,A51001 - Freight - Out - Expense (New),981,981,,,7/29/2025,"Jasfer Industry Co., Limited",137,WHGV2409-1-AP,"Jasfer Industry Co., Limited - Import July 25 cogs for freight from SPS to Netsuite",Import July 25 cogs for freight from SPS to Netsuite,314.00,
EXTERNAL - WHGV2409-1-AP,479.5,,966,,A20001 - Accounts Payable Suppliers & Vendors (New),966,7/29/2025,"Jasfer Industry Co., Limited",137,WHGV2409-1-AP,"Jasfer Industry Co., Limited - Import July 25 cogs for freight from SPS to Netsuite",Import July 25 cogs for freight from SPS to Netsuite,,314.00
EXTERNAL - 24JSF09050-AP,480,A51001 - Freight - Out - Expense (New),981,981,,,7/29/2025,"Jasfer Industry Co., Limited",137,24JSF09050-AP,"Jasfer Industry Co., Limited - Import July 25 cogs for freight from SPS to Netsuite",Import July 25 cogs for freight from SPS to Netsuite,77.00,
EXTERNAL - 24JSF09050-AP,480.5,,966,,A20001 - Accounts Payable Suppliers & Vendors (New),966,7/29/2025,"Jasfer Industry Co., Limited",137,24JSF09050-AP,"Jasfer Industry Co., Limited - Import July 25 cogs for freight from SPS to Netsuite",Import July 25 cogs for freight from SPS to Netsuite,,77.00
EXTERNAL - 24RT073005-AP,481,A51001 - Freight - Out - Expense (New),981,981,,,7/29/2025,"Jasfer Industry Co., Limited",137,24RT073005-AP,"Jasfer Industry Co., Limited - Import July 25 cogs for freight from SPS to Netsuite",Import July 25 cogs for freight from SPS to Netsuite,80.00,
EXTERNAL - 24RT073005-AP,481.5,,966,,A20001 - Accounts Payable Suppliers & Vendors (New),966,7/29/2025,"Jasfer Industry Co., Limited",137,24RT073005-AP,"Jasfer Industry Co., Limited - Import July 25 cogs for freight from SPS to Netsuite",Import July 25 cogs for freight from SPS to Netsuite,,80.00
EXTERNAL - 24JSF08041-AP,482,A51001 - Freight - Out - Expense (New),981,981,,,7/29/2025,"Jasfer Industry Co., Limited",137,24JSF08041-AP,"Jasfer Industry Co., Limited - Import July 25 cogs for freight from SPS to Netsuite",Import July 25 cogs for freight from SPS to Netsuite,34.00,
EXTERNAL - 24JSF08041-AP,482.5,,966,,A20001 - Accounts Payable Suppliers & Vendors (New),966,7/29/2025,"Jasfer Industry Co., Limited",137,24JSF08041-AP,"Jasfer Industry Co., Limited - Import July 25 cogs for freight from SPS to Netsuite",Import July 25 cogs for freight from SPS to Netsuite,,34.00
EXTERNAL - 24BL082304-AP,483,A51001 - Freight - Out - Expense (New),981,981,,,7/29/2025,"Jasfer Industry Co., Limited",137,24BL082304-AP,"Jasfer Industry Co., Limited - Import July 25 cogs for freight from SPS to Netsuite",Import July 25 cogs for freight from SPS to Netsuite,33.00,
EXTERNAL - 24BL082304-AP,483.5,,966,,A20001 - Accounts Payable Suppliers & Vendors (New),966,7/29/2025,"Jasfer Industry Co., Limited",137,24BL082304-AP,"Jasfer Industry Co., Limited - Import July 25 cogs for freight from SPS to Netsuite",Import July 25 cogs for freight from SPS to Netsuite,,33.00
EXTERNAL - 24JS090401-AP,484,A51001 - Freight - Out - Expense (New),981,981,,,7/29/2025,"Jasfer Industry Co., Limited",137,24JS090401-AP,"Jasfer Industry Co., Limited - Import July 25 cogs for freight from SPS to Netsuite",Import July 25 cogs for freight from SPS to Netsuite,39.00,
EXTERNAL - 24JS090401-AP,484.5,,966,,A20001 - Accounts Payable Suppliers & Vendors (New),966,7/29/2025,"Jasfer Industry Co., Limited",137,24JS090401-AP,"Jasfer Industry Co., Limited - Import July 25 cogs for freight from SPS to Netsuite",Import July 25 cogs for freight from SPS to Netsuite,,39.00
EXTERNAL - 24BL100705-AP,485,A51001 - Freight - Out - Expense (New),981,981,,,7/29/2025,"Jasfer Industry Co., Limited",137,24BL100705-AP,"Jasfer Industry Co., Limited - Import July 25 cogs for freight from SPS to Netsuite",Import July 25 cogs for freight from SPS to Netsuite,39.00,
EXTERNAL - 24BL100705-AP,485.5,,966,,A20001 - Accounts Payable Suppliers & Vendors (New),966,7/29/2025,"Jasfer Industry Co., Limited",137,24BL100705-AP,"Jasfer Industry Co., Limited - Import July 25 cogs for freight from SPS to Netsuite",Import July 25 cogs for freight from SPS to Netsuite,,39.00
EXTERNAL - 24BL092506-AP,486,A51001 - Freight - Out - Expense (New),981,981,,,7/29/2025,"Jasfer Industry Co., Limited",137,24BL092506-AP,"Jasfer Industry Co., Limited - Import July 25 cogs for freight from SPS to Netsuite",Import July 25 cogs for freight from SPS to Netsuite,39.00,
EXTERNAL - 24BL092506-AP,486.5,,966,,A20001 - Accounts Payable Suppliers & Vendors (New),966,7/29/2025,"Jasfer Industry Co., Limited",137,24BL092506-AP,"Jasfer Industry Co., Limited - Import July 25 cogs for freight from SPS to Netsuite",Import July 25 cogs for freight from SPS to Netsuite,,39.00
EXTERNAL - 24RT092505-AP,487,A51001 - Freight - Out - Expense (New),981,981,,,7/29/2025,"Jasfer Industry Co., Limited",137,24RT092505-AP,"Jasfer Industry Co., Limited - Import July 25 cogs for freight from SPS to Netsuite",Import July 25 cogs for freight from SPS to Netsuite,32.00,
EXTERNAL - 24RT092505-AP,487.5,,966,,A20001 - Accounts Payable Suppliers & Vendors (New),966,7/29/2025,"Jasfer Industry Co., Limited",137,24RT092505-AP,"Jasfer Industry Co., Limited - Import July 25 cogs for freight from SPS to Netsuite",Import July 25 cogs for freight from SPS to Netsuite,,32.00
EXTERNAL - 24JSF10005-AP,488,A51001 - Freight - Out - Expense (New),981,981,,,7/29/2025,"Jasfer Industry Co., Limited",137,24JSF10005-AP,"Jasfer Industry Co., Limited - Import July 25 cogs for freight from SPS to Netsuite",Import July 25 cogs for freight from SPS to Netsuite,64.00,
EXTERNAL - 24JSF10005-AP,488.5,,966,,A20001 - Accounts Payable Suppliers & Vendors (New),966,7/29/2025,"Jasfer Industry Co., Limited",137,24JSF10005-AP,"Jasfer Industry Co., Limited - Import July 25 cogs for freight from SPS to Netsuite",Import July 25 cogs for freight from SPS to Netsuite,,64.00
EXTERNAL - 24BL092702-AP,489,A51001 - Freight - Out - Expense (New),981,981,,,7/29/2025,"Jasfer Industry Co., Limited",137,24BL092702-AP,"Jasfer Industry Co., Limited - Import July 25 cogs for freight from SPS to Netsuite",Import July 25 cogs for freight from SPS to Netsuite,39.00,
EXTERNAL - 24BL092702-AP,489.5,,966,,A20001 - Accounts Payable Suppliers & Vendors (New),966,7/29/2025,"Jasfer Industry Co., Limited",137,24BL092702-AP,"Jasfer Industry Co., Limited - Import July 25 cogs for freight from SPS to Netsuite",Import July 25 cogs for freight from SPS to Netsuite,,39.00
EXTERNAL - 24RT101607-AP,490,A51001 - Freight - Out - Expense (New),981,981,,,7/29/2025,"Jasfer Industry Co., Limited",137,24RT101607-AP,"Jasfer Industry Co., Limited - Import July 25 cogs for freight from SPS to Netsuite",Import July 25 cogs for freight from SPS to Netsuite,34.00,
EXTERNAL - 24RT101607-AP,490.5,,966,,A20001 - Accounts Payable Suppliers & Vendors (New),966,7/29/2025,"Jasfer Industry Co., Limited",137,24RT101607-AP,"Jasfer Industry Co., Limited - Import July 25 cogs for freight from SPS to Netsuite",Import July 25 cogs for freight from SPS to Netsuite,,34.00
EXTERNAL - 24JSF11003-AP,491,A51001 - Freight - Out - Expense (New),981,981,,,7/29/2025,"Jasfer Industry Co., Limited",137,24JSF11003-AP,"Jasfer Industry Co., Limited - Import July 25 cogs for freight from SPS to Netsuite",Import July 25 cogs for freight from SPS to Netsuite,64.00,
EXTERNAL - 24JSF11003-AP,491.5,,966,,A20001 - Accounts Payable Suppliers & Vendors (New),966,7/29/2025,"Jasfer Industry Co., Limited",137,24JSF11003-AP,"Jasfer Industry Co., Limited - Import July 25 cogs for freight from SPS to Netsuite",Import July 25 cogs for freight from SPS to Netsuite,,64.00
EXTERNAL - 24JS101205-AP,492,A51001 - Freight - Out - Expense (New),981,981,,,7/29/2025,"Jasfer Industry Co., Limited",137,24JS101205-AP,"Jasfer Industry Co., Limited - Import July 25 cogs for freight from SPS to Netsuite",Import July 25 cogs for freight from SPS to Netsuite,43.00,
EXTERNAL - 24JS101205-AP,492.5,,966,,A20001 - Accounts Payable Suppliers & Vendors (New),966,7/29/2025,"Jasfer Industry Co., Limited",137,24JS101205-AP,"Jasfer Industry Co., Limited - Import July 25 cogs for freight from SPS to Netsuite",Import July 25 cogs for freight from SPS to Netsuite,,43.00
EXTERNAL - 24JSF09048-AP,493,A51001 - Freight - Out - Expense (New),981,981,,,7/29/2025,"Jasfer Industry Co., Limited",137,24JSF09048-AP,"Jasfer Industry Co., Limited - Import July 25 cogs for freight from SPS to Netsuite",Import July 25 cogs for freight from SPS to Netsuite,64.00,
EXTERNAL - 24JSF09048-AP,493.5,,966,,A20001 - Accounts Payable Suppliers & Vendors (New),966,7/29/2025,"Jasfer Industry Co., Limited",137,24JSF09048-AP,"Jasfer Industry Co., Limited - Import July 25 cogs for freight from SPS to Netsuite",Import July 25 cogs for freight from SPS to Netsuite,,64.00
EXTERNAL - 24BL101206-AP,494,A51001 - Freight - Out - Expense (New),981,981,,,7/29/2025,"Jasfer Industry Co., Limited",137,24BL101206-AP,"Jasfer Industry Co., Limited - Import July 25 cogs for freight from SPS to Netsuite",Import July 25 cogs for freight from SPS to Netsuite,39.00,
EXTERNAL - 24BL101206-AP,494.5,,966,,A20001 - Accounts Payable Suppliers & Vendors (New),966,7/29/2025,"Jasfer Industry Co., Limited",137,24BL101206-AP,"Jasfer Industry Co., Limited - Import July 25 cogs for freight from SPS to Netsuite",Import July 25 cogs for freight from SPS to Netsuite,,39.00
EXTERNAL - 24BL101201-AP,495,A51001 - Freight - Out - Expense (New),981,981,,,7/29/2025,"Jasfer Industry Co., Limited",137,24BL101201-AP,"Jasfer Industry Co., Limited - Import July 25 cogs for freight from SPS to Netsuite",Import July 25 cogs for freight from SPS to Netsuite,39.00,
EXTERNAL - 24BL101201-AP,495.5,,966,,A20001 - Accounts Payable Suppliers & Vendors (New),966,7/29/2025,"Jasfer Industry Co., Limited",137,24BL101201-AP,"Jasfer Industry Co., Limited - Import July 25 cogs for freight from SPS to Netsuite",Import July 25 cogs for freight from SPS to Netsuite,,39.00
EXTERNAL - 24BL101506-AP,496,A51001 - Freight - Out - Expense (New),981,981,,,7/29/2025,"Jasfer Industry Co., Limited",137,24BL101506-AP,"Jasfer Industry Co., Limited - Import July 25 cogs for freight from SPS to Netsuite",Import July 25 cogs for freight from SPS to Netsuite,39.00,
EXTERNAL - 24BL101506-AP,496.5,,966,,A20001 - Accounts Payable Suppliers & Vendors (New),966,7/29/2025,"Jasfer Industry Co., Limited",137,24BL101506-AP,"Jasfer Industry Co., Limited - Import July 25 cogs for freight from SPS to Netsuite",Import July 25 cogs for freight from SPS to Netsuite,,39.00
EXTERNAL - 24JS101103-AP,497,A51001 - Freight - Out - Expense (New),981,981,,,7/29/2025,"Jasfer Industry Co., Limited",137,24JS101103-AP,"Jasfer Industry Co., Limited - Import July 25 cogs for freight from SPS to Netsuite",Import July 25 cogs for freight from SPS to Netsuite,43.00,
EXTERNAL - 24JS101103-AP,497.5,,966,,A20001 - Accounts Payable Suppliers & Vendors (New),966,7/29/2025,"Jasfer Industry Co., Limited",137,24JS101103-AP,"Jasfer Industry Co., Limited - Import July 25 cogs for freight from SPS to Netsuite",Import July 25 cogs for freight from SPS to Netsuite,,43.00
EXTERNAL - 24JSF08060-AP,498,A51001 - Freight - Out - Expense (New),981,981,,,7/29/2025,"Jasfer Industry Co., Limited",137,24JSF08060-AP,"Jasfer Industry Co., Limited - Import July 25 cogs for freight from SPS to Netsuite",Import July 25 cogs for freight from SPS to Netsuite,194.00,
EXTERNAL - 24JSF08060-AP,498.5,,966,,A20001 - Accounts Payable Suppliers & Vendors (New),966,7/29/2025,"Jasfer Industry Co., Limited",137,24JSF08060-AP,"Jasfer Industry Co., Limited - Import July 25 cogs for freight from SPS to Netsuite",Import July 25 cogs for freight from SPS to Netsuite,,194.00
EXTERNAL - 24JSF08013-AP,499,A51001 - Freight - Out - Expense (New),981,981,,,7/29/2025,"Jasfer Industry Co., Limited",137,24JSF08013-AP,"Jasfer Industry Co., Limited - Import July 25 cogs for freight from SPS to Netsuite",Import July 25 cogs for freight from SPS to Netsuite,194.00,
EXTERNAL - 24JSF08013-AP,499.5,,966,,A20001 - Accounts Payable Suppliers & Vendors (New),966,7/29/2025,"Jasfer Industry Co., Limited",137,24JSF08013-AP,"Jasfer Industry Co., Limited - Import July 25 cogs for freight from SPS to Netsuite",Import July 25 cogs for freight from SPS to Netsuite,,194.00
EXTERNAL - 24RT101401-AP,500,A51001 - Freight - Out - Expense (New),981,981,,,7/29/2025,"Jasfer Industry Co., Limited",137,24RT101401-AP,"Jasfer Industry Co., Limited - Import July 25 cogs for freight from SPS to Netsuite",Import July 25 cogs for freight from SPS to Netsuite,33.00,
EXTERNAL - 24RT101401-AP,500.5,,966,,A20001 - Accounts Payable Suppliers & Vendors (New),966,7/29/2025,"Jasfer Industry Co., Limited",137,24RT101401-AP,"Jasfer Industry Co., Limited - Import July 25 cogs for freight from SPS to Netsuite",Import July 25 cogs for freight from SPS to Netsuite,,33.00
EXTERNAL - ZB202410029USA-AP,501,A51001 - Freight - Out - Expense (New),981,981,,,7/29/2025,ZBOM Cabinets Corp.,1297,ZB202410029USA-AP,ZBOM Cabinets Corp. - Import July 25 cogs for freight from SPS to Netsuite,Import July 25 cogs for freight from SPS to Netsuite,487.00,
EXTERNAL - ZB202410029USA-AP,501.5,,966,,A20001 - Accounts Payable Suppliers & Vendors (New),966,7/29/2025,ZBOM Cabinets Corp.,1297,ZB202410029USA-AP,ZBOM Cabinets Corp. - Import July 25 cogs for freight from SPS to Netsuite,Import July 25 cogs for freight from SPS to Netsuite,,487.00
EXTERNAL - 24JSF09030-AP,502,A51001 - Freight - Out - Expense (New),981,981,,,7/29/2025,"Jasfer Industry Co., Limited",137,24JSF09030-AP,"Jasfer Industry Co., Limited - Import July 25 cogs for freight from SPS to Netsuite",Import July 25 cogs for freight from SPS to Netsuite,64.00,
EXTERNAL - 24JSF09030-AP,502.5,,966,,A20001 - Accounts Payable Suppliers & Vendors (New),966,7/29/2025,"Jasfer Industry Co., Limited",137,24JSF09030-AP,"Jasfer Industry Co., Limited - Import July 25 cogs for freight from SPS to Netsuite",Import July 25 cogs for freight from SPS to Netsuite,,64.00
EXTERNAL - 24RT102506-AP,503,A51001 - Freight - Out - Expense (New),981,981,,,7/29/2025,"Jasfer Industry Co., Limited",137,24RT102506-AP,"Jasfer Industry Co., Limited - Import July 25 cogs for freight from SPS to Netsuite",Import July 25 cogs for freight from SPS to Netsuite,35.00,
EXTERNAL - 24RT102506-AP,503.5,,966,,A20001 - Accounts Payable Suppliers & Vendors (New),966,7/29/2025,"Jasfer Industry Co., Limited",137,24RT102506-AP,"Jasfer Industry Co., Limited - Import July 25 cogs for freight from SPS to Netsuite",Import July 25 cogs for freight from SPS to Netsuite,,35.00
EXTERNAL - 22530969-E-AP,504,A51001 - Freight - Out - Expense (New),981,981,,,7/29/2025,Fama Sofas S.L.U,1248,22530969-E-AP,Fama Sofas S.L.U - Import July 25 cogs for freight from SPS to Netsuite,Import July 25 cogs for freight from SPS to Netsuite,118.00,
EXTERNAL - 22530969-E-AP,504.5,,966,,A20001 - Accounts Payable Suppliers & Vendors (New),966,7/29/2025,Fama Sofas S.L.U,1248,22530969-E-AP,Fama Sofas S.L.U - Import July 25 cogs for freight from SPS to Netsuite,Import July 25 cogs for freight from SPS to Netsuite,,118.00
EXTERNAL - 24JSF08020-AP,505,A51001 - Freight - Out - Expense (New),981,981,,,7/29/2025,"Jasfer Industry Co., Limited",137,24JSF08020-AP,"Jasfer Industry Co., Limited - Import July 25 cogs for freight from SPS to Netsuite",Import July 25 cogs for freight from SPS to Netsuite,77.00,
EXTERNAL - 24JSF08020-AP,505.5,,966,,A20001 - Accounts Payable Suppliers & Vendors (New),966,7/29/2025,"Jasfer Industry Co., Limited",137,24JSF08020-AP,"Jasfer Industry Co., Limited - Import July 25 cogs for freight from SPS to Netsuite",Import July 25 cogs for freight from SPS to Netsuite,,77.00
EXTERNAL - 24RT051002-AP,506,A51001 - Freight - Out - Expense (New),981,981,,,7/29/2025,"Jasfer Industry Co., Limited",137,24RT051002-AP,"Jasfer Industry Co., Limited - Import July 25 cogs for freight from SPS to Netsuite",Import July 25 cogs for freight from SPS to Netsuite,39.00,
EXTERNAL - 24RT051002-AP,506.5,,966,,A20001 - Accounts Payable Suppliers & Vendors (New),966,7/29/2025,"Jasfer Industry Co., Limited",137,24RT051002-AP,"Jasfer Industry Co., Limited - Import July 25 cogs for freight from SPS to Netsuite",Import July 25 cogs for freight from SPS to Netsuite,,39.00
EXTERNAL - 24JSF10049-AP,507,A51001 - Freight - Out - Expense (New),981,981,,,7/29/2025,"Jasfer Industry Co., Limited",137,24JSF10049-AP,"Jasfer Industry Co., Limited - Import July 25 cogs for freight from SPS to Netsuite",Import July 25 cogs for freight from SPS to Netsuite,32.00,
EXTERNAL - 24JSF10049-AP,507.5,,966,,A20001 - Accounts Payable Suppliers & Vendors (New),966,7/29/2025,"Jasfer Industry Co., Limited",137,24JSF10049-AP,"Jasfer Industry Co., Limited - Import July 25 cogs for freight from SPS to Netsuite",Import July 25 cogs for freight from SPS to Netsuite,,32.00
EXTERNAL - 24RT102510-AP,508,A51001 - Freight - Out - Expense (New),981,981,,,7/29/2025,"Jasfer Industry Co., Limited",137,24RT102510-AP,"Jasfer Industry Co., Limited - Import July 25 cogs for freight from SPS to Netsuite",Import July 25 cogs for freight from SPS to Netsuite,39.00,
EXTERNAL - 24RT102510-AP,508.5,,966,,A20001 - Accounts Payable Suppliers & Vendors (New),966,7/29/2025,"Jasfer Industry Co., Limited",137,24RT102510-AP,"Jasfer Industry Co., Limited - Import July 25 cogs for freight from SPS to Netsuite",Import July 25 cogs for freight from SPS to Netsuite,,39.00
EXTERNAL - 24RT102509-AP,509,A51001 - Freight - Out - Expense (New),981,981,,,7/29/2025,"Jasfer Industry Co., Limited",137,24RT102509-AP,"Jasfer Industry Co., Limited - Import July 25 cogs for freight from SPS to Netsuite",Import July 25 cogs for freight from SPS to Netsuite,40.00,
EXTERNAL - 24RT102509-AP,509.5,,966,,A20001 - Accounts Payable Suppliers & Vendors (New),966,7/29/2025,"Jasfer Industry Co., Limited",137,24RT102509-AP,"Jasfer Industry Co., Limited - Import July 25 cogs for freight from SPS to Netsuite",Import July 25 cogs for freight from SPS to Netsuite,,40.00
EXTERNAL - 24RT102511-AP,510,A51001 - Freight - Out - Expense (New),981,981,,,7/29/2025,"Jasfer Industry Co., Limited",137,24RT102511-AP,"Jasfer Industry Co., Limited - Import July 25 cogs for freight from SPS to Netsuite",Import July 25 cogs for freight from SPS to Netsuite,77.00,
EXTERNAL - 24RT102511-AP,510.5,,966,,A20001 - Accounts Payable Suppliers & Vendors (New),966,7/29/2025,"Jasfer Industry Co., Limited",137,24RT102511-AP,"Jasfer Industry Co., Limited - Import July 25 cogs for freight from SPS to Netsuite",Import July 25 cogs for freight from SPS to Netsuite,,77.00
EXTERNAL - 24JSF10008-AP,511,A51001 - Freight - Out - Expense (New),981,981,,,7/29/2025,"Jasfer Industry Co., Limited",137,24JSF10008-AP,"Jasfer Industry Co., Limited - Import July 25 cogs for freight from SPS to Netsuite",Import July 25 cogs for freight from SPS to Netsuite,34.00,
EXTERNAL - 24JSF10008-AP,511.5,,966,,A20001 - Accounts Payable Suppliers & Vendors (New),966,7/29/2025,"Jasfer Industry Co., Limited",137,24JSF10008-AP,"Jasfer Industry Co., Limited - Import July 25 cogs for freight from SPS to Netsuite",Import July 25 cogs for freight from SPS to Netsuite,,34.00
EXTERNAL - 24RT092304-AP,512,A51001 - Freight - Out - Expense (New),981,981,,,7/29/2025,"Jasfer Industry Co., Limited",137,24RT092304-AP,"Jasfer Industry Co., Limited - Import July 25 cogs for freight from SPS to Netsuite",Import July 25 cogs for freight from SPS to Netsuite,32.00,
EXTERNAL - 24RT092304-AP,512.5,,966,,A20001 - Accounts Payable Suppliers & Vendors (New),966,7/29/2025,"Jasfer Industry Co., Limited",137,24RT092304-AP,"Jasfer Industry Co., Limited - Import July 25 cogs for freight from SPS to Netsuite",Import July 25 cogs for freight from SPS to Netsuite,,32.00
EXTERNAL - 24JS103001-AP,513,A51001 - Freight - Out - Expense (New),981,981,,,7/29/2025,"Jasfer Industry Co., Limited",137,24JS103001-AP,"Jasfer Industry Co., Limited - Import July 25 cogs for freight from SPS to Netsuite",Import July 25 cogs for freight from SPS to Netsuite,43.00,
EXTERNAL - 24JS103001-AP,513.5,,966,,A20001 - Accounts Payable Suppliers & Vendors (New),966,7/29/2025,"Jasfer Industry Co., Limited",137,24JS103001-AP,"Jasfer Industry Co., Limited - Import July 25 cogs for freight from SPS to Netsuite",Import July 25 cogs for freight from SPS to Netsuite,,43.00
EXTERNAL - 24JS101706-AP,514,A51001 - Freight - Out - Expense (New),981,981,,,7/29/2025,"Jasfer Industry Co., Limited",137,24JS101706-AP,"Jasfer Industry Co., Limited - Import July 25 cogs for freight from SPS to Netsuite",Import July 25 cogs for freight from SPS to Netsuite,44.00,
EXTERNAL - 24JS101706-AP,514.5,,966,,A20001 - Accounts Payable Suppliers & Vendors (New),966,7/29/2025,"Jasfer Industry Co., Limited",137,24JS101706-AP,"Jasfer Industry Co., Limited - Import July 25 cogs for freight from SPS to Netsuite",Import July 25 cogs for freight from SPS to Netsuite,,44.00
EXTERNAL - 24BL11010824-AP,515,A51001 - Freight - Out - Expense (New),981,981,,,7/29/2025,"Jasfer Industry Co., Limited",137,24BL11010824-AP,"Jasfer Industry Co., Limited - Import July 25 cogs for freight from SPS to Netsuite",Import July 25 cogs for freight from SPS to Netsuite,33.00,
EXTERNAL - 24BL11010824-AP,515.5,,966,,A20001 - Accounts Payable Suppliers & Vendors (New),966,7/29/2025,"Jasfer Industry Co., Limited",137,24BL11010824-AP,"Jasfer Industry Co., Limited - Import July 25 cogs for freight from SPS to Netsuite",Import July 25 cogs for freight from SPS to Netsuite,,33.00
EXTERNAL - 24JS110108-AP,516,A51001 - Freight - Out - Expense (New),981,981,,,7/29/2025,"Jasfer Industry Co., Limited",137,24JS110108-AP,"Jasfer Industry Co., Limited - Import July 25 cogs for freight from SPS to Netsuite",Import July 25 cogs for freight from SPS to Netsuite,43.00,
EXTERNAL - 24JS110108-AP,516.5,,966,,A20001 - Accounts Payable Suppliers & Vendors (New),966,7/29/2025,"Jasfer Industry Co., Limited",137,24JS110108-AP,"Jasfer Industry Co., Limited - Import July 25 cogs for freight from SPS to Netsuite",Import July 25 cogs for freight from SPS to Netsuite,,43.00
EXTERNAL - 24JSF11005-AP,517,A51001 - Freight - Out - Expense (New),981,981,,,7/29/2025,"Jasfer Industry Co., Limited",137,24JSF11005-AP,"Jasfer Industry Co., Limited - Import July 25 cogs for freight from SPS to Netsuite",Import July 25 cogs for freight from SPS to Netsuite,65.00,
EXTERNAL - 24JSF11005-AP,517.5,,966,,A20001 - Accounts Payable Suppliers & Vendors (New),966,7/29/2025,"Jasfer Industry Co., Limited",137,24JSF11005-AP,"Jasfer Industry Co., Limited - Import July 25 cogs for freight from SPS to Netsuite",Import July 25 cogs for freight from SPS to Netsuite,,65.00
EXTERNAL - 24RT110105-AP,518,A51001 - Freight - Out - Expense (New),981,981,,,7/29/2025,"Jasfer Industry Co., Limited",137,24RT110105-AP,"Jasfer Industry Co., Limited - Import July 25 cogs for freight from SPS to Netsuite",Import July 25 cogs for freight from SPS to Netsuite,39.00,
EXTERNAL - 24RT110105-AP,518.5,,966,,A20001 - Accounts Payable Suppliers & Vendors (New),966,7/29/2025,"Jasfer Industry Co., Limited",137,24RT110105-AP,"Jasfer Industry Co., Limited - Import July 25 cogs for freight from SPS to Netsuite",Import July 25 cogs for freight from SPS to Netsuite,,39.00
EXTERNAL - 24JS110808-AP,519,A51001 - Freight - Out - Expense (New),981,981,,,7/29/2025,"Jasfer Industry Co., Limited",137,24JS110808-AP,"Jasfer Industry Co., Limited - Import July 25 cogs for freight from SPS to Netsuite",Import July 25 cogs for freight from SPS to Netsuite,86.00,
EXTERNAL - 24JS110808-AP,519.5,,966,,A20001 - Accounts Payable Suppliers & Vendors (New),966,7/29/2025,"Jasfer Industry Co., Limited",137,24JS110808-AP,"Jasfer Industry Co., Limited - Import July 25 cogs for freight from SPS to Netsuite",Import July 25 cogs for freight from SPS to Netsuite,,86.00
EXTERNAL - 24BL102902-AP,520,A51001 - Freight - Out - Expense (New),981,981,,,7/29/2025,"Jasfer Industry Co., Limited",137,24BL102902-AP,"Jasfer Industry Co., Limited - Import July 25 cogs for freight from SPS to Netsuite",Import July 25 cogs for freight from SPS to Netsuite,39.00,
EXTERNAL - 24BL102902-AP,520.5,,966,,A20001 - Accounts Payable Suppliers & Vendors (New),966,7/29/2025,"Jasfer Industry Co., Limited",137,24BL102902-AP,"Jasfer Industry Co., Limited - Import July 25 cogs for freight from SPS to Netsuite",Import July 25 cogs for freight from SPS to Netsuite,,39.00
EXTERNAL - 24JSF11006-AP,521,A51001 - Freight - Out - Expense (New),981,981,,,7/29/2025,"Jasfer Industry Co., Limited",137,24JSF11006-AP,"Jasfer Industry Co., Limited - Import July 25 cogs for freight from SPS to Netsuite",Import July 25 cogs for freight from SPS to Netsuite,35.00,
EXTERNAL - 24JSF11006-AP,521.5,,966,,A20001 - Accounts Payable Suppliers & Vendors (New),966,7/29/2025,"Jasfer Industry Co., Limited",137,24JSF11006-AP,"Jasfer Industry Co., Limited - Import July 25 cogs for freight from SPS to Netsuite",Import July 25 cogs for freight from SPS to Netsuite,,35.00
EXTERNAL - 24JSF09020-AP,522,A51001 - Freight - Out - Expense (New),981,981,,,7/29/2025,"Jasfer Industry Co., Limited",137,24JSF09020-AP,"Jasfer Industry Co., Limited - Import July 25 cogs for freight from SPS to Netsuite",Import July 25 cogs for freight from SPS to Netsuite,64.00,
EXTERNAL - 24JSF09020-AP,522.5,,966,,A20001 - Accounts Payable Suppliers & Vendors (New),966,7/29/2025,"Jasfer Industry Co., Limited",137,24JSF09020-AP,"Jasfer Industry Co., Limited - Import July 25 cogs for freight from SPS to Netsuite",Import July 25 cogs for freight from SPS to Netsuite,,64.00
EXTERNAL - 24JSF10064-AP,523,A51001 - Freight - Out - Expense (New),981,981,,,7/29/2025,"Jasfer Industry Co., Limited",137,24JSF10064-AP,"Jasfer Industry Co., Limited - Import July 25 cogs for freight from SPS to Netsuite",Import July 25 cogs for freight from SPS to Netsuite,177.00,
EXTERNAL - 24JSF10064-AP,523.5,,966,,A20001 - Accounts Payable Suppliers & Vendors (New),966,7/29/2025,"Jasfer Industry Co., Limited",137,24JSF10064-AP,"Jasfer Industry Co., Limited - Import July 25 cogs for freight from SPS to Netsuite",Import July 25 cogs for freight from SPS to Netsuite,,177.00
EXTERNAL - 72500017-AP,524,A51001 - Freight - Out - Expense (New),981,981,,,7/29/2025,TMLeade,1957,72500017-AP,TMLeade - Import July 25 cogs for freight from SPS to Netsuite,Import July 25 cogs for freight from SPS to Netsuite,116.00,
EXTERNAL - 72500017-AP,524.5,,966,,A20001 - Accounts Payable Suppliers & Vendors (New),966,7/29/2025,TMLeade,1957,72500017-AP,TMLeade - Import July 25 cogs for freight from SPS to Netsuite,Import July 25 cogs for freight from SPS to Netsuite,,116.00
EXTERNAL - 24JSF11016-AP,525,A51001 - Freight - Out - Expense (New),981,981,,,7/29/2025,"Jasfer Industry Co., Limited",137,24JSF11016-AP,"Jasfer Industry Co., Limited - Import July 25 cogs for freight from SPS to Netsuite",Import July 25 cogs for freight from SPS to Netsuite,77.00,
EXTERNAL - 24JSF11016-AP,525.5,,966,,A20001 - Accounts Payable Suppliers & Vendors (New),966,7/29/2025,"Jasfer Industry Co., Limited",137,24JSF11016-AP,"Jasfer Industry Co., Limited - Import July 25 cogs for freight from SPS to Netsuite",Import July 25 cogs for freight from SPS to Netsuite,,77.00
EXTERNAL - 24BL110703-AP,526,A51001 - Freight - Out - Expense (New),981,981,,,7/29/2025,"Jasfer Industry Co., Limited",137,24BL110703-AP,"Jasfer Industry Co., Limited - Import July 25 cogs for freight from SPS to Netsuite",Import July 25 cogs for freight from SPS to Netsuite,33.00,
EXTERNAL - 24BL110703-AP,526.5,,966,,A20001 - Accounts Payable Suppliers & Vendors (New),966,7/29/2025,"Jasfer Industry Co., Limited",137,24BL110703-AP,"Jasfer Industry Co., Limited - Import July 25 cogs for freight from SPS to Netsuite",Import July 25 cogs for freight from SPS to Netsuite,,33.00
EXTERNAL - 24JSF11002-AP,527,A51001 - Freight - Out - Expense (New),981,981,,,7/29/2025,"Jasfer Industry Co., Limited",137,24JSF11002-AP,"Jasfer Industry Co., Limited - Import July 25 cogs for freight from SPS to Netsuite",Import July 25 cogs for freight from SPS to Netsuite,64.00,
EXTERNAL - 24JSF11002-AP,527.5,,966,,A20001 - Accounts Payable Suppliers & Vendors (New),966,7/29/2025,"Jasfer Industry Co., Limited",137,24JSF11002-AP,"Jasfer Industry Co., Limited - Import July 25 cogs for freight from SPS to Netsuite",Import July 25 cogs for freight from SPS to Netsuite,,64.00
EXTERNAL - 24RT110701-AP,528,A51001 - Freight - Out - Expense (New),981,981,,,7/29/2025,"Jasfer Industry Co., Limited",137,24RT110701-AP,"Jasfer Industry Co., Limited - Import July 25 cogs for freight from SPS to Netsuite",Import July 25 cogs for freight from SPS to Netsuite,39.00,
EXTERNAL - 24RT110701-AP,528.5,,966,,A20001 - Accounts Payable Suppliers & Vendors (New),966,7/29/2025,"Jasfer Industry Co., Limited",137,24RT110701-AP,"Jasfer Industry Co., Limited - Import July 25 cogs for freight from SPS to Netsuite",Import July 25 cogs for freight from SPS to Netsuite,,39.00
EXTERNAL - 23BL121204-AP,529,A51001 - Freight - Out - Expense (New),981,981,,,7/29/2025,"Jasfer Industry Co., Limited",137,23BL121204-AP,"Jasfer Industry Co., Limited - Import July 25 cogs for freight from SPS to Netsuite",Import July 25 cogs for freight from SPS to Netsuite,39.00,
EXTERNAL - 23BL121204-AP,529.5,,966,,A20001 - Accounts Payable Suppliers & Vendors (New),966,7/29/2025,"Jasfer Industry Co., Limited",137,23BL121204-AP,"Jasfer Industry Co., Limited - Import July 25 cogs for freight from SPS to Netsuite",Import July 25 cogs for freight from SPS to Netsuite,,39.00
EXTERNAL - 24JSF10071-AP,530,A51001 - Freight - Out - Expense (New),981,981,,,7/29/2025,"Jasfer Industry Co., Limited",137,24JSF10071-AP,"Jasfer Industry Co., Limited - Import July 25 cogs for freight from SPS to Netsuite",Import July 25 cogs for freight from SPS to Netsuite,154.00,
EXTERNAL - 24JSF10071-AP,530.5,,966,,A20001 - Accounts Payable Suppliers & Vendors (New),966,7/29/2025,"Jasfer Industry Co., Limited",137,24JSF10071-AP,"Jasfer Industry Co., Limited - Import July 25 cogs for freight from SPS to Netsuite",Import July 25 cogs for freight from SPS to Netsuite,,154.00
EXTERNAL - GV2024083-AP,531,A51001 - Freight - Out - Expense (New),981,981,,,7/29/2025,"Cambodian Zulite Stone Co., Ltd.",1237,GV2024083-AP,"Cambodian Zulite Stone Co., Ltd. - Import July 25 cogs for freight from SPS to Netsuite",Import July 25 cogs for freight from SPS to Netsuite,162.00,
EXTERNAL - GV2024083-AP,531.5,,966,,A20001 - Accounts Payable Suppliers & Vendors (New),966,7/29/2025,"Cambodian Zulite Stone Co., Ltd.",1237,GV2024083-AP,"Cambodian Zulite Stone Co., Ltd. - Import July 25 cogs for freight from SPS to Netsuite",Import July 25 cogs for freight from SPS to Netsuite,,162.00
EXTERNAL - 24JSF11011-AP,532,A51001 - Freight - Out - Expense (New),981,981,,,7/29/2025,"Jasfer Industry Co., Limited",137,24JSF11011-AP,"Jasfer Industry Co., Limited - Import July 25 cogs for freight from SPS to Netsuite",Import July 25 cogs for freight from SPS to Netsuite,65.00,
EXTERNAL - 24JSF11011-AP,532.5,,966,,A20001 - Accounts Payable Suppliers & Vendors (New),966,7/29/2025,"Jasfer Industry Co., Limited",137,24JSF11011-AP,"Jasfer Industry Co., Limited - Import July 25 cogs for freight from SPS to Netsuite",Import July 25 cogs for freight from SPS to Netsuite,,65.00
EXTERNAL - 24RT110801-AP,533,A51001 - Freight - Out - Expense (New),981,981,,,7/29/2025,"Jasfer Industry Co., Limited",137,24RT110801-AP,"Jasfer Industry Co., Limited - Import July 25 cogs for freight from SPS to Netsuite",Import July 25 cogs for freight from SPS to Netsuite,32.00,
EXTERNAL - 24RT110801-AP,533.5,,966,,A20001 - Accounts Payable Suppliers & Vendors (New),966,7/29/2025,"Jasfer Industry Co., Limited",137,24RT110801-AP,"Jasfer Industry Co., Limited - Import July 25 cogs for freight from SPS to Netsuite",Import July 25 cogs for freight from SPS to Netsuite,,32.00
EXTERNAL - 24JSF08010-AP,534,A51001 - Freight - Out - Expense (New),981,981,,,7/29/2025,"Jasfer Industry Co., Limited",137,24JSF08010-AP,"Jasfer Industry Co., Limited - Import July 25 cogs for freight from SPS to Netsuite",Import July 25 cogs for freight from SPS to Netsuite,64.00,
EXTERNAL - 24JSF08010-AP,534.5,,966,,A20001 - Accounts Payable Suppliers & Vendors (New),966,7/29/2025,"Jasfer Industry Co., Limited",137,24JSF08010-AP,"Jasfer Industry Co., Limited - Import July 25 cogs for freight from SPS to Netsuite",Import July 25 cogs for freight from SPS to Netsuite,,64.00
EXTERNAL - 24JS112001-AP,535,A51001 - Freight - Out - Expense (New),981,981,,,7/29/2025,"Jasfer Industry Co., Limited",137,24JS112001-AP,"Jasfer Industry Co., Limited - Import July 25 cogs for freight from SPS to Netsuite",Import July 25 cogs for freight from SPS to Netsuite,33.00,
EXTERNAL - 24JS112001-AP,535.5,,966,,A20001 - Accounts Payable Suppliers & Vendors (New),966,7/29/2025,"Jasfer Industry Co., Limited",137,24JS112001-AP,"Jasfer Industry Co., Limited - Import July 25 cogs for freight from SPS to Netsuite",Import July 25 cogs for freight from SPS to Netsuite,,33.00
EXTERNAL - 24JSF11029-AP,536,A51001 - Freight - Out - Expense (New),981,981,,,7/29/2025,"Jasfer Industry Co., Limited",137,24JSF11029-AP,"Jasfer Industry Co., Limited - Import July 25 cogs for freight from SPS to Netsuite",Import July 25 cogs for freight from SPS to Netsuite,104.00,
EXTERNAL - 24JSF11029-AP,536.5,,966,,A20001 - Accounts Payable Suppliers & Vendors (New),966,7/29/2025,"Jasfer Industry Co., Limited",137,24JSF11029-AP,"Jasfer Industry Co., Limited - Import July 25 cogs for freight from SPS to Netsuite",Import July 25 cogs for freight from SPS to Netsuite,,104.00
EXTERNAL - GV2024082-AP,537,A51001 - Freight - Out - Expense (New),981,981,,,7/29/2025,"Cambodian Zulite Stone Co., Ltd.",1237,GV2024082-AP,"Cambodian Zulite Stone Co., Ltd. - Import July 25 cogs for freight from SPS to Netsuite",Import July 25 cogs for freight from SPS to Netsuite,162.00,
EXTERNAL - GV2024082-AP,537.5,,966,,A20001 - Accounts Payable Suppliers & Vendors (New),966,7/29/2025,"Cambodian Zulite Stone Co., Ltd.",1237,GV2024082-AP,"Cambodian Zulite Stone Co., Ltd. - Import July 25 cogs for freight from SPS to Netsuite",Import July 25 cogs for freight from SPS to Netsuite,,162.00
EXTERNAL - 24RT111102-AP,538,A51001 - Freight - Out - Expense (New),981,981,,,7/29/2025,"Jasfer Industry Co., Limited",137,24RT111102-AP,"Jasfer Industry Co., Limited - Import July 25 cogs for freight from SPS to Netsuite",Import July 25 cogs for freight from SPS to Netsuite,39.00,
EXTERNAL - 24RT111102-AP,538.5,,966,,A20001 - Accounts Payable Suppliers & Vendors (New),966,7/29/2025,"Jasfer Industry Co., Limited",137,24RT111102-AP,"Jasfer Industry Co., Limited - Import July 25 cogs for freight from SPS to Netsuite",Import July 25 cogs for freight from SPS to Netsuite,,39.00
EXTERNAL - 24JSF11022-AP,539,A51001 - Freight - Out - Expense (New),981,981,,,7/29/2025,"Jasfer Industry Co., Limited",137,24JSF11022-AP,"Jasfer Industry Co., Limited - Import July 25 cogs for freight from SPS to Netsuite",Import July 25 cogs for freight from SPS to Netsuite,68.00,
EXTERNAL - 24JSF11022-AP,539.5,,966,,A20001 - Accounts Payable Suppliers & Vendors (New),966,7/29/2025,"Jasfer Industry Co., Limited",137,24JSF11022-AP,"Jasfer Industry Co., Limited - Import July 25 cogs for freight from SPS to Netsuite",Import July 25 cogs for freight from SPS to Netsuite,,68.00
EXTERNAL - 24RT111407-AP,540,A51001 - Freight - Out - Expense (New),981,981,,,7/29/2025,"Jasfer Industry Co., Limited",137,24RT111407-AP,"Jasfer Industry Co., Limited - Import July 25 cogs for freight from SPS to Netsuite",Import July 25 cogs for freight from SPS to Netsuite,40.00,
EXTERNAL - 24RT111407-AP,540.5,,966,,A20001 - Accounts Payable Suppliers & Vendors (New),966,7/29/2025,"Jasfer Industry Co., Limited",137,24RT111407-AP,"Jasfer Industry Co., Limited - Import July 25 cogs for freight from SPS to Netsuite",Import July 25 cogs for freight from SPS to Netsuite,,40.00
EXTERNAL - 24JSF11033-AP,541,A51001 - Freight - Out - Expense (New),981,981,,,7/29/2025,"Jasfer Industry Co., Limited",137,24JSF11033-AP,"Jasfer Industry Co., Limited - Import July 25 cogs for freight from SPS to Netsuite",Import July 25 cogs for freight from SPS to Netsuite,35.00,
EXTERNAL - 24JSF11033-AP,541.5,,966,,A20001 - Accounts Payable Suppliers & Vendors (New),966,7/29/2025,"Jasfer Industry Co., Limited",137,24JSF11033-AP,"Jasfer Industry Co., Limited - Import July 25 cogs for freight from SPS to Netsuite",Import July 25 cogs for freight from SPS to Netsuite,,35.00
EXTERNAL - 24RT111405-AP,542,A51001 - Freight - Out - Expense (New),981,981,,,7/29/2025,"Jasfer Industry Co., Limited",137,24RT111405-AP,"Jasfer Industry Co., Limited - Import July 25 cogs for freight from SPS to Netsuite",Import July 25 cogs for freight from SPS to Netsuite,32.00,
EXTERNAL - 24RT111405-AP,542.5,,966,,A20001 - Accounts Payable Suppliers & Vendors (New),966,7/29/2025,"Jasfer Industry Co., Limited",137,24RT111405-AP,"Jasfer Industry Co., Limited - Import July 25 cogs for freight from SPS to Netsuite",Import July 25 cogs for freight from SPS to Netsuite,,32.00
EXTERNAL - 24JS111101-AP,543,A51001 - Freight - Out - Expense (New),981,981,,,7/29/2025,"Jasfer Industry Co., Limited",137,24JS111101-AP,"Jasfer Industry Co., Limited - Import July 25 cogs for freight from SPS to Netsuite",Import July 25 cogs for freight from SPS to Netsuite,44.00,
EXTERNAL - 24JS111101-AP,543.5,,966,,A20001 - Accounts Payable Suppliers & Vendors (New),966,7/29/2025,"Jasfer Industry Co., Limited",137,24JS111101-AP,"Jasfer Industry Co., Limited - Import July 25 cogs for freight from SPS to Netsuite",Import July 25 cogs for freight from SPS to Netsuite,,44.00
EXTERNAL - 24RT112701-AP,544,A51001 - Freight - Out - Expense (New),981,981,,,7/29/2025,"Jasfer Industry Co., Limited",137,24RT112701-AP,"Jasfer Industry Co., Limited - Import July 25 cogs for freight from SPS to Netsuite",Import July 25 cogs for freight from SPS to Netsuite,34.00,
EXTERNAL - 24RT112701-AP,544.5,,966,,A20001 - Accounts Payable Suppliers & Vendors (New),966,7/29/2025,"Jasfer Industry Co., Limited",137,24RT112701-AP,"Jasfer Industry Co., Limited - Import July 25 cogs for freight from SPS to Netsuite",Import July 25 cogs for freight from SPS to Netsuite,,34.00
EXTERNAL - 24JS111304-AP,545,A51001 - Freight - Out - Expense (New),981,981,,,7/29/2025,"Jasfer Industry Co., Limited",137,24JS111304-AP,"Jasfer Industry Co., Limited - Import July 25 cogs for freight from SPS to Netsuite",Import July 25 cogs for freight from SPS to Netsuite,43.00,
EXTERNAL - 24JS111304-AP,545.5,,966,,A20001 - Accounts Payable Suppliers & Vendors (New),966,7/29/2025,"Jasfer Industry Co., Limited",137,24JS111304-AP,"Jasfer Industry Co., Limited - Import July 25 cogs for freight from SPS to Netsuite",Import July 25 cogs for freight from SPS to Netsuite,,43.00
EXTERNAL - 24JSF12012-AP,546,A51001 - Freight - Out - Expense (New),981,981,,,7/29/2025,"Jasfer Industry Co., Limited",137,24JSF12012-AP,"Jasfer Industry Co., Limited - Import July 25 cogs for freight from SPS to Netsuite",Import July 25 cogs for freight from SPS to Netsuite,34.00,
EXTERNAL - 24JSF12012-AP,546.5,,966,,A20001 - Accounts Payable Suppliers & Vendors (New),966,7/29/2025,"Jasfer Industry Co., Limited",137,24JSF12012-AP,"Jasfer Industry Co., Limited - Import July 25 cogs for freight from SPS to Netsuite",Import July 25 cogs for freight from SPS to Netsuite,,34.00
EXTERNAL - GV2024098-AP,547,A51001 - Freight - Out - Expense (New),981,981,,,7/29/2025,"Cambodian Zulite Stone Co., Ltd.",1237,GV2024098-AP,"Cambodian Zulite Stone Co., Ltd. - Import July 25 cogs for freight from SPS to Netsuite",Import July 25 cogs for freight from SPS to Netsuite,243.00,
EXTERNAL - GV2024098-AP,547.5,,966,,A20001 - Accounts Payable Suppliers & Vendors (New),966,7/29/2025,"Cambodian Zulite Stone Co., Ltd.",1237,GV2024098-AP,"Cambodian Zulite Stone Co., Ltd. - Import July 25 cogs for freight from SPS to Netsuite",Import July 25 cogs for freight from SPS to Netsuite,,243.00
EXTERNAL - GV2024105-AP,548,A51001 - Freight - Out - Expense (New),981,981,,,7/29/2025,"Cambodian Zulite Stone Co., Ltd.",1237,GV2024105-AP,"Cambodian Zulite Stone Co., Ltd. - Import July 25 cogs for freight from SPS to Netsuite",Import July 25 cogs for freight from SPS to Netsuite,81.00,
EXTERNAL - GV2024105-AP,548.5,,966,,A20001 - Accounts Payable Suppliers & Vendors (New),966,7/29/2025,"Cambodian Zulite Stone Co., Ltd.",1237,GV2024105-AP,"Cambodian Zulite Stone Co., Ltd. - Import July 25 cogs for freight from SPS to Netsuite",Import July 25 cogs for freight from SPS to Netsuite,,81.00
EXTERNAL - SR388-2B2-AP,549,A51001 - Freight - Out - Expense (New),981,981,,,7/29/2025,Richwood Hospitality Co. LTD,1285,SR388-2B2-AP,Richwood Hospitality Co. LTD - Import July 25 cogs for freight from SPS to Netsuite,Import July 25 cogs for freight from SPS to Netsuite,650.00,
EXTERNAL - SR388-2B2-AP,549.5,,966,,A20001 - Accounts Payable Suppliers & Vendors (New),966,7/29/2025,Richwood Hospitality Co. LTD,1285,SR388-2B2-AP,Richwood Hospitality Co. LTD - Import July 25 cogs for freight from SPS to Netsuite,Import July 25 cogs for freight from SPS to Netsuite,,650.00
EXTERNAL - 24JSF12013-AP,550,A51001 - Freight - Out - Expense (New),981,981,,,7/29/2025,"Jasfer Industry Co., Limited",137,24JSF12013-AP,"Jasfer Industry Co., Limited - Import July 25 cogs for freight from SPS to Netsuite",Import July 25 cogs for freight from SPS to Netsuite,34.00,
EXTERNAL - 24JSF12013-AP,550.5,,966,,A20001 - Accounts Payable Suppliers & Vendors (New),966,7/29/2025,"Jasfer Industry Co., Limited",137,24JSF12013-AP,"Jasfer Industry Co., Limited - Import July 25 cogs for freight from SPS to Netsuite",Import July 25 cogs for freight from SPS to Netsuite,,34.00
EXTERNAL - 24JSF10020-AP,551,A51001 - Freight - Out - Expense (New),981,981,,,7/29/2025,"Jasfer Industry Co., Limited",137,24JSF10020-AP,"Jasfer Industry Co., Limited - Import July 25 cogs for freight from SPS to Netsuite",Import July 25 cogs for freight from SPS to Netsuite,34.00,
EXTERNAL - 24JSF10020-AP,551.5,,966,,A20001 - Accounts Payable Suppliers & Vendors (New),966,7/29/2025,"Jasfer Industry Co., Limited",137,24JSF10020-AP,"Jasfer Industry Co., Limited - Import July 25 cogs for freight from SPS to Netsuite",Import July 25 cogs for freight from SPS to Netsuite,,34.00
EXTERNAL - 24JSF11064-AP,552,A51001 - Freight - Out - Expense (New),981,981,,,7/29/2025,"Jasfer Industry Co., Limited",137,24JSF11064-AP,"Jasfer Industry Co., Limited - Import July 25 cogs for freight from SPS to Netsuite",Import July 25 cogs for freight from SPS to Netsuite,34.00,
EXTERNAL - 24JSF11064-AP,552.5,,966,,A20001 - Accounts Payable Suppliers & Vendors (New),966,7/29/2025,"Jasfer Industry Co., Limited",137,24JSF11064-AP,"Jasfer Industry Co., Limited - Import July 25 cogs for freight from SPS to Netsuite",Import July 25 cogs for freight from SPS to Netsuite,,34.00
EXTERNAL - 24RT111801-AP,553,A51001 - Freight - Out - Expense (New),981,981,,,7/29/2025,"Jasfer Industry Co., Limited",137,24RT111801-AP,"Jasfer Industry Co., Limited - Import July 25 cogs for freight from SPS to Netsuite",Import July 25 cogs for freight from SPS to Netsuite,39.00,
EXTERNAL - 24RT111801-AP,553.5,,966,,A20001 - Accounts Payable Suppliers & Vendors (New),966,7/29/2025,"Jasfer Industry Co., Limited",137,24RT111801-AP,"Jasfer Industry Co., Limited - Import July 25 cogs for freight from SPS to Netsuite",Import July 25 cogs for freight from SPS to Netsuite,,39.00
EXTERNAL - 24RT112008-AP,554,A51001 - Freight - Out - Expense (New),981,981,,,7/29/2025,"Jasfer Industry Co., Limited",137,24RT112008-AP,"Jasfer Industry Co., Limited - Import July 25 cogs for freight from SPS to Netsuite",Import July 25 cogs for freight from SPS to Netsuite,32.00,
EXTERNAL - 24RT112008-AP,554.5,,966,,A20001 - Accounts Payable Suppliers & Vendors (New),966,7/29/2025,"Jasfer Industry Co., Limited",137,24RT112008-AP,"Jasfer Industry Co., Limited - Import July 25 cogs for freight from SPS to Netsuite",Import July 25 cogs for freight from SPS to Netsuite,,32.00
EXTERNAL - 24JS112005-AP,555,A51001 - Freight - Out - Expense (New),981,981,,,7/29/2025,"Jasfer Industry Co., Limited",137,24JS112005-AP,"Jasfer Industry Co., Limited - Import July 25 cogs for freight from SPS to Netsuite",Import July 25 cogs for freight from SPS to Netsuite,43.00,
EXTERNAL - 24JS112005-AP,555.5,,966,,A20001 - Accounts Payable Suppliers & Vendors (New),966,7/29/2025,"Jasfer Industry Co., Limited",137,24JS112005-AP,"Jasfer Industry Co., Limited - Import July 25 cogs for freight from SPS to Netsuite",Import July 25 cogs for freight from SPS to Netsuite,,43.00
EXTERNAL - 24JS112006-AP,556,A51001 - Freight - Out - Expense (New),981,981,,,7/29/2025,"Jasfer Industry Co., Limited",137,24JS112006-AP,"Jasfer Industry Co., Limited - Import July 25 cogs for freight from SPS to Netsuite",Import July 25 cogs for freight from SPS to Netsuite,33.00,
EXTERNAL - 24JS112006-AP,556.5,,966,,A20001 - Accounts Payable Suppliers & Vendors (New),966,7/29/2025,"Jasfer Industry Co., Limited",137,24JS112006-AP,"Jasfer Industry Co., Limited - Import July 25 cogs for freight from SPS to Netsuite",Import July 25 cogs for freight from SPS to Netsuite,,33.00
EXTERNAL - 24RT112108-AP,557,A51001 - Freight - Out - Expense (New),981,981,,,7/29/2025,"Jasfer Industry Co., Limited",137,24RT112108-AP,"Jasfer Industry Co., Limited - Import July 25 cogs for freight from SPS to Netsuite",Import July 25 cogs for freight from SPS to Netsuite,68.00,
EXTERNAL - 24RT112108-AP,557.5,,966,,A20001 - Accounts Payable Suppliers & Vendors (New),966,7/29/2025,"Jasfer Industry Co., Limited",137,24RT112108-AP,"Jasfer Industry Co., Limited - Import July 25 cogs for freight from SPS to Netsuite",Import July 25 cogs for freight from SPS to Netsuite,,68.00
EXTERNAL - 20250130-AP,558,A51001 - Freight - Out - Expense (New),981,981,,,7/29/2025,An Cuong Wood-Working,1542,20250130-AP,An Cuong Wood-Working - Import July 25 cogs for freight from SPS to Netsuite,Import July 25 cogs for freight from SPS to Netsuite,2710.00,
EXTERNAL - 20250130-AP,558.5,,966,,A20001 - Accounts Payable Suppliers & Vendors (New),966,7/29/2025,An Cuong Wood-Working,1542,20250130-AP,An Cuong Wood-Working - Import July 25 cogs for freight from SPS to Netsuite,Import July 25 cogs for freight from SPS to Netsuite,,2710.00
EXTERNAL - 24RT111203-AP,559,A51001 - Freight - Out - Expense (New),981,981,,,7/29/2025,"Jasfer Industry Co., Limited",137,24RT111203-AP,"Jasfer Industry Co., Limited - Import July 25 cogs for freight from SPS to Netsuite",Import July 25 cogs for freight from SPS to Netsuite,43.00,
EXTERNAL - 24RT111203-AP,559.5,,966,,A20001 - Accounts Payable Suppliers & Vendors (New),966,7/29/2025,"Jasfer Industry Co., Limited",137,24RT111203-AP,"Jasfer Industry Co., Limited - Import July 25 cogs for freight from SPS to Netsuite",Import July 25 cogs for freight from SPS to Netsuite,,43.00
EXTERNAL - 24JSF11038-AP,560,A51001 - Freight - Out - Expense (New),981,981,,,7/29/2025,"Jasfer Industry Co., Limited",137,24JSF11038-AP,"Jasfer Industry Co., Limited - Import July 25 cogs for freight from SPS to Netsuite",Import July 25 cogs for freight from SPS to Netsuite,34.00,
EXTERNAL - 24JSF11038-AP,560.5,,966,,A20001 - Accounts Payable Suppliers & Vendors (New),966,7/29/2025,"Jasfer Industry Co., Limited",137,24JSF11038-AP,"Jasfer Industry Co., Limited - Import July 25 cogs for freight from SPS to Netsuite",Import July 25 cogs for freight from SPS to Netsuite,,34.00
EXTERNAL - ZB202312010USA-AP,561,A51001 - Freight - Out - Expense (New),981,981,,,7/29/2025,ZBOM Cabinets Corp.,1297,ZB202312010USA-AP,ZBOM Cabinets Corp. - Import July 25 cogs for freight from SPS to Netsuite,Import July 25 cogs for freight from SPS to Netsuite,1500.00,
EXTERNAL - ZB202312010USA-AP,561.5,,966,,A20001 - Accounts Payable Suppliers & Vendors (New),966,7/29/2025,ZBOM Cabinets Corp.,1297,ZB202312010USA-AP,ZBOM Cabinets Corp. - Import July 25 cogs for freight from SPS to Netsuite,Import July 25 cogs for freight from SPS to Netsuite,,1500.00
EXTERNAL - 24BL112201-AP,562,A51001 - Freight - Out - Expense (New),981,981,,,7/29/2025,"Jasfer Industry Co., Limited",137,24BL112201-AP,"Jasfer Industry Co., Limited - Import July 25 cogs for freight from SPS to Netsuite",Import July 25 cogs for freight from SPS to Netsuite,39.00,
EXTERNAL - 24BL112201-AP,562.5,,966,,A20001 - Accounts Payable Suppliers & Vendors (New),966,7/29/2025,"Jasfer Industry Co., Limited",137,24BL112201-AP,"Jasfer Industry Co., Limited - Import July 25 cogs for freight from SPS to Netsuite",Import July 25 cogs for freight from SPS to Netsuite,,39.00
EXTERNAL - 20250129-AP,563,A51001 - Freight - Out - Expense (New),981,981,,,7/29/2025,An Cuong Wood-Working,1542,20250129-AP,An Cuong Wood-Working - Import July 25 cogs for freight from SPS to Netsuite,Import July 25 cogs for freight from SPS to Netsuite,970.00,
EXTERNAL - 20250129-AP,563.5,,966,,A20001 - Accounts Payable Suppliers & Vendors (New),966,7/29/2025,An Cuong Wood-Working,1542,20250129-AP,An Cuong Wood-Working - Import July 25 cogs for freight from SPS to Netsuite,Import July 25 cogs for freight from SPS to Netsuite,,970.00
EXTERNAL - 24JSF11050-AP,564,A51001 - Freight - Out - Expense (New),981,981,,,7/29/2025,"Jasfer Industry Co., Limited",137,24JSF11050-AP,"Jasfer Industry Co., Limited - Import July 25 cogs for freight from SPS to Netsuite",Import July 25 cogs for freight from SPS to Netsuite,64.00,
EXTERNAL - 24JSF11050-AP,564.5,,966,,A20001 - Accounts Payable Suppliers & Vendors (New),966,7/29/2025,"Jasfer Industry Co., Limited",137,24JSF11050-AP,"Jasfer Industry Co., Limited - Import July 25 cogs for freight from SPS to Netsuite",Import July 25 cogs for freight from SPS to Netsuite,,64.00
EXTERNAL - 24JS120205-AP,565,A51001 - Freight - Out - Expense (New),981,981,,,7/29/2025,"Jasfer Industry Co., Limited",137,24JS120205-AP,"Jasfer Industry Co., Limited - Import July 25 cogs for freight from SPS to Netsuite",Import July 25 cogs for freight from SPS to Netsuite,110.00,
EXTERNAL - 24JS120205-AP,565.5,,966,,A20001 - Accounts Payable Suppliers & Vendors (New),966,7/29/2025,"Jasfer Industry Co., Limited",137,24JS120205-AP,"Jasfer Industry Co., Limited - Import July 25 cogs for freight from SPS to Netsuite",Import July 25 cogs for freight from SPS to Netsuite,,110.00
EXTERNAL - 24JSF12016-AP,566,A51001 - Freight - Out - Expense (New),981,981,,,7/29/2025,"Jasfer Industry Co., Limited",137,24JSF12016-AP,"Jasfer Industry Co., Limited - Import July 25 cogs for freight from SPS to Netsuite",Import July 25 cogs for freight from SPS to Netsuite,35.00,
EXTERNAL - 24JSF12016-AP,566.5,,966,,A20001 - Accounts Payable Suppliers & Vendors (New),966,7/29/2025,"Jasfer Industry Co., Limited",137,24JSF12016-AP,"Jasfer Industry Co., Limited - Import July 25 cogs for freight from SPS to Netsuite",Import July 25 cogs for freight from SPS to Netsuite,,35.00
EXTERNAL - 24RT110505-AP,567,A51001 - Freight - Out - Expense (New),981,981,,,7/29/2025,"Jasfer Industry Co., Limited",137,24RT110505-AP,"Jasfer Industry Co., Limited - Import July 25 cogs for freight from SPS to Netsuite",Import July 25 cogs for freight from SPS to Netsuite,34.00,
EXTERNAL - 24RT110505-AP,567.5,,966,,A20001 - Accounts Payable Suppliers & Vendors (New),966,7/29/2025,"Jasfer Industry Co., Limited",137,24RT110505-AP,"Jasfer Industry Co., Limited - Import July 25 cogs for freight from SPS to Netsuite",Import July 25 cogs for freight from SPS to Netsuite,,34.00
EXTERNAL - 1422/VE-AP,568,A51001 - Freight - Out - Expense (New),981,981,,,7/29/2025,Atlas Concorde,1232,1422/VE-AP,Atlas Concorde - Import July 25 cogs for freight from SPS to Netsuite,Import July 25 cogs for freight from SPS to Netsuite,770.00,
EXTERNAL - 1422/VE-AP,568.5,,966,,A20001 - Accounts Payable Suppliers & Vendors (New),966,7/29/2025,Atlas Concorde,1232,1422/VE-AP,Atlas Concorde - Import July 25 cogs for freight from SPS to Netsuite,Import July 25 cogs for freight from SPS to Netsuite,,770.00
EXTERNAL - 24JS112607-AP,569,A51001 - Freight - Out - Expense (New),981,981,,,7/29/2025,"Jasfer Industry Co., Limited",137,24JS112607-AP,"Jasfer Industry Co., Limited - Import July 25 cogs for freight from SPS to Netsuite",Import July 25 cogs for freight from SPS to Netsuite,43.00,
EXTERNAL - 24JS112607-AP,569.5,,966,,A20001 - Accounts Payable Suppliers & Vendors (New),966,7/29/2025,"Jasfer Industry Co., Limited",137,24JS112607-AP,"Jasfer Industry Co., Limited - Import July 25 cogs for freight from SPS to Netsuite",Import July 25 cogs for freight from SPS to Netsuite,,43.00
EXTERNAL - GV2024096-AP,570,A51001 - Freight - Out - Expense (New),981,981,,,7/29/2025,"Cambodian Zulite Stone Co., Ltd.",1237,GV2024096-AP,"Cambodian Zulite Stone Co., Ltd. - Import July 25 cogs for freight from SPS to Netsuite",Import July 25 cogs for freight from SPS to Netsuite,81.00,
EXTERNAL - GV2024096-AP,570.5,,966,,A20001 - Accounts Payable Suppliers & Vendors (New),966,7/29/2025,"Cambodian Zulite Stone Co., Ltd.",1237,GV2024096-AP,"Cambodian Zulite Stone Co., Ltd. - Import July 25 cogs for freight from SPS to Netsuite",Import July 25 cogs for freight from SPS to Netsuite,,81.00
EXTERNAL - 24RT112608-AP,571,A51001 - Freight - Out - Expense (New),981,981,,,7/29/2025,"Jasfer Industry Co., Limited",137,24RT112608-AP,"Jasfer Industry Co., Limited - Import July 25 cogs for freight from SPS to Netsuite",Import July 25 cogs for freight from SPS to Netsuite,32.00,
EXTERNAL - 24RT112608-AP,571.5,,966,,A20001 - Accounts Payable Suppliers & Vendors (New),966,7/29/2025,"Jasfer Industry Co., Limited",137,24RT112608-AP,"Jasfer Industry Co., Limited - Import July 25 cogs for freight from SPS to Netsuite",Import July 25 cogs for freight from SPS to Netsuite,,32.00
EXTERNAL - 24JS112702-AP,572,A51001 - Freight - Out - Expense (New),981,981,,,7/29/2025,"Jasfer Industry Co., Limited",137,24JS112702-AP,"Jasfer Industry Co., Limited - Import July 25 cogs for freight from SPS to Netsuite",Import July 25 cogs for freight from SPS to Netsuite,43.00,
EXTERNAL - 24JS112702-AP,572.5,,966,,A20001 - Accounts Payable Suppliers & Vendors (New),966,7/29/2025,"Jasfer Industry Co., Limited",137,24JS112702-AP,"Jasfer Industry Co., Limited - Import July 25 cogs for freight from SPS to Netsuite",Import July 25 cogs for freight from SPS to Netsuite,,43.00
EXTERNAL - 24JS102508-AP,573,A51001 - Freight - Out - Expense (New),981,981,,,7/29/2025,"Jasfer Industry Co., Limited",137,24JS102508-AP,"Jasfer Industry Co., Limited - Import July 25 cogs for freight from SPS to Netsuite",Import July 25 cogs for freight from SPS to Netsuite,43.00,
EXTERNAL - 24JS102508-AP,573.5,,966,,A20001 - Accounts Payable Suppliers & Vendors (New),966,7/29/2025,"Jasfer Industry Co., Limited",137,24JS102508-AP,"Jasfer Industry Co., Limited - Import July 25 cogs for freight from SPS to Netsuite",Import July 25 cogs for freight from SPS to Netsuite,,43.00
EXTERNAL - 24JSF12008-AP,574,A51001 - Freight - Out - Expense (New),981,981,,,7/29/2025,"Jasfer Industry Co., Limited",137,24JSF12008-AP,"Jasfer Industry Co., Limited - Import July 25 cogs for freight from SPS to Netsuite",Import July 25 cogs for freight from SPS to Netsuite,34.00,
EXTERNAL - 24JSF12008-AP,574.5,,966,,A20001 - Accounts Payable Suppliers & Vendors (New),966,7/29/2025,"Jasfer Industry Co., Limited",137,24JSF12008-AP,"Jasfer Industry Co., Limited - Import July 25 cogs for freight from SPS to Netsuite",Import July 25 cogs for freight from SPS to Netsuite,,34.00
EXTERNAL - 24BL120201-AP,575,A51001 - Freight - Out - Expense (New),981,981,,,7/29/2025,"Jasfer Industry Co., Limited",137,24BL120201-AP,"Jasfer Industry Co., Limited - Import July 25 cogs for freight from SPS to Netsuite",Import July 25 cogs for freight from SPS to Netsuite,33.00,
EXTERNAL - 24BL120201-AP,575.5,,966,,A20001 - Accounts Payable Suppliers & Vendors (New),966,7/29/2025,"Jasfer Industry Co., Limited",137,24BL120201-AP,"Jasfer Industry Co., Limited - Import July 25 cogs for freight from SPS to Netsuite",Import July 25 cogs for freight from SPS to Netsuite,,33.00
EXTERNAL - 24RT120202-AP,576,A51001 - Freight - Out - Expense (New),981,981,,,7/29/2025,"Jasfer Industry Co., Limited",137,24RT120202-AP,"Jasfer Industry Co., Limited - Import July 25 cogs for freight from SPS to Netsuite",Import July 25 cogs for freight from SPS to Netsuite,64.00,
EXTERNAL - 24RT120202-AP,576.5,,966,,A20001 - Accounts Payable Suppliers & Vendors (New),966,7/29/2025,"Jasfer Industry Co., Limited",137,24RT120202-AP,"Jasfer Industry Co., Limited - Import July 25 cogs for freight from SPS to Netsuite",Import July 25 cogs for freight from SPS to Netsuite,,64.00
EXTERNAL - 24JSF11065-AP,577,A51001 - Freight - Out - Expense (New),981,981,,,7/29/2025,"Jasfer Industry Co., Limited",137,24JSF11065-AP,"Jasfer Industry Co., Limited - Import July 25 cogs for freight from SPS to Netsuite",Import July 25 cogs for freight from SPS to Netsuite,34.00,
EXTERNAL - 24JSF11065-AP,577.5,,966,,A20001 - Accounts Payable Suppliers & Vendors (New),966,7/29/2025,"Jasfer Industry Co., Limited",137,24JSF11065-AP,"Jasfer Industry Co., Limited - Import July 25 cogs for freight from SPS to Netsuite",Import July 25 cogs for freight from SPS to Netsuite,,34.00
EXTERNAL - 24JSF09056-AP,578,A51001 - Freight - Out - Expense (New),981,981,,,7/29/2025,"Jasfer Industry Co., Limited",137,24JSF09056-AP,"Jasfer Industry Co., Limited - Import July 25 cogs for freight from SPS to Netsuite",Import July 25 cogs for freight from SPS to Netsuite,65.00,
EXTERNAL - 24JSF09056-AP,578.5,,966,,A20001 - Accounts Payable Suppliers & Vendors (New),966,7/29/2025,"Jasfer Industry Co., Limited",137,24JSF09056-AP,"Jasfer Industry Co., Limited - Import July 25 cogs for freight from SPS to Netsuite",Import July 25 cogs for freight from SPS to Netsuite,,65.00
EXTERNAL - 24JSF11053-AP,579,A51001 - Freight - Out - Expense (New),981,981,,,7/29/2025,"Jasfer Industry Co., Limited",137,24JSF11053-AP,"Jasfer Industry Co., Limited - Import July 25 cogs for freight from SPS to Netsuite",Import July 25 cogs for freight from SPS to Netsuite,34.00,
EXTERNAL - 24JSF11053-AP,579.5,,966,,A20001 - Accounts Payable Suppliers & Vendors (New),966,7/29/2025,"Jasfer Industry Co., Limited",137,24JSF11053-AP,"Jasfer Industry Co., Limited - Import July 25 cogs for freight from SPS to Netsuite",Import July 25 cogs for freight from SPS to Netsuite,,34.00
EXTERNAL - 24RT120507-AP,580,A51001 - Freight - Out - Expense (New),981,981,,,7/29/2025,"Jasfer Industry Co., Limited",137,24RT120507-AP,"Jasfer Industry Co., Limited - Import July 25 cogs for freight from SPS to Netsuite",Import July 25 cogs for freight from SPS to Netsuite,32.00,
EXTERNAL - 24RT120507-AP,580.5,,966,,A20001 - Accounts Payable Suppliers & Vendors (New),966,7/29/2025,"Jasfer Industry Co., Limited",137,24RT120507-AP,"Jasfer Industry Co., Limited - Import July 25 cogs for freight from SPS to Netsuite",Import July 25 cogs for freight from SPS to Netsuite,,32.00
EXTERNAL - 24JS121702-AP,581,A51001 - Freight - Out - Expense (New),981,981,,,7/29/2025,"Jasfer Industry Co., Limited",137,24JS121702-AP,"Jasfer Industry Co., Limited - Import July 25 cogs for freight from SPS to Netsuite",Import July 25 cogs for freight from SPS to Netsuite,43.00,
EXTERNAL - 24JS121702-AP,581.5,,966,,A20001 - Accounts Payable Suppliers & Vendors (New),966,7/29/2025,"Jasfer Industry Co., Limited",137,24JS121702-AP,"Jasfer Industry Co., Limited - Import July 25 cogs for freight from SPS to Netsuite",Import July 25 cogs for freight from SPS to Netsuite,,43.00
EXTERNAL - 24JSF11030-AP,582,A51001 - Freight - Out - Expense (New),981,981,,,7/29/2025,"Jasfer Industry Co., Limited",137,24JSF11030-AP,"Jasfer Industry Co., Limited - Import July 25 cogs for freight from SPS to Netsuite",Import July 25 cogs for freight from SPS to Netsuite,34.00,
EXTERNAL - 24JSF11030-AP,582.5,,966,,A20001 - Accounts Payable Suppliers & Vendors (New),966,7/29/2025,"Jasfer Industry Co., Limited",137,24JSF11030-AP,"Jasfer Industry Co., Limited - Import July 25 cogs for freight from SPS to Netsuite",Import July 25 cogs for freight from SPS to Netsuite,,34.00
EXTERNAL - 24RT120905-AP,583,A51001 - Freight - Out - Expense (New),981,981,,,7/29/2025,"Jasfer Industry Co., Limited",137,24RT120905-AP,"Jasfer Industry Co., Limited - Import July 25 cogs for freight from SPS to Netsuite",Import July 25 cogs for freight from SPS to Netsuite,34.00,
EXTERNAL - 24RT120905-AP,583.5,,966,,A20001 - Accounts Payable Suppliers & Vendors (New),966,7/29/2025,"Jasfer Industry Co., Limited",137,24RT120905-AP,"Jasfer Industry Co., Limited - Import July 25 cogs for freight from SPS to Netsuite",Import July 25 cogs for freight from SPS to Netsuite,,34.00
EXTERNAL - 24JSF12009-AP,584,A51001 - Freight - Out - Expense (New),981,981,,,7/29/2025,"Jasfer Industry Co., Limited",137,24JSF12009-AP,"Jasfer Industry Co., Limited - Import July 25 cogs for freight from SPS to Netsuite",Import July 25 cogs for freight from SPS to Netsuite,34.00,
EXTERNAL - 24JSF12009-AP,584.5,,966,,A20001 - Accounts Payable Suppliers & Vendors (New),966,7/29/2025,"Jasfer Industry Co., Limited",137,24JSF12009-AP,"Jasfer Industry Co., Limited - Import July 25 cogs for freight from SPS to Netsuite",Import July 25 cogs for freight from SPS to Netsuite,,34.00
EXTERNAL - GV2024107-AP,585,A51001 - Freight - Out - Expense (New),981,981,,,7/29/2025,"Cambodian Zulite Stone Co., Ltd.",1237,GV2024107-AP,"Cambodian Zulite Stone Co., Ltd. - Import July 25 cogs for freight from SPS to Netsuite",Import July 25 cogs for freight from SPS to Netsuite,81.00,
EXTERNAL - GV2024107-AP,585.5,,966,,A20001 - Accounts Payable Suppliers & Vendors (New),966,7/29/2025,"Cambodian Zulite Stone Co., Ltd.",1237,GV2024107-AP,"Cambodian Zulite Stone Co., Ltd. - Import July 25 cogs for freight from SPS to Netsuite",Import July 25 cogs for freight from SPS to Netsuite,,81.00
EXTERNAL - 24JSF12033-AP,586,A51001 - Freight - Out - Expense (New),981,981,,,7/29/2025,"Jasfer Industry Co., Limited",137,24JSF12033-AP,"Jasfer Industry Co., Limited - Import July 25 cogs for freight from SPS to Netsuite",Import July 25 cogs for freight from SPS to Netsuite,34.00,
EXTERNAL - 24JSF12033-AP,586.5,,966,,A20001 - Accounts Payable Suppliers & Vendors (New),966,7/29/2025,"Jasfer Industry Co., Limited",137,24JSF12033-AP,"Jasfer Industry Co., Limited - Import July 25 cogs for freight from SPS to Netsuite",Import July 25 cogs for freight from SPS to Netsuite,,34.00
EXTERNAL - 24JSF12015-AP,587,A51001 - Freight - Out - Expense (New),981,981,,,7/29/2025,"Jasfer Industry Co., Limited",137,24JSF12015-AP,"Jasfer Industry Co., Limited - Import July 25 cogs for freight from SPS to Netsuite",Import July 25 cogs for freight from SPS to Netsuite,69.00,
EXTERNAL - 24JSF12015-AP,587.5,,966,,A20001 - Accounts Payable Suppliers & Vendors (New),966,7/29/2025,"Jasfer Industry Co., Limited",137,24JSF12015-AP,"Jasfer Industry Co., Limited - Import July 25 cogs for freight from SPS to Netsuite",Import July 25 cogs for freight from SPS to Netsuite,,69.00
EXTERNAL - 24JSF12004-AP,588,A51001 - Freight - Out - Expense (New),981,981,,,7/29/2025,"Jasfer Industry Co., Limited",137,24JSF12004-AP,"Jasfer Industry Co., Limited - Import July 25 cogs for freight from SPS to Netsuite",Import July 25 cogs for freight from SPS to Netsuite,65.00,
EXTERNAL - 24JSF12004-AP,588.5,,966,,A20001 - Accounts Payable Suppliers & Vendors (New),966,7/29/2025,"Jasfer Industry Co., Limited",137,24JSF12004-AP,"Jasfer Industry Co., Limited - Import July 25 cogs for freight from SPS to Netsuite",Import July 25 cogs for freight from SPS to Netsuite,,65.00
EXTERNAL - 24JSF12024-AP,589,A51001 - Freight - Out - Expense (New),981,981,,,7/29/2025,"Jasfer Industry Co., Limited",137,24JSF12024-AP,"Jasfer Industry Co., Limited - Import July 25 cogs for freight from SPS to Netsuite",Import July 25 cogs for freight from SPS to Netsuite,34.00,
EXTERNAL - 24JSF12024-AP,589.5,,966,,A20001 - Accounts Payable Suppliers & Vendors (New),966,7/29/2025,"Jasfer Industry Co., Limited",137,24JSF12024-AP,"Jasfer Industry Co., Limited - Import July 25 cogs for freight from SPS to Netsuite",Import July 25 cogs for freight from SPS to Netsuite,,34.00
EXTERNAL - 24JS122003-AP,590,A51001 - Freight - Out - Expense (New),981,981,,,7/29/2025,"Jasfer Industry Co., Limited",137,24JS122003-AP,"Jasfer Industry Co., Limited - Import July 25 cogs for freight from SPS to Netsuite",Import July 25 cogs for freight from SPS to Netsuite,43.00,
EXTERNAL - 24JS122003-AP,590.5,,966,,A20001 - Accounts Payable Suppliers & Vendors (New),966,7/29/2025,"Jasfer Industry Co., Limited",137,24JS122003-AP,"Jasfer Industry Co., Limited - Import July 25 cogs for freight from SPS to Netsuite",Import July 25 cogs for freight from SPS to Netsuite,,43.00
EXTERNAL - GV2024106-A-AP,591,A51001 - Freight - Out - Expense (New),981,981,,,7/29/2025,"Xiamen Deyuan Panmin Trading Co., LTD",1295,GV2024106-A-AP,"Xiamen Deyuan Panmin Trading Co., LTD - Import July 25 cogs for freight from SPS to Netsuite",Import July 25 cogs for freight from SPS to Netsuite,324.00,
EXTERNAL - GV2024106-A-AP,591.5,,966,,A20001 - Accounts Payable Suppliers & Vendors (New),966,7/29/2025,"Xiamen Deyuan Panmin Trading Co., LTD",1295,GV2024106-A-AP,"Xiamen Deyuan Panmin Trading Co., LTD - Import July 25 cogs for freight from SPS to Netsuite",Import July 25 cogs for freight from SPS to Netsuite,,324.00
EXTERNAL - 25JSF01023-AP,592,A51001 - Freight - Out - Expense (New),981,981,,,7/29/2025,"Jasfer Industry Co., Limited",137,25JSF01023-AP,"Jasfer Industry Co., Limited - Import July 25 cogs for freight from SPS to Netsuite",Import July 25 cogs for freight from SPS to Netsuite,34.00,
EXTERNAL - 25JSF01023-AP,592.5,,966,,A20001 - Accounts Payable Suppliers & Vendors (New),966,7/29/2025,"Jasfer Industry Co., Limited",137,25JSF01023-AP,"Jasfer Industry Co., Limited - Import July 25 cogs for freight from SPS to Netsuite",Import July 25 cogs for freight from SPS to Netsuite,,34.00
EXTERNAL - INV-GV-01-02-25-AP,593,A51001 - Freight - Out - Expense (New),981,981,,,7/29/2025,AMY Building Material Investments,1331,INV-GV-01-02-25-AP,AMY Building Material Investments - Import July 25 cogs for freight from SPS to Netsuite,Import July 25 cogs for freight from SPS to Netsuite,11745.78,
EXTERNAL - INV-GV-01-02-25-AP,593.5,,966,,A20001 - Accounts Payable Suppliers & Vendors (New),966,7/29/2025,AMY Building Material Investments,1331,INV-GV-01-02-25-AP,AMY Building Material Investments - Import July 25 cogs for freight from SPS to Netsuite,Import July 25 cogs for freight from SPS to Netsuite,,11745.78
EXTERNAL - 24JSF12030-AP,594,A51001 - Freight - Out - Expense (New),981,981,,,7/29/2025,"Jasfer Industry Co., Limited",137,24JSF12030-AP,"Jasfer Industry Co., Limited - Import July 25 cogs for freight from SPS to Netsuite",Import July 25 cogs for freight from SPS to Netsuite,34.00,
EXTERNAL - 24JSF12030-AP,594.5,,966,,A20001 - Accounts Payable Suppliers & Vendors (New),966,7/29/2025,"Jasfer Industry Co., Limited",137,24JSF12030-AP,"Jasfer Industry Co., Limited - Import July 25 cogs for freight from SPS to Netsuite",Import July 25 cogs for freight from SPS to Netsuite,,34.00
EXTERNAL - 25JSF01053-AP,595,A51001 - Freight - Out - Expense (New),981,981,,,7/29/2025,"Jasfer Industry Co., Limited",137,25JSF01053-AP,"Jasfer Industry Co., Limited - Import July 25 cogs for freight from SPS to Netsuite",Import July 25 cogs for freight from SPS to Netsuite,34.00,
EXTERNAL - 25JSF01053-AP,595.5,,966,,A20001 - Accounts Payable Suppliers & Vendors (New),966,7/29/2025,"Jasfer Industry Co., Limited",137,25JSF01053-AP,"Jasfer Industry Co., Limited - Import July 25 cogs for freight from SPS to Netsuite",Import July 25 cogs for freight from SPS to Netsuite,,34.00
EXTERNAL - 9197/VE-AP,596,A51001 - Freight - Out - Expense (New),981,981,,,7/29/2025,Atlas Concorde,1232,9197/VE-AP,Atlas Concorde - Import July 25 cogs for freight from SPS to Netsuite,Import July 25 cogs for freight from SPS to Netsuite,1658.00,
EXTERNAL - 9197/VE-AP,596.5,,966,,A20001 - Accounts Payable Suppliers & Vendors (New),966,7/29/2025,Atlas Concorde,1232,9197/VE-AP,Atlas Concorde - Import July 25 cogs for freight from SPS to Netsuite,Import July 25 cogs for freight from SPS to Netsuite,,1658.00
EXTERNAL - 22RT051003-AP,597,A51001 - Freight - Out - Expense (New),981,981,,,7/29/2025,"Jasfer Industry Co., Limited",137,22RT051003-AP,"Jasfer Industry Co., Limited - Import July 25 cogs for freight from SPS to Netsuite",Import July 25 cogs for freight from SPS to Netsuite,80.00,
EXTERNAL - 22RT051003-AP,597.5,,966,,A20001 - Accounts Payable Suppliers & Vendors (New),966,7/29/2025,"Jasfer Industry Co., Limited",137,22RT051003-AP,"Jasfer Industry Co., Limited - Import July 25 cogs for freight from SPS to Netsuite",Import July 25 cogs for freight from SPS to Netsuite,,80.00
EXTERNAL - GV2024082-B-AP,598,A51001 - Freight - Out - Expense (New),981,981,,,7/29/2025,"Xiamen Deyuan Panmin Trading Co., LTD",1295,GV2024082-B-AP,"Xiamen Deyuan Panmin Trading Co., LTD - Import July 25 cogs for freight from SPS to Netsuite",Import July 25 cogs for freight from SPS to Netsuite,323.00,
EXTERNAL - GV2024082-B-AP,598.5,,966,,A20001 - Accounts Payable Suppliers & Vendors (New),966,7/29/2025,"Xiamen Deyuan Panmin Trading Co., LTD",1295,GV2024082-B-AP,"Xiamen Deyuan Panmin Trading Co., LTD - Import July 25 cogs for freight from SPS to Netsuite",Import July 25 cogs for freight from SPS to Netsuite,,323.00
EXTERNAL - GV2024105-B-AP,599,A51001 - Freight - Out - Expense (New),981,981,,,7/29/2025,"Xiamen Deyuan Panmin Trading Co., LTD",1295,GV2024105-B-AP,"Xiamen Deyuan Panmin Trading Co., LTD - Import July 25 cogs for freight from SPS to Netsuite",Import July 25 cogs for freight from SPS to Netsuite,323.00,
EXTERNAL - GV2024105-B-AP,599.5,,966,,A20001 - Accounts Payable Suppliers & Vendors (New),966,7/29/2025,"Xiamen Deyuan Panmin Trading Co., LTD",1295,GV2024105-B-AP,"Xiamen Deyuan Panmin Trading Co., LTD - Import July 25 cogs for freight from SPS to Netsuite",Import July 25 cogs for freight from SPS to Netsuite,,323.00
EXTERNAL - GV2024001-AP,600,A51001 - Freight - Out - Expense (New),981,981,,,7/30/2025,"Cambodian Zulite Stone Co., Ltd.",1237,GV2024001-AP,"Cambodian Zulite Stone Co., Ltd. - Import July 25 cogs for freight from SPS to Netsuite",Import July 25 cogs for freight from SPS to Netsuite,8985.98,
EXTERNAL - GV2024001-AP,600.5,,966,,A20001 - Accounts Payable Suppliers & Vendors (New),966,7/30/2025,"Cambodian Zulite Stone Co., Ltd.",1237,GV2024001-AP,"Cambodian Zulite Stone Co., Ltd. - Import July 25 cogs for freight from SPS to Netsuite",Import July 25 cogs for freight from SPS to Netsuite,,8985.98
"EXTERNAL - 433, 434, 435, 436, 437, 445, 446, 448, 450,453 , 454-AP",601,A51001 - Freight - Out - Expense (New),981,981,,,7/30/2025,GIBAM SHOPS SPA,1253,"433, 434, 435, 436, 437, 445, 446, 448, 450,453 , 454-AP",GIBAM SHOPS SPA - Import July 25 cogs for freight from SPS to Netsuite,Import July 25 cogs for freight from SPS to Netsuite,1435.00,
"EXTERNAL - 433, 434, 435, 436, 437, 445, 446, 448, 450,453 , 454-AP",601.5,,966,,A20001 - Accounts Payable Suppliers & Vendors (New),966,7/30/2025,GIBAM SHOPS SPA,1253,"433, 434, 435, 436, 437, 445, 446, 448, 450,453 , 454-AP",GIBAM SHOPS SPA - Import July 25 cogs for freight from SPS to Netsuite,Import July 25 cogs for freight from SPS to Netsuite,,1435.00
EXTERNAL - 25760001-Inventory,602,A12001 - Inventory (New),953,953,,,7/28/2025,Marmite Sp. z o.o. - Poland,1562,25760001-Inventory,Marmite Sp. z o.o. - Poland - Import July 25 cogs for freight from SPS to Netsuite,Import July 25 cogs for freight from SPS to Netsuite,970.00,
EXTERNAL - 25760001-Inventory,602.5,,981,,A51001 - Freight - Out - Expense (New),981,7/28/2025,Marmite Sp. z o.o. - Poland,1562,25760001-Inventory,Marmite Sp. z o.o. - Poland - Import July 25 cogs for freight from SPS to Netsuite,Import July 25 cogs for freight from SPS to Netsuite,,970.00
EXTERNAL - GV2024094-Inventory,603,A12001 - Inventory (New),953,953,,,7/28/2025,"Cambodian Zulite Stone Co., Ltd.",1237,GV2024094-Inventory,"Cambodian Zulite Stone Co., Ltd. - Import July 25 cogs for freight from SPS to Netsuite",Import July 25 cogs for freight from SPS to Netsuite,273.00,
EXTERNAL - GV2024094-Inventory,603.5,,981,,A51001 - Freight - Out - Expense (New),981,7/28/2025,"Cambodian Zulite Stone Co., Ltd.",1237,GV2024094-Inventory,"Cambodian Zulite Stone Co., Ltd. - Import July 25 cogs for freight from SPS to Netsuite",Import July 25 cogs for freight from SPS to Netsuite,,273.00
EXTERNAL - GV2024091-Inventory,604,A12001 - Inventory (New),953,953,,,7/28/2025,"Cambodian Zulite Stone Co., Ltd.",1237,GV2024091-Inventory,"Cambodian Zulite Stone Co., Ltd. - Import July 25 cogs for freight from SPS to Netsuite",Import July 25 cogs for freight from SPS to Netsuite,271.00,
EXTERNAL - GV2024091-Inventory,604.5,,981,,A51001 - Freight - Out - Expense (New),981,7/28/2025,"Cambodian Zulite Stone Co., Ltd.",1237,GV2024091-Inventory,"Cambodian Zulite Stone Co., Ltd. - Import July 25 cogs for freight from SPS to Netsuite",Import July 25 cogs for freight from SPS to Netsuite,,271.00
EXTERNAL - GV2024093-Inventory,605,A12001 - Inventory (New),953,953,,,7/28/2025,"Cambodian Zulite Stone Co., Ltd.",1237,GV2024093-Inventory,"Cambodian Zulite Stone Co., Ltd. - Import July 25 cogs for freight from SPS to Netsuite",Import July 25 cogs for freight from SPS to Netsuite,272.00,
EXTERNAL - GV2024093-Inventory,605.5,,981,,A51001 - Freight - Out - Expense (New),981,7/28/2025,"Cambodian Zulite Stone Co., Ltd.",1237,GV2024093-Inventory,"Cambodian Zulite Stone Co., Ltd. - Import July 25 cogs for freight from SPS to Netsuite",Import July 25 cogs for freight from SPS to Netsuite,,272.00
EXTERNAL - 24JSF11045-Inventory,606,A12001 - Inventory (New),953,953,,,7/28/2025,"Jasfer Industry Co., Limited",137,24JSF11045-Inventory,"Jasfer Industry Co., Limited - Import July 25 cogs for freight from SPS to Netsuite",Import July 25 cogs for freight from SPS to Netsuite,65.00,
EXTERNAL - 24JSF11045-Inventory,606.5,,981,,A51001 - Freight - Out - Expense (New),981,7/28/2025,"Jasfer Industry Co., Limited",137,24JSF11045-Inventory,"Jasfer Industry Co., Limited - Import July 25 cogs for freight from SPS to Netsuite",Import July 25 cogs for freight from SPS to Netsuite,,65.00
EXTERNAL - GV2024101-Inventory,607,A12001 - Inventory (New),953,953,,,7/28/2025,"Cambodian Zulite Stone Co., Ltd.",1237,GV2024101-Inventory,"Cambodian Zulite Stone Co., Ltd. - Import July 25 cogs for freight from SPS to Netsuite",Import July 25 cogs for freight from SPS to Netsuite,272.00,
EXTERNAL - GV2024101-Inventory,607.5,,981,,A51001 - Freight - Out - Expense (New),981,7/28/2025,"Cambodian Zulite Stone Co., Ltd.",1237,GV2024101-Inventory,"Cambodian Zulite Stone Co., Ltd. - Import July 25 cogs for freight from SPS to Netsuite",Import July 25 cogs for freight from SPS to Netsuite,,272.00
EXTERNAL - :24JS120405-Inventory,608,A12001 - Inventory (New),953,953,,,7/28/2025,"Jasfer Industry Co., Limited",137,:24JS120405-Inventory,"Jasfer Industry Co., Limited - Import July 25 cogs for freight from SPS to Netsuite",Import July 25 cogs for freight from SPS to Netsuite,68.00,
EXTERNAL - :24JS120405-Inventory,608.5,,981,,A51001 - Freight - Out - Expense (New),981,7/28/2025,"Jasfer Industry Co., Limited",137,:24JS120405-Inventory,"Jasfer Industry Co., Limited - Import July 25 cogs for freight from SPS to Netsuite",Import July 25 cogs for freight from SPS to Netsuite,,68.00
EXTERNAL - 31/VE-Inventory,609,A12001 - Inventory (New),953,953,,,7/28/2025,Ceramica Refin SPA,1238,31/VE-Inventory,Ceramica Refin SPA - Import July 25 cogs for freight from SPS to Netsuite,Import July 25 cogs for freight from SPS to Netsuite,109.00,
EXTERNAL - 31/VE-Inventory,609.5,,981,,A51001 - Freight - Out - Expense (New),981,7/28/2025,Ceramica Refin SPA,1238,31/VE-Inventory,Ceramica Refin SPA - Import July 25 cogs for freight from SPS to Netsuite,Import July 25 cogs for freight from SPS to Netsuite,,109.00
EXTERNAL - 23BL062701-Inventory,610,A12001 - Inventory (New),953,953,,,7/28/2025,"Jasfer Industry Co., Limited",137,23BL062701-Inventory,"Jasfer Industry Co., Limited - Import July 25 cogs for freight from SPS to Netsuite",Import July 25 cogs for freight from SPS to Netsuite,40.00,
EXTERNAL - 23BL062701-Inventory,610.5,,981,,A51001 - Freight - Out - Expense (New),981,7/28/2025,"Jasfer Industry Co., Limited",137,23BL062701-Inventory,"Jasfer Industry Co., Limited - Import July 25 cogs for freight from SPS to Netsuite",Import July 25 cogs for freight from SPS to Netsuite,,40.00
EXTERNAL - 8118113953-Inventory,611,A12001 - Inventory (New),953,953,,,7/28/2025,GRESDEA,1961,8118113953-Inventory,GRESDEA - Import July 25 cogs for freight from SPS to Netsuite,Import July 25 cogs for freight from SPS to Netsuite,770.00,
EXTERNAL - 8118113953-Inventory,611.5,,981,,A51001 - Freight - Out - Expense (New),981,7/28/2025,GRESDEA,1961,8118113953-Inventory,GRESDEA - Import July 25 cogs for freight from SPS to Netsuite,Import July 25 cogs for freight from SPS to Netsuite,,770.00
EXTERNAL - 20241226-Inventory,612,A12001 - Inventory (New),953,953,,,7/28/2025,"Jasfer Industry Co., Limited",137,20241226-Inventory,"Jasfer Industry Co., Limited - Import July 25 cogs for freight from SPS to Netsuite",Import July 25 cogs for freight from SPS to Netsuite,218.00,
EXTERNAL - 20241226-Inventory,612.5,,981,,A51001 - Freight - Out - Expense (New),981,7/28/2025,"Jasfer Industry Co., Limited",137,20241226-Inventory,"Jasfer Industry Co., Limited - Import July 25 cogs for freight from SPS to Netsuite",Import July 25 cogs for freight from SPS to Netsuite,,218.00
EXTERNAL - 23RT06006-Inventory,613,A12001 - Inventory (New),953,953,,,7/28/2025,"Jasfer Industry Co., Limited",137,23RT06006-Inventory,"Jasfer Industry Co., Limited - Import July 25 cogs for freight from SPS to Netsuite",Import July 25 cogs for freight from SPS to Netsuite,218.00,
EXTERNAL - 23RT06006-Inventory,613.5,,981,,A51001 - Freight - Out - Expense (New),981,7/28/2025,"Jasfer Industry Co., Limited",137,23RT06006-Inventory,"Jasfer Industry Co., Limited - Import July 25 cogs for freight from SPS to Netsuite",Import July 25 cogs for freight from SPS to Netsuite,,218.00
EXTERNAL - 24JSF11035-Inventory,614,A12001 - Inventory (New),953,953,,,7/29/2025,"Jasfer Industry Co., Limited",137,24JSF11035-Inventory,"Jasfer Industry Co., Limited - Import July 25 cogs for freight from SPS to Netsuite",Import July 25 cogs for freight from SPS to Netsuite,35.00,
EXTERNAL - 24JSF11035-Inventory,614.5,,981,,A51001 - Freight - Out - Expense (New),981,7/29/2025,"Jasfer Industry Co., Limited",137,24JSF11035-Inventory,"Jasfer Industry Co., Limited - Import July 25 cogs for freight from SPS to Netsuite",Import July 25 cogs for freight from SPS to Netsuite,,35.00
EXTERNAL - 1200/VE-Inventory,615,A12001 - Inventory (New),953,953,,,7/29/2025,MirageGranitoCeramico S.p.A,173,1200/VE-Inventory,MirageGranitoCeramico S.p.A - Import July 25 cogs for freight from SPS to Netsuite,Import July 25 cogs for freight from SPS to Netsuite,770.00,
EXTERNAL - 1200/VE-Inventory,615.5,,981,,A51001 - Freight - Out - Expense (New),981,7/29/2025,MirageGranitoCeramico S.p.A,173,1200/VE-Inventory,MirageGranitoCeramico S.p.A - Import July 25 cogs for freight from SPS to Netsuite,Import July 25 cogs for freight from SPS to Netsuite,,770.00
EXTERNAL - 24JSF03012-Inventory,616,A12001 - Inventory (New),953,953,,,7/29/2025,"Jasfer Industry Co., Limited",137,24JSF03012-Inventory,"Jasfer Industry Co., Limited - Import July 25 cogs for freight from SPS to Netsuite",Import July 25 cogs for freight from SPS to Netsuite,34.00,
EXTERNAL - 24JSF03012-Inventory,616.5,,981,,A51001 - Freight - Out - Expense (New),981,7/29/2025,"Jasfer Industry Co., Limited",137,24JSF03012-Inventory,"Jasfer Industry Co., Limited - Import July 25 cogs for freight from SPS to Netsuite",Import July 25 cogs for freight from SPS to Netsuite,,34.00
EXTERNAL - 24JSF08036-Inventory,617,A12001 - Inventory (New),953,953,,,7/29/2025,"Jasfer Industry Co., Limited",137,24JSF08036-Inventory,"Jasfer Industry Co., Limited - Import July 25 cogs for freight from SPS to Netsuite",Import July 25 cogs for freight from SPS to Netsuite,34.00,
EXTERNAL - 24JSF08036-Inventory,617.5,,981,,A51001 - Freight - Out - Expense (New),981,7/29/2025,"Jasfer Industry Co., Limited",137,24JSF08036-Inventory,"Jasfer Industry Co., Limited - Import July 25 cogs for freight from SPS to Netsuite",Import July 25 cogs for freight from SPS to Netsuite,,34.00
EXTERNAL - 24JSF08044-Inventory,618,A12001 - Inventory (New),953,953,,,7/29/2025,"Jasfer Industry Co., Limited",137,24JSF08044-Inventory,"Jasfer Industry Co., Limited - Import July 25 cogs for freight from SPS to Netsuite",Import July 25 cogs for freight from SPS to Netsuite,34.00,
EXTERNAL - 24JSF08044-Inventory,618.5,,981,,A51001 - Freight - Out - Expense (New),981,7/29/2025,"Jasfer Industry Co., Limited",137,24JSF08044-Inventory,"Jasfer Industry Co., Limited - Import July 25 cogs for freight from SPS to Netsuite",Import July 25 cogs for freight from SPS to Netsuite,,34.00
EXTERNAL - WHGV2409-1-Inventory,619,A12001 - Inventory (New),953,953,,,7/29/2025,"Jasfer Industry Co., Limited",137,WHGV2409-1-Inventory,"Jasfer Industry Co., Limited - Import July 25 cogs for freight from SPS to Netsuite",Import July 25 cogs for freight from SPS to Netsuite,314.00,
EXTERNAL - WHGV2409-1-Inventory,619.5,,981,,A51001 - Freight - Out - Expense (New),981,7/29/2025,"Jasfer Industry Co., Limited",137,WHGV2409-1-Inventory,"Jasfer Industry Co., Limited - Import July 25 cogs for freight from SPS to Netsuite",Import July 25 cogs for freight from SPS to Netsuite,,314.00
EXTERNAL - 24JSF09050-Inventory,620,A12001 - Inventory (New),953,953,,,7/29/2025,"Jasfer Industry Co., Limited",137,24JSF09050-Inventory,"Jasfer Industry Co., Limited - Import July 25 cogs for freight from SPS to Netsuite",Import July 25 cogs for freight from SPS to Netsuite,77.00,
EXTERNAL - 24JSF09050-Inventory,620.5,,981,,A51001 - Freight - Out - Expense (New),981,7/29/2025,"Jasfer Industry Co., Limited",137,24JSF09050-Inventory,"Jasfer Industry Co., Limited - Import July 25 cogs for freight from SPS to Netsuite",Import July 25 cogs for freight from SPS to Netsuite,,77.00
EXTERNAL - 24RT073005-Inventory,621,A12001 - Inventory (New),953,953,,,7/29/2025,"Jasfer Industry Co., Limited",137,24RT073005-Inventory,"Jasfer Industry Co., Limited - Import July 25 cogs for freight from SPS to Netsuite",Import July 25 cogs for freight from SPS to Netsuite,80.00,
EXTERNAL - 24RT073005-Inventory,621.5,,981,,A51001 - Freight - Out - Expense (New),981,7/29/2025,"Jasfer Industry Co., Limited",137,24RT073005-Inventory,"Jasfer Industry Co., Limited - Import July 25 cogs for freight from SPS to Netsuite",Import July 25 cogs for freight from SPS to Netsuite,,80.00
EXTERNAL - 24JSF08041-Inventory,622,A12001 - Inventory (New),953,953,,,7/29/2025,"Jasfer Industry Co., Limited",137,24JSF08041-Inventory,"Jasfer Industry Co., Limited - Import July 25 cogs for freight from SPS to Netsuite",Import July 25 cogs for freight from SPS to Netsuite,34.00,
EXTERNAL - 24JSF08041-Inventory,622.5,,981,,A51001 - Freight - Out - Expense (New),981,7/29/2025,"Jasfer Industry Co., Limited",137,24JSF08041-Inventory,"Jasfer Industry Co., Limited - Import July 25 cogs for freight from SPS to Netsuite",Import July 25 cogs for freight from SPS to Netsuite,,34.00
EXTERNAL - 24BL082304-Inventory,623,A12001 - Inventory (New),953,953,,,7/29/2025,"Jasfer Industry Co., Limited",137,24BL082304-Inventory,"Jasfer Industry Co., Limited - Import July 25 cogs for freight from SPS to Netsuite",Import July 25 cogs for freight from SPS to Netsuite,33.00,
EXTERNAL - 24BL082304-Inventory,623.5,,981,,A51001 - Freight - Out - Expense (New),981,7/29/2025,"Jasfer Industry Co., Limited",137,24BL082304-Inventory,"Jasfer Industry Co., Limited - Import July 25 cogs for freight from SPS to Netsuite",Import July 25 cogs for freight from SPS to Netsuite,,33.00
EXTERNAL - 24JS090401-Inventory,624,A12001 - Inventory (New),953,953,,,7/29/2025,"Jasfer Industry Co., Limited",137,24JS090401-Inventory,"Jasfer Industry Co., Limited - Import July 25 cogs for freight from SPS to Netsuite",Import July 25 cogs for freight from SPS to Netsuite,39.00,
EXTERNAL - 24JS090401-Inventory,624.5,,981,,A51001 - Freight - Out - Expense (New),981,7/29/2025,"Jasfer Industry Co., Limited",137,24JS090401-Inventory,"Jasfer Industry Co., Limited - Import July 25 cogs for freight from SPS to Netsuite",Import July 25 cogs for freight from SPS to Netsuite,,39.00
EXTERNAL - 24BL100705-Inventory,625,A12001 - Inventory (New),953,953,,,7/29/2025,"Jasfer Industry Co., Limited",137,24BL100705-Inventory,"Jasfer Industry Co., Limited - Import July 25 cogs for freight from SPS to Netsuite",Import July 25 cogs for freight from SPS to Netsuite,39.00,
EXTERNAL - 24BL100705-Inventory,625.5,,981,,A51001 - Freight - Out - Expense (New),981,7/29/2025,"Jasfer Industry Co., Limited",137,24BL100705-Inventory,"Jasfer Industry Co., Limited - Import July 25 cogs for freight from SPS to Netsuite",Import July 25 cogs for freight from SPS to Netsuite,,39.00
EXTERNAL - 24BL092506-Inventory,626,A12001 - Inventory (New),953,953,,,7/29/2025,"Jasfer Industry Co., Limited",137,24BL092506-Inventory,"Jasfer Industry Co., Limited - Import July 25 cogs for freight from SPS to Netsuite",Import July 25 cogs for freight from SPS to Netsuite,39.00,
EXTERNAL - 24BL092506-Inventory,626.5,,981,,A51001 - Freight - Out - Expense (New),981,7/29/2025,"Jasfer Industry Co., Limited",137,24BL092506-Inventory,"Jasfer Industry Co., Limited - Import July 25 cogs for freight from SPS to Netsuite",Import July 25 cogs for freight from SPS to Netsuite,,39.00
EXTERNAL - 24RT092505-Inventory,627,A12001 - Inventory (New),953,953,,,7/29/2025,"Jasfer Industry Co., Limited",137,24RT092505-Inventory,"Jasfer Industry Co., Limited - Import July 25 cogs for freight from SPS to Netsuite",Import July 25 cogs for freight from SPS to Netsuite,32.00,
EXTERNAL - 24RT092505-Inventory,627.5,,981,,A51001 - Freight - Out - Expense (New),981,7/29/2025,"Jasfer Industry Co., Limited",137,24RT092505-Inventory,"Jasfer Industry Co., Limited - Import July 25 cogs for freight from SPS to Netsuite",Import July 25 cogs for freight from SPS to Netsuite,,32.00
EXTERNAL - 24JSF10005-Inventory,628,A12001 - Inventory (New),953,953,,,7/29/2025,"Jasfer Industry Co., Limited",137,24JSF10005-Inventory,"Jasfer Industry Co., Limited - Import July 25 cogs for freight from SPS to Netsuite",Import July 25 cogs for freight from SPS to Netsuite,64.00,
EXTERNAL - 24JSF10005-Inventory,628.5,,981,,A51001 - Freight - Out - Expense (New),981,7/29/2025,"Jasfer Industry Co., Limited",137,24JSF10005-Inventory,"Jasfer Industry Co., Limited - Import July 25 cogs for freight from SPS to Netsuite",Import July 25 cogs for freight from SPS to Netsuite,,64.00
EXTERNAL - 24BL092702-Inventory,629,A12001 - Inventory (New),953,953,,,7/29/2025,"Jasfer Industry Co., Limited",137,24BL092702-Inventory,"Jasfer Industry Co., Limited - Import July 25 cogs for freight from SPS to Netsuite",Import July 25 cogs for freight from SPS to Netsuite,39.00,
EXTERNAL - 24BL092702-Inventory,629.5,,981,,A51001 - Freight - Out - Expense (New),981,7/29/2025,"Jasfer Industry Co., Limited",137,24BL092702-Inventory,"Jasfer Industry Co., Limited - Import July 25 cogs for freight from SPS to Netsuite",Import July 25 cogs for freight from SPS to Netsuite,,39.00
EXTERNAL - 24RT101607-Inventory,630,A12001 - Inventory (New),953,953,,,7/29/2025,"Jasfer Industry Co., Limited",137,24RT101607-Inventory,"Jasfer Industry Co., Limited - Import July 25 cogs for freight from SPS to Netsuite",Import July 25 cogs for freight from SPS to Netsuite,34.00,
EXTERNAL - 24RT101607-Inventory,630.5,,981,,A51001 - Freight - Out - Expense (New),981,7/29/2025,"Jasfer Industry Co., Limited",137,24RT101607-Inventory,"Jasfer Industry Co., Limited - Import July 25 cogs for freight from SPS to Netsuite",Import July 25 cogs for freight from SPS to Netsuite,,34.00
EXTERNAL - 24JSF11003-Inventory,631,A12001 - Inventory (New),953,953,,,7/29/2025,"Jasfer Industry Co., Limited",137,24JSF11003-Inventory,"Jasfer Industry Co., Limited - Import July 25 cogs for freight from SPS to Netsuite",Import July 25 cogs for freight from SPS to Netsuite,64.00,
EXTERNAL - 24JSF11003-Inventory,631.5,,981,,A51001 - Freight - Out - Expense (New),981,7/29/2025,"Jasfer Industry Co., Limited",137,24JSF11003-Inventory,"Jasfer Industry Co., Limited - Import July 25 cogs for freight from SPS to Netsuite",Import July 25 cogs for freight from SPS to Netsuite,,64.00
EXTERNAL - 24JS101205-Inventory,632,A12001 - Inventory (New),953,953,,,7/29/2025,"Jasfer Industry Co., Limited",137,24JS101205-Inventory,"Jasfer Industry Co., Limited - Import July 25 cogs for freight from SPS to Netsuite",Import July 25 cogs for freight from SPS to Netsuite,43.00,
EXTERNAL - 24JS101205-Inventory,632.5,,981,,A51001 - Freight - Out - Expense (New),981,7/29/2025,"Jasfer Industry Co., Limited",137,24JS101205-Inventory,"Jasfer Industry Co., Limited - Import July 25 cogs for freight from SPS to Netsuite",Import July 25 cogs for freight from SPS to Netsuite,,43.00
EXTERNAL - 24JSF09048-Inventory,633,A12001 - Inventory (New),953,953,,,7/29/2025,"Jasfer Industry Co., Limited",137,24JSF09048-Inventory,"Jasfer Industry Co., Limited - Import July 25 cogs for freight from SPS to Netsuite",Import July 25 cogs for freight from SPS to Netsuite,64.00,
EXTERNAL - 24JSF09048-Inventory,633.5,,981,,A51001 - Freight - Out - Expense (New),981,7/29/2025,"Jasfer Industry Co., Limited",137,24JSF09048-Inventory,"Jasfer Industry Co., Limited - Import July 25 cogs for freight from SPS to Netsuite",Import July 25 cogs for freight from SPS to Netsuite,,64.00
EXTERNAL - 24BL101206-Inventory,634,A12001 - Inventory (New),953,953,,,7/29/2025,"Jasfer Industry Co., Limited",137,24BL101206-Inventory,"Jasfer Industry Co., Limited - Import July 25 cogs for freight from SPS to Netsuite",Import July 25 cogs for freight from SPS to Netsuite,39.00,
EXTERNAL - 24BL101206-Inventory,634.5,,981,,A51001 - Freight - Out - Expense (New),981,7/29/2025,"Jasfer Industry Co., Limited",137,24BL101206-Inventory,"Jasfer Industry Co., Limited - Import July 25 cogs for freight from SPS to Netsuite",Import July 25 cogs for freight from SPS to Netsuite,,39.00
EXTERNAL - 24BL101201-Inventory,635,A12001 - Inventory (New),953,953,,,7/29/2025,"Jasfer Industry Co., Limited",137,24BL101201-Inventory,"Jasfer Industry Co., Limited - Import July 25 cogs for freight from SPS to Netsuite",Import July 25 cogs for freight from SPS to Netsuite,39.00,
EXTERNAL - 24BL101201-Inventory,635.5,,981,,A51001 - Freight - Out - Expense (New),981,7/29/2025,"Jasfer Industry Co., Limited",137,24BL101201-Inventory,"Jasfer Industry Co., Limited - Import July 25 cogs for freight from SPS to Netsuite",Import July 25 cogs for freight from SPS to Netsuite,,39.00
EXTERNAL - 24BL101506-Inventory,636,A12001 - Inventory (New),953,953,,,7/29/2025,"Jasfer Industry Co., Limited",137,24BL101506-Inventory,"Jasfer Industry Co., Limited - Import July 25 cogs for freight from SPS to Netsuite",Import July 25 cogs for freight from SPS to Netsuite,39.00,
EXTERNAL - 24BL101506-Inventory,636.5,,981,,A51001 - Freight - Out - Expense (New),981,7/29/2025,"Jasfer Industry Co., Limited",137,24BL101506-Inventory,"Jasfer Industry Co., Limited - Import July 25 cogs for freight from SPS to Netsuite",Import July 25 cogs for freight from SPS to Netsuite,,39.00
EXTERNAL - 24JS101103-Inventory,637,A12001 - Inventory (New),953,953,,,7/29/2025,"Jasfer Industry Co., Limited",137,24JS101103-Inventory,"Jasfer Industry Co., Limited - Import July 25 cogs for freight from SPS to Netsuite",Import July 25 cogs for freight from SPS to Netsuite,43.00,
EXTERNAL - 24JS101103-Inventory,637.5,,981,,A51001 - Freight - Out - Expense (New),981,7/29/2025,"Jasfer Industry Co., Limited",137,24JS101103-Inventory,"Jasfer Industry Co., Limited - Import July 25 cogs for freight from SPS to Netsuite",Import July 25 cogs for freight from SPS to Netsuite,,43.00
EXTERNAL - 24JSF08060-Inventory,638,A12001 - Inventory (New),953,953,,,7/29/2025,"Jasfer Industry Co., Limited",137,24JSF08060-Inventory,"Jasfer Industry Co., Limited - Import July 25 cogs for freight from SPS to Netsuite",Import July 25 cogs for freight from SPS to Netsuite,194.00,
EXTERNAL - 24JSF08060-Inventory,638.5,,981,,A51001 - Freight - Out - Expense (New),981,7/29/2025,"Jasfer Industry Co., Limited",137,24JSF08060-Inventory,"Jasfer Industry Co., Limited - Import July 25 cogs for freight from SPS to Netsuite",Import July 25 cogs for freight from SPS to Netsuite,,194.00
EXTERNAL - 24JSF08013-Inventory,639,A12001 - Inventory (New),953,953,,,7/29/2025,"Jasfer Industry Co., Limited",137,24JSF08013-Inventory,"Jasfer Industry Co., Limited - Import July 25 cogs for freight from SPS to Netsuite",Import July 25 cogs for freight from SPS to Netsuite,194.00,
EXTERNAL - 24JSF08013-Inventory,639.5,,981,,A51001 - Freight - Out - Expense (New),981,7/29/2025,"Jasfer Industry Co., Limited",137,24JSF08013-Inventory,"Jasfer Industry Co., Limited - Import July 25 cogs for freight from SPS to Netsuite",Import July 25 cogs for freight from SPS to Netsuite,,194.00
EXTERNAL - 24RT101401-Inventory,640,A12001 - Inventory (New),953,953,,,7/29/2025,"Jasfer Industry Co., Limited",137,24RT101401-Inventory,"Jasfer Industry Co., Limited - Import July 25 cogs for freight from SPS to Netsuite",Import July 25 cogs for freight from SPS to Netsuite,33.00,
EXTERNAL - 24RT101401-Inventory,640.5,,981,,A51001 - Freight - Out - Expense (New),981,7/29/2025,"Jasfer Industry Co., Limited",137,24RT101401-Inventory,"Jasfer Industry Co., Limited - Import July 25 cogs for freight from SPS to Netsuite",Import July 25 cogs for freight from SPS to Netsuite,,33.00
EXTERNAL - ZB202410029USA-Inventory,641,A12001 - Inventory (New),953,953,,,7/29/2025,ZBOM Cabinets Corp.,1297,ZB202410029USA-Inventory,ZBOM Cabinets Corp. - Import July 25 cogs for freight from SPS to Netsuite,Import July 25 cogs for freight from SPS to Netsuite,487.00,
EXTERNAL - ZB202410029USA-Inventory,641.5,,981,,A51001 - Freight - Out - Expense (New),981,7/29/2025,ZBOM Cabinets Corp.,1297,ZB202410029USA-Inventory,ZBOM Cabinets Corp. - Import July 25 cogs for freight from SPS to Netsuite,Import July 25 cogs for freight from SPS to Netsuite,,487.00
EXTERNAL - 24JSF09030-Inventory,642,A12001 - Inventory (New),953,953,,,7/29/2025,"Jasfer Industry Co., Limited",137,24JSF09030-Inventory,"Jasfer Industry Co., Limited - Import July 25 cogs for freight from SPS to Netsuite",Import July 25 cogs for freight from SPS to Netsuite,64.00,
EXTERNAL - 24JSF09030-Inventory,642.5,,981,,A51001 - Freight - Out - Expense (New),981,7/29/2025,"Jasfer Industry Co., Limited",137,24JSF09030-Inventory,"Jasfer Industry Co., Limited - Import July 25 cogs for freight from SPS to Netsuite",Import July 25 cogs for freight from SPS to Netsuite,,64.00
EXTERNAL - 24RT102506-Inventory,643,A12001 - Inventory (New),953,953,,,7/29/2025,"Jasfer Industry Co., Limited",137,24RT102506-Inventory,"Jasfer Industry Co., Limited - Import July 25 cogs for freight from SPS to Netsuite",Import July 25 cogs for freight from SPS to Netsuite,35.00,
EXTERNAL - 24RT102506-Inventory,643.5,,981,,A51001 - Freight - Out - Expense (New),981,7/29/2025,"Jasfer Industry Co., Limited",137,24RT102506-Inventory,"Jasfer Industry Co., Limited - Import July 25 cogs for freight from SPS to Netsuite",Import July 25 cogs for freight from SPS to Netsuite,,35.00
EXTERNAL - 22530969-E-Inventory,644,A12001 - Inventory (New),953,953,,,7/29/2025,Fama Sofas S.L.U,1248,22530969-E-Inventory,Fama Sofas S.L.U - Import July 25 cogs for freight from SPS to Netsuite,Import July 25 cogs for freight from SPS to Netsuite,118.00,
EXTERNAL - 22530969-E-Inventory,644.5,,981,,A51001 - Freight - Out - Expense (New),981,7/29/2025,Fama Sofas S.L.U,1248,22530969-E-Inventory,Fama Sofas S.L.U - Import July 25 cogs for freight from SPS to Netsuite,Import July 25 cogs for freight from SPS to Netsuite,,118.00
EXTERNAL - 24JSF08020-Inventory,645,A12001 - Inventory (New),953,953,,,7/29/2025,"Jasfer Industry Co., Limited",137,24JSF08020-Inventory,"Jasfer Industry Co., Limited - Import July 25 cogs for freight from SPS to Netsuite",Import July 25 cogs for freight from SPS to Netsuite,77.00,
EXTERNAL - 24JSF08020-Inventory,645.5,,981,,A51001 - Freight - Out - Expense (New),981,7/29/2025,"Jasfer Industry Co., Limited",137,24JSF08020-Inventory,"Jasfer Industry Co., Limited - Import July 25 cogs for freight from SPS to Netsuite",Import July 25 cogs for freight from SPS to Netsuite,,77.00
EXTERNAL - 24RT051002-Inventory,646,A12001 - Inventory (New),953,953,,,7/29/2025,"Jasfer Industry Co., Limited",137,24RT051002-Inventory,"Jasfer Industry Co., Limited - Import July 25 cogs for freight from SPS to Netsuite",Import July 25 cogs for freight from SPS to Netsuite,39.00,
EXTERNAL - 24RT051002-Inventory,646.5,,981,,A51001 - Freight - Out - Expense (New),981,7/29/2025,"Jasfer Industry Co., Limited",137,24RT051002-Inventory,"Jasfer Industry Co., Limited - Import July 25 cogs for freight from SPS to Netsuite",Import July 25 cogs for freight from SPS to Netsuite,,39.00
EXTERNAL - 24JSF10049-Inventory,647,A12001 - Inventory (New),953,953,,,7/29/2025,"Jasfer Industry Co., Limited",137,24JSF10049-Inventory,"Jasfer Industry Co., Limited - Import July 25 cogs for freight from SPS to Netsuite",Import July 25 cogs for freight from SPS to Netsuite,32.00,
EXTERNAL - 24JSF10049-Inventory,647.5,,981,,A51001 - Freight - Out - Expense (New),981,7/29/2025,"Jasfer Industry Co., Limited",137,24JSF10049-Inventory,"Jasfer Industry Co., Limited - Import July 25 cogs for freight from SPS to Netsuite",Import July 25 cogs for freight from SPS to Netsuite,,32.00
EXTERNAL - 24RT102510-Inventory,648,A12001 - Inventory (New),953,953,,,7/29/2025,"Jasfer Industry Co., Limited",137,24RT102510-Inventory,"Jasfer Industry Co., Limited - Import July 25 cogs for freight from SPS to Netsuite",Import July 25 cogs for freight from SPS to Netsuite,39.00,
EXTERNAL - 24RT102510-Inventory,648.5,,981,,A51001 - Freight - Out - Expense (New),981,7/29/2025,"Jasfer Industry Co., Limited",137,24RT102510-Inventory,"Jasfer Industry Co., Limited - Import July 25 cogs for freight from SPS to Netsuite",Import July 25 cogs for freight from SPS to Netsuite,,39.00
EXTERNAL - 24RT102509-Inventory,649,A12001 - Inventory (New),953,953,,,7/29/2025,"Jasfer Industry Co., Limited",137,24RT102509-Inventory,"Jasfer Industry Co., Limited - Import July 25 cogs for freight from SPS to Netsuite",Import July 25 cogs for freight from SPS to Netsuite,40.00,
EXTERNAL - 24RT102509-Inventory,649.5,,981,,A51001 - Freight - Out - Expense (New),981,7/29/2025,"Jasfer Industry Co., Limited",137,24RT102509-Inventory,"Jasfer Industry Co., Limited - Import July 25 cogs for freight from SPS to Netsuite",Import July 25 cogs for freight from SPS to Netsuite,,40.00
EXTERNAL - 24RT102511-Inventory,650,A12001 - Inventory (New),953,953,,,7/29/2025,"Jasfer Industry Co., Limited",137,24RT102511-Inventory,"Jasfer Industry Co., Limited - Import July 25 cogs for freight from SPS to Netsuite",Import July 25 cogs for freight from SPS to Netsuite,77.00,
EXTERNAL - 24RT102511-Inventory,650.5,,981,,A51001 - Freight - Out - Expense (New),981,7/29/2025,"Jasfer Industry Co., Limited",137,24RT102511-Inventory,"Jasfer Industry Co., Limited - Import July 25 cogs for freight from SPS to Netsuite",Import July 25 cogs for freight from SPS to Netsuite,,77.00
EXTERNAL - 24JSF10008-Inventory,651,A12001 - Inventory (New),953,953,,,7/29/2025,"Jasfer Industry Co., Limited",137,24JSF10008-Inventory,"Jasfer Industry Co., Limited - Import July 25 cogs for freight from SPS to Netsuite",Import July 25 cogs for freight from SPS to Netsuite,34.00,
EXTERNAL - 24JSF10008-Inventory,651.5,,981,,A51001 - Freight - Out - Expense (New),981,7/29/2025,"Jasfer Industry Co., Limited",137,24JSF10008-Inventory,"Jasfer Industry Co., Limited - Import July 25 cogs for freight from SPS to Netsuite",Import July 25 cogs for freight from SPS to Netsuite,,34.00
EXTERNAL - 24RT092304-Inventory,652,A12001 - Inventory (New),953,953,,,7/29/2025,"Jasfer Industry Co., Limited",137,24RT092304-Inventory,"Jasfer Industry Co., Limited - Import July 25 cogs for freight from SPS to Netsuite",Import July 25 cogs for freight from SPS to Netsuite,32.00,
EXTERNAL - 24RT092304-Inventory,652.5,,981,,A51001 - Freight - Out - Expense (New),981,7/29/2025,"Jasfer Industry Co., Limited",137,24RT092304-Inventory,"Jasfer Industry Co., Limited - Import July 25 cogs for freight from SPS to Netsuite",Import July 25 cogs for freight from SPS to Netsuite,,32.00
EXTERNAL - 24JS103001-Inventory,653,A12001 - Inventory (New),953,953,,,7/29/2025,"Jasfer Industry Co., Limited",137,24JS103001-Inventory,"Jasfer Industry Co., Limited - Import July 25 cogs for freight from SPS to Netsuite",Import July 25 cogs for freight from SPS to Netsuite,43.00,
EXTERNAL - 24JS103001-Inventory,653.5,,981,,A51001 - Freight - Out - Expense (New),981,7/29/2025,"Jasfer Industry Co., Limited",137,24JS103001-Inventory,"Jasfer Industry Co., Limited - Import July 25 cogs for freight from SPS to Netsuite",Import July 25 cogs for freight from SPS to Netsuite,,43.00
EXTERNAL - 24JS101706-Inventory,654,A12001 - Inventory (New),953,953,,,7/29/2025,"Jasfer Industry Co., Limited",137,24JS101706-Inventory,"Jasfer Industry Co., Limited - Import July 25 cogs for freight from SPS to Netsuite",Import July 25 cogs for freight from SPS to Netsuite,44.00,
EXTERNAL - 24JS101706-Inventory,654.5,,981,,A51001 - Freight - Out - Expense (New),981,7/29/2025,"Jasfer Industry Co., Limited",137,24JS101706-Inventory,"Jasfer Industry Co., Limited - Import July 25 cogs for freight from SPS to Netsuite",Import July 25 cogs for freight from SPS to Netsuite,,44.00
EXTERNAL - 24BL11010824-Inventory,655,A12001 - Inventory (New),953,953,,,7/29/2025,"Jasfer Industry Co., Limited",137,24BL11010824-Inventory,"Jasfer Industry Co., Limited - Import July 25 cogs for freight from SPS to Netsuite",Import July 25 cogs for freight from SPS to Netsuite,33.00,
EXTERNAL - 24BL11010824-Inventory,655.5,,981,,A51001 - Freight - Out - Expense (New),981,7/29/2025,"Jasfer Industry Co., Limited",137,24BL11010824-Inventory,"Jasfer Industry Co., Limited - Import July 25 cogs for freight from SPS to Netsuite",Import July 25 cogs for freight from SPS to Netsuite,,33.00
EXTERNAL - 24JS110108-Inventory,656,A12001 - Inventory (New),953,953,,,7/29/2025,"Jasfer Industry Co., Limited",137,24JS110108-Inventory,"Jasfer Industry Co., Limited - Import July 25 cogs for freight from SPS to Netsuite",Import July 25 cogs for freight from SPS to Netsuite,43.00,
EXTERNAL - 24JS110108-Inventory,656.5,,981,,A51001 - Freight - Out - Expense (New),981,7/29/2025,"Jasfer Industry Co., Limited",137,24JS110108-Inventory,"Jasfer Industry Co., Limited - Import July 25 cogs for freight from SPS to Netsuite",Import July 25 cogs for freight from SPS to Netsuite,,43.00
EXTERNAL - 24JSF11005-Inventory,657,A12001 - Inventory (New),953,953,,,7/29/2025,"Jasfer Industry Co., Limited",137,24JSF11005-Inventory,"Jasfer Industry Co., Limited - Import July 25 cogs for freight from SPS to Netsuite",Import July 25 cogs for freight from SPS to Netsuite,65.00,
EXTERNAL - 24JSF11005-Inventory,657.5,,981,,A51001 - Freight - Out - Expense (New),981,7/29/2025,"Jasfer Industry Co., Limited",137,24JSF11005-Inventory,"Jasfer Industry Co., Limited - Import July 25 cogs for freight from SPS to Netsuite",Import July 25 cogs for freight from SPS to Netsuite,,65.00
EXTERNAL - 24RT110105-Inventory,658,A12001 - Inventory (New),953,953,,,7/29/2025,"Jasfer Industry Co., Limited",137,24RT110105-Inventory,"Jasfer Industry Co., Limited - Import July 25 cogs for freight from SPS to Netsuite",Import July 25 cogs for freight from SPS to Netsuite,39.00,
EXTERNAL - 24RT110105-Inventory,658.5,,981,,A51001 - Freight - Out - Expense (New),981,7/29/2025,"Jasfer Industry Co., Limited",137,24RT110105-Inventory,"Jasfer Industry Co., Limited - Import July 25 cogs for freight from SPS to Netsuite",Import July 25 cogs for freight from SPS to Netsuite,,39.00
EXTERNAL - 24JS110808-Inventory,659,A12001 - Inventory (New),953,953,,,7/29/2025,"Jasfer Industry Co., Limited",137,24JS110808-Inventory,"Jasfer Industry Co., Limited - Import July 25 cogs for freight from SPS to Netsuite",Import July 25 cogs for freight from SPS to Netsuite,86.00,
EXTERNAL - 24JS110808-Inventory,659.5,,981,,A51001 - Freight - Out - Expense (New),981,7/29/2025,"Jasfer Industry Co., Limited",137,24JS110808-Inventory,"Jasfer Industry Co., Limited - Import July 25 cogs for freight from SPS to Netsuite",Import July 25 cogs for freight from SPS to Netsuite,,86.00
EXTERNAL - 24BL102902-Inventory,660,A12001 - Inventory (New),953,953,,,7/29/2025,"Jasfer Industry Co., Limited",137,24BL102902-Inventory,"Jasfer Industry Co., Limited - Import July 25 cogs for freight from SPS to Netsuite",Import July 25 cogs for freight from SPS to Netsuite,39.00,
EXTERNAL - 24BL102902-Inventory,660.5,,981,,A51001 - Freight - Out - Expense (New),981,7/29/2025,"Jasfer Industry Co., Limited",137,24BL102902-Inventory,"Jasfer Industry Co., Limited - Import July 25 cogs for freight from SPS to Netsuite",Import July 25 cogs for freight from SPS to Netsuite,,39.00
EXTERNAL - 24JSF11006-Inventory,661,A12001 - Inventory (New),953,953,,,7/29/2025,"Jasfer Industry Co., Limited",137,24JSF11006-Inventory,"Jasfer Industry Co., Limited - Import July 25 cogs for freight from SPS to Netsuite",Import July 25 cogs for freight from SPS to Netsuite,35.00,
EXTERNAL - 24JSF11006-Inventory,661.5,,981,,A51001 - Freight - Out - Expense (New),981,7/29/2025,"Jasfer Industry Co., Limited",137,24JSF11006-Inventory,"Jasfer Industry Co., Limited - Import July 25 cogs for freight from SPS to Netsuite",Import July 25 cogs for freight from SPS to Netsuite,,35.00
EXTERNAL - 24JSF09020-Inventory,662,A12001 - Inventory (New),953,953,,,7/29/2025,"Jasfer Industry Co., Limited",137,24JSF09020-Inventory,"Jasfer Industry Co., Limited - Import July 25 cogs for freight from SPS to Netsuite",Import July 25 cogs for freight from SPS to Netsuite,64.00,
EXTERNAL - 24JSF09020-Inventory,662.5,,981,,A51001 - Freight - Out - Expense (New),981,7/29/2025,"Jasfer Industry Co., Limited",137,24JSF09020-Inventory,"Jasfer Industry Co., Limited - Import July 25 cogs for freight from SPS to Netsuite",Import July 25 cogs for freight from SPS to Netsuite,,64.00
EXTERNAL - 24JSF10064-Inventory,663,A12001 - Inventory (New),953,953,,,7/29/2025,"Jasfer Industry Co., Limited",137,24JSF10064-Inventory,"Jasfer Industry Co., Limited - Import July 25 cogs for freight from SPS to Netsuite",Import July 25 cogs for freight from SPS to Netsuite,177.00,
EXTERNAL - 24JSF10064-Inventory,663.5,,981,,A51001 - Freight - Out - Expense (New),981,7/29/2025,"Jasfer Industry Co., Limited",137,24JSF10064-Inventory,"Jasfer Industry Co., Limited - Import July 25 cogs for freight from SPS to Netsuite",Import July 25 cogs for freight from SPS to Netsuite,,177.00
EXTERNAL - 72500017-Inventory,664,A12001 - Inventory (New),953,953,,,7/29/2025,TMLeade,1957,72500017-Inventory,TMLeade - Import July 25 cogs for freight from SPS to Netsuite,Import July 25 cogs for freight from SPS to Netsuite,116.00,
EXTERNAL - 72500017-Inventory,664.5,,981,,A51001 - Freight - Out - Expense (New),981,7/29/2025,TMLeade,1957,72500017-Inventory,TMLeade - Import July 25 cogs for freight from SPS to Netsuite,Import July 25 cogs for freight from SPS to Netsuite,,116.00
EXTERNAL - 24JSF11016-Inventory,665,A12001 - Inventory (New),953,953,,,7/29/2025,"Jasfer Industry Co., Limited",137,24JSF11016-Inventory,"Jasfer Industry Co., Limited - Import July 25 cogs for freight from SPS to Netsuite",Import July 25 cogs for freight from SPS to Netsuite,77.00,
EXTERNAL - 24JSF11016-Inventory,665.5,,981,,A51001 - Freight - Out - Expense (New),981,7/29/2025,"Jasfer Industry Co., Limited",137,24JSF11016-Inventory,"Jasfer Industry Co., Limited - Import July 25 cogs for freight from SPS to Netsuite",Import July 25 cogs for freight from SPS to Netsuite,,77.00
EXTERNAL - 24BL110703-Inventory,666,A12001 - Inventory (New),953,953,,,7/29/2025,"Jasfer Industry Co., Limited",137,24BL110703-Inventory,"Jasfer Industry Co., Limited - Import July 25 cogs for freight from SPS to Netsuite",Import July 25 cogs for freight from SPS to Netsuite,33.00,
EXTERNAL - 24BL110703-Inventory,666.5,,981,,A51001 - Freight - Out - Expense (New),981,7/29/2025,"Jasfer Industry Co., Limited",137,24BL110703-Inventory,"Jasfer Industry Co., Limited - Import July 25 cogs for freight from SPS to Netsuite",Import July 25 cogs for freight from SPS to Netsuite,,33.00
EXTERNAL - 24JSF11002-Inventory,667,A12001 - Inventory (New),953,953,,,7/29/2025,"Jasfer Industry Co., Limited",137,24JSF11002-Inventory,"Jasfer Industry Co., Limited - Import July 25 cogs for freight from SPS to Netsuite",Import July 25 cogs for freight from SPS to Netsuite,64.00,
EXTERNAL - 24JSF11002-Inventory,667.5,,981,,A51001 - Freight - Out - Expense (New),981,7/29/2025,"Jasfer Industry Co., Limited",137,24JSF11002-Inventory,"Jasfer Industry Co., Limited - Import July 25 cogs for freight from SPS to Netsuite",Import July 25 cogs for freight from SPS to Netsuite,,64.00
EXTERNAL - 24RT110701-Inventory,668,A12001 - Inventory (New),953,953,,,7/29/2025,"Jasfer Industry Co., Limited",137,24RT110701-Inventory,"Jasfer Industry Co., Limited - Import July 25 cogs for freight from SPS to Netsuite",Import July 25 cogs for freight from SPS to Netsuite,39.00,
EXTERNAL - 24RT110701-Inventory,668.5,,981,,A51001 - Freight - Out - Expense (New),981,7/29/2025,"Jasfer Industry Co., Limited",137,24RT110701-Inventory,"Jasfer Industry Co., Limited - Import July 25 cogs for freight from SPS to Netsuite",Import July 25 cogs for freight from SPS to Netsuite,,39.00
EXTERNAL - 23BL121204-Inventory,669,A12001 - Inventory (New),953,953,,,7/29/2025,"Jasfer Industry Co., Limited",137,23BL121204-Inventory,"Jasfer Industry Co., Limited - Import July 25 cogs for freight from SPS to Netsuite",Import July 25 cogs for freight from SPS to Netsuite,39.00,
EXTERNAL - 23BL121204-Inventory,669.5,,981,,A51001 - Freight - Out - Expense (New),981,7/29/2025,"Jasfer Industry Co., Limited",137,23BL121204-Inventory,"Jasfer Industry Co., Limited - Import July 25 cogs for freight from SPS to Netsuite",Import July 25 cogs for freight from SPS to Netsuite,,39.00
EXTERNAL - 24JSF10071-Inventory,670,A12001 - Inventory (New),953,953,,,7/29/2025,"Jasfer Industry Co., Limited",137,24JSF10071-Inventory,"Jasfer Industry Co., Limited - Import July 25 cogs for freight from SPS to Netsuite",Import July 25 cogs for freight from SPS to Netsuite,154.00,
EXTERNAL - 24JSF10071-Inventory,670.5,,981,,A51001 - Freight - Out - Expense (New),981,7/29/2025,"Jasfer Industry Co., Limited",137,24JSF10071-Inventory,"Jasfer Industry Co., Limited - Import July 25 cogs for freight from SPS to Netsuite",Import July 25 cogs for freight from SPS to Netsuite,,154.00
EXTERNAL - GV2024083-Inventory,671,A12001 - Inventory (New),953,953,,,7/29/2025,"Cambodian Zulite Stone Co., Ltd.",1237,GV2024083-Inventory,"Cambodian Zulite Stone Co., Ltd. - Import July 25 cogs for freight from SPS to Netsuite",Import July 25 cogs for freight from SPS to Netsuite,162.00,
EXTERNAL - GV2024083-Inventory,671.5,,981,,A51001 - Freight - Out - Expense (New),981,7/29/2025,"Cambodian Zulite Stone Co., Ltd.",1237,GV2024083-Inventory,"Cambodian Zulite Stone Co., Ltd. - Import July 25 cogs for freight from SPS to Netsuite",Import July 25 cogs for freight from SPS to Netsuite,,162.00
EXTERNAL - 24JSF11011-Inventory,672,A12001 - Inventory (New),953,953,,,7/29/2025,"Jasfer Industry Co., Limited",137,24JSF11011-Inventory,"Jasfer Industry Co., Limited - Import July 25 cogs for freight from SPS to Netsuite",Import July 25 cogs for freight from SPS to Netsuite,65.00,
EXTERNAL - 24JSF11011-Inventory,672.5,,981,,A51001 - Freight - Out - Expense (New),981,7/29/2025,"Jasfer Industry Co., Limited",137,24JSF11011-Inventory,"Jasfer Industry Co., Limited - Import July 25 cogs for freight from SPS to Netsuite",Import July 25 cogs for freight from SPS to Netsuite,,65.00
EXTERNAL - 24RT110801-Inventory,673,A12001 - Inventory (New),953,953,,,7/29/2025,"Jasfer Industry Co., Limited",137,24RT110801-Inventory,"Jasfer Industry Co., Limited - Import July 25 cogs for freight from SPS to Netsuite",Import July 25 cogs for freight from SPS to Netsuite,32.00,
EXTERNAL - 24RT110801-Inventory,673.5,,981,,A51001 - Freight - Out - Expense (New),981,7/29/2025,"Jasfer Industry Co., Limited",137,24RT110801-Inventory,"Jasfer Industry Co., Limited - Import July 25 cogs for freight from SPS to Netsuite",Import July 25 cogs for freight from SPS to Netsuite,,32.00
EXTERNAL - 24JSF08010-Inventory,674,A12001 - Inventory (New),953,953,,,7/29/2025,"Jasfer Industry Co., Limited",137,24JSF08010-Inventory,"Jasfer Industry Co., Limited - Import July 25 cogs for freight from SPS to Netsuite",Import July 25 cogs for freight from SPS to Netsuite,64.00,
EXTERNAL - 24JSF08010-Inventory,674.5,,981,,A51001 - Freight - Out - Expense (New),981,7/29/2025,"Jasfer Industry Co., Limited",137,24JSF08010-Inventory,"Jasfer Industry Co., Limited - Import July 25 cogs for freight from SPS to Netsuite",Import July 25 cogs for freight from SPS to Netsuite,,64.00
EXTERNAL - 24JS112001-Inventory,675,A12001 - Inventory (New),953,953,,,7/29/2025,"Jasfer Industry Co., Limited",137,24JS112001-Inventory,"Jasfer Industry Co., Limited - Import July 25 cogs for freight from SPS to Netsuite",Import July 25 cogs for freight from SPS to Netsuite,33.00,
EXTERNAL - 24JS112001-Inventory,675.5,,981,,A51001 - Freight - Out - Expense (New),981,7/29/2025,"Jasfer Industry Co., Limited",137,24JS112001-Inventory,"Jasfer Industry Co., Limited - Import July 25 cogs for freight from SPS to Netsuite",Import July 25 cogs for freight from SPS to Netsuite,,33.00
EXTERNAL - 24JSF11029-Inventory,676,A12001 - Inventory (New),953,953,,,7/29/2025,"Jasfer Industry Co., Limited",137,24JSF11029-Inventory,"Jasfer Industry Co., Limited - Import July 25 cogs for freight from SPS to Netsuite",Import July 25 cogs for freight from SPS to Netsuite,104.00,
EXTERNAL - 24JSF11029-Inventory,676.5,,981,,A51001 - Freight - Out - Expense (New),981,7/29/2025,"Jasfer Industry Co., Limited",137,24JSF11029-Inventory,"Jasfer Industry Co., Limited - Import July 25 cogs for freight from SPS to Netsuite",Import July 25 cogs for freight from SPS to Netsuite,,104.00
EXTERNAL - GV2024082-Inventory,677,A12001 - Inventory (New),953,953,,,7/29/2025,"Cambodian Zulite Stone Co., Ltd.",1237,GV2024082-Inventory,"Cambodian Zulite Stone Co., Ltd. - Import July 25 cogs for freight from SPS to Netsuite",Import July 25 cogs for freight from SPS to Netsuite,162.00,
EXTERNAL - GV2024082-Inventory,677.5,,981,,A51001 - Freight - Out - Expense (New),981,7/29/2025,"Cambodian Zulite Stone Co., Ltd.",1237,GV2024082-Inventory,"Cambodian Zulite Stone Co., Ltd. - Import July 25 cogs for freight from SPS to Netsuite",Import July 25 cogs for freight from SPS to Netsuite,,162.00
EXTERNAL - 24RT111102-Inventory,678,A12001 - Inventory (New),953,953,,,7/29/2025,"Jasfer Industry Co., Limited",137,24RT111102-Inventory,"Jasfer Industry Co., Limited - Import July 25 cogs for freight from SPS to Netsuite",Import July 25 cogs for freight from SPS to Netsuite,39.00,
EXTERNAL - 24RT111102-Inventory,678.5,,981,,A51001 - Freight - Out - Expense (New),981,7/29/2025,"Jasfer Industry Co., Limited",137,24RT111102-Inventory,"Jasfer Industry Co., Limited - Import July 25 cogs for freight from SPS to Netsuite",Import July 25 cogs for freight from SPS to Netsuite,,39.00
EXTERNAL - 24JSF11022-Inventory,679,A12001 - Inventory (New),953,953,,,7/29/2025,"Jasfer Industry Co., Limited",137,24JSF11022-Inventory,"Jasfer Industry Co., Limited - Import July 25 cogs for freight from SPS to Netsuite",Import July 25 cogs for freight from SPS to Netsuite,68.00,
EXTERNAL - 24JSF11022-Inventory,679.5,,981,,A51001 - Freight - Out - Expense (New),981,7/29/2025,"Jasfer Industry Co., Limited",137,24JSF11022-Inventory,"Jasfer Industry Co., Limited - Import July 25 cogs for freight from SPS to Netsuite",Import July 25 cogs for freight from SPS to Netsuite,,68.00
EXTERNAL - 24RT111407-Inventory,680,A12001 - Inventory (New),953,953,,,7/29/2025,"Jasfer Industry Co., Limited",137,24RT111407-Inventory,"Jasfer Industry Co., Limited - Import July 25 cogs for freight from SPS to Netsuite",Import July 25 cogs for freight from SPS to Netsuite,40.00,
EXTERNAL - 24RT111407-Inventory,680.5,,981,,A51001 - Freight - Out - Expense (New),981,7/29/2025,"Jasfer Industry Co., Limited",137,24RT111407-Inventory,"Jasfer Industry Co., Limited - Import July 25 cogs for freight from SPS to Netsuite",Import July 25 cogs for freight from SPS to Netsuite,,40.00
EXTERNAL - 24JSF11033-Inventory,681,A12001 - Inventory (New),953,953,,,7/29/2025,"Jasfer Industry Co., Limited",137,24JSF11033-Inventory,"Jasfer Industry Co., Limited - Import July 25 cogs for freight from SPS to Netsuite",Import July 25 cogs for freight from SPS to Netsuite,35.00,
EXTERNAL - 24JSF11033-Inventory,681.5,,981,,A51001 - Freight - Out - Expense (New),981,7/29/2025,"Jasfer Industry Co., Limited",137,24JSF11033-Inventory,"Jasfer Industry Co., Limited - Import July 25 cogs for freight from SPS to Netsuite",Import July 25 cogs for freight from SPS to Netsuite,,35.00
EXTERNAL - 24RT111405-Inventory,682,A12001 - Inventory (New),953,953,,,7/29/2025,"Jasfer Industry Co., Limited",137,24RT111405-Inventory,"Jasfer Industry Co., Limited - Import July 25 cogs for freight from SPS to Netsuite",Import July 25 cogs for freight from SPS to Netsuite,32.00,
EXTERNAL - 24RT111405-Inventory,682.5,,981,,A51001 - Freight - Out - Expense (New),981,7/29/2025,"Jasfer Industry Co., Limited",137,24RT111405-Inventory,"Jasfer Industry Co., Limited - Import July 25 cogs for freight from SPS to Netsuite",Import July 25 cogs for freight from SPS to Netsuite,,32.00
EXTERNAL - 24JS111101-Inventory,683,A12001 - Inventory (New),953,953,,,7/29/2025,"Jasfer Industry Co., Limited",137,24JS111101-Inventory,"Jasfer Industry Co., Limited - Import July 25 cogs for freight from SPS to Netsuite",Import July 25 cogs for freight from SPS to Netsuite,44.00,
EXTERNAL - 24JS111101-Inventory,683.5,,981,,A51001 - Freight - Out - Expense (New),981,7/29/2025,"Jasfer Industry Co., Limited",137,24JS111101-Inventory,"Jasfer Industry Co., Limited - Import July 25 cogs for freight from SPS to Netsuite",Import July 25 cogs for freight from SPS to Netsuite,,44.00
EXTERNAL - 24RT112701-Inventory,684,A12001 - Inventory (New),953,953,,,7/29/2025,"Jasfer Industry Co., Limited",137,24RT112701-Inventory,"Jasfer Industry Co., Limited - Import July 25 cogs for freight from SPS to Netsuite",Import July 25 cogs for freight from SPS to Netsuite,34.00,
EXTERNAL - 24RT112701-Inventory,684.5,,981,,A51001 - Freight - Out - Expense (New),981,7/29/2025,"Jasfer Industry Co., Limited",137,24RT112701-Inventory,"Jasfer Industry Co., Limited - Import July 25 cogs for freight from SPS to Netsuite",Import July 25 cogs for freight from SPS to Netsuite,,34.00
EXTERNAL - 24JS111304-Inventory,685,A12001 - Inventory (New),953,953,,,7/29/2025,"Jasfer Industry Co., Limited",137,24JS111304-Inventory,"Jasfer Industry Co., Limited - Import July 25 cogs for freight from SPS to Netsuite",Import July 25 cogs for freight from SPS to Netsuite,43.00,
EXTERNAL - 24JS111304-Inventory,685.5,,981,,A51001 - Freight - Out - Expense (New),981,7/29/2025,"Jasfer Industry Co., Limited",137,24JS111304-Inventory,"Jasfer Industry Co., Limited - Import July 25 cogs for freight from SPS to Netsuite",Import July 25 cogs for freight from SPS to Netsuite,,43.00
EXTERNAL - 24JSF12012-Inventory,686,A12001 - Inventory (New),953,953,,,7/29/2025,"Jasfer Industry Co., Limited",137,24JSF12012-Inventory,"Jasfer Industry Co., Limited - Import July 25 cogs for freight from SPS to Netsuite",Import July 25 cogs for freight from SPS to Netsuite,34.00,
EXTERNAL - 24JSF12012-Inventory,686.5,,981,,A51001 - Freight - Out - Expense (New),981,7/29/2025,"Jasfer Industry Co., Limited",137,24JSF12012-Inventory,"Jasfer Industry Co., Limited - Import July 25 cogs for freight from SPS to Netsuite",Import July 25 cogs for freight from SPS to Netsuite,,34.00
EXTERNAL - GV2024098-Inventory,687,A12001 - Inventory (New),953,953,,,7/29/2025,"Cambodian Zulite Stone Co., Ltd.",1237,GV2024098-Inventory,"Cambodian Zulite Stone Co., Ltd. - Import July 25 cogs for freight from SPS to Netsuite",Import July 25 cogs for freight from SPS to Netsuite,243.00,
EXTERNAL - GV2024098-Inventory,687.5,,981,,A51001 - Freight - Out - Expense (New),981,7/29/2025,"Cambodian Zulite Stone Co., Ltd.",1237,GV2024098-Inventory,"Cambodian Zulite Stone Co., Ltd. - Import July 25 cogs for freight from SPS to Netsuite",Import July 25 cogs for freight from SPS to Netsuite,,243.00
EXTERNAL - GV2024105-Inventory,688,A12001 - Inventory (New),953,953,,,7/29/2025,"Cambodian Zulite Stone Co., Ltd.",1237,GV2024105-Inventory,"Cambodian Zulite Stone Co., Ltd. - Import July 25 cogs for freight from SPS to Netsuite",Import July 25 cogs for freight from SPS to Netsuite,81.00,
EXTERNAL - GV2024105-Inventory,688.5,,981,,A51001 - Freight - Out - Expense (New),981,7/29/2025,"Cambodian Zulite Stone Co., Ltd.",1237,GV2024105-Inventory,"Cambodian Zulite Stone Co., Ltd. - Import July 25 cogs for freight from SPS to Netsuite",Import July 25 cogs for freight from SPS to Netsuite,,81.00
EXTERNAL - SR388-2B2-Inventory,689,A12001 - Inventory (New),953,953,,,7/29/2025,Richwood Hospitality Co. LTD,1285,SR388-2B2-Inventory,Richwood Hospitality Co. LTD - Import July 25 cogs for freight from SPS to Netsuite,Import July 25 cogs for freight from SPS to Netsuite,650.00,
EXTERNAL - SR388-2B2-Inventory,689.5,,981,,A51001 - Freight - Out - Expense (New),981,7/29/2025,Richwood Hospitality Co. LTD,1285,SR388-2B2-Inventory,Richwood Hospitality Co. LTD - Import July 25 cogs for freight from SPS to Netsuite,Import July 25 cogs for freight from SPS to Netsuite,,650.00
EXTERNAL - 24JSF12013-Inventory,690,A12001 - Inventory (New),953,953,,,7/29/2025,"Jasfer Industry Co., Limited",137,24JSF12013-Inventory,"Jasfer Industry Co., Limited - Import July 25 cogs for freight from SPS to Netsuite",Import July 25 cogs for freight from SPS to Netsuite,34.00,
EXTERNAL - 24JSF12013-Inventory,690.5,,981,,A51001 - Freight - Out - Expense (New),981,7/29/2025,"Jasfer Industry Co., Limited",137,24JSF12013-Inventory,"Jasfer Industry Co., Limited - Import July 25 cogs for freight from SPS to Netsuite",Import July 25 cogs for freight from SPS to Netsuite,,34.00
EXTERNAL - 24JSF10020-Inventory,691,A12001 - Inventory (New),953,953,,,7/29/2025,"Jasfer Industry Co., Limited",137,24JSF10020-Inventory,"Jasfer Industry Co., Limited - Import July 25 cogs for freight from SPS to Netsuite",Import July 25 cogs for freight from SPS to Netsuite,34.00,
EXTERNAL - 24JSF10020-Inventory,691.5,,981,,A51001 - Freight - Out - Expense (New),981,7/29/2025,"Jasfer Industry Co., Limited",137,24JSF10020-Inventory,"Jasfer Industry Co., Limited - Import July 25 cogs for freight from SPS to Netsuite",Import July 25 cogs for freight from SPS to Netsuite,,34.00
EXTERNAL - 24JSF11064-Inventory,692,A12001 - Inventory (New),953,953,,,7/29/2025,"Jasfer Industry Co., Limited",137,24JSF11064-Inventory,"Jasfer Industry Co., Limited - Import July 25 cogs for freight from SPS to Netsuite",Import July 25 cogs for freight from SPS to Netsuite,34.00,
EXTERNAL - 24JSF11064-Inventory,692.5,,981,,A51001 - Freight - Out - Expense (New),981,7/29/2025,"Jasfer Industry Co., Limited",137,24JSF11064-Inventory,"Jasfer Industry Co., Limited - Import July 25 cogs for freight from SPS to Netsuite",Import July 25 cogs for freight from SPS to Netsuite,,34.00
EXTERNAL - 24RT111801-Inventory,693,A12001 - Inventory (New),953,953,,,7/29/2025,"Jasfer Industry Co., Limited",137,24RT111801-Inventory,"Jasfer Industry Co., Limited - Import July 25 cogs for freight from SPS to Netsuite",Import July 25 cogs for freight from SPS to Netsuite,39.00,
EXTERNAL - 24RT111801-Inventory,693.5,,981,,A51001 - Freight - Out - Expense (New),981,7/29/2025,"Jasfer Industry Co., Limited",137,24RT111801-Inventory,"Jasfer Industry Co., Limited - Import July 25 cogs for freight from SPS to Netsuite",Import July 25 cogs for freight from SPS to Netsuite,,39.00
EXTERNAL - 24RT112008-Inventory,694,A12001 - Inventory (New),953,953,,,7/29/2025,"Jasfer Industry Co., Limited",137,24RT112008-Inventory,"Jasfer Industry Co., Limited - Import July 25 cogs for freight from SPS to Netsuite",Import July 25 cogs for freight from SPS to Netsuite,32.00,
EXTERNAL - 24RT112008-Inventory,694.5,,981,,A51001 - Freight - Out - Expense (New),981,7/29/2025,"Jasfer Industry Co., Limited",137,24RT112008-Inventory,"Jasfer Industry Co., Limited - Import July 25 cogs for freight from SPS to Netsuite",Import July 25 cogs for freight from SPS to Netsuite,,32.00
EXTERNAL - 24JS112005-Inventory,695,A12001 - Inventory (New),953,953,,,7/29/2025,"Jasfer Industry Co., Limited",137,24JS112005-Inventory,"Jasfer Industry Co., Limited - Import July 25 cogs for freight from SPS to Netsuite",Import July 25 cogs for freight from SPS to Netsuite,43.00,
EXTERNAL - 24JS112005-Inventory,695.5,,981,,A51001 - Freight - Out - Expense (New),981,7/29/2025,"Jasfer Industry Co., Limited",137,24JS112005-Inventory,"Jasfer Industry Co., Limited - Import July 25 cogs for freight from SPS to Netsuite",Import July 25 cogs for freight from SPS to Netsuite,,43.00
EXTERNAL - 24JS112006-Inventory,696,A12001 - Inventory (New),953,953,,,7/29/2025,"Jasfer Industry Co., Limited",137,24JS112006-Inventory,"Jasfer Industry Co., Limited - Import July 25 cogs for freight from SPS to Netsuite",Import July 25 cogs for freight from SPS to Netsuite,33.00,
EXTERNAL - 24JS112006-Inventory,696.5,,981,,A51001 - Freight - Out - Expense (New),981,7/29/2025,"Jasfer Industry Co., Limited",137,24JS112006-Inventory,"Jasfer Industry Co., Limited - Import July 25 cogs for freight from SPS to Netsuite",Import July 25 cogs for freight from SPS to Netsuite,,33.00
EXTERNAL - 24RT112108-Inventory,697,A12001 - Inventory (New),953,953,,,7/29/2025,"Jasfer Industry Co., Limited",137,24RT112108-Inventory,"Jasfer Industry Co., Limited - Import July 25 cogs for freight from SPS to Netsuite",Import July 25 cogs for freight from SPS to Netsuite,68.00,
EXTERNAL - 24RT112108-Inventory,697.5,,981,,A51001 - Freight - Out - Expense (New),981,7/29/2025,"Jasfer Industry Co., Limited",137,24RT112108-Inventory,"Jasfer Industry Co., Limited - Import July 25 cogs for freight from SPS to Netsuite",Import July 25 cogs for freight from SPS to Netsuite,,68.00
EXTERNAL - 20250130-Inventory,698,A12001 - Inventory (New),953,953,,,7/29/2025,An Cuong Wood-Working,1542,20250130-Inventory,An Cuong Wood-Working - Import July 25 cogs for freight from SPS to Netsuite,Import July 25 cogs for freight from SPS to Netsuite,2710.00,
EXTERNAL - 20250130-Inventory,698.5,,981,,A51001 - Freight - Out - Expense (New),981,7/29/2025,An Cuong Wood-Working,1542,20250130-Inventory,An Cuong Wood-Working - Import July 25 cogs for freight from SPS to Netsuite,Import July 25 cogs for freight from SPS to Netsuite,,2710.00
EXTERNAL - 24RT111203-Inventory,699,A12001 - Inventory (New),953,953,,,7/29/2025,"Jasfer Industry Co., Limited",137,24RT111203-Inventory,"Jasfer Industry Co., Limited - Import July 25 cogs for freight from SPS to Netsuite",Import July 25 cogs for freight from SPS to Netsuite,43.00,
EXTERNAL - 24RT111203-Inventory,699.5,,981,,A51001 - Freight - Out - Expense (New),981,7/29/2025,"Jasfer Industry Co., Limited",137,24RT111203-Inventory,"Jasfer Industry Co., Limited - Import July 25 cogs for freight from SPS to Netsuite",Import July 25 cogs for freight from SPS to Netsuite,,43.00
EXTERNAL - 24JSF11038-Inventory,700,A12001 - Inventory (New),953,953,,,7/29/2025,"Jasfer Industry Co., Limited",137,24JSF11038-Inventory,"Jasfer Industry Co., Limited - Import July 25 cogs for freight from SPS to Netsuite",Import July 25 cogs for freight from SPS to Netsuite,34.00,
EXTERNAL - 24JSF11038-Inventory,700.5,,981,,A51001 - Freight - Out - Expense (New),981,7/29/2025,"Jasfer Industry Co., Limited",137,24JSF11038-Inventory,"Jasfer Industry Co., Limited - Import July 25 cogs for freight from SPS to Netsuite",Import July 25 cogs for freight from SPS to Netsuite,,34.00
EXTERNAL - ZB202312010USA-Inventory,701,A12001 - Inventory (New),953,953,,,7/29/2025,ZBOM Cabinets Corp.,1297,ZB202312010USA-Inventory,ZBOM Cabinets Corp. - Import July 25 cogs for freight from SPS to Netsuite,Import July 25 cogs for freight from SPS to Netsuite,1500.00,
EXTERNAL - ZB202312010USA-Inventory,701.5,,981,,A51001 - Freight - Out - Expense (New),981,7/29/2025,ZBOM Cabinets Corp.,1297,ZB202312010USA-Inventory,ZBOM Cabinets Corp. - Import July 25 cogs for freight from SPS to Netsuite,Import July 25 cogs for freight from SPS to Netsuite,,1500.00
EXTERNAL - 24BL112201-Inventory,702,A12001 - Inventory (New),953,953,,,7/29/2025,"Jasfer Industry Co., Limited",137,24BL112201-Inventory,"Jasfer Industry Co., Limited - Import July 25 cogs for freight from SPS to Netsuite",Import July 25 cogs for freight from SPS to Netsuite,39.00,
EXTERNAL - 24BL112201-Inventory,702.5,,981,,A51001 - Freight - Out - Expense (New),981,7/29/2025,"Jasfer Industry Co., Limited",137,24BL112201-Inventory,"Jasfer Industry Co., Limited - Import July 25 cogs for freight from SPS to Netsuite",Import July 25 cogs for freight from SPS to Netsuite,,39.00
EXTERNAL - 20250129-Inventory,703,A12001 - Inventory (New),953,953,,,7/29/2025,An Cuong Wood-Working,1542,20250129-Inventory,An Cuong Wood-Working - Import July 25 cogs for freight from SPS to Netsuite,Import July 25 cogs for freight from SPS to Netsuite,970.00,
EXTERNAL - 20250129-Inventory,703.5,,981,,A51001 - Freight - Out - Expense (New),981,7/29/2025,An Cuong Wood-Working,1542,20250129-Inventory,An Cuong Wood-Working - Import July 25 cogs for freight from SPS to Netsuite,Import July 25 cogs for freight from SPS to Netsuite,,970.00
EXTERNAL - 24JSF11050-Inventory,704,A12001 - Inventory (New),953,953,,,7/29/2025,"Jasfer Industry Co., Limited",137,24JSF11050-Inventory,"Jasfer Industry Co., Limited - Import July 25 cogs for freight from SPS to Netsuite",Import July 25 cogs for freight from SPS to Netsuite,64.00,
EXTERNAL - 24JSF11050-Inventory,704.5,,981,,A51001 - Freight - Out - Expense (New),981,7/29/2025,"Jasfer Industry Co., Limited",137,24JSF11050-Inventory,"Jasfer Industry Co., Limited - Import July 25 cogs for freight from SPS to Netsuite",Import July 25 cogs for freight from SPS to Netsuite,,64.00
EXTERNAL - 24JS120205-Inventory,705,A12001 - Inventory (New),953,953,,,7/29/2025,"Jasfer Industry Co., Limited",137,24JS120205-Inventory,"Jasfer Industry Co., Limited - Import July 25 cogs for freight from SPS to Netsuite",Import July 25 cogs for freight from SPS to Netsuite,110.00,
EXTERNAL - 24JS120205-Inventory,705.5,,981,,A51001 - Freight - Out - Expense (New),981,7/29/2025,"Jasfer Industry Co., Limited",137,24JS120205-Inventory,"Jasfer Industry Co., Limited - Import July 25 cogs for freight from SPS to Netsuite",Import July 25 cogs for freight from SPS to Netsuite,,110.00
EXTERNAL - 24JSF12016-Inventory,706,A12001 - Inventory (New),953,953,,,7/29/2025,"Jasfer Industry Co., Limited",137,24JSF12016-Inventory,"Jasfer Industry Co., Limited - Import July 25 cogs for freight from SPS to Netsuite",Import July 25 cogs for freight from SPS to Netsuite,35.00,
EXTERNAL - 24JSF12016-Inventory,706.5,,981,,A51001 - Freight - Out - Expense (New),981,7/29/2025,"Jasfer Industry Co., Limited",137,24JSF12016-Inventory,"Jasfer Industry Co., Limited - Import July 25 cogs for freight from SPS to Netsuite",Import July 25 cogs for freight from SPS to Netsuite,,35.00
EXTERNAL - 24RT110505-Inventory,707,A12001 - Inventory (New),953,953,,,7/29/2025,"Jasfer Industry Co., Limited",137,24RT110505-Inventory,"Jasfer Industry Co., Limited - Import July 25 cogs for freight from SPS to Netsuite",Import July 25 cogs for freight from SPS to Netsuite,34.00,
EXTERNAL - 24RT110505-Inventory,707.5,,981,,A51001 - Freight - Out - Expense (New),981,7/29/2025,"Jasfer Industry Co., Limited",137,24RT110505-Inventory,"Jasfer Industry Co., Limited - Import July 25 cogs for freight from SPS to Netsuite",Import July 25 cogs for freight from SPS to Netsuite,,34.00
EXTERNAL - 1422/VE-Inventory,708,A12001 - Inventory (New),953,953,,,7/29/2025,Atlas Concorde,1232,1422/VE-Inventory,Atlas Concorde - Import July 25 cogs for freight from SPS to Netsuite,Import July 25 cogs for freight from SPS to Netsuite,770.00,
EXTERNAL - 1422/VE-Inventory,708.5,,981,,A51001 - Freight - Out - Expense (New),981,7/29/2025,Atlas Concorde,1232,1422/VE-Inventory,Atlas Concorde - Import July 25 cogs for freight from SPS to Netsuite,Import July 25 cogs for freight from SPS to Netsuite,,770.00
EXTERNAL - 24JS112607-Inventory,709,A12001 - Inventory (New),953,953,,,7/29/2025,"Jasfer Industry Co., Limited",137,24JS112607-Inventory,"Jasfer Industry Co., Limited - Import July 25 cogs for freight from SPS to Netsuite",Import July 25 cogs for freight from SPS to Netsuite,43.00,
EXTERNAL - 24JS112607-Inventory,709.5,,981,,A51001 - Freight - Out - Expense (New),981,7/29/2025,"Jasfer Industry Co., Limited",137,24JS112607-Inventory,"Jasfer Industry Co., Limited - Import July 25 cogs for freight from SPS to Netsuite",Import July 25 cogs for freight from SPS to Netsuite,,43.00
EXTERNAL - GV2024096-Inventory,710,A12001 - Inventory (New),953,953,,,7/29/2025,"Cambodian Zulite Stone Co., Ltd.",1237,GV2024096-Inventory,"Cambodian Zulite Stone Co., Ltd. - Import July 25 cogs for freight from SPS to Netsuite",Import July 25 cogs for freight from SPS to Netsuite,81.00,
EXTERNAL - GV2024096-Inventory,710.5,,981,,A51001 - Freight - Out - Expense (New),981,7/29/2025,"Cambodian Zulite Stone Co., Ltd.",1237,GV2024096-Inventory,"Cambodian Zulite Stone Co., Ltd. - Import July 25 cogs for freight from SPS to Netsuite",Import July 25 cogs for freight from SPS to Netsuite,,81.00
EXTERNAL - 24RT112608-Inventory,711,A12001 - Inventory (New),953,953,,,7/29/2025,"Jasfer Industry Co., Limited",137,24RT112608-Inventory,"Jasfer Industry Co., Limited - Import July 25 cogs for freight from SPS to Netsuite",Import July 25 cogs for freight from SPS to Netsuite,32.00,
EXTERNAL - 24RT112608-Inventory,711.5,,981,,A51001 - Freight - Out - Expense (New),981,7/29/2025,"Jasfer Industry Co., Limited",137,24RT112608-Inventory,"Jasfer Industry Co., Limited - Import July 25 cogs for freight from SPS to Netsuite",Import July 25 cogs for freight from SPS to Netsuite,,32.00
EXTERNAL - 24JS112702-Inventory,712,A12001 - Inventory (New),953,953,,,7/29/2025,"Jasfer Industry Co., Limited",137,24JS112702-Inventory,"Jasfer Industry Co., Limited - Import July 25 cogs for freight from SPS to Netsuite",Import July 25 cogs for freight from SPS to Netsuite,43.00,
EXTERNAL - 24JS112702-Inventory,712.5,,981,,A51001 - Freight - Out - Expense (New),981,7/29/2025,"Jasfer Industry Co., Limited",137,24JS112702-Inventory,"Jasfer Industry Co., Limited - Import July 25 cogs for freight from SPS to Netsuite",Import July 25 cogs for freight from SPS to Netsuite,,43.00
EXTERNAL - 24JS102508-Inventory,713,A12001 - Inventory (New),953,953,,,7/29/2025,"Jasfer Industry Co., Limited",137,24JS102508-Inventory,"Jasfer Industry Co., Limited - Import July 25 cogs for freight from SPS to Netsuite",Import July 25 cogs for freight from SPS to Netsuite,43.00,
EXTERNAL - 24JS102508-Inventory,713.5,,981,,A51001 - Freight - Out - Expense (New),981,7/29/2025,"Jasfer Industry Co., Limited",137,24JS102508-Inventory,"Jasfer Industry Co., Limited - Import July 25 cogs for freight from SPS to Netsuite",Import July 25 cogs for freight from SPS to Netsuite,,43.00
EXTERNAL - 24JSF12008-Inventory,714,A12001 - Inventory (New),953,953,,,7/29/2025,"Jasfer Industry Co., Limited",137,24JSF12008-Inventory,"Jasfer Industry Co., Limited - Import July 25 cogs for freight from SPS to Netsuite",Import July 25 cogs for freight from SPS to Netsuite,34.00,
EXTERNAL - 24JSF12008-Inventory,714.5,,981,,A51001 - Freight - Out - Expense (New),981,7/29/2025,"Jasfer Industry Co., Limited",137,24JSF12008-Inventory,"Jasfer Industry Co., Limited - Import July 25 cogs for freight from SPS to Netsuite",Import July 25 cogs for freight from SPS to Netsuite,,34.00
EXTERNAL - 24BL120201-Inventory,715,A12001 - Inventory (New),953,953,,,7/29/2025,"Jasfer Industry Co., Limited",137,24BL120201-Inventory,"Jasfer Industry Co., Limited - Import July 25 cogs for freight from SPS to Netsuite",Import July 25 cogs for freight from SPS to Netsuite,33.00,
EXTERNAL - 24BL120201-Inventory,715.5,,981,,A51001 - Freight - Out - Expense (New),981,7/29/2025,"Jasfer Industry Co., Limited",137,24BL120201-Inventory,"Jasfer Industry Co., Limited - Import July 25 cogs for freight from SPS to Netsuite",Import July 25 cogs for freight from SPS to Netsuite,,33.00
EXTERNAL - 24RT120202-Inventory,716,A12001 - Inventory (New),953,953,,,7/29/2025,"Jasfer Industry Co., Limited",137,24RT120202-Inventory,"Jasfer Industry Co., Limited - Import July 25 cogs for freight from SPS to Netsuite",Import July 25 cogs for freight from SPS to Netsuite,64.00,
EXTERNAL - 24RT120202-Inventory,716.5,,981,,A51001 - Freight - Out - Expense (New),981,7/29/2025,"Jasfer Industry Co., Limited",137,24RT120202-Inventory,"Jasfer Industry Co., Limited - Import July 25 cogs for freight from SPS to Netsuite",Import July 25 cogs for freight from SPS to Netsuite,,64.00
EXTERNAL - 24JSF11065-Inventory,717,A12001 - Inventory (New),953,953,,,7/29/2025,"Jasfer Industry Co., Limited",137,24JSF11065-Inventory,"Jasfer Industry Co., Limited - Import July 25 cogs for freight from SPS to Netsuite",Import July 25 cogs for freight from SPS to Netsuite,34.00,
EXTERNAL - 24JSF11065-Inventory,717.5,,981,,A51001 - Freight - Out - Expense (New),981,7/29/2025,"Jasfer Industry Co., Limited",137,24JSF11065-Inventory,"Jasfer Industry Co., Limited - Import July 25 cogs for freight from SPS to Netsuite",Import July 25 cogs for freight from SPS to Netsuite,,34.00
EXTERNAL - 24JSF09056-Inventory,718,A12001 - Inventory (New),953,953,,,7/29/2025,"Jasfer Industry Co., Limited",137,24JSF09056-Inventory,"Jasfer Industry Co., Limited - Import July 25 cogs for freight from SPS to Netsuite",Import July 25 cogs for freight from SPS to Netsuite,65.00,
EXTERNAL - 24JSF09056-Inventory,718.5,,981,,A51001 - Freight - Out - Expense (New),981,7/29/2025,"Jasfer Industry Co., Limited",137,24JSF09056-Inventory,"Jasfer Industry Co., Limited - Import July 25 cogs for freight from SPS to Netsuite",Import July 25 cogs for freight from SPS to Netsuite,,65.00
EXTERNAL - 24JSF11053-Inventory,719,A12001 - Inventory (New),953,953,,,7/29/2025,"Jasfer Industry Co., Limited",137,24JSF11053-Inventory,"Jasfer Industry Co., Limited - Import July 25 cogs for freight from SPS to Netsuite",Import July 25 cogs for freight from SPS to Netsuite,34.00,
EXTERNAL - 24JSF11053-Inventory,719.5,,981,,A51001 - Freight - Out - Expense (New),981,7/29/2025,"Jasfer Industry Co., Limited",137,24JSF11053-Inventory,"Jasfer Industry Co., Limited - Import July 25 cogs for freight from SPS to Netsuite",Import July 25 cogs for freight from SPS to Netsuite,,34.00
EXTERNAL - 24RT120507-Inventory,720,A12001 - Inventory (New),953,953,,,7/29/2025,"Jasfer Industry Co., Limited",137,24RT120507-Inventory,"Jasfer Industry Co., Limited - Import July 25 cogs for freight from SPS to Netsuite",Import July 25 cogs for freight from SPS to Netsuite,32.00,
EXTERNAL - 24RT120507-Inventory,720.5,,981,,A51001 - Freight - Out - Expense (New),981,7/29/2025,"Jasfer Industry Co., Limited",137,24RT120507-Inventory,"Jasfer Industry Co., Limited - Import July 25 cogs for freight from SPS to Netsuite",Import July 25 cogs for freight from SPS to Netsuite,,32.00
EXTERNAL - 24JS121702-Inventory,721,A12001 - Inventory (New),953,953,,,7/29/2025,"Jasfer Industry Co., Limited",137,24JS121702-Inventory,"Jasfer Industry Co., Limited - Import July 25 cogs for freight from SPS to Netsuite",Import July 25 cogs for freight from SPS to Netsuite,43.00,
EXTERNAL - 24JS121702-Inventory,721.5,,981,,A51001 - Freight - Out - Expense (New),981,7/29/2025,"Jasfer Industry Co., Limited",137,24JS121702-Inventory,"Jasfer Industry Co., Limited - Import July 25 cogs for freight from SPS to Netsuite",Import July 25 cogs for freight from SPS to Netsuite,,43.00
EXTERNAL - 24JSF11030-Inventory,722,A12001 - Inventory (New),953,953,,,7/29/2025,"Jasfer Industry Co., Limited",137,24JSF11030-Inventory,"Jasfer Industry Co., Limited - Import July 25 cogs for freight from SPS to Netsuite",Import July 25 cogs for freight from SPS to Netsuite,34.00,
EXTERNAL - 24JSF11030-Inventory,722.5,,981,,A51001 - Freight - Out - Expense (New),981,7/29/2025,"Jasfer Industry Co., Limited",137,24JSF11030-Inventory,"Jasfer Industry Co., Limited - Import July 25 cogs for freight from SPS to Netsuite",Import July 25 cogs for freight from SPS to Netsuite,,34.00
EXTERNAL - 24RT120905-Inventory,723,A12001 - Inventory (New),953,953,,,7/29/2025,"Jasfer Industry Co., Limited",137,24RT120905-Inventory,"Jasfer Industry Co., Limited - Import July 25 cogs for freight from SPS to Netsuite",Import July 25 cogs for freight from SPS to Netsuite,34.00,
EXTERNAL - 24RT120905-Inventory,723.5,,981,,A51001 - Freight - Out - Expense (New),981,7/29/2025,"Jasfer Industry Co., Limited",137,24RT120905-Inventory,"Jasfer Industry Co., Limited - Import July 25 cogs for freight from SPS to Netsuite",Import July 25 cogs for freight from SPS to Netsuite,,34.00
EXTERNAL - 24JSF12009-Inventory,724,A12001 - Inventory (New),953,953,,,7/29/2025,"Jasfer Industry Co., Limited",137,24JSF12009-Inventory,"Jasfer Industry Co., Limited - Import July 25 cogs for freight from SPS to Netsuite",Import July 25 cogs for freight from SPS to Netsuite,34.00,
EXTERNAL - 24JSF12009-Inventory,724.5,,981,,A51001 - Freight - Out - Expense (New),981,7/29/2025,"Jasfer Industry Co., Limited",137,24JSF12009-Inventory,"Jasfer Industry Co., Limited - Import July 25 cogs for freight from SPS to Netsuite",Import July 25 cogs for freight from SPS to Netsuite,,34.00
EXTERNAL - GV2024107-Inventory,725,A12001 - Inventory (New),953,953,,,7/29/2025,"Cambodian Zulite Stone Co., Ltd.",1237,GV2024107-Inventory,"Cambodian Zulite Stone Co., Ltd. - Import July 25 cogs for freight from SPS to Netsuite",Import July 25 cogs for freight from SPS to Netsuite,81.00,
EXTERNAL - GV2024107-Inventory,725.5,,981,,A51001 - Freight - Out - Expense (New),981,7/29/2025,"Cambodian Zulite Stone Co., Ltd.",1237,GV2024107-Inventory,"Cambodian Zulite Stone Co., Ltd. - Import July 25 cogs for freight from SPS to Netsuite",Import July 25 cogs for freight from SPS to Netsuite,,81.00
EXTERNAL - 24JSF12033-Inventory,726,A12001 - Inventory (New),953,953,,,7/29/2025,"Jasfer Industry Co., Limited",137,24JSF12033-Inventory,"Jasfer Industry Co., Limited - Import July 25 cogs for freight from SPS to Netsuite",Import July 25 cogs for freight from SPS to Netsuite,34.00,
EXTERNAL - 24JSF12033-Inventory,726.5,,981,,A51001 - Freight - Out - Expense (New),981,7/29/2025,"Jasfer Industry Co., Limited",137,24JSF12033-Inventory,"Jasfer Industry Co., Limited - Import July 25 cogs for freight from SPS to Netsuite",Import July 25 cogs for freight from SPS to Netsuite,,34.00
EXTERNAL - 24JSF12015-Inventory,727,A12001 - Inventory (New),953,953,,,7/29/2025,"Jasfer Industry Co., Limited",137,24JSF12015-Inventory,"Jasfer Industry Co., Limited - Import July 25 cogs for freight from SPS to Netsuite",Import July 25 cogs for freight from SPS to Netsuite,69.00,
EXTERNAL - 24JSF12015-Inventory,727.5,,981,,A51001 - Freight - Out - Expense (New),981,7/29/2025,"Jasfer Industry Co., Limited",137,24JSF12015-Inventory,"Jasfer Industry Co., Limited - Import July 25 cogs for freight from SPS to Netsuite",Import July 25 cogs for freight from SPS to Netsuite,,69.00
EXTERNAL - 24JSF12004-Inventory,728,A12001 - Inventory (New),953,953,,,7/29/2025,"Jasfer Industry Co., Limited",137,24JSF12004-Inventory,"Jasfer Industry Co., Limited - Import July 25 cogs for freight from SPS to Netsuite",Import July 25 cogs for freight from SPS to Netsuite,65.00,
EXTERNAL - 24JSF12004-Inventory,728.5,,981,,A51001 - Freight - Out - Expense (New),981,7/29/2025,"Jasfer Industry Co., Limited",137,24JSF12004-Inventory,"Jasfer Industry Co., Limited - Import July 25 cogs for freight from SPS to Netsuite",Import July 25 cogs for freight from SPS to Netsuite,,65.00
EXTERNAL - 24JSF12024-Inventory,729,A12001 - Inventory (New),953,953,,,7/29/2025,"Jasfer Industry Co., Limited",137,24JSF12024-Inventory,"Jasfer Industry Co., Limited - Import July 25 cogs for freight from SPS to Netsuite",Import July 25 cogs for freight from SPS to Netsuite,34.00,
EXTERNAL - 24JSF12024-Inventory,729.5,,981,,A51001 - Freight - Out - Expense (New),981,7/29/2025,"Jasfer Industry Co., Limited",137,24JSF12024-Inventory,"Jasfer Industry Co., Limited - Import July 25 cogs for freight from SPS to Netsuite",Import July 25 cogs for freight from SPS to Netsuite,,34.00
EXTERNAL - 24JS122003-Inventory,730,A12001 - Inventory (New),953,953,,,7/29/2025,"Jasfer Industry Co., Limited",137,24JS122003-Inventory,"Jasfer Industry Co., Limited - Import July 25 cogs for freight from SPS to Netsuite",Import July 25 cogs for freight from SPS to Netsuite,43.00,
EXTERNAL - 24JS122003-Inventory,730.5,,981,,A51001 - Freight - Out - Expense (New),981,7/29/2025,"Jasfer Industry Co., Limited",137,24JS122003-Inventory,"Jasfer Industry Co., Limited - Import July 25 cogs for freight from SPS to Netsuite",Import July 25 cogs for freight from SPS to Netsuite,,43.00
EXTERNAL - GV2024106-A-Inventory,731,A12001 - Inventory (New),953,953,,,7/29/2025,"Xiamen Deyuan Panmin Trading Co., LTD",1295,GV2024106-A-Inventory,"Xiamen Deyuan Panmin Trading Co., LTD - Import July 25 cogs for freight from SPS to Netsuite",Import July 25 cogs for freight from SPS to Netsuite,324.00,
EXTERNAL - GV2024106-A-Inventory,731.5,,981,,A51001 - Freight - Out - Expense (New),981,7/29/2025,"Xiamen Deyuan Panmin Trading Co., LTD",1295,GV2024106-A-Inventory,"Xiamen Deyuan Panmin Trading Co., LTD - Import July 25 cogs for freight from SPS to Netsuite",Import July 25 cogs for freight from SPS to Netsuite,,324.00
EXTERNAL - 25JSF01023-Inventory,732,A12001 - Inventory (New),953,953,,,7/29/2025,"Jasfer Industry Co., Limited",137,25JSF01023-Inventory,"Jasfer Industry Co., Limited - Import July 25 cogs for freight from SPS to Netsuite",Import July 25 cogs for freight from SPS to Netsuite,34.00,
EXTERNAL - 25JSF01023-Inventory,732.5,,981,,A51001 - Freight - Out - Expense (New),981,7/29/2025,"Jasfer Industry Co., Limited",137,25JSF01023-Inventory,"Jasfer Industry Co., Limited - Import July 25 cogs for freight from SPS to Netsuite",Import July 25 cogs for freight from SPS to Netsuite,,34.00
EXTERNAL - INV-GV-01-02-25-Inventory,733,A12001 - Inventory (New),953,953,,,7/29/2025,AMY Building Material Investments,1331,INV-GV-01-02-25-Inventory,AMY Building Material Investments - Import July 25 cogs for freight from SPS to Netsuite,Import July 25 cogs for freight from SPS to Netsuite,5165.00,
EXTERNAL - INV-GV-01-02-25-Inventory,733.5,,981,,A51001 - Freight - Out - Expense (New),981,7/29/2025,AMY Building Material Investments,1331,INV-GV-01-02-25-Inventory,AMY Building Material Investments - Import July 25 cogs for freight from SPS to Netsuite,Import July 25 cogs for freight from SPS to Netsuite,,5165.00
EXTERNAL - 24JSF12030-Inventory,734,A12001 - Inventory (New),953,953,,,7/29/2025,"Jasfer Industry Co., Limited",137,24JSF12030-Inventory,"Jasfer Industry Co., Limited - Import July 25 cogs for freight from SPS to Netsuite",Import July 25 cogs for freight from SPS to Netsuite,34.00,
EXTERNAL - 24JSF12030-Inventory,734.5,,981,,A51001 - Freight - Out - Expense (New),981,7/29/2025,"Jasfer Industry Co., Limited",137,24JSF12030-Inventory,"Jasfer Industry Co., Limited - Import July 25 cogs for freight from SPS to Netsuite",Import July 25 cogs for freight from SPS to Netsuite,,34.00
EXTERNAL - 25JSF01053-Inventory,735,A12001 - Inventory (New),953,953,,,7/29/2025,"Jasfer Industry Co., Limited",137,25JSF01053-Inventory,"Jasfer Industry Co., Limited - Import July 25 cogs for freight from SPS to Netsuite",Import July 25 cogs for freight from SPS to Netsuite,34.00,
EXTERNAL - 25JSF01053-Inventory,735.5,,981,,A51001 - Freight - Out - Expense (New),981,7/29/2025,"Jasfer Industry Co., Limited",137,25JSF01053-Inventory,"Jasfer Industry Co., Limited - Import July 25 cogs for freight from SPS to Netsuite",Import July 25 cogs for freight from SPS to Netsuite,,34.00
EXTERNAL - 9197/VE-Inventory,736,A12001 - Inventory (New),953,953,,,7/29/2025,Atlas Concorde,1232,9197/VE-Inventory,Atlas Concorde - Import July 25 cogs for freight from SPS to Netsuite,Import July 25 cogs for freight from SPS to Netsuite,650.00,
EXTERNAL - 9197/VE-Inventory,736.5,,981,,A51001 - Freight - Out - Expense (New),981,7/29/2025,Atlas Concorde,1232,9197/VE-Inventory,Atlas Concorde - Import July 25 cogs for freight from SPS to Netsuite,Import July 25 cogs for freight from SPS to Netsuite,,650.00
EXTERNAL - 22RT051003-Inventory,737,A12001 - Inventory (New),953,953,,,7/29/2025,"Jasfer Industry Co., Limited",137,22RT051003-Inventory,"Jasfer Industry Co., Limited - Import July 25 cogs for freight from SPS to Netsuite",Import July 25 cogs for freight from SPS to Netsuite,80.00,
EXTERNAL - 22RT051003-Inventory,737.5,,981,,A51001 - Freight - Out - Expense (New),981,7/29/2025,"Jasfer Industry Co., Limited",137,22RT051003-Inventory,"Jasfer Industry Co., Limited - Import July 25 cogs for freight from SPS to Netsuite",Import July 25 cogs for freight from SPS to Netsuite,,80.00
EXTERNAL - GV2024082-B-Inventory,738,A12001 - Inventory (New),953,953,,,7/29/2025,"Xiamen Deyuan Panmin Trading Co., LTD",1295,GV2024082-B-Inventory,"Xiamen Deyuan Panmin Trading Co., LTD - Import July 25 cogs for freight from SPS to Netsuite",Import July 25 cogs for freight from SPS to Netsuite,323.00,
EXTERNAL - GV2024082-B-Inventory,738.5,,981,,A51001 - Freight - Out - Expense (New),981,7/29/2025,"Xiamen Deyuan Panmin Trading Co., LTD",1295,GV2024082-B-Inventory,"Xiamen Deyuan Panmin Trading Co., LTD - Import July 25 cogs for freight from SPS to Netsuite",Import July 25 cogs for freight from SPS to Netsuite,,323.00
EXTERNAL - GV2024105-B-Inventory,739,A12001 - Inventory (New),953,953,,,7/29/2025,"Xiamen Deyuan Panmin Trading Co., LTD",1295,GV2024105-B-Inventory,"Xiamen Deyuan Panmin Trading Co., LTD - Import July 25 cogs for freight from SPS to Netsuite",Import July 25 cogs for freight from SPS to Netsuite,323.00,
EXTERNAL - GV2024105-B-Inventory,739.5,,981,,A51001 - Freight - Out - Expense (New),981,7/29/2025,"Xiamen Deyuan Panmin Trading Co., LTD",1295,GV2024105-B-Inventory,"Xiamen Deyuan Panmin Trading Co., LTD - Import July 25 cogs for freight from SPS to Netsuite",Import July 25 cogs for freight from SPS to Netsuite,,323.00
EXTERNAL - GV2024001-Inventory,740,A12001 - Inventory (New),953,953,,,7/30/2025,"Cambodian Zulite Stone Co., Ltd.",1237,GV2024001-Inventory,"Cambodian Zulite Stone Co., Ltd. - Import July 25 cogs for freight from SPS to Netsuite",Import July 25 cogs for freight from SPS to Netsuite,2860.00,
EXTERNAL - GV2024001-Inventory,740.5,,981,,A51001 - Freight - Out - Expense (New),981,7/30/2025,"Cambodian Zulite Stone Co., Ltd.",1237,GV2024001-Inventory,"Cambodian Zulite Stone Co., Ltd. - Import July 25 cogs for freight from SPS to Netsuite",Import July 25 cogs for freight from SPS to Netsuite,,2860.00
"EXTERNAL - 433, 434, 435, 436, 437, 445, 446, 448, 450,453 , 454-Inventory",741,A12001 - Inventory (New),953,953,,,7/30/2025,GIBAM SHOPS SPA,1253,"433, 434, 435, 436, 437, 445, 446, 448, 450,453 , 454-Inventory",GIBAM SHOPS SPA - Import July 25 cogs for freight from SPS to Netsuite,Import July 25 cogs for freight from SPS to Netsuite,1435.00,
"EXTERNAL - 433, 434, 435, 436, 437, 445, 446, 448, 450,453 , 454-Inventory",741.5,,981,,A51001 - Freight - Out - Expense (New),981,7/30/2025,GIBAM SHOPS SPA,1253,"433, 434, 435, 436, 437, 445, 446, 448, 450,453 , 454-Inventory",GIBAM SHOPS SPA - Import July 25 cogs for freight from SPS to Netsuite,Import July 25 cogs for freight from SPS to Netsuite,,1435.00
EXTERNAL - GV2025007-AP,742,A51001 - Freight - Out - Expense (New),981,981,,,7/30/2025,"Cambodian Zulite Stone Co., Ltd.",1237,GV2025007-AP,"Cambodian Zulite Stone Co., Ltd. - Import July 25 cogs for freight from SPS to Netsuite",Import July 25 cogs for freight from SPS to Netsuite,1288.65,
EXTERNAL - GV2025007-AP,742.5,,981,,A51001 - Freight - Out - Expense (New),981,7/30/2025,"Cambodian Zulite Stone Co., Ltd.",1237,GV2025007-AP,"Cambodian Zulite Stone Co., Ltd. - Import July 25 cogs for freight from SPS to Netsuite",Import July 25 cogs for freight from SPS to Netsuite,,1288.65
EXTERNAL - GV2025003-Balance-AP,743,A51001 - Freight - Out - Expense (New),981,981,,,7/30/2025,"Cambodian Zulite Stone Co., Ltd.",1237,GV2025003-Balance-AP,"Cambodian Zulite Stone Co., Ltd. - Import July 25 cogs for freight from SPS to Netsuite",Import July 25 cogs for freight from SPS to Netsuite,2574.00,
EXTERNAL - GV2025003-Balance-AP,743.5,,981,,A51001 - Freight - Out - Expense (New),981,7/30/2025,"Cambodian Zulite Stone Co., Ltd.",1237,GV2025003-Balance-AP,"Cambodian Zulite Stone Co., Ltd. - Import July 25 cogs for freight from SPS to Netsuite",Import July 25 cogs for freight from SPS to Netsuite,,2574.00
EXTERNAL - GV2025010-AP,744,A51001 - Freight - Out - Expense (New),981,981,,,7/30/2025,"Cambodian Zulite Stone Co., Ltd.",1237,GV2025010-AP,"Cambodian Zulite Stone Co., Ltd. - Import July 25 cogs for freight from SPS to Netsuite",Import July 25 cogs for freight from SPS to Netsuite,1287.00,
EXTERNAL - GV2025010-AP,744.5,,981,,A51001 - Freight - Out - Expense (New),981,7/30/2025,"Cambodian Zulite Stone Co., Ltd.",1237,GV2025010-AP,"Cambodian Zulite Stone Co., Ltd. - Import July 25 cogs for freight from SPS to Netsuite",Import July 25 cogs for freight from SPS to Netsuite,,1287.00
EXTERNAL - GV2025009-AP,745,A51001 - Freight - Out - Expense (New),981,981,,,7/30/2025,"Cambodian Zulite Stone Co., Ltd.",1237,GV2025009-AP,"Cambodian Zulite Stone Co., Ltd. - Import July 25 cogs for freight from SPS to Netsuite",Import July 25 cogs for freight from SPS to Netsuite,1288.00,
EXTERNAL - GV2025009-AP,745.5,,981,,A51001 - Freight - Out - Expense (New),981,7/30/2025,"Cambodian Zulite Stone Co., Ltd.",1237,GV2025009-AP,"Cambodian Zulite Stone Co., Ltd. - Import July 25 cogs for freight from SPS to Netsuite",Import July 25 cogs for freight from SPS to Netsuite,,1288.00
EXTERNAL - GV2025011-AP,746,A51001 - Freight - Out - Expense (New),981,981,,,7/30/2025,"Cambodian Zulite Stone Co., Ltd.",1237,GV2025011-AP,"Cambodian Zulite Stone Co., Ltd. - Import July 25 cogs for freight from SPS to Netsuite",Import July 25 cogs for freight from SPS to Netsuite,1287.00,
EXTERNAL - GV2025011-AP,746.5,,981,,A51001 - Freight - Out - Expense (New),981,7/30/2025,"Cambodian Zulite Stone Co., Ltd.",1237,GV2025011-AP,"Cambodian Zulite Stone Co., Ltd. - Import July 25 cogs for freight from SPS to Netsuite",Import July 25 cogs for freight from SPS to Netsuite,,1287.00
"EXTERNAL - SR273-54P1,SR411-14,SR395-6,SR393-16-AP",747,A51001 - Freight - Out - Expense (New),981,981,,,7/30/2025,Richwood Hospitality Co. LTD,1285,"SR273-54P1,SR411-14,SR395-6,SR393-16-AP",Richwood Hospitality Co. LTD - Import July 25 cogs for freight from SPS to Netsuite,Import July 25 cogs for freight from SPS to Netsuite,3395.00,
"EXTERNAL - SR273-54P1,SR411-14,SR395-6,SR393-16-AP",747.5,,981,,A51001 - Freight - Out - Expense (New),981,7/30/2025,Richwood Hospitality Co. LTD,1285,"SR273-54P1,SR411-14,SR395-6,SR393-16-AP",Richwood Hospitality Co. LTD - Import July 25 cogs for freight from SPS to Netsuite,Import July 25 cogs for freight from SPS to Netsuite,,3395.00
"EXTERNAL - SR307-7,SR425-AP",748,A51001 - Freight - Out - Expense (New),981,981,,,7/30/2025,Richwood Hospitality Co. LTD,1285,"SR307-7,SR425-AP",Richwood Hospitality Co. LTD - Import July 25 cogs for freight from SPS to Netsuite,Import July 25 cogs for freight from SPS to Netsuite,2485.01,
"EXTERNAL - SR307-7,SR425-AP",748.5,,981,,A51001 - Freight - Out - Expense (New),981,7/30/2025,Richwood Hospitality Co. LTD,1285,"SR307-7,SR425-AP",Richwood Hospitality Co. LTD - Import July 25 cogs for freight from SPS to Netsuite,Import July 25 cogs for freight from SPS to Netsuite,,2485.01
EXTERNAL - F18626-2-AP,749,A51001 - Freight - Out - Expense (New),981,981,,,7/31/2025,Modular Shower Walls,1270,F18626-2-AP,Modular Shower Walls - Import July 25 cogs for freight from SPS to Netsuite,Import July 25 cogs for freight from SPS to Netsuite,1400.00,
EXTERNAL - F18626-2-AP,749.5,,981,,A51001 - Freight - Out - Expense (New),981,7/31/2025,Modular Shower Walls,1270,F18626-2-AP,Modular Shower Walls - Import July 25 cogs for freight from SPS to Netsuite,Import July 25 cogs for freight from SPS to Netsuite,,1400.00
EXTERNAL - 23JSF12035-2-AP,750,A51001 - Freight - Out - Expense (New),981,981,,,7/31/2025,"Jasfer Industry Co., Limited",137,23JSF12035-2-AP,"Jasfer Industry Co., Limited - Import July 25 cogs for freight from SPS to Netsuite",Import July 25 cogs for freight from SPS to Netsuite,879.89,
EXTERNAL - 23JSF12035-2-AP,750.5,,981,,A51001 - Freight - Out - Expense (New),981,7/31/2025,"Jasfer Industry Co., Limited",137,23JSF12035-2-AP,"Jasfer Industry Co., Limited - Import July 25 cogs for freight from SPS to Netsuite",Import July 25 cogs for freight from SPS to Netsuite,,879.89
EXTERNAL - 20250630-2-AP,751,A51001 - Freight - Out - Expense (New),981,981,,,7/31/2025,"Jasfer Industry Co., Limited",137,20250630-2-AP,"Jasfer Industry Co., Limited - Import July 25 cogs for freight from SPS to Netsuite",Import July 25 cogs for freight from SPS to Netsuite,150.00,
EXTERNAL - 20250630-2-AP,751.5,,981,,A51001 - Freight - Out - Expense (New),981,7/31/2025,"Jasfer Industry Co., Limited",137,20250630-2-AP,"Jasfer Industry Co., Limited - Import July 25 cogs for freight from SPS to Netsuite",Import July 25 cogs for freight from SPS to Netsuite,,150.00
EXTERNAL - 40611-AP,752,A51001 - Freight - Out - Expense (New),981,981,,,7/31/2025,"Jasfer Industry Co., Limited",137,40611-AP,"Jasfer Industry Co., Limited - Import July 25 cogs for freight from SPS to Netsuite",Import July 25 cogs for freight from SPS to Netsuite,3561.90,
EXTERNAL - 40611-AP,752.5,,981,,A51001 - Freight - Out - Expense (New),981,7/31/2025,"Jasfer Industry Co., Limited",137,40611-AP,"Jasfer Industry Co., Limited - Import July 25 cogs for freight from SPS to Netsuite",Import July 25 cogs for freight from SPS to Netsuite,,3561.90
EXTERNAL - 20250416-AP,753,A51001 - Freight - Out - Expense (New),981,981,,,7/31/2025,An Cuong Wood-Working,1542,20250416-AP,An Cuong Wood-Working - Import July 25 cogs for freight from SPS to Netsuite,Import July 25 cogs for freight from SPS to Netsuite,9496.17,
EXTERNAL - 20250416-AP,753.5,,981,,A51001 - Freight - Out - Expense (New),981,7/31/2025,An Cuong Wood-Working,1542,20250416-AP,An Cuong Wood-Working - Import July 25 cogs for freight from SPS to Netsuite,Import July 25 cogs for freight from SPS to Netsuite,,9496.17
EXTERNAL - S5245695-AP,754,A51001 - Freight - Out - Expense (New),981,981,,,7/31/2025,NEFCO Corporation,2197,S5245695-AP,NEFCO Corporation - Import July 25 cogs for freight from SPS to Netsuite,Import July 25 cogs for freight from SPS to Netsuite,15.00,
EXTERNAL - S5245695-AP,754.5,,981,,A51001 - Freight - Out - Expense (New),981,7/31/2025,NEFCO Corporation,2197,S5245695-AP,NEFCO Corporation - Import July 25 cogs for freight from SPS to Netsuite,Import July 25 cogs for freight from SPS to Netsuite,,15.00
EXTERNAL - 25JSF01007-AP,755,A51001 - Freight - Out - Expense (New),981,981,,,7/31/2025,"Jasfer Industry Co., Limited",137,25JSF01007-AP,"Jasfer Industry Co., Limited - Import July 25 cogs for freight from SPS to Netsuite",Import July 25 cogs for freight from SPS to Netsuite,516.57,
EXTERNAL - 25JSF01007-AP,755.5,,981,,A51001 - Freight - Out - Expense (New),981,7/31/2025,"Jasfer Industry Co., Limited",137,25JSF01007-AP,"Jasfer Industry Co., Limited - Import July 25 cogs for freight from SPS to Netsuite",Import July 25 cogs for freight from SPS to Netsuite,,516.57
EXTERNAL - 24JSF05101-AP,756,A51001 - Freight - Out - Expense (New),981,981,,,7/31/2025,"Jasfer Industry Co., Limited",137,24JSF05101-AP,"Jasfer Industry Co., Limited - Import July 25 cogs for freight from SPS to Netsuite",Import July 25 cogs for freight from SPS to Netsuite,280.79,
EXTERNAL - 24JSF05101-AP,756.5,,981,,A51001 - Freight - Out - Expense (New),981,7/31/2025,"Jasfer Industry Co., Limited",137,24JSF05101-AP,"Jasfer Industry Co., Limited - Import July 25 cogs for freight from SPS to Netsuite",Import July 25 cogs for freight from SPS to Netsuite,,280.79
EXTERNAL - 25JSF01051-AP,757,A51001 - Freight - Out - Expense (New),981,981,,,7/31/2025,"Jasfer Industry Co., Limited",137,25JSF01051-AP,"Jasfer Industry Co., Limited - Import July 25 cogs for freight from SPS to Netsuite",Import July 25 cogs for freight from SPS to Netsuite,9.00,
EXTERNAL - 25JSF01051-AP,757.5,,981,,A51001 - Freight - Out - Expense (New),981,7/31/2025,"Jasfer Industry Co., Limited",137,25JSF01051-AP,"Jasfer Industry Co., Limited - Import July 25 cogs for freight from SPS to Netsuite",Import July 25 cogs for freight from SPS to Netsuite,,9.00
EXTERNAL - 25RT010904-AP,758,A51001 - Freight - Out - Expense (New),981,981,,,7/31/2025,"Jasfer Industry Co., Limited",137,25RT010904-AP,"Jasfer Industry Co., Limited - Import July 25 cogs for freight from SPS to Netsuite",Import July 25 cogs for freight from SPS to Netsuite,9.00,
EXTERNAL - 25RT010904-AP,758.5,,981,,A51001 - Freight - Out - Expense (New),981,7/31/2025,"Jasfer Industry Co., Limited",137,25RT010904-AP,"Jasfer Industry Co., Limited - Import July 25 cogs for freight from SPS to Netsuite",Import July 25 cogs for freight from SPS to Netsuite,,9.00
EXTERNAL - 25RT010903-AP,759,A51001 - Freight - Out - Expense (New),981,981,,,7/31/2025,"Jasfer Industry Co., Limited",137,25RT010903-AP,"Jasfer Industry Co., Limited - Import July 25 cogs for freight from SPS to Netsuite",Import July 25 cogs for freight from SPS to Netsuite,9.48,
EXTERNAL - 25RT010903-AP,759.5,,981,,A51001 - Freight - Out - Expense (New),981,7/31/2025,"Jasfer Industry Co., Limited",137,25RT010903-AP,"Jasfer Industry Co., Limited - Import July 25 cogs for freight from SPS to Netsuite",Import July 25 cogs for freight from SPS to Netsuite,,9.48
EXTERNAL - 20250414-AP,760,A51001 - Freight - Out - Expense (New),981,981,,,7/31/2025,An Cuong Wood-Working,1542,20250414-AP,An Cuong Wood-Working - Import July 25 cogs for freight from SPS to Netsuite,Import July 25 cogs for freight from SPS to Netsuite,4810.00,
EXTERNAL - 20250414-AP,760.5,,981,,A51001 - Freight - Out - Expense (New),981,7/31/2025,An Cuong Wood-Working,1542,20250414-AP,An Cuong Wood-Working - Import July 25 cogs for freight from SPS to Netsuite,Import July 25 cogs for freight from SPS to Netsuite,,4810.00
EXTERNAL - 24JSF12052-AP,761,A51001 - Freight - Out - Expense (New),981,981,,,7/31/2025,"Jasfer Industry Co., Limited",137,24JSF12052-AP,"Jasfer Industry Co., Limited - Import July 25 cogs for freight from SPS to Netsuite",Import July 25 cogs for freight from SPS to Netsuite,19.00,
EXTERNAL - 24JSF12052-AP,761.5,,981,,A51001 - Freight - Out - Expense (New),981,7/31/2025,"Jasfer Industry Co., Limited",137,24JSF12052-AP,"Jasfer Industry Co., Limited - Import July 25 cogs for freight from SPS to Netsuite",Import July 25 cogs for freight from SPS to Netsuite,,19.00
EXTERNAL - GV2025014-AP,762,A51001 - Freight - Out - Expense (New),981,981,,,7/31/2025,"Cambodian Zulite Stone Co., Ltd.",1237,GV2025014-AP,"Cambodian Zulite Stone Co., Ltd. - Import July 25 cogs for freight from SPS to Netsuite",Import July 25 cogs for freight from SPS to Netsuite,1729.50,
EXTERNAL - GV2025014-AP,762.5,,981,,A51001 - Freight - Out - Expense (New),981,7/31/2025,"Cambodian Zulite Stone Co., Ltd.",1237,GV2025014-AP,"Cambodian Zulite Stone Co., Ltd. - Import July 25 cogs for freight from SPS to Netsuite",Import July 25 cogs for freight from SPS to Netsuite,,1729.50
EXTERNAL - 25JSF07104-AP,763,A51001 - Freight - Out - Expense (New),981,981,,,7/31/2025,"Jasfer Industry Co., Limited",137,25JSF07104-AP,"Jasfer Industry Co., Limited - Import July 25 cogs for freight from SPS to Netsuite",Import July 25 cogs for freight from SPS to Netsuite,711.77,
EXTERNAL - 25JSF07104-AP,763.5,,981,,A51001 - Freight - Out - Expense (New),981,7/31/2025,"Jasfer Industry Co., Limited",137,25JSF07104-AP,"Jasfer Industry Co., Limited - Import July 25 cogs for freight from SPS to Netsuite",Import July 25 cogs for freight from SPS to Netsuite,,711.77
EXTERNAL - GV2025007-Inventory,764,A51001 - Freight - Out - Expense (New),981,981,,,7/30/2025,"Cambodian Zulite Stone Co., Ltd.",1237,GV2025007-Inventory,"Cambodian Zulite Stone Co., Ltd. - Import July 25 cogs for freight from SPS to Netsuite",Import July 25 cogs for freight from SPS to Netsuite,502.00,
EXTERNAL - GV2025007-Inventory,764.5,,981,,A51001 - Freight - Out - Expense (New),981,7/30/2025,"Cambodian Zulite Stone Co., Ltd.",1237,GV2025007-Inventory,"Cambodian Zulite Stone Co., Ltd. - Import July 25 cogs for freight from SPS to Netsuite",Import July 25 cogs for freight from SPS to Netsuite,,502.00
EXTERNAL - GV2025003-Balance-Inventory,765,A51001 - Freight - Out - Expense (New),981,981,,,7/30/2025,"Cambodian Zulite Stone Co., Ltd.",1237,GV2025003-Balance-Inventory,"Cambodian Zulite Stone Co., Ltd. - Import July 25 cogs for freight from SPS to Netsuite",Import July 25 cogs for freight from SPS to Netsuite,1002.00,
EXTERNAL - GV2025003-Balance-Inventory,765.5,,981,,A51001 - Freight - Out - Expense (New),981,7/30/2025,"Cambodian Zulite Stone Co., Ltd.",1237,GV2025003-Balance-Inventory,"Cambodian Zulite Stone Co., Ltd. - Import July 25 cogs for freight from SPS to Netsuite",Import July 25 cogs for freight from SPS to Netsuite,,1002.00
EXTERNAL - GV2025010-Inventory,766,A51001 - Freight - Out - Expense (New),981,981,,,7/30/2025,"Cambodian Zulite Stone Co., Ltd.",1237,GV2025010-Inventory,"Cambodian Zulite Stone Co., Ltd. - Import July 25 cogs for freight from SPS to Netsuite",Import July 25 cogs for freight from SPS to Netsuite,501.00,
EXTERNAL - GV2025010-Inventory,766.5,,981,,A51001 - Freight - Out - Expense (New),981,7/30/2025,"Cambodian Zulite Stone Co., Ltd.",1237,GV2025010-Inventory,"Cambodian Zulite Stone Co., Ltd. - Import July 25 cogs for freight from SPS to Netsuite",Import July 25 cogs for freight from SPS to Netsuite,,501.00
EXTERNAL - GV2025009-Inventory,767,A51001 - Freight - Out - Expense (New),981,981,,,7/30/2025,"Cambodian Zulite Stone Co., Ltd.",1237,GV2025009-Inventory,"Cambodian Zulite Stone Co., Ltd. - Import July 25 cogs for freight from SPS to Netsuite",Import July 25 cogs for freight from SPS to Netsuite,502.00,
EXTERNAL - GV2025009-Inventory,767.5,,981,,A51001 - Freight - Out - Expense (New),981,7/30/2025,"Cambodian Zulite Stone Co., Ltd.",1237,GV2025009-Inventory,"Cambodian Zulite Stone Co., Ltd. - Import July 25 cogs for freight from SPS to Netsuite",Import July 25 cogs for freight from SPS to Netsuite,,502.00
EXTERNAL - GV2025011-Inventory,768,A51001 - Freight - Out - Expense (New),981,981,,,7/30/2025,"Cambodian Zulite Stone Co., Ltd.",1237,GV2025011-Inventory,"Cambodian Zulite Stone Co., Ltd. - Import July 25 cogs for freight from SPS to Netsuite",Import July 25 cogs for freight from SPS to Netsuite,501.00,
EXTERNAL - GV2025011-Inventory,768.5,,981,,A51001 - Freight - Out - Expense (New),981,7/30/2025,"Cambodian Zulite Stone Co., Ltd.",1237,GV2025011-Inventory,"Cambodian Zulite Stone Co., Ltd. - Import July 25 cogs for freight from SPS to Netsuite",Import July 25 cogs for freight from SPS to Netsuite,,501.00
"EXTERNAL - SR273-54P1,SR411-14,SR395-6,SR393-16-Inventory",769,A51001 - Freight - Out - Expense (New),981,981,,,7/30/2025,Richwood Hospitality Co. LTD,1285,"SR273-54P1,SR411-14,SR395-6,SR393-16-Inventory",Richwood Hospitality Co. LTD - Import July 25 cogs for freight from SPS to Netsuite,Import July 25 cogs for freight from SPS to Netsuite,3395.00,
"EXTERNAL - SR273-54P1,SR411-14,SR395-6,SR393-16-Inventory",769.5,,981,,A51001 - Freight - Out - Expense (New),981,7/30/2025,Richwood Hospitality Co. LTD,1285,"SR273-54P1,SR411-14,SR395-6,SR393-16-Inventory",Richwood Hospitality Co. LTD - Import July 25 cogs for freight from SPS to Netsuite,Import July 25 cogs for freight from SPS to Netsuite,,3395.00
"EXTERNAL - SR307-7,SR425-Inventory",770,A51001 - Freight - Out - Expense (New),981,981,,,7/30/2025,Richwood Hospitality Co. LTD,1285,"SR307-7,SR425-Inventory",Richwood Hospitality Co. LTD - Import July 25 cogs for freight from SPS to Netsuite,Import July 25 cogs for freight from SPS to Netsuite,2485.01,
"EXTERNAL - SR307-7,SR425-Inventory",770.5,,981,,A51001 - Freight - Out - Expense (New),981,7/30/2025,Richwood Hospitality Co. LTD,1285,"SR307-7,SR425-Inventory",Richwood Hospitality Co. LTD - Import July 25 cogs for freight from SPS to Netsuite,Import July 25 cogs for freight from SPS to Netsuite,,2485.01
EXTERNAL - F18626-2-Inventory,771,A51001 - Freight - Out - Expense (New),981,981,,,7/31/2025,Modular Shower Walls,1270,F18626-2-Inventory,Modular Shower Walls - Import July 25 cogs for freight from SPS to Netsuite,Import July 25 cogs for freight from SPS to Netsuite,1400.00,
EXTERNAL - F18626-2-Inventory,771.5,,981,,A51001 - Freight - Out - Expense (New),981,7/31/2025,Modular Shower Walls,1270,F18626-2-Inventory,Modular Shower Walls - Import July 25 cogs for freight from SPS to Netsuite,Import July 25 cogs for freight from SPS to Netsuite,,1400.00
EXTERNAL - 23JSF12035-2-Inventory,772,A51001 - Freight - Out - Expense (New),981,981,,,7/31/2025,"Jasfer Industry Co., Limited",137,23JSF12035-2-Inventory,"Jasfer Industry Co., Limited - Import July 25 cogs for freight from SPS to Netsuite",Import July 25 cogs for freight from SPS to Netsuite,879.89,
EXTERNAL - 23JSF12035-2-Inventory,772.5,,981,,A51001 - Freight - Out - Expense (New),981,7/31/2025,"Jasfer Industry Co., Limited",137,23JSF12035-2-Inventory,"Jasfer Industry Co., Limited - Import July 25 cogs for freight from SPS to Netsuite",Import July 25 cogs for freight from SPS to Netsuite,,879.89
EXTERNAL - 20250630-2-Inventory,773,A51001 - Freight - Out - Expense (New),981,981,,,7/31/2025,"Jasfer Industry Co., Limited",137,20250630-2-Inventory,"Jasfer Industry Co., Limited - Import July 25 cogs for freight from SPS to Netsuite",Import July 25 cogs for freight from SPS to Netsuite,150.00,
EXTERNAL - 20250630-2-Inventory,773.5,,981,,A51001 - Freight - Out - Expense (New),981,7/31/2025,"Jasfer Industry Co., Limited",137,20250630-2-Inventory,"Jasfer Industry Co., Limited - Import July 25 cogs for freight from SPS to Netsuite",Import July 25 cogs for freight from SPS to Netsuite,,150.00
EXTERNAL - 40611-Inventory,774,A51001 - Freight - Out - Expense (New),981,981,,,7/31/2025,"Jasfer Industry Co., Limited",137,40611-Inventory,"Jasfer Industry Co., Limited - Import July 25 cogs for freight from SPS to Netsuite",Import July 25 cogs for freight from SPS to Netsuite,3561.90,
EXTERNAL - 40611-Inventory,774.5,,981,,A51001 - Freight - Out - Expense (New),981,7/31/2025,"Jasfer Industry Co., Limited",137,40611-Inventory,"Jasfer Industry Co., Limited - Import July 25 cogs for freight from SPS to Netsuite",Import July 25 cogs for freight from SPS to Netsuite,,3561.90
EXTERNAL - 20250416-Inventory,775,A51001 - Freight - Out - Expense (New),981,981,,,7/31/2025,An Cuong Wood-Working,1542,20250416-Inventory,An Cuong Wood-Working - Import July 25 cogs for freight from SPS to Netsuite,Import July 25 cogs for freight from SPS to Netsuite,4060.00,
EXTERNAL - 20250416-Inventory,775.5,,981,,A51001 - Freight - Out - Expense (New),981,7/31/2025,An Cuong Wood-Working,1542,20250416-Inventory,An Cuong Wood-Working - Import July 25 cogs for freight from SPS to Netsuite,Import July 25 cogs for freight from SPS to Netsuite,,4060.00
EXTERNAL - S5245695-Inventory,776,A51001 - Freight - Out - Expense (New),981,981,,,7/31/2025,NEFCO Corporation,2197,S5245695-Inventory,NEFCO Corporation - Import July 25 cogs for freight from SPS to Netsuite,Import July 25 cogs for freight from SPS to Netsuite,15.00,
EXTERNAL - S5245695-Inventory,776.5,,981,,A51001 - Freight - Out - Expense (New),981,7/31/2025,NEFCO Corporation,2197,S5245695-Inventory,NEFCO Corporation - Import July 25 cogs for freight from SPS to Netsuite,Import July 25 cogs for freight from SPS to Netsuite,,15.00
EXTERNAL - 25JSF01007-Inventory,777,A51001 - Freight - Out - Expense (New),981,981,,,7/31/2025,"Jasfer Industry Co., Limited",137,25JSF01007-Inventory,"Jasfer Industry Co., Limited - Import July 25 cogs for freight from SPS to Netsuite",Import July 25 cogs for freight from SPS to Netsuite,516.57,
EXTERNAL - 25JSF01007-Inventory,777.5,,981,,A51001 - Freight - Out - Expense (New),981,7/31/2025,"Jasfer Industry Co., Limited",137,25JSF01007-Inventory,"Jasfer Industry Co., Limited - Import July 25 cogs for freight from SPS to Netsuite",Import July 25 cogs for freight from SPS to Netsuite,,516.57
EXTERNAL - 24JSF05101-Inventory,778,A51001 - Freight - Out - Expense (New),981,981,,,7/31/2025,"Jasfer Industry Co., Limited",137,24JSF05101-Inventory,"Jasfer Industry Co., Limited - Import July 25 cogs for freight from SPS to Netsuite",Import July 25 cogs for freight from SPS to Netsuite,280.79,
EXTERNAL - 24JSF05101-Inventory,778.5,,981,,A51001 - Freight - Out - Expense (New),981,7/31/2025,"Jasfer Industry Co., Limited",137,24JSF05101-Inventory,"Jasfer Industry Co., Limited - Import July 25 cogs for freight from SPS to Netsuite",Import July 25 cogs for freight from SPS to Netsuite,,280.79
EXTERNAL - 25JSF01051-Inventory,779,A51001 - Freight - Out - Expense (New),981,981,,,7/31/2025,"Jasfer Industry Co., Limited",137,25JSF01051-Inventory,"Jasfer Industry Co., Limited - Import July 25 cogs for freight from SPS to Netsuite",Import July 25 cogs for freight from SPS to Netsuite,9.00,
EXTERNAL - 25JSF01051-Inventory,779.5,,981,,A51001 - Freight - Out - Expense (New),981,7/31/2025,"Jasfer Industry Co., Limited",137,25JSF01051-Inventory,"Jasfer Industry Co., Limited - Import July 25 cogs for freight from SPS to Netsuite",Import July 25 cogs for freight from SPS to Netsuite,,9.00
EXTERNAL - 25RT010904-Inventory,780,A51001 - Freight - Out - Expense (New),981,981,,,7/31/2025,"Jasfer Industry Co., Limited",137,25RT010904-Inventory,"Jasfer Industry Co., Limited - Import July 25 cogs for freight from SPS to Netsuite",Import July 25 cogs for freight from SPS to Netsuite,9.00,
EXTERNAL - 25RT010904-Inventory,780.5,,981,,A51001 - Freight - Out - Expense (New),981,7/31/2025,"Jasfer Industry Co., Limited",137,25RT010904-Inventory,"Jasfer Industry Co., Limited - Import July 25 cogs for freight from SPS to Netsuite",Import July 25 cogs for freight from SPS to Netsuite,,9.00
EXTERNAL - 25RT010903-Inventory,781,A51001 - Freight - Out - Expense (New),981,981,,,7/31/2025,"Jasfer Industry Co., Limited",137,25RT010903-Inventory,"Jasfer Industry Co., Limited - Import July 25 cogs for freight from SPS to Netsuite",Import July 25 cogs for freight from SPS to Netsuite,9.48,
EXTERNAL - 25RT010903-Inventory,781.5,,981,,A51001 - Freight - Out - Expense (New),981,7/31/2025,"Jasfer Industry Co., Limited",137,25RT010903-Inventory,"Jasfer Industry Co., Limited - Import July 25 cogs for freight from SPS to Netsuite",Import July 25 cogs for freight from SPS to Netsuite,,9.48
EXTERNAL - 20250414-Inventory,782,A51001 - Freight - Out - Expense (New),981,981,,,7/31/2025,An Cuong Wood-Working,1542,20250414-Inventory,An Cuong Wood-Working - Import July 25 cogs for freight from SPS to Netsuite,Import July 25 cogs for freight from SPS to Netsuite,4810.00,
EXTERNAL - 20250414-Inventory,782.5,,981,,A51001 - Freight - Out - Expense (New),981,7/31/2025,An Cuong Wood-Working,1542,20250414-Inventory,An Cuong Wood-Working - Import July 25 cogs for freight from SPS to Netsuite,Import July 25 cogs for freight from SPS to Netsuite,,4810.00
EXTERNAL - 24JSF12052-Inventory,783,A51001 - Freight - Out - Expense (New),981,981,,,7/31/2025,"Jasfer Industry Co., Limited",137,24JSF12052-Inventory,"Jasfer Industry Co., Limited - Import July 25 cogs for freight from SPS to Netsuite",Import July 25 cogs for freight from SPS to Netsuite,19.00,
EXTERNAL - 24JSF12052-Inventory,783.5,,981,,A51001 - Freight - Out - Expense (New),981,7/31/2025,"Jasfer Industry Co., Limited",137,24JSF12052-Inventory,"Jasfer Industry Co., Limited - Import July 25 cogs for freight from SPS to Netsuite",Import July 25 cogs for freight from SPS to Netsuite,,19.00
EXTERNAL - GV2025014-Inventory,784,A51001 - Freight - Out - Expense (New),981,981,,,7/31/2025,"Cambodian Zulite Stone Co., Ltd.",1237,GV2025014-Inventory,"Cambodian Zulite Stone Co., Ltd. - Import July 25 cogs for freight from SPS to Netsuite",Import July 25 cogs for freight from SPS to Netsuite,1729.50,
EXTERNAL - GV2025014-Inventory,784.5,,981,,A51001 - Freight - Out - Expense (New),981,7/31/2025,"Cambodian Zulite Stone Co., Ltd.",1237,GV2025014-Inventory,"Cambodian Zulite Stone Co., Ltd. - Import July 25 cogs for freight from SPS to Netsuite",Import July 25 cogs for freight from SPS to Netsuite,,1729.50
EXTERNAL - 25JSF07104-Inventory,785,A51001 - Freight - Out - Expense (New),981,981,,,7/31/2025,"Jasfer Industry Co., Limited",137,25JSF07104-Inventory,"Jasfer Industry Co., Limited - Import July 25 cogs for freight from SPS to Netsuite",Import July 25 cogs for freight from SPS to Netsuite,711.77,
EXTERNAL - 25JSF07104-Inventory,785.5,,981,,A51001 - Freight - Out - Expense (New),981,7/31/2025,"Jasfer Industry Co., Limited",137,25JSF07104-Inventory,"Jasfer Industry Co., Limited - Import July 25 cogs for freight from SPS to Netsuite",Import July 25 cogs for freight from SPS to Netsuite,,711.77
EXTERNAL - 24AG552GRV-V,786,A12001 - Inventory (New),953,953,,,7/30/2025,"Jasfer Industry Co., Limited",137,24AG552GRV-V,"Jasfer Industry Co., Limited - Import July 25 cogs for freight from SPS to Netsuite",Import July 25 cogs for freight from SPS to Netsuite,2057.79,
EXTERNAL - 24AG552GRV-V,786.5,,981,,A51001 - Freight - Out - Expense (New),981,7/30/2025,"Jasfer Industry Co., Limited",137,24AG552GRV-V,"Jasfer Industry Co., Limited - Import July 25 cogs for freight from SPS to Netsuite",Import July 25 cogs for freight from SPS to Netsuite,,2057.79
EXTERNAL - 9,787,A51001 - Freight - Out - Expense (New),981,981,,,7/30/2025,Pantarei S.R.L,1280,9,Pantarei S.R.L - Import July 25 cogs for freight from SPS to Netsuite,Import July 25 cogs for freight from SPS to Netsuite,11.00,
EXTERNAL - 9,787.5,,966,,A20001 - Accounts Payable Suppliers & Vendors (New),966,7/30/2025,Pantarei S.R.L,1280,9,Pantarei S.R.L - Import July 25 cogs for freight from SPS to Netsuite,Import July 25 cogs for freight from SPS to Netsuite,,11.00
EXTERNAL - 24JS101601,788,A12001 - Inventory (New),953,953,,,7/30/2025,"Jasfer Industry Co., Limited",137,24JS101601,"Jasfer Industry Co., Limited - Import July 25 cogs for freight from SPS to Netsuite",Import July 25 cogs for freight from SPS to Netsuite,351.53,
EXTERNAL - 24JS101601,788.5,,981,,A51001 - Freight - Out - Expense (New),981,7/30/2025,"Jasfer Industry Co., Limited",137,24JS101601,"Jasfer Industry Co., Limited - Import July 25 cogs for freight from SPS to Netsuite",Import July 25 cogs for freight from SPS to Netsuite,,351.53
"EXTERNAL - SR307-2,cntr4,5,6",789,A51001 - Freight - Out - Expense (New),981,981,,,7/30/2025,Richwood Hospitality Co. LTD,1285,"SR307-2,cntr4,5,6",Richwood Hospitality Co. LTD - Import July 25 cogs for freight from SPS to Netsuite,Import July 25 cogs for freight from SPS to Netsuite,1039.50,
"EXTERNAL - SR307-2,cntr4,5,6",789.5,,981,,A51001 - Freight - Out - Expense (New),981,7/30/2025,Richwood Hospitality Co. LTD,1285,"SR307-2,cntr4,5,6",Richwood Hospitality Co. LTD - Import July 25 cogs for freight from SPS to Netsuite,Import July 25 cogs for freight from SPS to Netsuite,,1039.50
EXTERNAL - 2025-FE-0000031,790,A51001 - Freight - Out - Expense (New),981,981,,,7/30/2025,GIBAM SHOPS SPA,1253,2025-FE-0000031,GIBAM SHOPS SPA - Import July 25 cogs for freight from SPS to Netsuite,Import July 25 cogs for freight from SPS to Netsuite,12.14,
EXTERNAL - 2025-FE-0000031,790.5,,966,,A20001 - Accounts Payable Suppliers & Vendors (New),966,7/30/2025,GIBAM SHOPS SPA,1253,2025-FE-0000031,GIBAM SHOPS SPA - Import July 25 cogs for freight from SPS to Netsuite,Import July 25 cogs for freight from SPS to Netsuite,,12.14
EXTERNAL - 24JSF10073,791,A12001 - Inventory (New),953,953,,,7/30/2025,"Jasfer Industry Co., Limited",137,24JSF10073,"Jasfer Industry Co., Limited - Import July 25 cogs for freight from SPS to Netsuite",Import July 25 cogs for freight from SPS to Netsuite,10396.18,
EXTERNAL - 24JSF10073,791.5,,981,,A51001 - Freight - Out - Expense (New),981,7/30/2025,"Jasfer Industry Co., Limited",137,24JSF10073,"Jasfer Industry Co., Limited - Import July 25 cogs for freight from SPS to Netsuite",Import July 25 cogs for freight from SPS to Netsuite,,10396.18
EXTERNAL - GV2024078,792,A51001 - Freight - Out - Expense (New),981,981,,,7/30/2025,"Cambodian Zulite Stone Co., Ltd.",1237,GV2024078,"Cambodian Zulite Stone Co., Ltd. - Import July 25 cogs for freight from SPS to Netsuite",Import July 25 cogs for freight from SPS to Netsuite,72.15,
EXTERNAL - GV2024078,792.5,,966,,A20001 - Accounts Payable Suppliers & Vendors (New),966,7/30/2025,"Cambodian Zulite Stone Co., Ltd.",1237,GV2024078,"Cambodian Zulite Stone Co., Ltd. - Import July 25 cogs for freight from SPS to Netsuite",Import July 25 cogs for freight from SPS to Netsuite,,72.15
EXTERNAL - 24JS120607,793,A12001 - Inventory (New),953,953,,,7/30/2025,"Jasfer Industry Co., Limited",137,24JS120607,"Jasfer Industry Co., Limited - Import July 25 cogs for freight from SPS to Netsuite",Import July 25 cogs for freight from SPS to Netsuite,417.74,
EXTERNAL - 24JS120607,793.5,,981,,A51001 - Freight - Out - Expense (New),981,7/30/2025,"Jasfer Industry Co., Limited",137,24JS120607,"Jasfer Industry Co., Limited - Import July 25 cogs for freight from SPS to Netsuite",Import July 25 cogs for freight from SPS to Netsuite,,417.74
EXTERNAL - GV2024100,794,A51001 - Freight - Out - Expense (New),981,981,,,7/30/2025,"Cambodian Zulite Stone Co., Ltd.",1237,GV2024100,"Cambodian Zulite Stone Co., Ltd. - Import July 25 cogs for freight from SPS to Netsuite",Import July 25 cogs for freight from SPS to Netsuite,36.00,
EXTERNAL - GV2024100,794.5,,966,,A20001 - Accounts Payable Suppliers & Vendors (New),966,7/30/2025,"Cambodian Zulite Stone Co., Ltd.",1237,GV2024100,"Cambodian Zulite Stone Co., Ltd. - Import July 25 cogs for freight from SPS to Netsuite",Import July 25 cogs for freight from SPS to Netsuite,,36.00
EXTERNAL - GV2024100-Balance,795,A51001 - Freight - Out - Expense (New),981,981,,,7/30/2025,"Cambodian Zulite Stone Co., Ltd.",1237,GV2024100-Balance,"Cambodian Zulite Stone Co., Ltd. - Import July 25 cogs for freight from SPS to Netsuite",Import July 25 cogs for freight from SPS to Netsuite,1289.00,
EXTERNAL - GV2024100-Balance,795.5,,981,,A51001 - Freight - Out - Expense (New),981,7/30/2025,"Cambodian Zulite Stone Co., Ltd.",1237,GV2024100-Balance,"Cambodian Zulite Stone Co., Ltd. - Import July 25 cogs for freight from SPS to Netsuite",Import July 25 cogs for freight from SPS to Netsuite,,1289.00
EXTERNAL - SR173-5TPC,796,A12001 - Inventory (New),953,953,,,7/30/2025,Richwood Hospitality Co. LTD,1285,SR173-5TPC,Richwood Hospitality Co. LTD - Import July 25 cogs for freight from SPS to Netsuite,Import July 25 cogs for freight from SPS to Netsuite,1328.75,
EXTERNAL - SR173-5TPC,796.5,,981,,A51001 - Freight - Out - Expense (New),981,7/30/2025,Richwood Hospitality Co. LTD,1285,SR173-5TPC,Richwood Hospitality Co. LTD - Import July 25 cogs for freight from SPS to Netsuite,Import July 25 cogs for freight from SPS to Netsuite,,1328.75
EXTERNAL - 20250263,797,A51001 - Freight - Out - Expense (New),981,981,,,7/30/2025,An Cuong Wood-Working,1542,20250263,An Cuong Wood-Working - Import July 25 cogs for freight from SPS to Netsuite,Import July 25 cogs for freight from SPS to Netsuite,43.15,
EXTERNAL - 20250263,797.5,,966,,A20001 - Accounts Payable Suppliers & Vendors (New),966,7/30/2025,An Cuong Wood-Working,1542,20250263,An Cuong Wood-Working - Import July 25 cogs for freight from SPS to Netsuite,Import July 25 cogs for freight from SPS to Netsuite,,43.15
EXTERNAL - 7312025,798,A51001 - Freight - Out - Expense (New),981,981,,,7/30/2025,"Jasfer Industry Co., Limited",137,7312025,"Jasfer Industry Co., Limited - Import July 25 cogs for freight from SPS to Netsuite",Import July 25 cogs for freight from SPS to Netsuite,69602.34,
EXTERNAL - 7312025,798.5,,981,,A51001 - Freight - Out - Expense (New),981,7/30/2025,"Jasfer Industry Co., Limited",137,7312025,"Jasfer Industry Co., Limited - Import July 25 cogs for freight from SPS to Netsuite",Import July 25 cogs for freight from SPS to Netsuite,,69602.34
EXTERNAL - 2025-FE-0000034,799,A51001 - Freight - Out - Expense (New),981,981,,,7/30/2025,GIBAM SHOPS SPA,1253,2025-FE-0000034,GIBAM SHOPS SPA - Import July 25 cogs for freight from SPS to Netsuite,Import July 25 cogs for freight from SPS to Netsuite,11.00,
EXTERNAL - 2025-FE-0000034,799.5,,966,,A20001 - Accounts Payable Suppliers & Vendors (New),966,7/30/2025,GIBAM SHOPS SPA,1253,2025-FE-0000034,GIBAM SHOPS SPA - Import July 25 cogs for freight from SPS to Netsuite,Import July 25 cogs for freight from SPS to Netsuite,,11.00
EXTERNAL - 25JSF02006,800,A12001 - Inventory (New),953,953,,,7/30/2025,"Jasfer Industry Co., Limited",137,25JSF02006,"Jasfer Industry Co., Limited - Import July 25 cogs for freight from SPS to Netsuite",Import July 25 cogs for freight from SPS to Netsuite,114.51,
EXTERNAL - 25JSF02006,800.5,,981,,A51001 - Freight - Out - Expense (New),981,7/30/2025,"Jasfer Industry Co., Limited",137,25JSF02006,"Jasfer Industry Co., Limited - Import July 25 cogs for freight from SPS to Netsuite",Import July 25 cogs for freight from SPS to Netsuite,,114.51
EXTERNAL - 2025-FE-0000032,801,A51001 - Freight - Out - Expense (New),981,981,,,7/30/2025,GIBAM SHOPS SPA,1253,2025-FE-0000032,GIBAM SHOPS SPA - Import July 25 cogs for freight from SPS to Netsuite,Import July 25 cogs for freight from SPS to Netsuite,11.00,
EXTERNAL - 2025-FE-0000032,801.5,,966,,A20001 - Accounts Payable Suppliers & Vendors (New),966,7/30/2025,GIBAM SHOPS SPA,1253,2025-FE-0000032,GIBAM SHOPS SPA - Import July 25 cogs for freight from SPS to Netsuite,Import July 25 cogs for freight from SPS to Netsuite,,11.00
EXTERNAL - 28,802,A51001 - Freight - Out - Expense (New),981,981,,,7/30/2025,PIERMARIA NEW FORM SRL,1281,28,PIERMARIA NEW FORM SRL - Import July 25 cogs for freight from SPS to Netsuite,Import July 25 cogs for freight from SPS to Netsuite,11.00,
EXTERNAL - 28,802.5,,966,,A20001 - Accounts Payable Suppliers & Vendors (New),966,7/30/2025,PIERMARIA NEW FORM SRL,1281,28,PIERMARIA NEW FORM SRL - Import July 25 cogs for freight from SPS to Netsuite,Import July 25 cogs for freight from SPS to Netsuite,,11.00
EXTERNAL - 2025-FE-0000040,803,A51001 - Freight - Out - Expense (New),981,981,,,7/30/2025,GIBAM SHOPS SPA,1253,2025-FE-0000040,GIBAM SHOPS SPA - Import July 25 cogs for freight from SPS to Netsuite,Import July 25 cogs for freight from SPS to Netsuite,11.00,
EXTERNAL - 2025-FE-0000040,803.5,,966,,A20001 - Accounts Payable Suppliers & Vendors (New),966,7/30/2025,GIBAM SHOPS SPA,1253,2025-FE-0000040,GIBAM SHOPS SPA - Import July 25 cogs for freight from SPS to Netsuite,Import July 25 cogs for freight from SPS to Netsuite,,11.00
EXTERNAL - 2025-FE-0000041,804,A51001 - Freight - Out - Expense (New),981,981,,,7/30/2025,GIBAM SHOPS SPA,1253,2025-FE-0000041,GIBAM SHOPS SPA - Import July 25 cogs for freight from SPS to Netsuite,Import July 25 cogs for freight from SPS to Netsuite,11.00,
EXTERNAL - 2025-FE-0000041,804.5,,966,,A20001 - Accounts Payable Suppliers & Vendors (New),966,7/30/2025,GIBAM SHOPS SPA,1253,2025-FE-0000041,GIBAM SHOPS SPA - Import July 25 cogs for freight from SPS to Netsuite,Import July 25 cogs for freight from SPS to Netsuite,,11.00
EXTERNAL - GV2025005,805,A51001 - Freight - Out - Expense (New),981,981,,,7/30/2025,"Cambodian Zulite Stone Co., Ltd.",1237,GV2025005,"Cambodian Zulite Stone Co., Ltd. - Import July 25 cogs for freight from SPS to Netsuite",Import July 25 cogs for freight from SPS to Netsuite,37.00,
EXTERNAL - GV2025005,805.5,,966,,A20001 - Accounts Payable Suppliers & Vendors (New),966,7/30/2025,"Cambodian Zulite Stone Co., Ltd.",1237,GV2025005,"Cambodian Zulite Stone Co., Ltd. - Import July 25 cogs for freight from SPS to Netsuite",Import July 25 cogs for freight from SPS to Netsuite,,37.00
EXTERNAL - 24JSF12037,806,A12001 - Inventory (New),953,953,,,7/30/2025,"Jasfer Industry Co., Limited",137,24JSF12037,"Jasfer Industry Co., Limited - Import July 25 cogs for freight from SPS to Netsuite",Import July 25 cogs for freight from SPS to Netsuite,585.00,
EXTERNAL - 24JSF12037,806.5,,981,,A51001 - Freight - Out - Expense (New),981,7/30/2025,"Jasfer Industry Co., Limited",137,24JSF12037,"Jasfer Industry Co., Limited - Import July 25 cogs for freight from SPS to Netsuite",Import July 25 cogs for freight from SPS to Netsuite,,585.00
EXTERNAL - 24JSF12036,807,A12001 - Inventory (New),953,953,,,7/30/2025,"Jasfer Industry Co., Limited",137,24JSF12036,"Jasfer Industry Co., Limited - Import July 25 cogs for freight from SPS to Netsuite",Import July 25 cogs for freight from SPS to Netsuite,356.42,
EXTERNAL - 24JSF12036,807.5,,981,,A51001 - Freight - Out - Expense (New),981,7/30/2025,"Jasfer Industry Co., Limited",137,24JSF12036,"Jasfer Industry Co., Limited - Import July 25 cogs for freight from SPS to Netsuite",Import July 25 cogs for freight from SPS to Netsuite,,356.42
EXTERNAL - 25BL022701,808,A12001 - Inventory (New),953,953,,,7/30/2025,"Jasfer Industry Co., Limited",137,25BL022701,"Jasfer Industry Co., Limited - Import July 25 cogs for freight from SPS to Netsuite",Import July 25 cogs for freight from SPS to Netsuite,853.46,
EXTERNAL - 25BL022701,808.5,,981,,A51001 - Freight - Out - Expense (New),981,7/30/2025,"Jasfer Industry Co., Limited",137,25BL022701,"Jasfer Industry Co., Limited - Import July 25 cogs for freight from SPS to Netsuite",Import July 25 cogs for freight from SPS to Netsuite,,853.46
EXTERNAL - 25JS032703,809,A12001 - Inventory (New),953,953,,,7/30/2025,"Jasfer Industry Co., Limited",137,25JS032703,"Jasfer Industry Co., Limited - Import July 25 cogs for freight from SPS to Netsuite",Import July 25 cogs for freight from SPS to Netsuite,276.70,
EXTERNAL - 25JS032703,809.5,,981,,A51001 - Freight - Out - Expense (New),981,7/30/2025,"Jasfer Industry Co., Limited",137,25JS032703,"Jasfer Industry Co., Limited - Import July 25 cogs for freight from SPS to Netsuite",Import July 25 cogs for freight from SPS to Netsuite,,276.70
EXTERNAL - 25JSF02016,810,A12001 - Inventory (New),953,953,,,7/30/2025,"Jasfer Industry Co., Limited",137,25JSF02016,"Jasfer Industry Co., Limited - Import July 25 cogs for freight from SPS to Netsuite",Import July 25 cogs for freight from SPS to Netsuite,454.82,
EXTERNAL - 25JSF02016,810.5,,981,,A51001 - Freight - Out - Expense (New),981,7/30/2025,"Jasfer Industry Co., Limited",137,25JSF02016,"Jasfer Industry Co., Limited - Import July 25 cogs for freight from SPS to Netsuite",Import July 25 cogs for freight from SPS to Netsuite,,454.82
EXTERNAL - SR173-5,811,A12001 - Inventory (New),953,953,,,7/30/2025,Richwood Hospitality Co. LTD,1285,SR173-5,Richwood Hospitality Co. LTD - Import July 25 cogs for freight from SPS to Netsuite,Import July 25 cogs for freight from SPS to Netsuite,1328.75,
EXTERNAL - SR173-5,811.5,,981,,A51001 - Freight - Out - Expense (New),981,7/30/2025,Richwood Hospitality Co. LTD,1285,SR173-5,Richwood Hospitality Co. LTD - Import July 25 cogs for freight from SPS to Netsuite,Import July 25 cogs for freight from SPS to Netsuite,,1328.75
EXTERNAL - SR173-5TPM,812,A12001 - Inventory (New),953,953,,,7/30/2025,Richwood Hospitality Co. LTD,1285,SR173-5TPM,Richwood Hospitality Co. LTD - Import July 25 cogs for freight from SPS to Netsuite,Import July 25 cogs for freight from SPS to Netsuite,1328.80,
EXTERNAL - SR173-5TPM,812.5,,981,,A51001 - Freight - Out - Expense (New),981,7/30/2025,Richwood Hospitality Co. LTD,1285,SR173-5TPM,Richwood Hospitality Co. LTD - Import July 25 cogs for freight from SPS to Netsuite,Import July 25 cogs for freight from SPS to Netsuite,,1328.80
EXTERNAL - 7302/VE,813,A51001 - Freight - Out - Expense (New),981,981,,,7/31/2025,MirageGranitoCeramico S.p.A,173,7302/VE,MirageGranitoCeramico S.p.A - Import July 25 cogs for freight from SPS to Netsuite,Import July 25 cogs for freight from SPS to Netsuite,754.46,
EXTERNAL - 7302/VE,813.5,,966,,A20001 - Accounts Payable Suppliers & Vendors (New),966,7/31/2025,MirageGranitoCeramico S.p.A,173,7302/VE,MirageGranitoCeramico S.p.A - Import July 25 cogs for freight from SPS to Netsuite,Import July 25 cogs for freight from SPS to Netsuite,,754.46
EXTERNAL - 15341/VE,814,A51001 - Freight - Out - Expense (New),981,981,,,7/31/2025,MirageGranitoCeramico S.p.A,173,15341/VE,MirageGranitoCeramico S.p.A - Import July 25 cogs for freight from SPS to Netsuite,Import July 25 cogs for freight from SPS to Netsuite,3038.35,
EXTERNAL - 15341/VE,814.5,,966,,A20001 - Accounts Payable Suppliers & Vendors (New),966,7/31/2025,MirageGranitoCeramico S.p.A,173,15341/VE,MirageGranitoCeramico S.p.A - Import July 25 cogs for freight from SPS to Netsuite,Import July 25 cogs for freight from SPS to Netsuite,,3038.35
EXTERNAL - 15364/VE,815,A51001 - Freight - Out - Expense (New),981,981,,,7/31/2025,MirageGranitoCeramico S.p.A,173,15364/VE,MirageGranitoCeramico S.p.A - Import July 25 cogs for freight from SPS to Netsuite,Import July 25 cogs for freight from SPS to Netsuite,3039.00,
EXTERNAL - 15364/VE,815.5,,966,,A20001 - Accounts Payable Suppliers & Vendors (New),966,7/31/2025,MirageGranitoCeramico S.p.A,173,15364/VE,MirageGranitoCeramico S.p.A - Import July 25 cogs for freight from SPS to Netsuite,Import July 25 cogs for freight from SPS to Netsuite,,3039.00
"EXTERNAL - 155, 156",816,A12001 - Inventory (New),953,953,,,7/31/2025,GIBAM SHOPS SPA,1253,"155, 156",GIBAM SHOPS SPA - Import July 25 cogs for freight from SPS to Netsuite,Import July 25 cogs for freight from SPS to Netsuite,64.89,
"EXTERNAL - 155, 156",816.5,,981,,A51001 - Freight - Out - Expense (New),981,7/31/2025,GIBAM SHOPS SPA,1253,"155, 156",GIBAM SHOPS SPA - Import July 25 cogs for freight from SPS to Netsuite,Import July 25 cogs for freight from SPS to Netsuite,,64.89
EXTERNAL - ZB202406008USA,817,A12001 - Inventory (New),953,953,,,7/31/2025,ZBOM Cabinets Corp.,1297,ZB202406008USA,ZBOM Cabinets Corp. - Import July 25 cogs for freight from SPS to Netsuite,Import July 25 cogs for freight from SPS to Netsuite,8600.00,
EXTERNAL - ZB202406008USA,817.5,,981,,A51001 - Freight - Out - Expense (New),981,7/31/2025,ZBOM Cabinets Corp.,1297,ZB202406008USA,ZBOM Cabinets Corp. - Import July 25 cogs for freight from SPS to Netsuite,Import July 25 cogs for freight from SPS to Netsuite,,8600.00
EXTERNAL - 22531839-E,818,A51001 - Freight - Out - Expense (New),981,981,,,7/31/2025,Fama Sofas S.L.U,1248,22531839-E,Fama Sofas S.L.U - Import July 25 cogs for freight from SPS to Netsuite,Import July 25 cogs for freight from SPS to Netsuite,145.35,
EXTERNAL - 22531839-E,818.5,,966,,A20001 - Accounts Payable Suppliers & Vendors (New),966,7/31/2025,Fama Sofas S.L.U,1248,22531839-E,Fama Sofas S.L.U - Import July 25 cogs for freight from SPS to Netsuite,Import July 25 cogs for freight from SPS to Netsuite,,145.35
EXTERNAL - 24JS112601,819,A12001 - Inventory (New),953,953,,,7/31/2025,"Jasfer Industry Co., Limited",137,24JS112601,"Jasfer Industry Co., Limited - Import July 25 cogs for freight from SPS to Netsuite",Import July 25 cogs for freight from SPS to Netsuite,2016.69,
EXTERNAL - 24JS112601,819.5,,981,,A51001 - Freight - Out - Expense (New),981,7/31/2025,"Jasfer Industry Co., Limited",137,24JS112601,"Jasfer Industry Co., Limited - Import July 25 cogs for freight from SPS to Netsuite",Import July 25 cogs for freight from SPS to Netsuite,,2016.69
EXTERNAL - MMG/24-25/12,820,A51001 - Freight - Out - Expense (New),981,981,,,7/31/2025,MASOMEX GLOBAL,1266,MMG/24-25/12,MASOMEX GLOBAL - Import July 25 cogs for freight from SPS to Netsuite,Import July 25 cogs for freight from SPS to Netsuite,496.99,
EXTERNAL - MMG/24-25/12,820.5,,966,,A20001 - Accounts Payable Suppliers & Vendors (New),966,7/31/2025,MASOMEX GLOBAL,1266,MMG/24-25/12,MASOMEX GLOBAL - Import July 25 cogs for freight from SPS to Netsuite,Import July 25 cogs for freight from SPS to Netsuite,,496.99
EXTERNAL - 20250213,821,A51001 - Freight - Out - Expense (New),981,981,,,7/31/2025,An Cuong Wood-Working,1542,20250213,An Cuong Wood-Working - Import July 25 cogs for freight from SPS to Netsuite,Import July 25 cogs for freight from SPS to Netsuite,278.50,
EXTERNAL - 20250213,821.5,,966,,A20001 - Accounts Payable Suppliers & Vendors (New),966,7/31/2025,An Cuong Wood-Working,1542,20250213,An Cuong Wood-Working - Import July 25 cogs for freight from SPS to Netsuite,Import July 25 cogs for freight from SPS to Netsuite,,278.50
EXTERNAL - 24BL112004,822,A12001 - Inventory (New),953,953,,,7/31/2025,"Jasfer Industry Co., Limited",137,24BL112004,"Jasfer Industry Co., Limited - Import July 25 cogs for freight from SPS to Netsuite",Import July 25 cogs for freight from SPS to Netsuite,6032.49,
EXTERNAL - 24BL112004,822.5,,981,,A51001 - Freight - Out - Expense (New),981,7/31/2025,"Jasfer Industry Co., Limited",137,24BL112004,"Jasfer Industry Co., Limited - Import July 25 cogs for freight from SPS to Netsuite",Import July 25 cogs for freight from SPS to Netsuite,,6032.49
EXTERNAL - 25JS010401,823,A12001 - Inventory (New),953,953,,,7/31/2025,"Jasfer Industry Co., Limited",137,25JS010401,"Jasfer Industry Co., Limited - Import July 25 cogs for freight from SPS to Netsuite",Import July 25 cogs for freight from SPS to Netsuite,2922.20,
EXTERNAL - 25JS010401,823.5,,981,,A51001 - Freight - Out - Expense (New),981,7/31/2025,"Jasfer Industry Co., Limited",137,25JS010401,"Jasfer Industry Co., Limited - Import July 25 cogs for freight from SPS to Netsuite",Import July 25 cogs for freight from SPS to Netsuite,,2922.20
EXTERNAL - 24RT111101,824,A12001 - Inventory (New),953,953,,,7/31/2025,"Jasfer Industry Co., Limited",137,24RT111101,"Jasfer Industry Co., Limited - Import July 25 cogs for freight from SPS to Netsuite",Import July 25 cogs for freight from SPS to Netsuite,5311.68,
EXTERNAL - 24RT111101,824.5,,981,,A51001 - Freight - Out - Expense (New),981,7/31/2025,"Jasfer Industry Co., Limited",137,24RT111101,"Jasfer Industry Co., Limited - Import July 25 cogs for freight from SPS to Netsuite",Import July 25 cogs for freight from SPS to Netsuite,,5311.68
EXTERNAL - S5239097.001,825,A12001 - Inventory (New),953,953,,,7/31/2025,Fasco Fasteners & Supply,105,S5239097.001,Fasco Fasteners & Supply - Import July 25 cogs for freight from SPS to Netsuite,Import July 25 cogs for freight from SPS to Netsuite,144.00,
EXTERNAL - S5239097.001,825.5,,981,,A51001 - Freight - Out - Expense (New),981,7/31/2025,Fasco Fasteners & Supply,105,S5239097.001,Fasco Fasteners & Supply - Import July 25 cogs for freight from SPS to Netsuite,Import July 25 cogs for freight from SPS to Netsuite,,144.00
EXTERNAL - 1297/VE,826,A51001 - Freight - Out - Expense (New),981,981,,,7/31/2025,Atlas Concorde,1232,1297/VE,Atlas Concorde - Import July 25 cogs for freight from SPS to Netsuite,Import July 25 cogs for freight from SPS to Netsuite,976.92,
EXTERNAL - 1297/VE,826.5,,966,,A20001 - Accounts Payable Suppliers & Vendors (New),966,7/31/2025,Atlas Concorde,1232,1297/VE,Atlas Concorde - Import July 25 cogs for freight from SPS to Netsuite,Import July 25 cogs for freight from SPS to Netsuite,,976.92
EXTERNAL - S5248719.001,827,A12001 - Inventory (New),953,953,,,7/31/2025,NEFCO Corporation,2197,S5248719.001,NEFCO Corporation - Import July 25 cogs for freight from SPS to Netsuite,Import July 25 cogs for freight from SPS to Netsuite,15.00,
EXTERNAL - S5248719.001,827.5,,981,,A51001 - Freight - Out - Expense (New),981,7/31/2025,NEFCO Corporation,2197,S5248719.001,NEFCO Corporation - Import July 25 cogs for freight from SPS to Netsuite,Import July 25 cogs for freight from SPS to Netsuite,,15.00
EXTERNAL - 9662/VE,828,A51001 - Freight - Out - Expense (New),981,981,,,7/31/2025,Atlas Concorde,1232,9662/VE,Atlas Concorde - Import July 25 cogs for freight from SPS to Netsuite,Import July 25 cogs for freight from SPS to Netsuite,977.00,
EXTERNAL - 9662/VE,828.5,,966,,A20001 - Accounts Payable Suppliers & Vendors (New),966,7/31/2025,Atlas Concorde,1232,9662/VE,Atlas Concorde - Import July 25 cogs for freight from SPS to Netsuite,Import July 25 cogs for freight from SPS to Netsuite,,977.00
EXTERNAL - 880,829,A51001 - Freight - Out - Expense (New),981,981,,,7/31/2025,Oriental Weavers International Egypt,2326,880,Oriental Weavers International Egypt - Import July 25 cogs for freight from SPS to Netsuite,Import July 25 cogs for freight from SPS to Netsuite,5019.72,
EXTERNAL - 880,829.5,,966,,A20001 - Accounts Payable Suppliers & Vendors (New),966,7/31/2025,Oriental Weavers International Egypt,2326,880,Oriental Weavers International Egypt - Import July 25 cogs for freight from SPS to Netsuite,Import July 25 cogs for freight from SPS to Netsuite,,5019.72
EXTERNAL - 7130/VE,830,A51001 - Freight - Out - Expense (New),981,981,,,7/31/2025,MirageGranitoCeramico S.p.A,173,7130/VE,MirageGranitoCeramico S.p.A - Import July 25 cogs for freight from SPS to Netsuite,Import July 25 cogs for freight from SPS to Netsuite,1907.68,
EXTERNAL - 7130/VE,830.5,,966,,A20001 - Accounts Payable Suppliers & Vendors (New),966,7/31/2025,MirageGranitoCeramico S.p.A,173,7130/VE,MirageGranitoCeramico S.p.A - Import July 25 cogs for freight from SPS to Netsuite,Import July 25 cogs for freight from SPS to Netsuite,,1907.68
EXTERNAL - 72500046,831,A51001 - Freight - Out - Expense (New),981,981,,,7/31/2025,TMLeade,1957,72500046,TMLeade - Import July 25 cogs for freight from SPS to Netsuite,Import July 25 cogs for freight from SPS to Netsuite,30.00,
EXTERNAL - 72500046,831.5,,966,,A20001 - Accounts Payable Suppliers & Vendors (New),966,7/31/2025,TMLeade,1957,72500046,TMLeade - Import July 25 cogs for freight from SPS to Netsuite,Import July 25 cogs for freight from SPS to Netsuite,,30.00
EXTERNAL - 7266/VE,832,A51001 - Freight - Out - Expense (New),981,981,,,7/31/2025,MirageGranitoCeramico S.p.A,173,7266/VE,MirageGranitoCeramico S.p.A - Import July 25 cogs for freight from SPS to Netsuite,Import July 25 cogs for freight from SPS to Netsuite,2280.00,
EXTERNAL - 7266/VE,832.5,,966,,A20001 - Accounts Payable Suppliers & Vendors (New),966,7/31/2025,MirageGranitoCeramico S.p.A,173,7266/VE,MirageGranitoCeramico S.p.A - Import July 25 cogs for freight from SPS to Netsuite,Import July 25 cogs for freight from SPS to Netsuite,,2280.00
EXTERNAL - GTB2025000000209,833,A51001 - Freight - Out - Expense (New),981,981,,,7/31/2025,AGTAGAC,1958,GTB2025000000209,AGTAGAC - Import July 25 cogs for freight from SPS to Netsuite,Import July 25 cogs for freight from SPS to Netsuite,1551.02,
EXTERNAL - GTB2025000000209,833.5,,966,,A20001 - Accounts Payable Suppliers & Vendors (New),966,7/31/2025,AGTAGAC,1958,GTB2025000000209,AGTAGAC - Import July 25 cogs for freight from SPS to Netsuite,Import July 25 cogs for freight from SPS to Netsuite,,1551.02
EXTERNAL - 16430/VE,834,A51001 - Freight - Out - Expense (New),981,981,,,7/31/2025,Atlas Concorde,1232,16430/VE,Atlas Concorde - Import July 25 cogs for freight from SPS to Netsuite,Import July 25 cogs for freight from SPS to Netsuite,7356.52,
EXTERNAL - 16430/VE,834.5,,966,,A20001 - Accounts Payable Suppliers & Vendors (New),966,7/31/2025,Atlas Concorde,1232,16430/VE,Atlas Concorde - Import July 25 cogs for freight from SPS to Netsuite,Import July 25 cogs for freight from SPS to Netsuite,,7356.52
EXTERNAL - 12285/VE,835,A51001 - Freight - Out - Expense (New),981,981,,,7/31/2025,Atlas Concorde,1232,12285/VE,Atlas Concorde - Import July 25 cogs for freight from SPS to Netsuite,Import July 25 cogs for freight from SPS to Netsuite,2626.11,
EXTERNAL - 12285/VE,835.5,,966,,A20001 - Accounts Payable Suppliers & Vendors (New),966,7/31/2025,Atlas Concorde,1232,12285/VE,Atlas Concorde - Import July 25 cogs for freight from SPS to Netsuite,Import July 25 cogs for freight from SPS to Netsuite,,2626.11
EXTERNAL - 20698/VE,836,A51001 - Freight - Out - Expense (New),981,981,,,7/31/2025,Atlas Concorde,1232,20698/VE,Atlas Concorde - Import July 25 cogs for freight from SPS to Netsuite,Import July 25 cogs for freight from SPS to Netsuite,5640.08,
EXTERNAL - 20698/VE,836.5,,966,,A20001 - Accounts Payable Suppliers & Vendors (New),966,7/31/2025,Atlas Concorde,1232,20698/VE,Atlas Concorde - Import July 25 cogs for freight from SPS to Netsuite,Import July 25 cogs for freight from SPS to Netsuite,,5640.08
EXTERNAL - 19718/VE,837,A51001 - Freight - Out - Expense (New),981,981,,,7/31/2025,Atlas Concorde,1232,19718/VE,Atlas Concorde - Import July 25 cogs for freight from SPS to Netsuite,Import July 25 cogs for freight from SPS to Netsuite,3765.90,
EXTERNAL - 19718/VE,837.5,,966,,A20001 - Accounts Payable Suppliers & Vendors (New),966,7/31/2025,Atlas Concorde,1232,19718/VE,Atlas Concorde - Import July 25 cogs for freight from SPS to Netsuite,Import July 25 cogs for freight from SPS to Netsuite,,3765.90
EXTERNAL - 19839/VE,838,A51001 - Freight - Out - Expense (New),981,981,,,7/31/2025,Atlas Concorde,1232,19839/VE,Atlas Concorde - Import July 25 cogs for freight from SPS to Netsuite,Import July 25 cogs for freight from SPS to Netsuite,3765.00,
EXTERNAL - 19839/VE,838.5,,966,,A20001 - Accounts Payable Suppliers & Vendors (New),966,7/31/2025,Atlas Concorde,1232,19839/VE,Atlas Concorde - Import July 25 cogs for freight from SPS to Netsuite,Import July 25 cogs for freight from SPS to Netsuite,,3765.00
EXTERNAL - 19814/VE,839,A51001 - Freight - Out - Expense (New),981,981,,,7/31/2025,Atlas Concorde,1232,19814/VE,Atlas Concorde - Import July 25 cogs for freight from SPS to Netsuite,Import July 25 cogs for freight from SPS to Netsuite,3765.00,
EXTERNAL - 19814/VE,839.5,,966,,A20001 - Accounts Payable Suppliers & Vendors (New),966,7/31/2025,Atlas Concorde,1232,19814/VE,Atlas Concorde - Import July 25 cogs for freight from SPS to Netsuite,Import July 25 cogs for freight from SPS to Netsuite,,3765.00
EXTERNAL - 10039/VE,840,A51001 - Freight - Out - Expense (New),981,981,,,7/31/2025,Atlas Concorde,1232,10039/VE,Atlas Concorde - Import July 25 cogs for freight from SPS to Netsuite,Import July 25 cogs for freight from SPS to Netsuite,1927.05,
EXTERNAL - 10039/VE,840.5,,966,,A20001 - Accounts Payable Suppliers & Vendors (New),966,7/31/2025,Atlas Concorde,1232,10039/VE,Atlas Concorde - Import July 25 cogs for freight from SPS to Netsuite,Import July 25 cogs for freight from SPS to Netsuite,,1927.05
EXTERNAL - 25BL022402,841,A12001 - Inventory (New),953,953,,,7/31/2025,"Jasfer Industry Co., Limited",137,25BL022402,"Jasfer Industry Co., Limited - Import July 25 cogs for freight from SPS to Netsuite",Import July 25 cogs for freight from SPS to Netsuite,143.73,
EXTERNAL - 25BL022402,841.5,,981,,A51001 - Freight - Out - Expense (New),981,7/31/2025,"Jasfer Industry Co., Limited",137,25BL022402,"Jasfer Industry Co., Limited - Import July 25 cogs for freight from SPS to Netsuite",Import July 25 cogs for freight from SPS to Netsuite,,143.73
EXTERNAL - 25JS032705,842,A12001 - Inventory (New),953,953,,,7/31/2025,"Jasfer Industry Co., Limited",137,25JS032705,"Jasfer Industry Co., Limited - Import July 25 cogs for freight from SPS to Netsuite",Import July 25 cogs for freight from SPS to Netsuite,1363.89,
EXTERNAL - 25JS032705,842.5,,981,,A51001 - Freight - Out - Expense (New),981,7/31/2025,"Jasfer Industry Co., Limited",137,25JS032705,"Jasfer Industry Co., Limited - Import July 25 cogs for freight from SPS to Netsuite",Import July 25 cogs for freight from SPS to Netsuite,,1363.89
EXTERNAL - 25JSF04010,843,A12001 - Inventory (New),953,953,,,7/31/2025,"Jasfer Industry Co., Limited",137,25JSF04010,"Jasfer Industry Co., Limited - Import July 25 cogs for freight from SPS to Netsuite",Import July 25 cogs for freight from SPS to Netsuite,367.83,
EXTERNAL - 25JSF04010,843.5,,981,,A51001 - Freight - Out - Expense (New),981,7/31/2025,"Jasfer Industry Co., Limited",137,25JSF04010,"Jasfer Industry Co., Limited - Import July 25 cogs for freight from SPS to Netsuite",Import July 25 cogs for freight from SPS to Netsuite,,367.83
EXTERNAL - 76164,844,A12001 - Inventory (New),953,953,,,7/31/2025,ID Collection,#N/A,76164,ID Collection - Import July 25 cogs for freight from SPS to Netsuite,Import July 25 cogs for freight from SPS to Netsuite,270.00,
EXTERNAL - 76164,844.5,,981,,A51001 - Freight - Out - Expense (New),981,7/31/2025,ID Collection,#N/A,76164,ID Collection - Import July 25 cogs for freight from SPS to Netsuite,Import July 25 cogs for freight from SPS to Netsuite,,270.00
EXTERNAL - 25BL042101,845,A12001 - Inventory (New),953,953,,,7/31/2025,"Jasfer Industry Co., Limited",137,25BL042101,"Jasfer Industry Co., Limited - Import July 25 cogs for freight from SPS to Netsuite",Import July 25 cogs for freight from SPS to Netsuite,35.56,
EXTERNAL - 25BL042101,845.5,,981,,A51001 - Freight - Out - Expense (New),981,7/31/2025,"Jasfer Industry Co., Limited",137,25BL042101,"Jasfer Industry Co., Limited - Import July 25 cogs for freight from SPS to Netsuite",Import July 25 cogs for freight from SPS to Netsuite,,35.56
EXTERNAL - 24JSF12014,846,A12001 - Inventory (New),953,953,,,7/31/2025,"Jasfer Industry Co., Limited",137,24JSF12014,"Jasfer Industry Co., Limited - Import July 25 cogs for freight from SPS to Netsuite",Import July 25 cogs for freight from SPS to Netsuite,621.00,
EXTERNAL - 24JSF12014,846.5,,981,,A51001 - Freight - Out - Expense (New),981,7/31/2025,"Jasfer Industry Co., Limited",137,24JSF12014,"Jasfer Industry Co., Limited - Import July 25 cogs for freight from SPS to Netsuite",Import July 25 cogs for freight from SPS to Netsuite,,621.00
