Customer,ID,Invoice#,Cust. PO#,Job Name,Invoice Dt.,Due Dt.,Balance Due,Account ,Subsidiary,Subsidiary ID
AAA Hospitality - Embassy Suites Las Colinas TX,#N/A,33396,,,05-24-2023,05-24-2023,"$6,365.10",A11001,Graniti Vicentia LLC,3
AAA Hospitality - Embassy Suites Las Colinas TX,#N/A,35203,,,10-03-2023,10-03-2023,$43.88,A11001,Graniti Vicentia LLC,3
AAA Hospitality - Embassy Suites Las Colinas TX,#N/A,33050,,ESLC - Corridor Lobby Carpet,10-05-2023,10-05-2023,"$44,076.56",A11001,Graniti Vicentia LLC,3
AAA Hospitality - Embassy Suites Las Colinas TX,#N/A,33396/2,,,10-05-2023,10-05-2023,"$36,008.56",A11001,Graniti Vicentia LLC,3
AAA Hospitality - Embassy Suites Las Colinas TX,#N/A,36933,,ATTIC STOCK MATERIAL,02-19-2025,02-19-2025,"$3,661.70",A11001,Graniti Vicentia LLC,3
"AAA Hotel Management, Inc.",#N/A,33645,,Embassy Suites - Irving Additional Trim PCS,03-23-2023,03-23-2023,"$4,667.95",A11001,Graniti Vicentia LLC,3
"AAA Hotel Management, Inc.",#N/A,33145/12,,TILES,04-11-2023,04-11-2023,"$3,723.97",A11001,Graniti Vicentia LLC,3
"AAA Hotel Management, Inc.",#N/A,33133,,WINDOW TREATMENT,04-12-2023,04-12-2023,"$6,873.43",A11001,Graniti Vicentia LLC,3
"AAA Hotel Management, Inc.",#N/A,33145/11,,TILES,05-24-2023,05-24-2023,"$3,048.15",A11001,Graniti Vicentia LLC,3
"AAA Hotel Management, Inc.",#N/A,33142/2,,BEDDDING,06-01-2023,06-01-2023,"$1,568.36",A11001,Graniti Vicentia LLC,3
"AAA Hotel Management, Inc.",#N/A,34575,,,06-05-2023,06-05-2023,"$3,826.46",A11001,Graniti Vicentia LLC,3
"AAA Hotel Management, Inc.",#N/A,33131/7,,LIGHTING,06-19-2023,06-19-2023,"$8,287.09",A11001,Graniti Vicentia LLC,3
"AAA Hotel Management, Inc.",#N/A,33132/2,,ARTWORK & MIRRORS,07-06-2023,07-06-2023,"$2,029.69",A11001,Graniti Vicentia LLC,3
"AAA Hotel Management, Inc.",#N/A,33132/6,,ARTWORK & MIRRORS,07-06-2023,07-06-2023,"$3,066.88",A11001,Graniti Vicentia LLC,3
"AAA Hotel Management, Inc.",#N/A,33148/5,,WALLCOVERING,07-06-2023,07-06-2023,"$6,858.70",A11001,Graniti Vicentia LLC,3
"AAA Hotel Management, Inc.",#N/A,34869,,,08-03-2023,08-03-2023,"$6,727.66",A11001,Graniti Vicentia LLC,3
"AAA Hotel Management, Inc.",#N/A,34944,,,08-16-2023,08-16-2023,"$1,306.00",A11001,Graniti Vicentia LLC,3
"AAA Hotel Management, Inc.",#N/A,33129/24,,SEATING,09-29-2023,09-29-2023,"$16,044.70",A11001,Graniti Vicentia LLC,3
"AAA Hotel Management, Inc.",#N/A,33130/22,,CASEGOODS,09-30-2023,09-30-2023,"$26,388.67",A11001,Graniti Vicentia LLC,3
AFP 103 Corp,#N/A,37373,,Doubletree Miami Airport,10-08-2024,10-08-2024,$432.03,A11001,Graniti Vicentia LLC,3
AFP 108 Corp.,#N/A,37255/3,AFP108-2024-GV00,Double tree Rochester,11-14-2024,11-14-2024,$432.35,A11001,Graniti Vicentia LLC,3
"Angles Contractor, INC./Carlton Apartments",440,33760,,,04-30-2024,04-30-2024,"$1,03,222.57",A11001,Graniti Vicentia LLC,3
"Angles Contractor, INC./Carlton Apartments",2601,33760/2,,,08-31-2024,08-31-2024,"$43,296.04",A11001,Graniti Vicentia LLC,3
APD Construction - The Place,#N/A,37855/4,,The Place Port Aransas TX - GC SCOPE,03-11-2025,03-11-2025,"$16,385.82",A11001,Graniti Vicentia LLC,3
APD Construction - The Place,#N/A,37855/8,,The Place Port Aransas TX - GC SCOPE,04-11-2025,04-11-2025,"$5,978.27",A11001,Graniti Vicentia LLC,3
APD Construction - The Place,#N/A,37855/9,,The Place Port Aransas TX - GC SCOPE,06-30-2025,06-30-2025,"$28,146.76",A11001,Graniti Vicentia LLC,3
Ascent Home2 Montgomery,#N/A,,,,02-13-2025,02-13-2025,"-$14,239.62",A11001,Graniti Vicentia LLC,3
Ascent Home2 Montgomery,#N/A,36775/2,,GR CASEGOODS,02-24-2025,02-24-2025,"$1,39,872.05",A11001,Graniti Vicentia LLC,3
Ascent Home2 Montgomery,#N/A,36789/2,,PA OUTDOOR,04-25-2025,04-25-2025,"$2,679.52",A11001,Graniti Vicentia LLC,3
Ascent Home2 Montgomery,#N/A,36788/2,,PA ARTWORK,04-28-2025,04-28-2025,$798.23,A11001,Graniti Vicentia LLC,3
Ascent Home2 Montgomery,#N/A,36793/9,,PA FINISHES,04-28-2025,04-28-2025,$121.56,A11001,Graniti Vicentia LLC,3
Ascent Home2 Montgomery,#N/A,36776/3,,GR QUARTZ COUNTERTOPS,05-13-2025,05-13-2025,"$1,268.25",A11001,Graniti Vicentia LLC,3
Ascent Home2 Montgomery,#N/A,36791/2,,PA OUTLETS,05-13-2025,05-13-2025,$447.36,A11001,Graniti Vicentia LLC,3
Ascent Home2 Montgomery,#N/A,36776/2,,GR QUARTZ COUNTERTOPS,05-15-2025,05-15-2025,"$6,200.56",A11001,Graniti Vicentia LLC,3
Ascent Home2 Montgomery,#N/A,36786,,PA QUARTZ COUNTERTOPS,05-15-2025,05-15-2025,"$4,707.43",A11001,Graniti Vicentia LLC,3
Ascent Home2 Montgomery,#N/A,37090,,,06-04-2025,06-04-2025,$58.28,A11001,Graniti Vicentia LLC,3
Ascent Home2 Montgomery,#N/A,37090/3,,,06-16-2025,06-16-2025,"$5,566.67",A11001,Graniti Vicentia LLC,3
Ascent Home2 Montgomery,#N/A,36773/6,,GR SEATING,06-30-2025,06-30-2025,"$14,239.62",A11001,Graniti Vicentia LLC,3
Ascent Home2 Montgomery,#N/A,36779/3,,GR BEDSET/BEDDING,06-30-2025,06-30-2025,"$1,243.05",A11001,Graniti Vicentia LLC,3
Ascent Home2 Montgomery,#N/A,36785/3,,PA CASEGOODS,06-30-2025,06-30-2025,"$9,219.68",A11001,Graniti Vicentia LLC,3
Ascent Home2 Montgomery,#N/A,36789/3,,PA OUTDOOR,06-30-2025,06-30-2025,"$1,497.20",A11001,Graniti Vicentia LLC,3
Ascent Home2 Montgomery,#N/A,36789/4,,PA OUTDOOR,06-30-2025,06-30-2025,"$5,930.40",A11001,Graniti Vicentia LLC,3
Ascent Home2 Montgomery,#N/A,36792,,PA BATH ACCESSORIES,06-30-2025,06-30-2025,$447.13,A11001,Graniti Vicentia LLC,3
"Ascent Hospitality Courtyard - Meridian, MS",#N/A,38710/2,,,06-30-2025,06-30-2025,"$3,040.00",A11001,Graniti Vicentia LLC,3
"Ascent Hospitality Courtyard - Meridian, MS",#N/A,38710/3,,,06-30-2025,06-30-2025,"$7,349.00",A11001,Graniti Vicentia LLC,3
Ascent Hospitality Element Carmel Indiana,2670,35786,,Change order Element Carmel,01-31-2024,01-31-2024,"$2,730.98",A11001,Graniti Vicentia LLC,3
Ascent Hospitality Element Carmel Indiana,2670,36748,,add on pool floor tiles & pavers,05-01-2024,05-01-2024,"$25,575.00",A11001,Graniti Vicentia LLC,3
Ascent Hospitality Element Carmel Indiana,#N/A,36748/2,,add on pool floor tiles & pavers,05-08-2024,05-08-2024,"$13,014.66",A11001,Graniti Vicentia LLC,3
Ascent Hospitality Element Carmel Indiana,#N/A,36748/3,,add on pool floor tiles & pavers,05-08-2024,05-08-2024,$360.06,A11001,Graniti Vicentia LLC,3
Ascent Hospitality Element Carmel Indiana,#N/A,35786/2,,Change order Element Carmel,05-13-2024,05-13-2024,"$1,221.01",A11001,Graniti Vicentia LLC,3
Ascent Hospitality Element Carmel Indiana,#N/A,36748/4,,add on pool floor tiles & pavers,05-16-2024,05-16-2024,$398.00,A11001,Graniti Vicentia LLC,3
Ascent Hospitality Element Carmel Indiana,#N/A,36748/5,,add on pool floor tiles & pavers,06-04-2024,06-04-2024,$255.36,A11001,Graniti Vicentia LLC,3
Ascent Hospitality Element Carmel Indiana,#N/A,36407,,PA QUARTZ,08-13-2024,08-13-2024,"$3,070.91",A11001,Graniti Vicentia LLC,3
Ascent Hospitality Element Carmel Indiana,#N/A,35786/4,,Change order Element Carmel,10-02-2024,10-02-2024,$417.17,A11001,Graniti Vicentia LLC,3
Ascent Hospitality Element Carmel Indiana,#N/A,38009,,,10-18-2024,10-18-2024,$552.00,A11001,Graniti Vicentia LLC,3
Ascent Hospitality Element Carmel Indiana,#N/A,35786/6,,Change order Element Carmel,11-07-2024,11-07-2024,"$1,754.70",A11001,Graniti Vicentia LLC,3
Ascent Hospitality Element Carmel Indiana,#N/A,35610/4,,PA BATH ACCESSORIES,11-21-2024,11-21-2024,$37.90,A11001,Graniti Vicentia LLC,3
Ascent Hospitality Element Carmel Indiana,#N/A,35606,,PA WINDOW TREATMENT,11-29-2024,11-29-2024,"$10,983.77",A11001,Graniti Vicentia LLC,3
Ascent Hospitality Element Carmel Indiana,#N/A,35602/7,,PA SEATING,06-30-2025,06-30-2025,"$6,288.24",A11001,Graniti Vicentia LLC,3
Ascent Hospitality Element Carmel Indiana,#N/A,35786/7,,Change order Element Carmel,06-30-2025,06-30-2025,$834.34,A11001,Graniti Vicentia LLC,3
Ascent Hospitality Element Carmel Indiana,#N/A,37812,,,06-30-2025,06-30-2025,$836.00,A11001,Graniti Vicentia LLC,3
"Ascent Hospitality Hampton Inn & Suites  Montgomery-South Airport,AL",#N/A,38626,,,01-30-2025,01-30-2025,"$1,700.00",A11001,Graniti Vicentia LLC,3
"Ascent Hospitality Hampton Inn & Suites  Montgomery-South Airport,AL",#N/A,38626/2,,,01-30-2025,01-30-2025,"$6,345.26",A11001,Graniti Vicentia LLC,3
Ascent hospitality Home2 Suites Fairburn GA,#N/A,37358,,,09-05-2024,09-05-2024,"$6,323.98",A11001,Graniti Vicentia LLC,3
Ascent hospitality Home2 Suites Fairburn GA,#N/A,37854,,,10-07-2024,10-07-2024,"$1,692.40",A11001,Graniti Vicentia LLC,3
Ascent hospitality Home2 Suites Fairburn GA,#N/A,36012/3,,Ascent hospitality Home2 Suites Fairburn GA-Additional items(1),10-10-2024,10-10-2024,$6.56,A11001,Graniti Vicentia LLC,3
Ascent hospitality Home2 Suites Fairburn GA,#N/A,36012/4,,Ascent hospitality Home2 Suites Fairburn GA-Additional items(1),11-11-2024,11-11-2024,"$3,158.76",A11001,Graniti Vicentia LLC,3
Ascent hospitality Home2 Suites Fairburn GA,#N/A,35714/6,,GR BATH,06-30-2025,06-30-2025,"$8,396.40",A11001,Graniti Vicentia LLC,3
Ascent hospitality Home2 Suites Fairburn GA,#N/A,35715,,GR FINISHES,06-30-2025,06-30-2025,"$4,011.84",A11001,Graniti Vicentia LLC,3
Ascent hospitality Home2 Suites Fairburn GA,#N/A,36012/6,,Ascent hospitality Home2 Suites Fairburn GA-Additional items(1),06-30-2025,06-30-2025,"$4,750.00",A11001,Graniti Vicentia LLC,3
Ascent hospitality Home2 West Lafayette IN,#N/A,36005,,PUBLIC AREAS MILLWORK,07-31-2024,07-31-2024,"$11,591.35",A11001,Graniti Vicentia LLC,3
Ascent hospitality Home2 West Lafayette IN,#N/A,35700/2,,PA - Casegoods,08-31-2024,08-31-2024,"$14,119.57",A11001,Graniti Vicentia LLC,3
Ascent hospitality Home2 West Lafayette IN,#N/A,35704/2,,PA - Outdoor,12-19-2024,12-19-2024,"$20,745.28",A11001,Graniti Vicentia LLC,3
Ascent hospitality Home2 West Lafayette IN,#N/A,37450,,,01-01-2025,01-01-2025,"$1,692.40",A11001,Graniti Vicentia LLC,3
Ascent hospitality Home2 West Lafayette IN,#N/A,35995,,GUEST ROOMS BATH,01-20-2025,01-20-2025,"$4,340.53",A11001,Graniti Vicentia LLC,3
Ascent Hospitality Management Co,#N/A,39083,,,06-30-2025,06-30-2025,"$9,750.00",A11001,Graniti Vicentia LLC,3
Ascent Hospitality Management Co,#N/A,39025,,,06-30-2025,07-30-2025,"$6,600.00",A11001,Graniti Vicentia LLC,3
Ascent Hospitality Management Co,459,39025/2,,,06-30-2025,07-30-2025,$663.00,A11001,Graniti Vicentia LLC,3
Ascent hospitality Towneplace West Lafayette IN,459,36899,,GR CASEGOODS & CASEGOOD FABRICS,08-31-2024,08-31-2024,"$80,957.73",A11001,Graniti Vicentia LLC,3
Ascent hospitality Towneplace West Lafayette IN,459,36919/5,,PA FINISHES,09-25-2024,09-25-2024,"$1,869.47",A11001,Graniti Vicentia LLC,3
Ascent hospitality Towneplace West Lafayette IN,2705,36900,,GR MILLWORKS,09-30-2024,09-30-2024,"$2,34,579.74",A11001,Graniti Vicentia LLC,3
Ascent hospitality Towneplace West Lafayette IN,2705,36902,,GR WINDOW TREATMENT,09-30-2024,09-30-2024,"$53,688.36",A11001,Graniti Vicentia LLC,3
Ascent hospitality Towneplace West Lafayette IN,2705,36915,,PA WINDOW TREATMENT,09-30-2024,09-30-2024,"$13,012.85",A11001,Graniti Vicentia LLC,3
Ascent hospitality Towneplace West Lafayette IN,2705,36919/6,,PA FINISHES,10-01-2024,10-01-2024,"$6,691.76",A11001,Graniti Vicentia LLC,3
Ascent hospitality Towneplace West Lafayette IN,2705,36868,,GR ART WORKS,10-11-2024,10-11-2024,"$4,212.81",A11001,Graniti Vicentia LLC,3
Ascent hospitality Towneplace West Lafayette IN,2705,36894,,GR MIRROR,10-11-2024,10-11-2024,"$37,271.17",A11001,Graniti Vicentia LLC,3
Ascent hospitality Towneplace West Lafayette IN,2705,36896,,GR LIGHTING,10-11-2024,10-11-2024,"$13,420.47",A11001,Graniti Vicentia LLC,3
Ascent hospitality Towneplace West Lafayette IN,2705,36896/2,,GR LIGHTING,10-28-2024,10-28-2024,"$47,184.99",A11001,Graniti Vicentia LLC,3
Ascent hospitality Towneplace West Lafayette IN,2705,36897,,GR DECORATIVE PILLOWS & DECORATIVE PILLOW FABRICS,10-30-2024,10-30-2024,"$4,096.14",A11001,Graniti Vicentia LLC,3
Ascent hospitality Towneplace West Lafayette IN,2705,36899/2,,GR CASEGOODS & CASEGOOD FABRICS,10-30-2024,10-30-2024,"$25,170.56",A11001,Graniti Vicentia LLC,3
Ascent hospitality Towneplace West Lafayette IN,2705,36901,,GR QUARTZ TOP,10-30-2024,10-30-2024,"$31,089.98",A11001,Graniti Vicentia LLC,3
Ascent hospitality Towneplace West Lafayette IN,2705,36904/4,,GR FINISHES,10-31-2024,10-31-2024,"$27,300.00",A11001,Graniti Vicentia LLC,3
Ascent hospitality Towneplace West Lafayette IN,2705,36915/2,,PA WINDOW TREATMENT,10-31-2024,10-31-2024,$224.36,A11001,Graniti Vicentia LLC,3
Ascent hospitality Towneplace West Lafayette IN,2705,36919/7,,PA FINISHES,10-31-2024,10-31-2024,"$19,522.35",A11001,Graniti Vicentia LLC,3
Ascent hospitality Towneplace West Lafayette IN,2705,36903/3,,GR PLUMBING & BATH ACCESSORIES,10-30-2024,11-01-2024,"$5,464.48",A11001,Graniti Vicentia LLC,3
Ascent hospitality Towneplace West Lafayette IN,2705,36905,,PA SEATING & SEATING FABRICS,11-08-2024,11-08-2024,"$9,148.36",A11001,Graniti Vicentia LLC,3
Ascent hospitality Towneplace West Lafayette IN,2705,36909,,PA ARTWORK,11-08-2024,11-12-2024,$79.27,A11001,Graniti Vicentia LLC,3
Ascent hospitality Towneplace West Lafayette IN,2705,36919/9,,PA FINISHES,11-18-2024,11-18-2024,"$11,424.12",A11001,Graniti Vicentia LLC,3
Ascent hospitality Towneplace West Lafayette IN,2705,36919/8,,PA FINISHES,11-18-2024,11-19-2024,"$37,205.43",A11001,Graniti Vicentia LLC,3
Ascent hospitality Towneplace West Lafayette IN,2705,36867,,GR ACCESSORIES,11-26-2024,11-26-2024,$977.70,A11001,Graniti Vicentia LLC,3
Ascent hospitality Towneplace West Lafayette IN,2705,36897/2,,GR DECORATIVE PILLOWS & DECORATIVE PILLOW FABRICS,11-26-2024,11-26-2024,"$2,623.60",A11001,Graniti Vicentia LLC,3
Ascent hospitality Towneplace West Lafayette IN,2705,36898/3,,GR SEATING & SEATING FABRICS,11-26-2024,11-26-2024,"$20,025.60",A11001,Graniti Vicentia LLC,3
Ascent hospitality Towneplace West Lafayette IN,2705,36903/4,,GR PLUMBING & BATH ACCESSORIES,11-26-2024,11-26-2024,"$8,940.78",A11001,Graniti Vicentia LLC,3
Ascent hospitality Towneplace West Lafayette IN,2705,36918,,PA PLUMBING FIXTURES & ACCESSORIES,11-26-2024,11-26-2024,$594.33,A11001,Graniti Vicentia LLC,3
Ascent hospitality Towneplace West Lafayette IN,2705,36895,,GR BEDDING,11-29-2024,11-29-2024,"$43,549.52",A11001,Graniti Vicentia LLC,3
Ascent hospitality Towneplace West Lafayette IN,2705,36899/4,,GR CASEGOODS & CASEGOOD FABRICS,11-29-2024,11-29-2024,"$10,874.36",A11001,Graniti Vicentia LLC,3
Ascent hospitality Towneplace West Lafayette IN,2705,36919/11,,PA FINISHES,12-18-2024,12-18-2024,$810.00,A11001,Graniti Vicentia LLC,3
Ascent hospitality Towneplace West Lafayette IN,2705,36899/3,,GR CASEGOODS & CASEGOOD FABRICS,12-19-2024,12-19-2024,"$5,666.92",A11001,Graniti Vicentia LLC,3
Ascent hospitality Towneplace West Lafayette IN,2705,36900/2,,GR MILLWORKS,12-19-2024,12-19-2024,"$15,332.65",A11001,Graniti Vicentia LLC,3
Ascent hospitality Towneplace West Lafayette IN,2705,36906,,PA CASEGOODS,12-19-2024,12-19-2024,$942.30,A11001,Graniti Vicentia LLC,3
Ascent hospitality Towneplace West Lafayette IN,2705,36914,,PA MIRROR,12-19-2024,12-19-2024,$875.60,A11001,Graniti Vicentia LLC,3
Ascent hospitality Towneplace West Lafayette IN,2705,36919/10,,PA FINISHES,12-19-2024,12-19-2024,"$2,640.00",A11001,Graniti Vicentia LLC,3
Ascent hospitality Towneplace West Lafayette IN,2705,36905/3,,PA SEATING & SEATING FABRICS,12-30-2024,12-30-2024,"$3,206.45",A11001,Graniti Vicentia LLC,3
Ascent hospitality Towneplace West Lafayette IN,2705,36906/3,,PA CASEGOODS,12-30-2024,12-30-2024,"$6,528.71",A11001,Graniti Vicentia LLC,3
Ascent hospitality Towneplace West Lafayette IN,2705,36906/4,,PA CASEGOODS,12-30-2024,12-30-2024,"$4,314.08",A11001,Graniti Vicentia LLC,3
Ascent hospitality Towneplace West Lafayette IN,2705,36904/5,,GR FINISHES,12-31-2024,12-31-2024,"$3,418.20",A11001,Graniti Vicentia LLC,3
Ascent hospitality Towneplace West Lafayette IN,2705,36905/5,,PA SEATING & SEATING FABRICS,12-31-2024,12-31-2024,"$2,901.30",A11001,Graniti Vicentia LLC,3
Ascent hospitality Towneplace West Lafayette IN,2705,36895/2,,GR BEDDING,01-06-2025,01-06-2025,"$4,354.95",A11001,Graniti Vicentia LLC,3
Ascent hospitality Towneplace West Lafayette IN,2705,36898/4,,GR SEATING & SEATING FABRICS,01-06-2025,01-06-2025,"$2,763.60",A11001,Graniti Vicentia LLC,3
Ascent hospitality Towneplace West Lafayette IN,2705,36906/2,,PA CASEGOODS,01-17-2025,01-17-2025,"$22,530.91",A11001,Graniti Vicentia LLC,3
Ascent hospitality Towneplace West Lafayette IN,2705,36910,,PA MILLWORK,01-17-2025,01-17-2025,"$71,005.54",A11001,Graniti Vicentia LLC,3
Ascent hospitality Towneplace West Lafayette IN,2705,36919/12,,PA FINISHES,01-24-2025,01-24-2025,$95.00,A11001,Graniti Vicentia LLC,3
Ascent hospitality Towneplace West Lafayette IN,2705,36906/5,,PA CASEGOODS,01-30-2025,01-30-2025,"$8,667.59",A11001,Graniti Vicentia LLC,3
Ascent hospitality Towneplace West Lafayette IN,2705,36910/2,,PA MILLWORK,01-30-2025,01-30-2025,"$38,535.77",A11001,Graniti Vicentia LLC,3
Ascent hospitality Towneplace West Lafayette IN,2705,36896/3,,GR LIGHTING,01-31-2025,01-31-2025,"$4,311.04",A11001,Graniti Vicentia LLC,3
Ascent hospitality Towneplace West Lafayette IN,2705,36908,,PA LIGHTING,02-10-2025,02-10-2025,"$6,301.71",A11001,Graniti Vicentia LLC,3
Ascent hospitality Towneplace West Lafayette IN,2705,38652,,,02-10-2025,02-10-2025,"$4,283.25",A11001,Graniti Vicentia LLC,3
Ascent hospitality Towneplace West Lafayette IN,2705,37237/2,,Ascent hospitality Towneplace West Lafayette IN- Additional Items,02-12-2025,02-12-2025,"$14,288.30",A11001,Graniti Vicentia LLC,3
Ascent hospitality Towneplace West Lafayette IN,2705,36905/4,,PA SEATING & SEATING FABRICS,02-18-2025,02-18-2025,"$3,360.66",A11001,Graniti Vicentia LLC,3
Ascent hospitality Towneplace West Lafayette IN,2705,36907,,PA DECORATIVE PILLOW & DECORATIVE PILLOW FABRICS,02-18-2025,02-18-2025,$259.63,A11001,Graniti Vicentia LLC,3
Ascent hospitality Towneplace West Lafayette IN,2705,37237,,Ascent hospitality Towneplace West Lafayette IN- Additional Items,02-18-2025,02-18-2025,"$2,788.82",A11001,Graniti Vicentia LLC,3
Ascent hospitality Towneplace West Lafayette IN,2705,36896/4,,GR LIGHTING,03-11-2025,03-11-2025,"$2,348.48",A11001,Graniti Vicentia LLC,3
Ascent hospitality Towneplace West Lafayette IN,2705,36908/3,,PA LIGHTING,03-11-2025,03-11-2025,"$2,276.92",A11001,Graniti Vicentia LLC,3
Ascent hospitality Towneplace West Lafayette IN,2705,36912,,PA ACCESSORIES,03-11-2025,03-11-2025,"$4,727.14",A11001,Graniti Vicentia LLC,3
Ascent hospitality Towneplace West Lafayette IN,2705,36913,,PA INDOOR POOL & ENTRY PATIO,03-11-2025,03-11-2025,"$14,352.90",A11001,Graniti Vicentia LLC,3
Ascent hospitality Towneplace West Lafayette IN,2705,36916,,PA MISCELANEOUS,03-11-2025,03-11-2025,$25.13,A11001,Graniti Vicentia LLC,3
Ascent hospitality Towneplace West Lafayette IN,2705,36918/2,,PA PLUMBING FIXTURES & ACCESSORIES,03-11-2025,03-11-2025,$136.92,A11001,Graniti Vicentia LLC,3
Ascent hospitality Towneplace West Lafayette IN,2705,36919/13,,PA FINISHES,03-11-2025,03-11-2025,"$1,672.65",A11001,Graniti Vicentia LLC,3
Ascent hospitality Towneplace West Lafayette IN,2705,36908/2,,PA LIGHTING,03-13-2025,03-13-2025,"$2,191.03",A11001,Graniti Vicentia LLC,3
Ascent hospitality Towneplace West Lafayette IN,2705,36906/6,,PA CASEGOODS,03-28-2025,03-28-2025,$448.72,A11001,Graniti Vicentia LLC,3
Ascent hospitality Towneplace West Lafayette IN,2705,36913/2,,PA INDOOR POOL & ENTRY PATIO,03-28-2025,03-28-2025,"$4,701.69",A11001,Graniti Vicentia LLC,3
Ascent hospitality Towneplace West Lafayette IN,2705,36906/7,,PA CASEGOODS,05-05-2025,05-05-2025,$298.72,A11001,Graniti Vicentia LLC,3
Ascent hospitality Towneplace West Lafayette IN,2705,36913/3,,PA INDOOR POOL & ENTRY PATIO,05-07-2025,05-07-2025,"$1,921.61",A11001,Graniti Vicentia LLC,3
Ascent hospitality Towneplace West Lafayette IN,2705,36906/8,,PA CASEGOODS,05-15-2025,05-15-2025,$492.32,A11001,Graniti Vicentia LLC,3
Ascent hospitality Towneplace West Lafayette IN,2705,36911,,PA QUARTZ TOP,05-15-2025,05-15-2025,"$14,818.85",A11001,Graniti Vicentia LLC,3
Ascent hospitality Towneplace West Lafayette IN,2705,36916/2,,PA MISCELANEOUS,05-15-2025,05-15-2025,$251.30,A11001,Graniti Vicentia LLC,3
Ascent hospitality Towneplace West Lafayette IN,2705,36903/5,,GR PLUMBING & BATH ACCESSORIES,06-30-2025,06-30-2025,"$11,238.84",A11001,Graniti Vicentia LLC,3
Ascent hospitality Towneplace West Lafayette IN,2705,36905/2,,PA SEATING & SEATING FABRICS,06-30-2025,06-30-2025,"$4,657.09",A11001,Graniti Vicentia LLC,3
Ascent Hospitality Tribute Carmel Indiana,2705,37205,,add on quarry tiles,06-24-2024,06-24-2024,"$5,680.00",A11001,Graniti Vicentia LLC,3
Ascent Hospitality Tribute Carmel Indiana,2705,37205/2,,add on quarry tiles,06-27-2024,06-27-2024,"$5,626.86",A11001,Graniti Vicentia LLC,3
Ascent Hospitality Tribute Carmel Indiana,2628,37205/3,,add on quarry tiles,07-23-2024,07-23-2024,$900.00,A11001,Graniti Vicentia LLC,3
Ascent Hospitality Tribute Carmel Indiana,2628,37294,,,07-23-2024,07-23-2024,"$4,294.16",A11001,Graniti Vicentia LLC,3
Ascent Hospitality Tribute Carmel Indiana,2628,37294/2,,,08-07-2024,08-07-2024,"$1,206.92",A11001,Graniti Vicentia LLC,3
Ascent Hospitality Tribute Carmel Indiana,2628,37218,,,08-16-2024,08-16-2024,"$4,117.10",A11001,Graniti Vicentia LLC,3
Ascent Hospitality Tribute Carmel Indiana,2628,37662,,wallcovering @ Fitness room,08-26-2024,08-26-2024,$774.36,A11001,Graniti Vicentia LLC,3
Ascent Hospitality Tribute Carmel Indiana,2628,37757,,extra surround tiles,09-25-2024,09-25-2024,"$1,763.16",A11001,Graniti Vicentia LLC,3
Ascent Hospitality Tribute Carmel Indiana,2628,37853,,thresholds @ guest bath,10-04-2024,10-04-2024,"$7,573.20",A11001,Graniti Vicentia LLC,3
Ascent Hospitality Tribute Carmel Indiana,2628,38080,,Ballroom tables,10-30-2024,10-30-2024,$50.00,A11001,Graniti Vicentia LLC,3
Ascent Hospitality Tribute Carmel Indiana,2628,38279,,,11-08-2024,11-08-2024,"$1,716.00",A11001,Graniti Vicentia LLC,3
Ascent Hospitality Tribute Carmel Indiana,2628,38279/2,,,11-21-2024,11-21-2024,"$2,930.00",A11001,Graniti Vicentia LLC,3
Ascent Hospitality Tribute Carmel Indiana,2628,38279/3,,,11-21-2024,11-21-2024,"$2,897.44",A11001,Graniti Vicentia LLC,3
Ascent Hospitality Tribute Carmel Indiana,2628,36674/2,,PA SEATING,12-02-2024,12-02-2024,"$95,939.00",A11001,Graniti Vicentia LLC,3
Ascent Hospitality Tribute Carmel Indiana,2628,38279/4,,,12-09-2024,12-09-2024,"$3,622.50",A11001,Graniti Vicentia LLC,3
Ascent Hospitality Tribute Carmel Indiana,2628,36661,,GR PILLOWS,12-17-2024,12-17-2024,"$18,615.80",A11001,Graniti Vicentia LLC,3
Ascent Hospitality Tribute Carmel Indiana,2628,36656,,GR ACCESSORIES,12-18-2024,12-18-2024,"$29,357.99",A11001,Graniti Vicentia LLC,3
Ascent Hospitality Tribute Carmel Indiana,2628,36662,,GR SEATINGS,12-19-2024,12-19-2024,"$1,85,560.44",A11001,Graniti Vicentia LLC,3
Ascent Hospitality Tribute Carmel Indiana,2628,36665/11,,GR FINISHES,12-20-2024,12-20-2024,"$10,359.09",A11001,Graniti Vicentia LLC,3
Ascent Hospitality Tribute Carmel Indiana,2628,37757/2,,extra surround tiles,12-20-2024,12-20-2024,$487.50,A11001,Graniti Vicentia LLC,3
Ascent Hospitality Tribute Carmel Indiana,2628,36659/4,,GR CASEGOODS,12-30-2024,12-30-2024,"$51,840.00",A11001,Graniti Vicentia LLC,3
Ascent Hospitality Tribute Carmel Indiana,2628,36672,,PA MISCELLANEOUS,12-30-2024,12-30-2024,"$4,009.63",A11001,Graniti Vicentia LLC,3
Ascent Hospitality Tribute Carmel Indiana,2628,37757/3,,extra surround tiles,12-30-2024,12-30-2024,"$5,037.57",A11001,Graniti Vicentia LLC,3
Ascent Hospitality Tribute Carmel Indiana,2628,36661/2,,GR PILLOWS,12-31-2024,12-31-2024,"$10,920.25",A11001,Graniti Vicentia LLC,3
Ascent Hospitality Tribute Carmel Indiana,2628,36670/2,,PA CASEGOODS,12-31-2024,12-31-2024,"$5,443.31",A11001,Graniti Vicentia LLC,3
Ascent Hospitality Tribute Carmel Indiana,2628,36674/3,,PA SEATING,12-31-2024,01-02-2025,"$86,457.54",A11001,Graniti Vicentia LLC,3
Ascent Hospitality Tribute Carmel Indiana,2628,36668/3,,PA ACCESSORIES,01-08-2025,01-08-2025,"$2,382.88",A11001,Graniti Vicentia LLC,3
Ascent Hospitality Tribute Carmel Indiana,2628,36671/5,,PA LIGHTING,02-18-2025,02-18-2025,"$13,874.87",A11001,Graniti Vicentia LLC,3
Ascent Hospitality Tribute Carmel Indiana,2628,37451,,Artwork,02-18-2025,02-18-2025,"$37,595.23",A11001,Graniti Vicentia LLC,3
Ascent Hospitality Tribute Carmel Indiana,2628,38152,,Artwork @ Restaurant,02-18-2025,02-20-2025,"$1,559.96",A11001,Graniti Vicentia LLC,3
Ascent Hospitality Tribute Carmel Indiana,2628,36665/12,,GR FINISHES,06-30-2025,06-30-2025,"$9,584.80",A11001,Graniti Vicentia LLC,3
Ascent Hospitality Tribute Carmel Indiana,2628,37391,,signage,06-30-2025,06-30-2025,"$9,111.72",A11001,Graniti Vicentia LLC,3
Ascent Hospitality- Autograph Huntsville,2628,38478/2,,,12-06-2024,12-06-2024,"$10,896.00",A11001,Graniti Vicentia LLC,3
Ascent Hospitality- Autograph Huntsville,2628,38630/6,,2nd & 8TH FLOOR FINISHES,02-18-2025,02-18-2025,"$17,425.58",A11001,Graniti Vicentia LLC,3
Ascent Hospitality- Autograph Huntsville,#N/A,38630/7,,2nd & 8TH FLOOR FINISHES,02-20-2025,02-20-2025,"$7,184.18",A11001,Graniti Vicentia LLC,3
Ascent Hospitality- Autograph Huntsville,#N/A,38630/9,,2nd & 8TH FLOOR FINISHES,03-04-2025,03-04-2025,"$1,594.80",A11001,Graniti Vicentia LLC,3
Ascent Hospitality- Autograph Huntsville,#N/A,38630/8,,2nd & 8TH FLOOR FINISHES,03-05-2025,03-05-2025,"$1,929.60",A11001,Graniti Vicentia LLC,3
Ascent Hospitality- Autograph Huntsville,#N/A,38630/10,,2nd & 8TH FLOOR FINISHES,03-24-2025,03-24-2025,"$16,459.90",A11001,Graniti Vicentia LLC,3
Ascent Hospitality- Autograph Huntsville,#N/A,38630/11,,2nd & 8TH FLOOR FINISHES,03-21-2025,03-27-2025,$239.20,A11001,Graniti Vicentia LLC,3
Ascent Hospitality- Autograph Huntsville,#N/A,38747,,1st floor finishes,03-31-2025,03-31-2025,"$6,524.75",A11001,Graniti Vicentia LLC,3
Ascent Hospitality- Autograph Huntsville,#N/A,38747/2,,1st floor finishes,03-31-2025,03-31-2025,"$23,632.96",A11001,Graniti Vicentia LLC,3
Ascent Hospitality- Autograph Huntsville,#N/A,38747/3,,1st floor finishes,04-01-2025,04-01-2025,"$3,638.99",A11001,Graniti Vicentia LLC,3
Ascent Hospitality- Autograph Huntsville,#N/A,38630/12,,2nd & 8TH FLOOR FINISHES,04-09-2025,04-09-2025,"$1,012.30",A11001,Graniti Vicentia LLC,3
Ascent Hospitality- Autograph Huntsville,#N/A,38630/14,,2nd & 8TH FLOOR FINISHES,04-10-2025,04-10-2025,"$2,023.50",A11001,Graniti Vicentia LLC,3
Ascent Hospitality- Autograph Huntsville,#N/A,38478/3,,,04-12-2025,04-12-2025,"$28,800.00",A11001,Graniti Vicentia LLC,3
Ascent Hospitality- Autograph Huntsville,#N/A,38630/15,,2nd & 8TH FLOOR FINISHES,04-17-2025,04-17-2025,"$11,019.60",A11001,Graniti Vicentia LLC,3
Ascent Hospitality- Autograph Huntsville,#N/A,38630/16,,2nd & 8TH FLOOR FINISHES,04-25-2025,04-25-2025,"$2,022.73",A11001,Graniti Vicentia LLC,3
Ascent Hospitality- Autograph Huntsville,#N/A,38630/17,,2nd & 8TH FLOOR FINISHES,04-29-2025,04-29-2025,"$2,463.00",A11001,Graniti Vicentia LLC,3
Ascent Hospitality- Autograph Huntsville,#N/A,38630/20,,2nd & 8TH FLOOR FINISHES,04-29-2025,04-29-2025,"$2,636.04",A11001,Graniti Vicentia LLC,3
Ascent Hospitality- Autograph Huntsville,#N/A,38630/18,,2nd & 8TH FLOOR FINISHES,05-06-2025,05-06-2025,"$6,855.60",A11001,Graniti Vicentia LLC,3
Ascent Hospitality- Autograph Huntsville,#N/A,38630/19,,2nd & 8TH FLOOR FINISHES,05-14-2025,05-14-2025,"$14,351.27",A11001,Graniti Vicentia LLC,3
Ascent Hospitality- Autograph Huntsville,#N/A,38630/21,,2nd & 8TH FLOOR FINISHES,06-05-2025,06-05-2025,"$4,665.60",A11001,Graniti Vicentia LLC,3
Ascent Hospitality- Autograph Huntsville,#N/A,38341,,"Autograph Huntsville - Stairs, Sculpture and Benches",06-30-2025,06-30-2025,"$2,43,619.64",A11001,Graniti Vicentia LLC,3
Ascent Hospitality- Autograph Huntsville,#N/A,38478/4,,,06-30-2025,06-30-2025,"$13,860.00",A11001,Graniti Vicentia LLC,3
Ascent Hospitality- Autograph Huntsville,#N/A,38747/13,,1st floor finishes,06-30-2025,06-30-2025,"$20,005.16",A11001,Graniti Vicentia LLC,3
Ascent Hospitality- Autograph Huntsville,#N/A,39081,,,06-30-2025,06-30-2025,"$2,884.01",A11001,Graniti Vicentia LLC,3
Ascent Hospitality- Autograph Montogmery,#N/A,38233,,Autograph Trilogy,11-06-2024,12-06-2024,"$30,607.92",A11001,Graniti Vicentia LLC,3
Ascent Hospitality- Autograph Montogmery,#N/A,38233/2,,Autograph Trilogy,11-15-2024,12-15-2024,"$16,092.00",A11001,Graniti Vicentia LLC,3
Ascent Hospitality- Autograph Montogmery,2676,38017,,Guest Bath - Tiles,12-20-2024,12-20-2024,"$67,200.00",A11001,Graniti Vicentia LLC,3
Ascent Hospitality- Autograph Montogmery,2676,38017/2,,Guest Bath - Tiles,12-30-2024,12-30-2024,"$64,250.00",A11001,Graniti Vicentia LLC,3
Ascent Hospitality- Autograph Montogmery,2676,38017/4,,Guest Bath - Tiles,02-03-2025,02-03-2025,"$5,400.00",A11001,Graniti Vicentia LLC,3
Ascent Hospitality- Autograph Montogmery,2676,38233/3,,Autograph Trilogy,03-11-2025,04-10-2025,"$2,271.80",A11001,Graniti Vicentia LLC,3
Ascent Hospitality- Autograph Montogmery,2676,38017/7,,Guest Bath - Tiles,06-30-2025,06-30-2025,"$13,450.00",A11001,Graniti Vicentia LLC,3
Ascent hospitality/Fairfield Inn & Suites,2676,36056,,,12-09-2024,12-09-2024,"$54,204.82",A11001,Graniti Vicentia LLC,3
Ascent Residence inn Montgomery,2676,37676/5,,GR CASEGOODS,06-30-2025,06-30-2025,"$7,713.81",A11001,Graniti Vicentia LLC,3
Ascent Residence inn Montgomery,#N/A,37692/6,,PA FLOOR FINISHES,06-30-2025,06-30-2025,"$1,73,006.26",A11001,Graniti Vicentia LLC,3
Ascent Residence inn Montgomery,#N/A,37693/2,,PA VINYL WALLCOVERING-FF,06-30-2025,06-30-2025,$334.20,A11001,Graniti Vicentia LLC,3
Auburn Hospitality Group,#N/A,38275/4,,,01-07-2025,01-07-2025,$139.15,A11001,Graniti Vicentia LLC,3
Auburn Hospitality Group,#N/A,38380/2,,GR CASEGOODS,06-30-2025,06-30-2025,"$39,755.45",A11001,Graniti Vicentia LLC,3
AUTOGRAPH MAYA-PS,1548,36920,55074467,Autograph Maya Scottsdale AZ - Outdoor Seating,03-25-2025,03-25-2025,"$17,155.60",A11001,Graniti Vicentia LLC,3
AUTOGRAPH MAYA-PS,1548,36920/2,55074467,Autograph Maya Scottsdale AZ - Outdoor Seating,05-28-2025,05-28-2025,"$3,979.36",A11001,Graniti Vicentia LLC,3
BMK Construction LLC,464,35912/4,,Ulana Ward Village - Block F,11-18-2024,11-18-2024,-$2.64,A11001,Graniti Vicentia LLC,3
"Brighter Vision Group, LP",464,37641,,PA VINYL WALLCOVERINGS-FF,06-30-2025,06-30-2025,"$6,514.06",A11001,Graniti Vicentia LLC,3
CAMBRIA NASHVILLE,474,33909,,WINDOWS SILL,05-19-2023,05-19-2023,"$16,136.18",A11001,Graniti Vicentia LLC,3
CAMBRIA NASHVILLE,#N/A,33644,,Missed or extra items,06-09-2023,06-09-2023,"$36,576.73",A11001,Graniti Vicentia LLC,3
CAMBRIA NASHVILLE,#N/A,33794,,Add on lighting,06-13-2023,06-13-2023,"$4,147.36",A11001,Graniti Vicentia LLC,3
CAMBRIA NASHVILLE,#N/A,33309/9,,PUBLIC AREAS FINISHES,07-28-2023,07-28-2023,"-$10,252.32",A11001,Graniti Vicentia LLC,3
CAMBRIA NASHVILLE,#N/A,34423/2,,Add on tiles,08-07-2023,08-07-2023,"$30,988.80",A11001,Graniti Vicentia LLC,3
CAMBRIA NASHVILLE,#N/A,34237,,Add on tiles,08-10-2023,08-10-2023,"$4,870.99",A11001,Graniti Vicentia LLC,3
CAMBRIA NASHVILLE,#N/A,33318/4,,PUBLIC AREAS MILLWORK,08-16-2023,08-16-2023,"$1,06,307.00",A11001,Graniti Vicentia LLC,3
CAMBRIA NASHVILLE,#N/A,34423,,Add on tiles,08-16-2023,08-16-2023,"-$15,740.79",A11001,Graniti Vicentia LLC,3
CAMBRIA NASHVILLE,#N/A,34959/2,,Add on tiles,08-22-2023,08-22-2023,"$3,098.88",A11001,Graniti Vicentia LLC,3
CAMBRIA NASHVILLE,#N/A,33315/7,,PUBLIC AREAS SEATING,09-14-2023,09-14-2023,"$6,959.86",A11001,Graniti Vicentia LLC,3
CAMBRIA NASHVILLE,#N/A,35093,,Add on tiles /Flooring,09-14-2023,09-14-2023,"$2,145.04",A11001,Graniti Vicentia LLC,3
CAMBRIA NASHVILLE,#N/A,35093/2,,Add on tiles /Flooring,09-14-2023,09-14-2023,"$6,968.64",A11001,Graniti Vicentia LLC,3
CAMBRIA NASHVILLE,#N/A,35093/3,,Add on tiles /Flooring,09-14-2023,09-14-2023,$145.49,A11001,Graniti Vicentia LLC,3
CAMBRIA NASHVILLE,#N/A,34959/3,,Add on tiles,09-19-2023,09-19-2023,"$3,775.00",A11001,Graniti Vicentia LLC,3
CAMBRIA NASHVILLE,#N/A,33312/5,,GUEST ROOMS QUARTZ,09-29-2023,09-29-2023,"$38,369.64",A11001,Graniti Vicentia LLC,3
CAMBRIA NASHVILLE,#N/A,33313/6,,GUEST ROOMS BATH,09-30-2023,09-30-2023,"$57,019.70",A11001,Graniti Vicentia LLC,3
CAMBRIA NASHVILLE,#N/A,33314/23,,GUEST ROOMS FINISHES,09-30-2023,09-30-2023,"$1,26,680.94",A11001,Graniti Vicentia LLC,3
CAMBRIA NASHVILLE,#N/A,33315/8,,PUBLIC AREAS SEATING,09-30-2023,09-30-2023,"$8,657.69",A11001,Graniti Vicentia LLC,3
CAMBRIA NASHVILLE,#N/A,35040,,Add on pavers,09-30-2023,09-30-2023,"$1,168.13",A11001,Graniti Vicentia LLC,3
CAMBRIA NASHVILLE,#N/A,33309/13,,PUBLIC AREAS FINISHES,10-09-2023,10-09-2023,"$1,679.12",A11001,Graniti Vicentia LLC,3
CAMBRIA NASHVILLE,#N/A,34424,,Add on wall coverings,10-09-2023,10-09-2023,"$22,216.50",A11001,Graniti Vicentia LLC,3
CAMBRIA NASHVILLE,#N/A,34959/4,,Add on tiles,10-09-2023,10-09-2023,"$1,511.25",A11001,Graniti Vicentia LLC,3
CAMBRIA NASHVILLE,#N/A,35093/4,,Add on tiles /Flooring,10-09-2023,10-09-2023,"$1,103.69",A11001,Graniti Vicentia LLC,3
CAMBRIA NASHVILLE,#N/A,33318/5,,PUBLIC AREAS MILLWORK,10-19-2023,10-19-2023,"$31,953.85",A11001,Graniti Vicentia LLC,3
CAMBRIA NASHVILLE,#N/A,34701,,Add on meeting room table & chairs,10-19-2023,10-19-2023,"$8,788.00",A11001,Graniti Vicentia LLC,3
CAMBRIA NASHVILLE,#N/A,35040/2,,Add on pavers,10-31-2023,10-31-2023,$300.00,A11001,Graniti Vicentia LLC,3
CAMBRIA NASHVILLE,#N/A,35093/6,,Add on tiles /Flooring,11-13-2023,11-13-2023,"$1,849.02",A11001,Graniti Vicentia LLC,3
CAMBRIA NASHVILLE,#N/A,35185,,led strips for bed bases,11-17-2023,11-17-2023,"$11,554.90",A11001,Graniti Vicentia LLC,3
CAMBRIA NASHVILLE,#N/A,35174,,Fireplace panel,01-24-2024,01-24-2024,"$1,500.00",A11001,Graniti Vicentia LLC,3
CAMBRIA NASHVILLE,#N/A,35093/7,,Add on tiles /Flooring,02-02-2024,02-02-2024,"$3,894.80",A11001,Graniti Vicentia LLC,3
CAMBRIA NASHVILLE,#N/A,35461,,Add on corridor lights,04-02-2024,04-02-2024,"$1,630.60",A11001,Graniti Vicentia LLC,3
CAMBRIA NASHVILLE,#N/A,33319/3,,PUBLIC AREAS QUARTZ,06-24-2024,06-24-2024,"$4,216.83",A11001,Graniti Vicentia LLC,3
CAMBRIA NASHVILLE,#N/A,35093/8,,Add on tiles /Flooring,06-25-2024,06-25-2024,"$3,000.00",A11001,Graniti Vicentia LLC,3
CAMBRIA NASHVILLE,#N/A,35185/2,,led strips for bed bases,06-25-2024,06-25-2024,"$9,425.18",A11001,Graniti Vicentia LLC,3
CANDLEWOOD EASTRIDGE TN,#N/A,34726,,Added on items or Missing,10-25-2023,10-25-2023,"$4,865.88",A11001,Graniti Vicentia LLC,3
CANDLEWOOD EASTRIDGE TN,#N/A,34726/3,,Added on items or Missing,12-05-2023,12-05-2023,"$4,545.10",A11001,Graniti Vicentia LLC,3
CANDLEWOOD EASTRIDGE TN,#N/A,34726/4,,Added on items or Missing,12-22-2023,12-22-2023,"$21,686.08",A11001,Graniti Vicentia LLC,3
CANDLEWOOD EASTRIDGE TN,#N/A,34726/6,,Added on items or Missing,02-28-2024,02-28-2024,"$1,995.43",A11001,Graniti Vicentia LLC,3
CANDLEWOOD EASTRIDGE TN,#N/A,34726/7,,Added on items or Missing,02-28-2024,02-28-2024,$288.55,A11001,Graniti Vicentia LLC,3
CANDLEWOOD EASTRIDGE TN,#N/A,34726/8,,Added on items or Missing,03-07-2024,03-07-2024,"$5,686.44",A11001,Graniti Vicentia LLC,3
CANDLEWOOD EASTRIDGE TN,#N/A,34726/10,,Added on items or Missing,05-06-2024,05-06-2024,"$81,717.94",A11001,Graniti Vicentia LLC,3
"Candlewood Suites -Columbus,Oh-Kautilya group",#N/A,35341/5,,PA FINISHES,08-21-2024,08-21-2024,"$7,490.11",A11001,Graniti Vicentia LLC,3
"Candlewood Suites -Columbus,Oh-Kautilya group",#N/A,35343/2,,PA MILLWORK,08-21-2024,08-21-2024,"$3,243.64",A11001,Graniti Vicentia LLC,3
"Candlewood Suites -Columbus,Oh-Kautilya group",#N/A,37620,,,08-23-2024,08-23-2024,"$3,400.00",A11001,Graniti Vicentia LLC,3
"Candlewood Suites -Columbus,Oh-Kautilya group",#N/A,37211/2,,Candlewood Suites -GR & PA,10-02-2024,10-02-2024,$500.00,A11001,Graniti Vicentia LLC,3
"Candlewood Suites -Columbus,Oh-Kautilya group",#N/A,34989/2,,"Candlewood Suites Columbus, OH",06-30-2025,06-30-2025,"$1,990.00",A11001,Graniti Vicentia LLC,3
"Candlewood Suites -Columbus,Oh-Kautilya group",#N/A,35327/4,,GR LIGHTING (Light Bulbs Not Included),06-30-2025,06-30-2025,"$2,568.36",A11001,Graniti Vicentia LLC,3
"Candlewood Suites -Columbus,Oh-Kautilya group",#N/A,35334/2,,GR BATH,06-30-2025,06-30-2025,$346.29,A11001,Graniti Vicentia LLC,3
"Candlewood Suites -Columbus,Oh-Kautilya group",#N/A,35338/2,,PA CASEGOODS,06-30-2025,06-30-2025,"$3,101.03",A11001,Graniti Vicentia LLC,3
"Candlewood Suites -Columbus,Oh-Kautilya group",#N/A,35344/2,,PA QUARTZ,06-30-2025,06-30-2025,$88.69,A11001,Graniti Vicentia LLC,3
"Candlewood Suites -Columbus,Oh-Kautilya group",#N/A,37241/2,,Candlewood Suites -GR & PA,06-30-2025,06-30-2025,"$8,248.17",A11001,Graniti Vicentia LLC,3
"Candlewood Suites -Columbus,Oh-Kautilya group",#N/A,38012,,,06-30-2025,06-30-2025,$317.97,A11001,Graniti Vicentia LLC,3
"Comfort Inn, Rebrand, Princeton IL",#N/A,37238,,,01-03-2025,01-03-2025,"$5,161.77",A11001,Graniti Vicentia LLC,3
"Comfort Inn, Rebrand, Princeton IL",#N/A,37238/2,,,06-16-2025,06-16-2025,"$10,319.63",A11001,Graniti Vicentia LLC,3
Courtyard Denver Stadium,#N/A,37948,,,03-07-2025,03-07-2025,"$20,499.12",A11001,Graniti Vicentia LLC,3
COURY HOSPITALITY (TRIBUTE SEAHAUS),#N/A,37747/2,1025.3044,,03-14-2025,03-14-2025,"$54,734.37",A11001,Graniti Vicentia LLC,3
COURY HOSPITALITY (TRIBUTE SEAHAUS),1937,37747/3,1025.3044,,03-24-2025,03-24-2025,"$37,689.36",A11001,Graniti Vicentia LLC,3
COURY HOSPITALITY (TRIBUTE SEAHAUS),#N/A,37747/4,1025.3044,,03-27-2025,03-27-2025,"$36,348.03",A11001,Graniti Vicentia LLC,3
COURY HOSPITALITY (TRIBUTE SEAHAUS),#N/A,,1025.3057,Tribute Seahaus Atlantic City NJ - Public Area,04-25-2025,04-25-2025,"-$33,427.65",A11001,Graniti Vicentia LLC,3
COURY HOSPITALITY (TRIBUTE SEAHAUS),#N/A,37811/14,1025.3057,Tribute Seahaus Atlantic City NJ - Public Area,06-30-2025,06-30-2025,$0.01,A11001,Graniti Vicentia LLC,3
CPNA Management & Services Inc.,#N/A,36417/10,,,12-31-2024,12-31-2024,"$4,265.74",A11001,Graniti Vicentia LLC,3
Daniel Van Dyke Construction Inc,#N/A,32021/4,,The cottages at blackwood Groves: Cabinets / Tops,04-12-2024,04-12-2024,"$37,133.24",A11001,Graniti Vicentia LLC,3
Daren R Snider Construction,502,34711,,CANDLEWOOD SUITES,07-05-2023,07-05-2023,$35.82,A11001,Graniti Vicentia LLC,3
DFW Joseph Investments LLC,#N/A,,,,12-19-2024,12-19-2024,"-$14,072.50",A11001,Graniti Vicentia LLC,3
DFW Joseph Investments LLC,#N/A,,,,01-24-2025,01-24-2025,"-$14,072.50",A11001,Graniti Vicentia LLC,3
DFW Joseph Investments LLC,1708,37762,,,06-16-2025,06-16-2025,"$9,580.09",A11001,Graniti Vicentia LLC,3
DFW Joseph Investments LLC,1708,37762/2,,,06-16-2025,06-16-2025,"$10,563.01",A11001,Graniti Vicentia LLC,3
DFW Joseph Investments LLC,1708,37051/6,,GR ARTWORK/ MIRROR/ ACCESSORIES,06-30-2025,06-30-2025,"-$15,990.00",A11001,Graniti Vicentia LLC,3
DFW Joseph Investments LLC,1708,37051/7,,GR ARTWORK/ MIRROR/ ACCESSORIES,06-30-2025,06-30-2025,"$51,388.30",A11001,Graniti Vicentia LLC,3
DFW Joseph Investments LLC,1708,37051/8,,GR ARTWORK/ MIRROR/ ACCESSORIES,06-30-2025,06-30-2025,"$13,144.80",A11001,Graniti Vicentia LLC,3
DFW Joseph Investments LLC,1708,37052/10,,GR CASEGOODS,06-30-2025,06-30-2025,$618.56,A11001,Graniti Vicentia LLC,3
DFW Joseph Investments LLC,1708,37052/11,,GR CASEGOODS,06-30-2025,06-30-2025,"$4,982.62",A11001,Graniti Vicentia LLC,3
DFW Joseph Investments LLC,1708,37052/13,,GR CASEGOODS,06-30-2025,06-30-2025,"$53,806.46",A11001,Graniti Vicentia LLC,3
DFW Joseph Investments LLC,1708,37053/4,,GR SEATING,06-30-2025,06-30-2025,"$12,581.85",A11001,Graniti Vicentia LLC,3
DFW Joseph Investments LLC,1708,37060/7,,PA FINISHES ARCHITECTURAL,06-30-2025,06-30-2025,"$7,891.43",A11001,Graniti Vicentia LLC,3
DFW Joseph Investments LLC,1708,37061/4,,PA FURNITURE,06-30-2025,06-30-2025,"$4,207.84",A11001,Graniti Vicentia LLC,3
DFW Joseph Investments LLC,1708,37063/5,,PA SEATING,06-30-2025,06-30-2025,"$9,527.57",A11001,Graniti Vicentia LLC,3
DFW Joseph Investments LLC,1708,37064,,PA LIGHTING,06-30-2025,06-30-2025,"$30,066.91",A11001,Graniti Vicentia LLC,3
DFW Joseph Investments LLC,1708,37066/2,,PA WINDOW TREATMENT,06-30-2025,06-30-2025,"-$1,623.75",A11001,Graniti Vicentia LLC,3
DFW Joseph Investments LLC,1708,37067/2,,PA OUTDOOR FURNITURE,06-30-2025,06-30-2025,"$30,381.88",A11001,Graniti Vicentia LLC,3
DWAYNE CLARK,1708,33184,,,03-08-2023,03-08-2023,"$62,971.37",A11001,Graniti Vicentia LLC,3
DWAYNE CLARK,1708,33663,,Dwaynes House,04-03-2023,04-03-2023,"$6,541.24",A11001,Graniti Vicentia LLC,3
DWAYNE CLARK,523,33815,,Dwanyes House,04-03-2023,04-03-2023,$881.97,A11001,Graniti Vicentia LLC,3
DWAYNE CLARK,523,35020,,Dwaynes House,08-24-2023,08-24-2023,"$1,402.69",A11001,Graniti Vicentia LLC,3
DWAYNE CLARK,523,33246,,,09-05-2023,09-05-2023,"$29,027.96",A11001,Graniti Vicentia LLC,3
DWAYNE CLARK,523,35020/2,,Dwaynes House,10-13-2023,10-13-2023,$676.56,A11001,Graniti Vicentia LLC,3
DWAYNE CLARK,523,36042,,,01-09-2024,01-09-2024,$433.00,A11001,Graniti Vicentia LLC,3
"ECHO SUITES  /MCP Development, Inc",523,35170,,Echo Fort Worth,05-31-2024,05-31-2024,"$26,462.71",A11001,Graniti Vicentia LLC,3
"ECHO SUITES  /MCP Development, Inc",523,35171/2,,Echo Gateway,06-06-2024,06-06-2024,$703.63,A11001,Graniti Vicentia LLC,3
"ECHO SUITES  /MCP Development, Inc",#N/A,35170/2,,Echo Fort Worth,08-26-2024,08-26-2024,"-$3,39,544.55",A11001,Graniti Vicentia LLC,3
"ECHO SUITES  /MCP Development, Inc",#N/A,35171/8,,Echo Gateway,09-17-2024,09-17-2024,"$2,977.98",A11001,Graniti Vicentia LLC,3
"ECHO SUITES  /MCP Development, Inc",#N/A,35171/11,,Echo Gateway,09-30-2024,09-30-2024,$765.99,A11001,Graniti Vicentia LLC,3
"ECHO SUITES  /MCP Development, Inc",#N/A,38173/3,,Echo - Pasadena,04-28-2025,04-28-2025,"$10,337.88",A11001,Graniti Vicentia LLC,3
"ECHO SUITES  /MCP Development, Inc",#N/A,35170/5,,Echo Fort Worth,06-30-2025,06-30-2025,"-$26,462.70",A11001,Graniti Vicentia LLC,3
"ECHO SUITES  /MCP Development, Inc",#N/A,38752,,Echo - Pasadena,06-30-2025,06-30-2025,$893.06,A11001,Graniti Vicentia LLC,3
"ECHO SUITES  /MCP Development, Inc",#N/A,38753,,Echo Katy,06-30-2025,06-30-2025,$893.06,A11001,Graniti Vicentia LLC,3
Econo Lodge Augusta GA,#N/A,34641/5,,Project Name: Econo Lodge Augusta GA,02-29-2024,02-29-2024,"-$10,852.51",A11001,Graniti Vicentia LLC,3
"ELEMENT FORTSMITH, ARKANSAS",#N/A,36942/2,,,08-26-2024,08-26-2024,"$10,590.00",A11001,Graniti Vicentia LLC,3
"ELEMENT FORTSMITH, ARKANSAS",526,36942/3,,,09-11-2024,09-11-2024,$755.95,A11001,Graniti Vicentia LLC,3
"ELEMENT FORTSMITH, ARKANSAS",2959,36942/4,,,09-24-2024,09-24-2024,"$1,626.74",A11001,Graniti Vicentia LLC,3
"ELEMENT FORTSMITH, ARKANSAS",2959,36942/5,,,10-04-2024,10-04-2024,$210.31,A11001,Graniti Vicentia LLC,3
"ELEMENT FORTSMITH, ARKANSAS",2959,36942/7,,,10-04-2024,10-04-2024,"$1,200.00",A11001,Graniti Vicentia LLC,3
"ELEMENT FORTSMITH, ARKANSAS",2959,36942/6,,,10-07-2024,10-07-2024,$715.68,A11001,Graniti Vicentia LLC,3
"ELEMENT FORTSMITH, ARKANSAS",2959,36942/10,,,10-22-2024,10-22-2024,$942.48,A11001,Graniti Vicentia LLC,3
"ELEMENT FORTSMITH, ARKANSAS",2959,36942/8,,,10-22-2024,10-22-2024,$115.72,A11001,Graniti Vicentia LLC,3
"ELEMENT FORTSMITH, ARKANSAS",2959,36942/9,,,10-22-2024,10-22-2024,$92.57,A11001,Graniti Vicentia LLC,3
"ELEMENT FORTSMITH, ARKANSAS",2959,36942/11,,,11-19-2024,11-19-2024,"$11,832.00",A11001,Graniti Vicentia LLC,3
"ELEMENT FORTSMITH, ARKANSAS",2959,36942/12,,,11-25-2024,11-25-2024,"$16,930.32",A11001,Graniti Vicentia LLC,3
"ELEMENT FORTSMITH, ARKANSAS",2959,36726,,GR BATH ACCESSORIES,11-29-2024,11-29-2024,"$7,206.78",A11001,Graniti Vicentia LLC,3
"ELEMENT FORTSMITH, ARKANSAS",2959,36727/7,,GR FINISHES,11-29-2024,11-29-2024,"$29,777.13",A11001,Graniti Vicentia LLC,3
"ELEMENT FORTSMITH, ARKANSAS",2959,36730/6,,PA CASEGOODS,11-29-2024,11-29-2024,"$15,352.86",A11001,Graniti Vicentia LLC,3
"ELEMENT FORTSMITH, ARKANSAS",2959,36731/5,,PA SEATING,11-29-2024,11-29-2024,"$6,650.64",A11001,Graniti Vicentia LLC,3
"ELEMENT FORTSMITH, ARKANSAS",2959,36732/2,,PA LIGHTING,11-29-2024,11-29-2024,$132.33,A11001,Graniti Vicentia LLC,3
"ELEMENT FORTSMITH, ARKANSAS",2959,36733,,PA DECORATIVE PILLOWS,11-29-2024,11-29-2024,$922.79,A11001,Graniti Vicentia LLC,3
"ELEMENT FORTSMITH, ARKANSAS",2959,36735/2,,PA ACCESSORIES,11-29-2024,11-29-2024,"$3,718.02",A11001,Graniti Vicentia LLC,3
"ELEMENT FORTSMITH, ARKANSAS",2959,36739/2,,PA BATH ACCESSORIES,11-29-2024,11-29-2024,"$1,267.58",A11001,Graniti Vicentia LLC,3
"ELEMENT FORTSMITH, ARKANSAS",2959,36740/7,,PA FINISHES,11-29-2024,11-29-2024,"$23,198.27",A11001,Graniti Vicentia LLC,3
"ELEMENT FORTSMITH, ARKANSAS",2959,36942/14,,,06-30-2025,06-30-2025,"$57,633.73",A11001,Graniti Vicentia LLC,3
Fairfield Denver,2959,38690/2,,GR - Wallcovering Change Order,02-19-2025,02-19-2025,"$12,799.92",A11001,Graniti Vicentia LLC,3
Fairfield Denver,2959,39075,,,06-30-2025,06-30-2025,"$14,364.57",A11001,Graniti Vicentia LLC,3
"Fairfield Inn - Jeffersonville, OH",#N/A,36273,,ART WORK,06-30-2025,06-30-2025,"$5,444.27",A11001,Graniti Vicentia LLC,3
"Fairfield Inn - Jeffersonville, OH",#N/A,36274,,CASEGOODS,06-30-2025,06-30-2025,"$7,805.93",A11001,Graniti Vicentia LLC,3
"Fairfield Inn - Jeffersonville, OH",#N/A,36275,,SEATING,06-30-2025,06-30-2025,"$1,156.71",A11001,Graniti Vicentia LLC,3
Fairfield Inn Gadsden AL,#N/A,37750/4,,,12-03-2024,12-03-2024,"$4,036.69",A11001,Graniti Vicentia LLC,3
Fairfield Inn Gadsden AL,#N/A,38650/4,,Public Area - Tiles,02-14-2025,02-14-2025,"$6,260.34",A11001,Graniti Vicentia LLC,3
Fairfield Inn Gadsden AL,#N/A,38282,,,04-04-2025,04-04-2025,"$1,004.46",A11001,Graniti Vicentia LLC,3
Fairfield Inn Gadsden AL,#N/A,38282/2,,,04-04-2025,04-04-2025,$776.99,A11001,Graniti Vicentia LLC,3
Fairfield Inn Gadsden AL,#N/A,38282/3,,,04-04-2025,04-04-2025,"$3,044.93",A11001,Graniti Vicentia LLC,3
Fairfield Inn Gadsden AL,#N/A,38282/5,,,04-04-2025,04-04-2025,$166.27,A11001,Graniti Vicentia LLC,3
Fairfield Inn Gadsden AL,#N/A,38282/4,,,04-04-2025,04-08-2025,$117.33,A11001,Graniti Vicentia LLC,3
Fairfield Inn Gadsden AL,#N/A,38282/6,,,04-15-2025,04-15-2025,$74.30,A11001,Graniti Vicentia LLC,3
Fairfield Inn Gadsden AL,#N/A,38282/9,,,06-16-2025,06-16-2025,$103.08,A11001,Graniti Vicentia LLC,3
Fairfield Inn Gadsden AL,#N/A,38282/10,,,06-30-2025,06-30-2025,$575.48,A11001,Graniti Vicentia LLC,3
Fairfield Inn Gadsden AL,#N/A,38282/7,,,06-30-2025,06-30-2025,$845.58,A11001,Graniti Vicentia LLC,3
"Fairfield Inn GV HEADQUARTERS, HOUSTON",#N/A,33872,,FAIRFIELD INN- MODEL ROOM,06-30-2025,06-30-2025,$2.00,A11001,Graniti Vicentia LLC,3
Fairfield Townplace East Hartford,#N/A,38682,,,02-03-2025,02-03-2025,"$40,000.00",A11001,Graniti Vicentia LLC,3
Fairfield Townplace East Hartford,#N/A,37579,,,06-24-2025,06-24-2025,"$2,437.45",A11001,Graniti Vicentia LLC,3
Fairfield Townplace East Hartford,#N/A,35809,,PA SEATING- FF,06-30-2025,06-30-2025,"$33,522.59",A11001,Graniti Vicentia LLC,3
Galaxy Hotels Group,#N/A,38499,"Dhillon Hotel, LLC",Park Inn by Radisson,06-30-2025,06-30-2025,"$73,716.50",A11001,Graniti Vicentia LLC,3
Grand Sierra Resort & Casino,#N/A,30580/6,346604,LOFT 2 SUITES,12-31-2021,12-31-2021,"$16,549.85",A11001,Graniti Vicentia LLC,3
Grand Sierra Resort & Casino,1556,30582/8,347362,IMPERIAL_QUEEN CONN. SUITES,12-31-2021,12-31-2021,"$31,625.67",A11001,Graniti Vicentia LLC,3
Grand Sierra Resort & Casino,546,30577/9,,AMBASSADOR SUITES,03-15-2022,03-15-2022,"$4,307.03",A11001,Graniti Vicentia LLC,3
Grand Sierra Resort & Casino,546,30577/10,,AMBASSADOR SUITES,04-14-2022,04-14-2022,"$4,100.00",A11001,Graniti Vicentia LLC,3
Grand Sierra Resort & Casino,546,30577/11,,AMBASSADOR SUITES,04-30-2022,04-30-2022,"$1,850.22",A11001,Graniti Vicentia LLC,3
Grand Sierra Resort & Casino,546,30577/12,,AMBASSADOR SUITES,06-13-2022,06-13-2022,"$1,283.34",A11001,Graniti Vicentia LLC,3
Grand Sierra Resort & Casino,546,30579/18,346146,LOFT 1 SUITES,09-14-2022,09-14-2022,"$2,746.42",A11001,Graniti Vicentia LLC,3
Grand Sierra Resort & Casino,546,30581/19,347070,IMPERIAL_ EXECUTIVE SUITES,09-19-2022,09-19-2022,$713.41,A11001,Graniti Vicentia LLC,3
Grand Sierra Resort & Casino,546,32055/2,P0358303,GSR Bowling Alley VIP Lounge - PHASE 1,12-16-2022,12-16-2022,$0.01,A11001,Graniti Vicentia LLC,3
Grand Sierra Resort & Casino,546,32180/2,P0358249-BA,GSR Regular Rooms Phase 3 Bath Accessories,03-08-2024,03-08-2024,"$35,728.54",A11001,Graniti Vicentia LLC,3
Grand Sierra Resort & Casino,546,32302/2,,GSR STANDARD ROOMS STOCK ITEMS,03-08-2024,03-08-2024,"$2,855.80",A11001,Graniti Vicentia LLC,3
Grand Sierra Resort & Casino,546,32302/3,,GSR STANDARD ROOMS STOCK ITEMS,03-08-2024,03-08-2024,"$5,807.50",A11001,Graniti Vicentia LLC,3
Grand Sierra Resort & Casino,546,32180/3,P0358249-BA,GSR Regular Rooms Phase 3 Bath Accessories,03-20-2024,03-20-2024,"$43,470.00",A11001,Graniti Vicentia LLC,3
Grand Sierra Resort & Casino,546,32302/4,,GSR STANDARD ROOMS STOCK ITEMS,03-20-2024,03-20-2024,"$4,683.42",A11001,Graniti Vicentia LLC,3
Grand Sierra Resort & Casino,546,32302/5,,GSR STANDARD ROOMS STOCK ITEMS,03-20-2024,03-20-2024,"$1,380.00",A11001,Graniti Vicentia LLC,3
Grand Sierra Resort & Casino,546,32176/2,P0358249-QZ,GSR Regular Rooms Phase 3 Quartz,03-31-2024,03-31-2024,"$25,000.23",A11001,Graniti Vicentia LLC,3
Grand Sierra Resort & Casino,546,32302/6,,GSR STANDARD ROOMS STOCK ITEMS,05-23-2024,05-23-2024,"$3,654.00",A11001,Graniti Vicentia LLC,3
Grand Sierra Resort & Casino,546,30412/14,348741,"Phase 2: GSR Presidential Suites (2465, 2471, 2565, 2571, 2665, 2671)",06-11-2024,06-11-2024,"$2,694.89",A11001,Graniti Vicentia LLC,3
Grand Sierra Resort & Casino,546,30578/12,348289,"Phase 2: DIPLOMAT SUITES (2435, 2335, 2235, 2135, 2035, 1935)",06-11-2024,06-11-2024,"$1,482.48",A11001,Graniti Vicentia LLC,3
Grand Sierra Resort & Casino,546,32215,361852,GSR Summit Room Elevator Lobby and Corridor Phase 2,06-11-2024,06-11-2024,"$34,592.23",A11001,Graniti Vicentia LLC,3
Grand Sierra Resort & Casino,546,32467,362630,GSR BOWLING ALLEY SUSPENDED MIRROR MOSAICS & WOOD MOSAIC ART,06-11-2024,06-11-2024,"$11,975.64",A11001,Graniti Vicentia LLC,3
Grand Sierra Resort & Casino,546,30577/13,,AMBASSADOR SUITES,06-28-2024,06-28-2024,"$3,491.26",A11001,Graniti Vicentia LLC,3
Grand Sierra Resort & Casino,546,32302/7,,GSR STANDARD ROOMS STOCK ITEMS,06-28-2024,06-28-2024,"$11,703.30",A11001,Graniti Vicentia LLC,3
Grand Sierra Resort & Casino,546,32177/6,P0358249-TILE,GSR Regular Rooms Phase 3 Tiles,06-28-2024,07-11-2024,"$1,26,111.52",A11001,Graniti Vicentia LLC,3
Grand Sierra Resort & Casino,546,35623,400829,DUAL SLIDING SHOWER DOOR,06-13-2024,10-11-2024,"$10,540.00",A11001,Graniti Vicentia LLC,3
Grand Sierra Resort & Casino,546,37968,P0424948,Additional Slabs and Base,10-21-2024,11-20-2024,"$2,78,788.03",A11001,Graniti Vicentia LLC,3
Grand Sierra Resort & Casino,546,38244,P0429163,Additional Quartz Slabs - Suites,11-07-2024,12-07-2024,"$53,176.23",A11001,Graniti Vicentia LLC,3
Grand Sierra Resort & Casino,546,30577/14,,AMBASSADOR SUITES,06-30-2025,06-30-2025,"$44,390.41",A11001,Graniti Vicentia LLC,3
Grand Sierra Resort & Casino,546,32302/8,,GSR STANDARD ROOMS STOCK ITEMS,06-30-2025,06-30-2025,$818.42,A11001,Graniti Vicentia LLC,3
Graniti Vicentia,546,32086/12,,New Warehouse (IMPROVEMENTS),11-06-2023,12-06-2023,"$17,952.95",A11001,Graniti Vicentia LLC,3
Graniti Vicentia,546,33652,,,08-01-2024,08-31-2024,$900.00,A11001,Graniti Vicentia LLC,3
Hampton Downtown Montgomery,1938,35524,,GUEST ROOMS BATH,06-30-2025,06-30-2025,"$60,289.00",A11001,Graniti Vicentia LLC,3
"Hampton Inn & Suites  Enterprise,AL",1938,34358,,GUEST ROOMS ARTWORK/MIRROR,03-18-2025,03-18-2025,"$22,311.76",A11001,Graniti Vicentia LLC,3
"Hampton Inn & Suites  Enterprise,AL",2761,34357,,GUEST ROOMS LIGHTING,03-19-2025,03-19-2025,"$19,694.75",A11001,Graniti Vicentia LLC,3
"Hampton Inn & Suites  Enterprise,AL",#N/A,34363/4,,GUEST ROOMS BATH,03-24-2025,03-24-2025,"$3,321.44",A11001,Graniti Vicentia LLC,3
"Hampton Inn & Suites  Enterprise,AL",#N/A,34364/2,,GUEST ROOMS FINISHES,03-24-2025,03-24-2025,"$24,094.14",A11001,Graniti Vicentia LLC,3
"Hampton Inn & Suites  Enterprise,AL",#N/A,34364/6,,GUEST ROOMS FINISHES,04-21-2025,04-21-2025,"$20,281.24",A11001,Graniti Vicentia LLC,3
"Hampton Inn & Suites  Enterprise,AL",#N/A,34356,,GUEST ROOMS SEATING,04-23-2025,04-23-2025,"$7,630.50",A11001,Graniti Vicentia LLC,3
"Hampton Inn & Suites  Enterprise,AL",#N/A,34363/7,,GUEST ROOMS BATH,04-25-2025,04-25-2025,"$18,872.76",A11001,Graniti Vicentia LLC,3
"Hampton Inn & Suites  Enterprise,AL",#N/A,34363/8,,GUEST ROOMS BATH,05-12-2025,05-12-2025,$350.00,A11001,Graniti Vicentia LLC,3
"Hampton Inn & Suites  Enterprise,AL",#N/A,34358/2,,GUEST ROOMS ARTWORK/MIRROR,05-27-2025,05-27-2025,$75.54,A11001,Graniti Vicentia LLC,3
"Hampton Inn & Suites  Enterprise,AL",#N/A,34364/7,,GUEST ROOMS FINISHES,05-27-2025,05-27-2025,"$8,498.00",A11001,Graniti Vicentia LLC,3
"Hampton Inn & Suites  Enterprise,AL",#N/A,34356/2,,GUEST ROOMS SEATING,06-30-2025,06-30-2025,"$5,762.22",A11001,Graniti Vicentia LLC,3
"Hampton Inn & Suites  Enterprise,AL",#N/A,34357/2,,GUEST ROOMS LIGHTING,06-30-2025,06-30-2025,$261.60,A11001,Graniti Vicentia LLC,3
"Hampton Inn & Suites  Enterprise,AL",#N/A,34364/8,,GUEST ROOMS FINISHES,06-30-2025,06-30-2025,"$17,160.14",A11001,Graniti Vicentia LLC,3
Hampton Inn Katy TX,#N/A,37930/4,,,02-05-2025,03-07-2025,"$18,846.41",A11001,Graniti Vicentia LLC,3
Hampton Inn Katy TX,#N/A,36367/11,,FINISHES -GR,04-23-2025,05-23-2025,"$33,670.87",A11001,Graniti Vicentia LLC,3
Hampton Inn Katy TX,#N/A,36374/2,,OUTDOOR - PA,04-23-2025,05-23-2025,"$7,338.91",A11001,Graniti Vicentia LLC,3
Hampton Inn Katy TX,#N/A,36357/6,,SEATING - GR,06-16-2025,07-16-2025,"$5,604.97",A11001,Graniti Vicentia LLC,3
Hampton Inn Katy TX,#N/A,36365/3,,QUARTZ - GR,06-16-2025,07-16-2025,"$9,022.04",A11001,Graniti Vicentia LLC,3
Hampton Inn Katy TX,#N/A,36368/4,,SEATING -PA,06-16-2025,07-16-2025,"$3,735.91",A11001,Graniti Vicentia LLC,3
Hampton Inn Katy TX,#N/A,36374,,OUTDOOR - PA,06-30-2025,07-30-2025,"$2,278.08",A11001,Graniti Vicentia LLC,3
Hampton Inn Katy TX,#N/A,39070,,,06-30-2025,07-30-2025,-$251.88,A11001,Graniti Vicentia LLC,3
Hampton Inn Nashville,#N/A,38613/2,,,03-06-2025,03-06-2025,"$4,811.44",A11001,Graniti Vicentia LLC,3
Hampton Inn Nashville,#N/A,38613,,,06-30-2025,06-30-2025,"$8,542.30",A11001,Graniti Vicentia LLC,3
Hampton Inn Nashville,#N/A,38637/2,,Hampton Inn Nashville - Public Area,06-30-2025,06-30-2025,"$10,151.00",A11001,Graniti Vicentia LLC,3
HAMPTON INN PEARLAND,#N/A,34826/2,,,07-21-2023,07-21-2023,"$1,043.70",A11001,Graniti Vicentia LLC,3
HAMPTON INN PEARLAND,#N/A,33807/6,,FINISHES - TILES,08-25-2023,08-25-2023,"$1,598.56",A11001,Graniti Vicentia LLC,3
HAMPTON INN PEARLAND,#N/A,36102,,,07-31-2024,09-29-2024,"$13,808.21",A11001,Graniti Vicentia LLC,3
HAMPTON INN PEARLAND,#N/A,37434,,,11-25-2024,11-25-2024,"$1,212.87",A11001,Graniti Vicentia LLC,3
HAMPTON INN PEARLAND,#N/A,34554/3,,PUBLIC AREAS SEATING,11-29-2024,11-29-2024,"$8,703.17",A11001,Graniti Vicentia LLC,3
HAMPTON INN PEARLAND,#N/A,34557/2,,PUBLIC AREAS WINDOW TREATMENTS,11-29-2024,11-29-2024,$531.16,A11001,Graniti Vicentia LLC,3
HAMPTON INN PEARLAND,#N/A,34558/3,,PUBLIC AREAS ARTWORK,11-29-2024,11-29-2024,$280.75,A11001,Graniti Vicentia LLC,3
HAMPTON INN PEARLAND,#N/A,34559/5,,PUBLIC AREAS FINISHES,11-29-2024,11-29-2024,$485.47,A11001,Graniti Vicentia LLC,3
HAMPTON INN PEARLAND,#N/A,34559/6,,PUBLIC AREAS FINISHES,11-29-2024,11-29-2024,"$3,048.68",A11001,Graniti Vicentia LLC,3
HAMPTON INN PEARLAND,#N/A,34561/3,,PUBLIC AREAS QUARTZ,11-29-2024,11-29-2024,$61.38,A11001,Graniti Vicentia LLC,3
HAMPTON INN PEARLAND,#N/A,35036/3,,BATH ACCESSORIES ADDS,11-29-2024,11-29-2024,"$4,670.33",A11001,Graniti Vicentia LLC,3
HAMPTON INN PEARLAND,#N/A,35036/4,,BATH ACCESSORIES ADDS,11-29-2024,11-29-2024,"$1,727.67",A11001,Graniti Vicentia LLC,3
HAMPTON INN PEARLAND,#N/A,37434/5,,,01-15-2025,01-15-2025,$655.76,A11001,Graniti Vicentia LLC,3
HAMPTON INN PEARLAND,#N/A,34559/7,,PUBLIC AREAS FINISHES,06-30-2025,06-30-2025,"$2,995.22",A11001,Graniti Vicentia LLC,3
HAMPTON INN PEARLAND,#N/A,37434/2,,,06-30-2025,06-30-2025,$331.54,A11001,Graniti Vicentia LLC,3
HAMPTON INN PEARLAND,#N/A,37434/3,,,06-30-2025,06-30-2025,"$1,810.19",A11001,Graniti Vicentia LLC,3
Hampton Inn Rosenberg,#N/A,34037/10,,BATH,08-16-2024,08-16-2024,$75.78,A11001,Graniti Vicentia LLC,3
Hampton Inn Rosenberg,#N/A,38445,,,01-31-2025,01-31-2025,$410.27,A11001,Graniti Vicentia LLC,3
Hampton Inn Rosenberg,#N/A,37972,,SEATING -PA,04-08-2025,04-08-2025,"$13,291.63",A11001,Graniti Vicentia LLC,3
Hampton Inn Rosenberg,#N/A,37977/3,,MILLWORK - PA,04-08-2025,04-08-2025,"$26,640.93",A11001,Graniti Vicentia LLC,3
Hampton Inn Rosenberg,#N/A,37972/2,,SEATING -PA,05-13-2025,05-13-2025,"$16,689.75",A11001,Graniti Vicentia LLC,3
Hampton Inn Rosenberg,#N/A,34038/10,,FINISHES,06-30-2025,06-30-2025,$0.02,A11001,Graniti Vicentia LLC,3
Hampton Inn Rosenberg,#N/A,37972/3,,SEATING -PA,06-30-2025,06-30-2025,"$5,763.23",A11001,Graniti Vicentia LLC,3
Hampton Inn Rosenberg,#N/A,37976/10,,FINISHES - PA,06-30-2025,06-30-2025,"$5,771.24",A11001,Graniti Vicentia LLC,3
Hampton Inn Rosenberg,#N/A,37976/11,,FINISHES - PA,06-30-2025,06-30-2025,"$14,057.35",A11001,Graniti Vicentia LLC,3
Hampton Inn Rosenberg,#N/A,37976/5,,FINISHES - PA,06-30-2025,06-30-2025,$232.74,A11001,Graniti Vicentia LLC,3
Hampton Inn Rosenberg,#N/A,37977,,MILLWORK - PA,06-30-2025,06-30-2025,"$19,649.75",A11001,Graniti Vicentia LLC,3
Hampton Inn Rosenberg,#N/A,37978,,QUARTZ-PA,06-30-2025,06-30-2025,$531.64,A11001,Graniti Vicentia LLC,3
Hampton Inn Rosenberg,#N/A,37978/2,,QUARTZ-PA,06-30-2025,06-30-2025,"$12,930.94",A11001,Graniti Vicentia LLC,3
Hampton Inn Rosenberg,#N/A,38548,,PA Lighting,06-30-2025,06-30-2025,"$7,748.36",A11001,Graniti Vicentia LLC,3
Hawthorn Suites.,#N/A,38520/7,,,06-09-2025,06-09-2025,"$26,475.24",A11001,Graniti Vicentia LLC,3
Hawthorne Suites- Alpine WY,#N/A,38182/2,,,11-19-2024,11-19-2024,"-$6,482.21",A11001,Graniti Vicentia LLC,3
Hawthorne Suites- Alpine WY,#N/A,38182/3,,,06-30-2025,06-30-2025,"$23,864.71",A11001,Graniti Vicentia LLC,3
Hawthorne Suites- Alpine WY,2710,38182/4,,,06-30-2025,06-30-2025,$201.69,A11001,Graniti Vicentia LLC,3
HB Ca,2710,38677,,,02-07-2025,02-07-2025,"$4,789.50",A11001,Graniti Vicentia LLC,3
Hestan Winery,2710,39027,,,06-30-2025,07-30-2025,"$6,220.84",A11001,Graniti Vicentia LLC,3
Hilton Garden Inn Nashville,2593,37229/14,,,12-31-2024,01-30-2025,$173.09,A11001,Graniti Vicentia LLC,3
Hilton Garden Inn Nashville,2519,38274/4,,,04-09-2025,05-09-2025,"$3,953.52",A11001,Graniti Vicentia LLC,3
Hilton Garden Inn Nashville,2884,36499/3,,PA ART WORK,06-30-2025,07-30-2025,$399.98,A11001,Graniti Vicentia LLC,3
Hilton Garden Inn Nashville,2884,36501/2,,PA WINDOW TREATMENT,06-30-2025,07-30-2025,$500.00,A11001,Graniti Vicentia LLC,3
Hilton Garden Inn Nashville,2884,36504/3,,PA - WALL COVERING,06-30-2025,07-30-2025,"$2,465.97",A11001,Graniti Vicentia LLC,3
Hilton Garden Inn Nashville,2884,36506/5,,PA - FINISHES,06-30-2025,07-30-2025,"$1,374.39",A11001,Graniti Vicentia LLC,3
Hilton Garden Inn Nashville,2884,37229/15,,,06-30-2025,07-30-2025,"$5,550.83",A11001,Graniti Vicentia LLC,3
Hilton Garden Inn Nashville,2884,37229/2,,,06-30-2025,07-30-2025,"$3,474.30",A11001,Graniti Vicentia LLC,3
Hilton Garden Inn Nashville,2884,38274/2,,,06-30-2025,07-30-2025,"$11,548.32",A11001,Graniti Vicentia LLC,3
HILTON WARWICK,2884,37137,PO-HILTON WARWICK,Sanjay Patel,08-01-2024,08-01-2024,$270.63,A11001,Graniti Vicentia LLC,3
"Holiday Inn Express - Zion, IL",2884,33668/2,,Holiday Inn Express,03-24-2023,03-24-2023,"-$9,360.00",A11001,Graniti Vicentia LLC,3
Holiday Inn Pauls Valley - Pete Patel,#N/A,35022/2,,Holiday Inn Express - Surrounds,08-25-2023,08-25-2023,"$2,770.00",A11001,Graniti Vicentia LLC,3
Holiday Inn Pauls Valley - Pete Patel,#N/A,36298,,,03-12-2024,03-12-2024,"$1,723.71",A11001,Graniti Vicentia LLC,3
"HOME 2 SUITES - Lake Jackson, TX",#N/A,38179,,,10-29-2024,10-29-2024,"$2,260.52",A11001,Graniti Vicentia LLC,3
"HOME 2 SUITES - Lake Jackson, TX",#N/A,38179/2,,,11-21-2024,11-21-2024,$282.87,A11001,Graniti Vicentia LLC,3
"HOME 2 SUITES - Lake Jackson, TX",2677,38369,,,11-21-2024,11-21-2024,"$2,967.57",A11001,Graniti Vicentia LLC,3
"HOME 2 SUITES - Lake Jackson, TX",2677,38369/2,,,12-09-2024,12-09-2024,"$2,846.49",A11001,Graniti Vicentia LLC,3
"HOME 2 SUITES - Lake Jackson, TX",2677,35400/3,,PUBLIC AREAS OUTDOOR,12-12-2024,12-12-2024,"$15,126.36",A11001,Graniti Vicentia LLC,3
"HOME 2 SUITES - Lake Jackson, TX",2677,35389/3,,GUEST ROOMS CASEGOODS,12-30-2024,12-30-2024,"$66,902.03",A11001,Graniti Vicentia LLC,3
"HOME 2 SUITES - Lake Jackson, TX",2677,36941/2,,"HOME 2 SUITES - Lake Jackson, TX - Extra Items",12-31-2024,12-31-2024,"$7,001.38",A11001,Graniti Vicentia LLC,3
"HOME 2 SUITES - Lake Jackson, TX",2677,35385/3,,GUEST ROOMS SEATING,06-30-2025,06-30-2025,"$5,355.57",A11001,Graniti Vicentia LLC,3
"HOME 2 SUITES - Lake Jackson, TX",2677,35395/2,,PUBLIC AREAS LIGHTING,06-30-2025,06-30-2025,$188.42,A11001,Graniti Vicentia LLC,3
"HOME 2 SUITES - Lake Jackson, TX",2677,35397/2,,PUBLIC AREAS WINDOW TREATMENTS,06-30-2025,06-30-2025,"$2,640.02",A11001,Graniti Vicentia LLC,3
"HOME 2 SUITES - Lake Jackson, TX",2677,35403/2,,ACCESSORIES,06-30-2025,06-30-2025,$40.20,A11001,Graniti Vicentia LLC,3
"HOME 2 SUITES - Lake Jackson, TX",2677,36941,,"HOME 2 SUITES - Lake Jackson, TX - Extra Items",06-30-2025,06-30-2025,"$7,292.01",A11001,Graniti Vicentia LLC,3
"HOME 2 SUITES - Lake Jackson, TX",2677,36941/3,,"HOME 2 SUITES - Lake Jackson, TX - Extra Items",06-30-2025,06-30-2025,"$9,183.93",A11001,Graniti Vicentia LLC,3
Home 2 Suites Phoenix AZ,2677,34493,,,06-28-2023,06-28-2023,"$7,282.50",A11001,Graniti Vicentia LLC,3
"Hometown Inn & Suites, Memphis TN",2677,36617,,GR SEATING,04-19-2024,04-19-2024,$796.00,A11001,Graniti Vicentia LLC,3
"Hometown Inn & Suites, Memphis TN",#N/A,37415,,,08-30-2024,08-30-2024,"$3,971.91",A11001,Graniti Vicentia LLC,3
"Hometown Inn & Suites, Memphis TN",#N/A,38010,,,10-21-2024,10-21-2024,$251.88,A11001,Graniti Vicentia LLC,3
"Hometown Inn & Suites, Memphis TN",#N/A,36798,,PA  DECORATIVE PANELS,10-23-2024,10-23-2024,"$10,941.57",A11001,Graniti Vicentia LLC,3
"Hometown Inn & Suites, Memphis TN",#N/A,36801/2,,PA CASEGOODS,11-29-2024,11-29-2024,"$10,711.73",A11001,Graniti Vicentia LLC,3
"Hometown Inn & Suites, Memphis TN",#N/A,36797,,PA ARTWORK,06-30-2025,06-30-2025,$143.61,A11001,Graniti Vicentia LLC,3
Homewood Suites by Hilton,#N/A,38757,,Chairs,03-17-2025,03-17-2025,"$11,357.89",A11001,Graniti Vicentia LLC,3
Hotel Beacon NYC,#N/A,38064/3,,GR CASEGOODS,06-16-2025,06-16-2025,"$2,656.25",A11001,Graniti Vicentia LLC,3
Hotel Beacon NYC,#N/A,38078,,GR COUNTERTOP @ WET BARS - V.I.F,06-16-2025,06-16-2025,"$4,746.20",A11001,Graniti Vicentia LLC,3
Hotel Beacon NYC,#N/A,38072,,GR UPHOLSTERY SEATING,06-30-2025,06-30-2025,"$10,717.11",A11001,Graniti Vicentia LLC,3
Hotel Beacon NYC,#N/A,38074,,GR LAQUER DOORS- V.I.F,06-30-2025,06-30-2025,"$1,504.84",A11001,Graniti Vicentia LLC,3
Hotel Beacon NYC,#N/A,38075/2,,GR KITCHEN CABINETRY - V.I.F,06-30-2025,06-30-2025,"$3,051.67",A11001,Graniti Vicentia LLC,3
Hotel Beacon NYC,#N/A,38077/2,,GR WET BAR CABINETRY - V.I.F,06-30-2025,06-30-2025,"$6,195.86",A11001,Graniti Vicentia LLC,3
Hotel Beacon NYC,#N/A,38105/3,,GR CASEGOODS,06-30-2025,06-30-2025,"$48,695.45",A11001,Graniti Vicentia LLC,3
Hotel Beacon NYC,#N/A,38112,,GR UPHOLSTERY SEATING,06-30-2025,06-30-2025,"$26,077.23",A11001,Graniti Vicentia LLC,3
"Hotel Tops USA/La Quinta Albany, GA",#N/A,36049,,LIGHTING- FF&E,06-30-2025,06-30-2025,"$31,678.37",A11001,Graniti Vicentia LLC,3
Imagine Porcelain Co. IPC.,#N/A,36932,po-nash,,05-16-2024,05-16-2024,$125.00,A11001,Graniti Vicentia LLC,3
Imagine Porcelain Co. IPC.,#N/A,35789/3,po-Rafael Movento,,06-30-2025,06-30-2025,"$1,875.00",A11001,Graniti Vicentia LLC,3
Imagine Porcelain Co. IPC.,567,36849/11,po-pete res,,06-30-2025,06-30-2025,"$12,524.55",A11001,Graniti Vicentia LLC,3
Innovativo Design,567,33620,,Offices,11-21-2022,11-21-2022,"$1,674.08",A11001,Graniti Vicentia LLC,3
Innovativo Design,567,33613,,Nancy Paolino - Lounge Chairs (Personal),03-16-2023,03-16-2023,"$1,012.00",A11001,Graniti Vicentia LLC,3
Jaimin Patel,#N/A,34868/7,,"Element ft Smith, AR",09-27-2024,09-27-2024,"$39,790.19",A11001,Graniti Vicentia LLC,3
Jaimin Patel,#N/A,36626,,"Residence Inn, Ft. Smith AR - Guest Room & Guest Bath",12-31-2024,12-31-2024,"$15,707.80",A11001,Graniti Vicentia LLC,3
Jaimin Patel,571,35071/2,,OUTDOOR FURNITURE,01-03-2025,01-07-2025,"$3,709.62",A11001,Graniti Vicentia LLC,3
Jaimin Patel,571,34486/6,,SHOWER/BATH ACCESSORIES,06-30-2025,06-30-2025,"$4,830.00",A11001,Graniti Vicentia LLC,3
Jaimin Patel,571,34487/3,,MILLWORK & COUNTERTOPS,06-30-2025,06-30-2025,"$5,496.76",A11001,Graniti Vicentia LLC,3
Jaimin Patel,571,35012/10,,"Element Ft. Smith, AR",06-30-2025,06-30-2025,$969.83,A11001,Graniti Vicentia LLC,3
Jaimin Patel,571,35012/11,,"Element Ft. Smith, AR",06-30-2025,06-30-2025,"$1,666.47",A11001,Graniti Vicentia LLC,3
Jaimin Patel,571,35012/3,,"Element Ft. Smith, AR",06-30-2025,06-30-2025,$41.79,A11001,Graniti Vicentia LLC,3
Jaimin Patel,571,35062,,PA LIGHTING - FF&E,06-30-2025,06-30-2025,"$12,203.95",A11001,Graniti Vicentia LLC,3
Jaimin Patel,571,35063/3,,PA SEATING -FF&E,06-30-2025,06-30-2025,"$2,425.26",A11001,Graniti Vicentia LLC,3
Jaimin Patel,571,35064,,PA WINDOW TREATMENT-FF&E- TBD,06-30-2025,06-30-2025,"$22,144.35",A11001,Graniti Vicentia LLC,3
Jaimin Patel,571,35065/6,,PA FLOOR FINISHES,06-30-2025,06-30-2025,"$4,679.41",A11001,Graniti Vicentia LLC,3
Jaimin Patel,571,35066,,PA VINYL WALLCOVERING-FF&E,06-30-2025,06-30-2025,"$26,764.75",A11001,Graniti Vicentia LLC,3
Jaimin Patel,571,35067/2,,PA WALL TILE-FF,06-30-2025,06-30-2025,"$1,308.35",A11001,Graniti Vicentia LLC,3
Jaimin Patel,571,35068,,PA ACCESSORIES-FF,06-30-2025,06-30-2025,$241.52,A11001,Graniti Vicentia LLC,3
Jaimin Patel,571,35068/2,,PA ACCESSORIES-FF,06-30-2025,06-30-2025,$118.36,A11001,Graniti Vicentia LLC,3
Jaimin Patel,571,35069/3,,PA MILLWORK- GC ITEMS,06-30-2025,06-30-2025,$88.15,A11001,Graniti Vicentia LLC,3
Jaimin Patel,571,35071/3,,OUTDOOR FURNITURE,06-30-2025,06-30-2025,$586.16,A11001,Graniti Vicentia LLC,3
Jaimin Patel,571,36625,,,06-30-2025,06-30-2025,"$8,710.45",A11001,Graniti Vicentia LLC,3
"Jay Sun Hospitality LLC / La Quinta La Habra,CA",571,37095,,,06-03-2024,06-03-2024,$613.83,A11001,Graniti Vicentia LLC,3
"Jay Sun Hospitality LLC / La Quinta La Habra,CA",571,36231/2,,GR SEATING - FF&E,10-31-2024,10-31-2024,"$5,421.80",A11001,Graniti Vicentia LLC,3
"Jay Sun Hospitality LLC / La Quinta La Habra,CA",#N/A,36235/2,,PA SEATING- FF&E,10-31-2024,10-31-2024,"$2,403.40",A11001,Graniti Vicentia LLC,3
"Jay Sun Hospitality LLC / La Quinta La Habra,CA",#N/A,36235,,PA SEATING- FF&E,11-11-2024,11-11-2024,"$4,080.90",A11001,Graniti Vicentia LLC,3
"Jay Sun Hospitality LLC / La Quinta La Habra,CA",#N/A,36231/3,,GR SEATING - FF&E,12-02-2024,12-02-2024,"$7,620.40",A11001,Graniti Vicentia LLC,3
"Jay Sun Hospitality LLC / La Quinta La Habra,CA",#N/A,36233,,GR FINISHES - FF,06-16-2025,06-16-2025,"$6,318.06",A11001,Graniti Vicentia LLC,3
"Jay Sun Hospitality LLC / La Quinta La Habra,CA",#N/A,36234,,GR BEDDING & BEDDING FABRICATION - OS&E,06-16-2025,06-16-2025,"$11,522.61",A11001,Graniti Vicentia LLC,3
"Jay Sun Hospitality LLC / La Quinta La Habra,CA",#N/A,36237,,PA FLOOR FINISHES - FF&E,06-16-2025,06-16-2025,$122.98,A11001,Graniti Vicentia LLC,3
"Jay Sun Hospitality LLC / La Quinta La Habra,CA",#N/A,35429/6,,GE CASEGOODS - FF,06-30-2025,06-30-2025,"$9,520.06",A11001,Graniti Vicentia LLC,3
"Jay Sun Hospitality LLC / La Quinta La Habra,CA",#N/A,35438/4,,PA CASEGOODS - FF,06-30-2025,06-30-2025,$496.86,A11001,Graniti Vicentia LLC,3
"Jay Sun Hospitality LLC / La Quinta La Habra,CA",#N/A,35440/6,,PA SEATING- FF,06-30-2025,06-30-2025,$483.44,A11001,Graniti Vicentia LLC,3
"Jay Sun Hospitality LLC / La Quinta La Habra,CA",#N/A,36231/4,,GR SEATING - FF&E,06-30-2025,06-30-2025,"$2,080.00",A11001,Graniti Vicentia LLC,3
"Jay Sun Hospitality LLC / La Quinta La Habra,CA",#N/A,36235/3,,PA SEATING- FF&E,06-30-2025,06-30-2025,"$2,569.22",A11001,Graniti Vicentia LLC,3
JERRY OSBOURNE ASSOCIATES HAMPTOM INN HAZARD KY,#N/A,32572/5,24841,Hampton Inn & Suites,07-06-2023,07-06-2023,"$13,576.40",A11001,Graniti Vicentia LLC,3
Kanti kusum Inc,#N/A,35289,,WINGATE AUGUSTA EXTRA ITEMS,02-12-2024,02-12-2024,"$1,872.72",A11001,Graniti Vicentia LLC,3
Kanti kusum Inc,#N/A,34853/2,,PUBLIC AREA FINISHES,02-26-2024,02-26-2024,$7.92,A11001,Graniti Vicentia LLC,3
Kanti kusum Inc,576,34512,,ARTWORK,04-26-2024,04-26-2024,"$1,934.94",A11001,Graniti Vicentia LLC,3
Kanti kusum Inc,576,34515/3,,LIGHTING & LIGHTING FABRIC,04-26-2024,04-26-2024,$899.77,A11001,Graniti Vicentia LLC,3
Kanti kusum Inc,576,34517,,QUARTZ,04-26-2024,04-26-2024,"$4,559.07",A11001,Graniti Vicentia LLC,3
Kanti kusum Inc,576,34845,,PUBLIC AREA ARTWORK,04-26-2024,04-26-2024,$288.98,A11001,Graniti Vicentia LLC,3
Kanti kusum Inc,576,34848/2,,PUBLIC AREA LIGHTING,04-26-2024,04-26-2024,$601.70,A11001,Graniti Vicentia LLC,3
Kanti kusum Inc,576,34851/2,,PUBLIC AREA QUARTZ TOP - GC ITEMS,04-26-2024,04-26-2024,"$2,636.76",A11001,Graniti Vicentia LLC,3
Kanti kusum Inc,576,34849,,PUBLIC AREA WINDOW TREATMENT WTR,04-26-2024,04-30-2024,"$1,009.92",A11001,Graniti Vicentia LLC,3
Kanti kusum Inc,576,34519,,WINDOW TREATMENT & WINDOW TREATMENT FABRIC,05-08-2024,05-08-2024,"$8,677.49",A11001,Graniti Vicentia LLC,3
Kanti kusum Inc,576,34513/2,,BEDDING & BEDDING FABRIC,05-31-2024,05-31-2024,"$5,178.57",A11001,Graniti Vicentia LLC,3
Kanti kusum Inc,576,34515/4,,LIGHTING & LIGHTING FABRIC,05-31-2024,05-31-2024,$127.12,A11001,Graniti Vicentia LLC,3
Kanti kusum Inc,576,34518/4,,SEATING,05-31-2024,05-31-2024,"$10,382.61",A11001,Graniti Vicentia LLC,3
Kanti kusum Inc,576,34521/4,,Wingate Augusta - GUEST BATH ITEMS,05-31-2024,05-31-2024,"$32,161.90",A11001,Graniti Vicentia LLC,3
Kanti kusum Inc,576,34846/3,,PUBLIC AREA CASEGOODS,05-31-2024,05-31-2024,"$8,072.56",A11001,Graniti Vicentia LLC,3
Kanti kusum Inc,576,34850/3,,PUBLIC AREA MILLWORK,06-01-2024,06-01-2024,"$12,388.37",A11001,Graniti Vicentia LLC,3
Kanti kusum Inc,576,34851,,PUBLIC AREA QUARTZ TOP - GC ITEMS,06-12-2024,06-12-2024,$34.02,A11001,Graniti Vicentia LLC,3
Kanti kusum Inc,576,34514/3,,CASEGOODS & CASEGOODS FABRIC,06-30-2025,06-30-2025,"$5,826.96",A11001,Graniti Vicentia LLC,3
Kanti kusum Inc,576,34515,,LIGHTING & LIGHTING FABRIC,06-30-2025,06-30-2025,"$9,849.72",A11001,Graniti Vicentia LLC,3
Kanti kusum Inc,576,34519/2,,WINDOW TREATMENT & WINDOW TREATMENT FABRIC,06-30-2025,06-30-2025,"$3,003.75",A11001,Graniti Vicentia LLC,3
Kanti kusum Inc,576,34520/5,,FINISHES,06-30-2025,06-30-2025,$236.35,A11001,Graniti Vicentia LLC,3
Kanti kusum Inc,576,34520/6,,FINISHES,06-30-2025,06-30-2025,"$11,755.35",A11001,Graniti Vicentia LLC,3
Kanti kusum Inc,576,34521/5,,Wingate Augusta - GUEST BATH ITEMS,06-30-2025,06-30-2025,"$1,053.00",A11001,Graniti Vicentia LLC,3
Kanti kusum Inc,576,34847/3,,PUBLIC AREA SEATING,06-30-2025,06-30-2025,"$6,772.33",A11001,Graniti Vicentia LLC,3
Kanti kusum Inc,576,34848/3,,PUBLIC AREA LIGHTING,06-30-2025,06-30-2025,$892.96,A11001,Graniti Vicentia LLC,3
Kanti kusum Inc,576,34850/4,,PUBLIC AREA MILLWORK,06-30-2025,06-30-2025,"$3,021.42",A11001,Graniti Vicentia LLC,3
Kanti kusum Inc,576,34851/3,,PUBLIC AREA QUARTZ TOP - GC ITEMS,06-30-2025,06-30-2025,$991.68,A11001,Graniti Vicentia LLC,3
Kanti kusum Inc,576,34852,,PUBLIC AREA BATHROOM ACCESSORIES,06-30-2025,06-30-2025,$62.81,A11001,Graniti Vicentia LLC,3
Kanti kusum Inc,576,34852/2,,PUBLIC AREA BATHROOM ACCESSORIES,06-30-2025,06-30-2025,$59.22,A11001,Graniti Vicentia LLC,3
Kanti kusum Inc,576,34853/3,,PUBLIC AREA FINISHES,06-30-2025,06-30-2025,$283.86,A11001,Graniti Vicentia LLC,3
Kanti kusum Inc,576,34853/4,,PUBLIC AREA FINISHES,06-30-2025,06-30-2025,"$10,730.66",A11001,Graniti Vicentia LLC,3
Kanti kusum Inc,576,35289/2,,WINGATE AUGUSTA EXTRA ITEMS,06-30-2025,06-30-2025,"$4,651.78",A11001,Graniti Vicentia LLC,3
Kanti kusum Inc,576,35289/3,,WINGATE AUGUSTA EXTRA ITEMS,06-30-2025,06-30-2025,$59.91,A11001,Graniti Vicentia LLC,3
Kanti kusum Inc,576,35289/4,,WINGATE AUGUSTA EXTRA ITEMS,06-30-2025,06-30-2025,$324.29,A11001,Graniti Vicentia LLC,3
Kanti kusum Inc,576,37042,,Wingate Augusta Additional Lighting Item,06-30-2025,06-30-2025,"$1,688.12",A11001,Graniti Vicentia LLC,3
Kimpton Monaco Baltimore,576,38735,,,05-19-2025,05-19-2025,$276.74,A11001,Graniti Vicentia LLC,3
Kimpton Monaco Baltimore,576,38735/2,,,06-30-2025,06-30-2025,"$1,070.00",A11001,Graniti Vicentia LLC,3
Kings Bay Coastal Hotel Management LLC / Wingate Kingsland,#N/A,,,,06-13-2025,06-13-2025,"$30,000.00",A11001,Graniti Vicentia LLC,3
Kings Construction,#N/A,29008/2,,,12-31-2021,12-31-2021,$191.92,A11001,Graniti Vicentia LLC,3
Kings Construction,#N/A,25968/2,,,03-08-2022,03-08-2022,$313.57,A11001,Graniti Vicentia LLC,3
Kings Construction,580,32296/2,,,04-28-2022,04-28-2022,$465.12,A11001,Graniti Vicentia LLC,3
Kings Construction,580,32296/3,,,04-28-2022,04-28-2022,$106.59,A11001,Graniti Vicentia LLC,3
Kings Construction,580,32296,,,04-29-2022,04-29-2022,$232.56,A11001,Graniti Vicentia LLC,3
Kings Construction,580,30036/4,,Gas Station Port Arthur,05-12-2022,05-12-2022,"$3,250.00",A11001,Graniti Vicentia LLC,3
Kings Construction,580,31872,,Port Arthur Gas Station Additional Items,06-10-2022,06-10-2022,"$2,164.29",A11001,Graniti Vicentia LLC,3
Kings Construction,580,32645,,FM 529,06-29-2022,06-29-2022,"$4,506.84",A11001,Graniti Vicentia LLC,3
Kings Construction,580,32667,,,07-02-2022,07-02-2022,"$2,507.83",A11001,Graniti Vicentia LLC,3
Kings Construction,580,32818,,,07-13-2022,07-13-2022,$182.52,A11001,Graniti Vicentia LLC,3
Kings Construction,580,31256,,Als House Finalized,07-18-2022,07-18-2022,"$25,147.47",A11001,Graniti Vicentia LLC,3
Kings Construction,580,32538/2,,,07-20-2022,07-20-2022,"$8,347.86",A11001,Graniti Vicentia LLC,3
Kings Construction,580,32998,,,08-23-2022,08-23-2022,"$1,787.50",A11001,Graniti Vicentia LLC,3
Kings Construction,580,33005,,,08-23-2022,08-23-2022,"$2,179.60",A11001,Graniti Vicentia LLC,3
Kings Construction,580,33021,,,08-24-2022,08-24-2022,$463.91,A11001,Graniti Vicentia LLC,3
Kings Construction,580,33164,,,09-09-2022,09-09-2022,"$2,940.75",A11001,Graniti Vicentia LLC,3
Kings Construction,580,33164/2,,,09-10-2022,09-10-2022,"$2,662.77",A11001,Graniti Vicentia LLC,3
Kings Construction,580,33194,,,09-19-2022,09-19-2022,"$4,874.96",A11001,Graniti Vicentia LLC,3
Kings Construction,580,33271,,,09-29-2022,09-29-2022,$463.32,A11001,Graniti Vicentia LLC,3
Kings Construction,580,33230,,,10-25-2022,10-25-2022,"$8,152.39",A11001,Graniti Vicentia LLC,3
Kings Construction,580,33463,,,11-01-2022,11-01-2022,"$6,763.72",A11001,Graniti Vicentia LLC,3
Kings Construction,580,33490,,,11-04-2022,11-04-2022,"$3,568.50",A11001,Graniti Vicentia LLC,3
Kings Construction,580,33601,,,11-15-2022,11-15-2022,$742.83,A11001,Graniti Vicentia LLC,3
Kings Construction,580,33609,,,11-17-2022,11-17-2022,$751.93,A11001,Graniti Vicentia LLC,3
Kings Construction,580,31256/2,,Als House Finalized,12-20-2022,12-20-2022,"$17,164.40",A11001,Graniti Vicentia LLC,3
Kings Construction,580,33742,,,01-19-2023,01-19-2023,"$2,709.72",A11001,Graniti Vicentia LLC,3
Kings Construction,580,31256/3,,Als House Finalized,01-20-2023,01-20-2023,"$3,181.49",A11001,Graniti Vicentia LLC,3
Kings Construction,580,33966,,,02-13-2023,02-13-2023,$551.28,A11001,Graniti Vicentia LLC,3
Kings Construction,580,33966/2,,,02-14-2023,02-14-2023,$346.53,A11001,Graniti Vicentia LLC,3
Kings Construction,580,31256/4,,Als House Finalized,02-15-2023,02-15-2023,"$1,948.91",A11001,Graniti Vicentia LLC,3
Kings Construction,580,34499,,Als House Additional Tiles,05-15-2023,05-15-2023,"$6,478.06",A11001,Graniti Vicentia LLC,3
Kings Construction,580,34687,,,06-21-2023,06-21-2023,"$3,604.19",A11001,Graniti Vicentia LLC,3
Kings Construction,580,34716,,,06-26-2023,06-26-2023,"$2,966.08",A11001,Graniti Vicentia LLC,3
Kings Construction,580,34687/2,,,06-29-2023,06-29-2023,"$1,131.90",A11001,Graniti Vicentia LLC,3
Kings Construction,580,34716/2,,,06-29-2023,06-29-2023,"$3,614.91",A11001,Graniti Vicentia LLC,3
Kings Construction,580,34576,,Als House Additional Tiles,07-03-2023,07-03-2023,"$1,546.90",A11001,Graniti Vicentia LLC,3
Kings Construction,580,34746,,,07-05-2023,07-05-2023,"$5,097.95",A11001,Graniti Vicentia LLC,3
Kings Construction,580,34784,,249,07-25-2023,07-25-2023,"$6,603.00",A11001,Graniti Vicentia LLC,3
Kings Construction,580,34883,,,07-28-2023,07-28-2023,"$1,054.00",A11001,Graniti Vicentia LLC,3
Kings Construction,580,34883/2,,,08-04-2023,08-04-2023,$341.00,A11001,Graniti Vicentia LLC,3
Kings Construction,580,34961,,,08-10-2023,08-10-2023,$574.63,A11001,Graniti Vicentia LLC,3
Kings Construction,580,34986,,,08-11-2023,08-11-2023,$84.45,A11001,Graniti Vicentia LLC,3
Kings Construction,580,34576/2,,Als House Additional Tiles,08-14-2023,08-14-2023,$773.45,A11001,Graniti Vicentia LLC,3
Kings Construction,580,34576/3,,Als House Additional Tiles,08-14-2023,08-14-2023,"$1,701.59",A11001,Graniti Vicentia LLC,3
Kings Construction,580,34576/4,,Als House Additional Tiles,08-24-2023,08-24-2023,"$23,729.32",A11001,Graniti Vicentia LLC,3
Kings Construction,580,34576/5,,Als House Additional Tiles,09-26-2023,09-26-2023,$494.76,A11001,Graniti Vicentia LLC,3
Kings Construction,580,34499/2,,Als House Additional Tiles,09-29-2023,09-29-2023,"$4,398.58",A11001,Graniti Vicentia LLC,3
Kings Construction,580,31256/5,,Als House Finalized,10-04-2023,10-04-2023,"$2,783.32",A11001,Graniti Vicentia LLC,3
Kings Construction,580,34499/3,,Als House Additional Tiles,10-19-2023,10-19-2023,"$8,150.17",A11001,Graniti Vicentia LLC,3
Kings Construction,580,34499/4,,Als House Additional Tiles,10-20-2023,10-20-2023,"$33,262.47",A11001,Graniti Vicentia LLC,3
Kings Construction,580,35031,,,12-11-2023,12-11-2023,"$6,996.98",A11001,Graniti Vicentia LLC,3
Kings Construction,580,35199,,Als House Additional tile,12-11-2023,12-11-2023,"$13,312.67",A11001,Graniti Vicentia LLC,3
Kings Construction,580,35199/2,,Als House Additional tile,02-09-2024,02-09-2024,"$44,936.98",A11001,Graniti Vicentia LLC,3
Kings Construction,580,36413,,Additional Pavers,03-26-2024,03-26-2024,"$17,335.20",A11001,Graniti Vicentia LLC,3
Kings Construction,580,36010,,Als House Additional Tiles,04-18-2024,04-18-2024,$865.83,A11001,Graniti Vicentia LLC,3
Kings Construction,580,34576/6,,Als House Additional Tiles,04-25-2024,04-25-2024,"$6,187.80",A11001,Graniti Vicentia LLC,3
Kings Construction,580,36613,,Pavers & Slabs,06-28-2024,06-28-2024,"$13,369.80",A11001,Graniti Vicentia LLC,3
Kings Construction,580,36613/2,,Pavers & Slabs,09-18-2024,09-18-2024,"$7,613.17",A11001,Graniti Vicentia LLC,3
Kings Construction,580,38155,,Als House Additional Boost White Slabs,10-23-2024,10-23-2024,"$6,684.84",A11001,Graniti Vicentia LLC,3
Kings Construction,580,38484,,Clay Rd,12-05-2024,12-05-2024,"$3,336.84",A11001,Graniti Vicentia LLC,3
Kings Construction,580,38485,,Al House Additional Slabs,12-05-2024,12-05-2024,"$2,413.97",A11001,Graniti Vicentia LLC,3
Kings Construction,580,38484/2,,Clay Rd,12-16-2024,12-16-2024,"$7,995.63",A11001,Graniti Vicentia LLC,3
Kings Construction,580,36010/3,,Als House Additional Tiles,12-31-2024,12-31-2024,"$1,113.72",A11001,Graniti Vicentia LLC,3
Kings Construction,580,36613/3,,Pavers & Slabs,12-31-2024,12-31-2024,"$2,600.00",A11001,Graniti Vicentia LLC,3
Kings Construction,580,38648,,,01-23-2025,01-23-2025,$740.95,A11001,Graniti Vicentia LLC,3
Kings Construction,580,39024,,,06-30-2025,07-30-2025,"$1,146.01",A11001,Graniti Vicentia LLC,3
"La Quinta - Chelsea,AL",580,37459,,GUEST ROOMS & PUBLIC AREAS WINDOW TREATMENT,09-30-2024,09-30-2024,"$52,217.91",A11001,Graniti Vicentia LLC,3
"La Quinta - Chelsea,AL",580,37459/2,,GUEST ROOMS & PUBLIC AREAS WINDOW TREATMENT,10-10-2024,10-10-2024,"$4,110.80",A11001,Graniti Vicentia LLC,3
La Quinta Athens Alabama,#N/A,36752/3,,GR CASEGOODS - FF,06-30-2025,06-30-2025,"$29,173.53",A11001,Graniti Vicentia LLC,3
La Quinta Athens Alabama,#N/A,36762/10,,PA FLOOR FINISHES - FF,06-30-2025,06-30-2025,"$19,393.63",A11001,Graniti Vicentia LLC,3
La Quinta Athens Alabama,2442,36763/5,,PA VINYL WALLCOVERING - FF,06-30-2025,06-30-2025,"$10,941.80",A11001,Graniti Vicentia LLC,3
La Quinta by Wyndham,2442,,,,06-30-2025,06-30-2025,"-$4,500.00",A11001,Graniti Vicentia LLC,3
La Quinta by Wyndham Dallas DFW Airport N,2442,36041/2,,,06-30-2024,06-30-2024,$745.84,A11001,Graniti Vicentia LLC,3
La Quinta by Wyndham Dallas DFW Airport N,#N/A,36554,,,07-02-2024,07-02-2024,"$3,481.91",A11001,Graniti Vicentia LLC,3
La Quinta by Wyndham Dallas DFW Airport N,#N/A,34794/10,,CASEGOODS - FF&E,11-29-2024,11-29-2024,$274.24,A11001,Graniti Vicentia LLC,3
La Quinta by Wyndham Dallas DFW Airport N,#N/A,34795/8,,LIGHTING - FF&E,11-29-2024,11-29-2024,"$30,524.14",A11001,Graniti Vicentia LLC,3
La Quinta by Wyndham Dallas DFW Airport N,#N/A,34798/7,,FINISHES - GR,11-29-2024,11-29-2024,"$62,836.20",A11001,Graniti Vicentia LLC,3
La Quinta by Wyndham Dallas DFW Airport N,#N/A,34809/15,,PA FLOOR FINISHES - FF&E,11-29-2024,11-29-2024,"$5,968.97",A11001,Graniti Vicentia LLC,3
La Quinta by Wyndham Dallas DFW Airport N,#N/A,34810/10,,PA VINYL WALLCOVERING - FF&E,11-29-2024,11-29-2024,"$3,634.11",A11001,Graniti Vicentia LLC,3
La Quinta by Wyndham Dallas DFW Airport N,#N/A,34810/11,,PA VINYL WALLCOVERING - FF&E,11-29-2024,11-29-2024,"$3,054.27",A11001,Graniti Vicentia LLC,3
La Quinta by Wyndham Dallas DFW Airport N,#N/A,34805/7,,PA CASEGOODS - FF&E,06-30-2025,06-30-2025,"$1,668.13",A11001,Graniti Vicentia LLC,3
"La Quinta Hawthorn - DeSoto,TX",#N/A,35802,,BATH-ACCESSORIES,03-25-2024,03-25-2024,"$26,270.39",A11001,Graniti Vicentia LLC,3
"La Quinta Hawthorn - DeSoto,TX",#N/A,35780,,"La Quinta -Desoto, Tx",04-04-2024,04-04-2024,"$10,504.00",A11001,Graniti Vicentia LLC,3
"La Quinta Hawthorn - DeSoto,TX",3119,35782,,LA QUINTA - Hawthorne,04-04-2024,04-04-2024,"$28,421.00",A11001,Graniti Vicentia LLC,3
"La Quinta Hawthorn - DeSoto,TX",3119,35780/2,,"La Quinta -Desoto, Tx",05-30-2024,05-30-2024,"$29,344.00",A11001,Graniti Vicentia LLC,3
"La Quinta Hawthorn - DeSoto,TX",3119,37619,,,08-26-2024,08-26-2024,$971.00,A11001,Graniti Vicentia LLC,3
"La Quinta Hawthorn - DeSoto,TX",3119,37619/2,,,10-03-2024,10-03-2024,"$6,305.02",A11001,Graniti Vicentia LLC,3
"La Quinta Hawthorn - DeSoto,TX",3119,37619/3,,,10-09-2024,10-09-2024,"$1,614.96",A11001,Graniti Vicentia LLC,3
"La Quinta Hawthorn - DeSoto,TX",3119,37047,,PA - WALL TILE - FF&E,11-01-2024,11-01-2024,$970.85,A11001,Graniti Vicentia LLC,3
"La Quinta Hawthorn - DeSoto,TX",3119,37619/4,,,11-19-2024,11-19-2024,"$1,840.25",A11001,Graniti Vicentia LLC,3
"La Quinta Hawthorn - DeSoto,TX",3119,37619/5,,,11-19-2024,11-19-2024,$251.87,A11001,Graniti Vicentia LLC,3
"La Quinta Hawthorn - DeSoto,TX",3119,37619/6,,,12-02-2024,12-02-2024,$733.49,A11001,Graniti Vicentia LLC,3
"La Quinta Hawthorn - DeSoto,TX",3119,35780/3,,"La Quinta -Desoto, Tx",06-30-2025,06-30-2025,"$8,230.00",A11001,Graniti Vicentia LLC,3
"La Quinta Hawthorn - DeSoto,TX",3119,35782/2,,LA QUINTA - Hawthorne,06-30-2025,06-30-2025,$148.00,A11001,Graniti Vicentia LLC,3
"La Quinta Hawthorn - DeSoto,TX",3119,35945/2,,GR MILLWORK,06-30-2025,06-30-2025,"$15,785.98",A11001,Graniti Vicentia LLC,3
"La Quinta Hawthorn - DeSoto,TX",3119,35946/5,,GR _ HS ARTWORK,06-30-2025,06-30-2025,"$1,743.03",A11001,Graniti Vicentia LLC,3
"La Quinta Hawthorn - DeSoto,TX",3119,35947/5,,GR _ HS CASEGOODS - FF,06-30-2025,06-30-2025,"$2,051.77",A11001,Graniti Vicentia LLC,3
"La Quinta Hawthorn - DeSoto,TX",3119,35947/6,,GR _ HS CASEGOODS - FF,06-30-2025,06-30-2025,$736.53,A11001,Graniti Vicentia LLC,3
"La Quinta Hawthorn - DeSoto,TX",3119,35949/2,,GR _ HS SEATING - FF,06-30-2025,06-30-2025,"$5,577.58",A11001,Graniti Vicentia LLC,3
"La Quinta Hawthorn - DeSoto,TX",3119,35951/5,,GR _ HS FINISHES - FF,06-30-2025,06-30-2025,"$12,404.15",A11001,Graniti Vicentia LLC,3
"La Quinta Hawthorn - DeSoto,TX",3119,35952/3,,GR _ HS QUARTZ - FF,06-30-2025,06-30-2025,"$8,553.53",A11001,Graniti Vicentia LLC,3
"La Quinta Hawthorn - DeSoto,TX",3119,35953,,GR _ HS BEDDING,06-30-2025,06-30-2025,"$10,305.52",A11001,Graniti Vicentia LLC,3
"La Quinta Hawthorn - DeSoto,TX",3119,35954/3,,PA ARTWORK,06-30-2025,06-30-2025,"$5,292.27",A11001,Graniti Vicentia LLC,3
"La Quinta Hawthorn - DeSoto,TX",3119,35955/6,,PA - CASEGOODS - FF,06-30-2025,06-30-2025,"$4,965.74",A11001,Graniti Vicentia LLC,3
"La Quinta Hawthorn - DeSoto,TX",3119,35956/3,,PA - LIGHTING - FF,06-30-2025,06-30-2025,"$1,346.80",A11001,Graniti Vicentia LLC,3
"La Quinta Hawthorn - DeSoto,TX",3119,35957/7,,PA - SEATING - FF,06-30-2025,06-30-2025,$900.10,A11001,Graniti Vicentia LLC,3
"La Quinta Hawthorn - DeSoto,TX",3119,35959/4,,PA FLOOR FINISHES,06-30-2025,06-30-2025,"$5,198.17",A11001,Graniti Vicentia LLC,3
"La Quinta Hawthorn - DeSoto,TX",3119,35959/6,,PA FLOOR FINISHES,06-30-2025,06-30-2025,"$27,414.56",A11001,Graniti Vicentia LLC,3
"La Quinta Hawthorn - DeSoto,TX",3119,35960/5,,PA VINYL WALLCOVERINGS-FF,06-30-2025,06-30-2025,"$6,035.67",A11001,Graniti Vicentia LLC,3
"La Quinta Hawthorn - DeSoto,TX",3119,35961/4,,PA - WALL TILE - FF,06-30-2025,06-30-2025,"$2,328.46",A11001,Graniti Vicentia LLC,3
"La Quinta Hawthorn - DeSoto,TX",3119,35962/3,,PA - ACCESSORIES,06-30-2025,06-30-2025,"$1,323.89",A11001,Graniti Vicentia LLC,3
"La Quinta Hawthorn - DeSoto,TX",3119,35964/2,,PA QUARTZ - GC ITEMS,06-30-2025,06-30-2025,"$10,278.51",A11001,Graniti Vicentia LLC,3
"La Quinta Hawthorn - DeSoto,TX",3119,37397,,,06-30-2025,06-30-2025,"$1,621.78",A11001,Graniti Vicentia LLC,3
"La Quinta Hawthorn - DeSoto,TX",3119,37619/7,,,06-30-2025,06-30-2025,"$11,263.06",A11001,Graniti Vicentia LLC,3
"La Quinta Hawthorn - DeSoto,TX",3119,37979,,,06-30-2025,06-30-2025,"$54,803.85",A11001,Graniti Vicentia LLC,3
"La Quinta Hawthorn - Miamisburg, OH",3119,35756/3,,GR -LQ CASEGOODS - FF&E,12-30-2024,12-30-2024,"$1,01,268.44",A11001,Graniti Vicentia LLC,3
"La Quinta Hawthorn - Miamisburg, OH",3119,35758/3,,GR -LQ SEATING - FF&E,12-30-2024,12-30-2024,"$5,380.00",A11001,Graniti Vicentia LLC,3
"La Quinta Hawthorn - Miamisburg, OH",#N/A,35760/5,,GR -LQ FINISHES - FF,12-30-2024,12-30-2024,"$15,073.73",A11001,Graniti Vicentia LLC,3
"La Quinta Hawthorn - Miamisburg, OH",#N/A,35763/4,,GR -LQ SHOWER/BATH ACCESSORIES - OS,12-30-2024,12-30-2024,"$4,270.82",A11001,Graniti Vicentia LLC,3
"La Quinta Hawthorn - Miamisburg, OH",#N/A,35766/3,,GR -HS CASEGOODS - FF&E,12-30-2024,12-30-2024,"$43,643.31",A11001,Graniti Vicentia LLC,3
"La Quinta Hawthorn - Miamisburg, OH",#N/A,35769,,GR -HS WINDOW TREATMENT,12-31-2024,12-31-2024,"$16,125.28",A11001,Graniti Vicentia LLC,3
"La Quinta Inn- Galveston, TX",#N/A,26974/3,,WALL TILE # 12019.059,02-18-2022,02-18-2022,"$4,432.18",A11001,Graniti Vicentia LLC,3
"La Quinta Inn- Galveston, TX",#N/A,26967/4,,MILLWORK # 12019.059,08-01-2022,08-01-2022,"$10,550.24",A11001,Graniti Vicentia LLC,3
"La Quinta Inn- Galveston, TX",#N/A,31355/5,,,11-30-2022,11-30-2022,"$2,713.56",A11001,Graniti Vicentia LLC,3
La Quinta INN-Springdale OH,#N/A,37758,,La Quinta INN-Springdale OH,02-19-2025,02-19-2025,$360.00,A11001,Graniti Vicentia LLC,3
LA QUINTA ORLANDO,#N/A,33951/4,,PA VINYL WALLCOVERING - FF,05-12-2025,05-12-2025,$327.11,A11001,Graniti Vicentia LLC,3
LA QUINTA ORLANDO,2956,33945/3,,PA ARTWORK,06-06-2025,06-06-2025,$750.00,A11001,Graniti Vicentia LLC,3
LA QUINTA ORLANDO,2678,33569/7,,GUEST ROOMS WINDOW TREATMENT,06-30-2025,06-30-2025,"$4,000.00",A11001,Graniti Vicentia LLC,3
LA QUINTA ORLANDO,2678,33953/3,,PA ACCESSORIES - FF,06-30-2025,06-30-2025,"$11,636.50",A11001,Graniti Vicentia LLC,3
LA QUINTA SHONTO AZ,2678,37833,,Headboard wall vinyl,11-21-2024,11-21-2024,"$6,549.98",A11001,Graniti Vicentia LLC,3
LA QUINTA SHONTO AZ,2678,38154,,Additional carpets,12-09-2024,12-09-2024,"$3,532.37",A11001,Graniti Vicentia LLC,3
LA QUINTA SHONTO AZ,#N/A,38481,,,12-12-2024,12-12-2024,$766.80,A11001,Graniti Vicentia LLC,3
"La Quinta, Anaheim CA",#N/A,34013/2,,SEATING - FF,09-04-2023,09-04-2023,"$15,286.40",A11001,Graniti Vicentia LLC,3
"La Quinta, Anaheim CA",#N/A,33983/3,,Guest Bath Items,09-29-2023,09-29-2023,"$1,70,029.57",A11001,Graniti Vicentia LLC,3
"La Quinta, Anaheim CA",#N/A,33983/4,,Guest Bath Items,10-12-2023,10-12-2023,"$17,413.35",A11001,Graniti Vicentia LLC,3
"La Quinta, Anaheim CA",#N/A,34010,,ARTWORK & MIRRORS - FF&E,10-12-2023,10-12-2023,"$15,419.90",A11001,Graniti Vicentia LLC,3
"La Quinta, Anaheim CA",#N/A,34011/3,,CASEGOODS - FF,10-12-2023,10-12-2023,"$55,851.62",A11001,Graniti Vicentia LLC,3
"La Quinta, Anaheim CA",#N/A,34012,,LIGHTING - FF&E,10-12-2023,10-12-2023,"$24,483.80",A11001,Graniti Vicentia LLC,3
"La Quinta, Anaheim CA",#N/A,34013/3,,SEATING - FF,10-12-2023,10-12-2023,"$7,560.00",A11001,Graniti Vicentia LLC,3
"La Quinta, Anaheim CA",#N/A,34016,,BED BASES,10-12-2023,10-12-2023,"$39,216.12",A11001,Graniti Vicentia LLC,3
"La Quinta, Anaheim CA",#N/A,34112/2,,PA CASEGOODS - FF&E,10-12-2023,10-12-2023,"$12,147.75",A11001,Graniti Vicentia LLC,3
"La Quinta, Anaheim CA",#N/A,34113,,PA LIGHTING- FF,10-12-2023,10-12-2023,"$23,993.46",A11001,Graniti Vicentia LLC,3
"La Quinta, Anaheim CA",#N/A,34114/2,,PA SEATING- FF,10-12-2023,10-12-2023,"$11,204.81",A11001,Graniti Vicentia LLC,3
"La Quinta, Anaheim CA",#N/A,34120,,PA MILLWORK - GC ITEMS,10-12-2023,10-12-2023,"$32,158.12",A11001,Graniti Vicentia LLC,3
"La Quinta, Anaheim CA",#N/A,34013/5,,SEATING - FF,12-22-2023,12-22-2023,"$29,341.05",A11001,Graniti Vicentia LLC,3
"La Quinta, Anaheim CA",#N/A,34114/3,,PA SEATING- FF,12-22-2023,12-22-2023,"$7,723.30",A11001,Graniti Vicentia LLC,3
"La Quinta, Anaheim CA",#N/A,34011/4,,CASEGOODS - FF,04-03-2024,04-03-2024,$431.39,A11001,Graniti Vicentia LLC,3
"La Quinta, Anaheim CA",#N/A,33983/8,,Guest Bath Items,06-05-2024,06-05-2024,"-$1,584.00",A11001,Graniti Vicentia LLC,3
"La Quinta, Anaheim CA",#N/A,33983/9,,Guest Bath Items,08-31-2024,08-31-2024,"$24,995.51",A11001,Graniti Vicentia LLC,3
"La Quinta, Anaheim CA",#N/A,34013/7,,SEATING - FF,08-31-2024,08-31-2024,"$11,626.16",A11001,Graniti Vicentia LLC,3
"La Quinta, Anaheim CA",#N/A,34017,,MILLWORK,08-31-2024,08-31-2024,"$2,497.89",A11001,Graniti Vicentia LLC,3
"La Quinta, Anaheim CA",#N/A,34119/2,,PA ACCESSORIES - FF,12-31-2024,12-31-2024,$246.24,A11001,Graniti Vicentia LLC,3
"La Quinta, Anaheim CA",#N/A,34013/8,,SEATING - FF,06-30-2025,06-30-2025,"$20,763.92",A11001,Graniti Vicentia LLC,3
"La Quinta, Anaheim CA",#N/A,34016/2,,BED BASES,06-30-2025,06-30-2025,"$7,310.13",A11001,Graniti Vicentia LLC,3
"La Quinta, Anaheim CA",#N/A,34112/4,,PA CASEGOODS - FF,06-30-2025,06-30-2025,"$1,408.32",A11001,Graniti Vicentia LLC,3
"La Quinta, Anaheim CA",#N/A,34114/5,,PA SEATING- FF,06-30-2025,06-30-2025,$800.00,A11001,Graniti Vicentia LLC,3
"La Quinta, Anaheim CA",#N/A,34120/2,,PA MILLWORK - GC ITEMS,06-30-2025,06-30-2025,"$6,979.50",A11001,Graniti Vicentia LLC,3
"La Quinta, Huntsville AL",#N/A,34735/4,,,01-19-2024,01-19-2024,-$645.97,A11001,Graniti Vicentia LLC,3
"La Quinta, Huntsville AL",#N/A,,,,04-19-2024,04-19-2024,"$88,927.09",A11001,Graniti Vicentia LLC,3
"La Quinta, Huntsville AL",#N/A,31910/10,,La Quinta Huntsville AL (Bath Scope),10-15-2024,10-15-2024,"-$19,863.04",A11001,Graniti Vicentia LLC,3
"La Quinta, Huntsville AL",#N/A,32688/2,,WINDOW TREATMENT - FF&E,10-15-2024,10-15-2024,"-$12,800.00",A11001,Graniti Vicentia LLC,3
"La Quinta- Santa Rosa, CA",#N/A,38742,,,06-30-2025,06-30-2025,"$1,247.88",A11001,Graniti Vicentia LLC,3
Lansdowne Resort & Spa,#N/A,33487/3,,,07-25-2023,07-25-2023,"$2,372.52",A11001,Graniti Vicentia LLC,3
Laquinta Homewood Alabama,2645,37511,,,01-24-2025,01-24-2025,"$4,806.35",A11001,Graniti Vicentia LLC,3
LaQuinta Inn & Suites Oxford AL,#N/A,38371,,,11-22-2024,11-22-2024,"$5,083.00",A11001,Graniti Vicentia LLC,3
LaQuinta Inn & Suites Oxford AL,#N/A,38371/2,,,12-09-2024,12-09-2024,"$1,357.04",A11001,Graniti Vicentia LLC,3
LaQuinta Inn & Suites Oxford AL,2752,38371/4,,,12-17-2024,12-17-2024,$239.00,A11001,Graniti Vicentia LLC,3
LaQuinta Inn & Suites Oxford AL,2752,37420/2,,,01-07-2025,01-07-2025,"$3,169.98",A11001,Graniti Vicentia LLC,3
LaQuinta Inn & Suites Oxford AL,2752,37420/3,,,02-10-2025,02-10-2025,"$3,169.98",A11001,Graniti Vicentia LLC,3
LaQuinta Inn & Suites Oxford AL,2752,37420/4,,,05-28-2025,05-28-2025,"$2,562.70",A11001,Graniti Vicentia LLC,3
LaQuinta Inn Pharr TX,2752,33753,,,12-29-2022,01-28-2023,"$13,408.99",A11001,Graniti Vicentia LLC,3
LaQuinta Inn Pharr TX,2752,33822/3,,,09-30-2023,10-30-2023,$324.75,A11001,Graniti Vicentia LLC,3
LaQuinta Inn Pharr TX,#N/A,,,,10-30-2024,10-30-2024,$0.01,A11001,Graniti Vicentia LLC,3
LaQuinta Inn Pharr TX,#N/A,37363,,,02-04-2025,03-06-2025,"$2,101.08",A11001,Graniti Vicentia LLC,3
LaQuinta McAllen,#N/A,36644,,,08-06-2024,08-06-2024,"$1,248.74",A11001,Graniti Vicentia LLC,3
Laquinta Memphis,#N/A,33340/2,,PUBLIC AREAS LIGHTING - FF,06-30-2024,06-30-2024,"$2,822.04",A11001,Graniti Vicentia LLC,3
Laquinta Memphis,#N/A,33344/3,,PUBLIC AREAS VINYL WALLCOVERING - FF&E,06-30-2024,06-30-2024,"$4,172.34",A11001,Graniti Vicentia LLC,3
Laquinta Memphis,3002,33345/3,,PUBLIC AREAS WALL TILE - FF,06-30-2024,06-30-2024,"$15,044.90",A11001,Graniti Vicentia LLC,3
Laquinta Memphis,3002,34765,,,06-30-2024,06-30-2024,$942.84,A11001,Graniti Vicentia LLC,3
Laquinta Memphis,3002,36128,,La Quinta Memphis Additional Bath Items,06-30-2024,06-30-2024,"$1,530.00",A11001,Graniti Vicentia LLC,3
Laquinta Memphis,3002,36128/2,,La Quinta Memphis Additional Bath Items,06-30-2024,06-30-2024,"$6,706.00",A11001,Graniti Vicentia LLC,3
Laquinta Memphis,3002,36855/6,,,09-17-2024,09-17-2024,"$1,745.60",A11001,Graniti Vicentia LLC,3
Laquinta Memphis,3002,33346/2,,PUBLIC AREAS ACCESSORIES - GC ITEMS,10-30-2024,10-30-2024,$22.44,A11001,Graniti Vicentia LLC,3
Laquinta Memphis,3002,33328/5,,GUEST ROOMS CASEGOODS - FF&E,11-29-2024,11-29-2024,"$52,285.14",A11001,Graniti Vicentia LLC,3
Laquinta Memphis,3002,33330/7,,GUEST ROOMS SEATING - FF&E,11-29-2024,11-29-2024,"$22,021.84",A11001,Graniti Vicentia LLC,3
Laquinta Memphis,3002,33331/3,,GUEST ROOMS WINDOW TREATMENT,11-29-2024,11-29-2024,$520.36,A11001,Graniti Vicentia LLC,3
Laquinta Memphis,3002,33332/2,,GUEST ROOMS FINISHES - FF&E,11-29-2024,11-29-2024,"$35,161.41",A11001,Graniti Vicentia LLC,3
Laquinta Memphis,3002,33337/7,,GUEST ROOMS MILLWORK & COUNTERTOPS - GC ITEMS,11-29-2024,11-29-2024,"$7,506.78",A11001,Graniti Vicentia LLC,3
Laquinta Memphis,3002,33339/4,,PUBLIC AREAS CASEGOODS - FF,06-30-2025,06-30-2025,"$1,250.55",A11001,Graniti Vicentia LLC,3
Laquinta Memphis,3002,33340/3,,PUBLIC AREAS LIGHTING - FF,06-30-2025,06-30-2025,"$10,664.16",A11001,Graniti Vicentia LLC,3
Laquinta Memphis,3002,33341/8,,PUBLIC AREAS SEATING - FF,06-30-2025,06-30-2025,"$4,586.04",A11001,Graniti Vicentia LLC,3
Laquinta Memphis,3002,33342/3,,PUBLIC AREAS WINDOW TREATMENT - TBD - FF,06-30-2025,06-30-2025,$151.08,A11001,Graniti Vicentia LLC,3
Laquinta Memphis,3002,33343/8,,PUBLIC AREA,06-30-2025,06-30-2025,"$5,134.98",A11001,Graniti Vicentia LLC,3
Laquinta Memphis,3002,33346/3,,PUBLIC AREAS ACCESSORIES - GC ITEMS,06-30-2025,06-30-2025,$399.97,A11001,Graniti Vicentia LLC,3
Laquinta Memphis,3002,33347/4,,PUBLIC AREAS MILLWORK - GC ITEMS,06-30-2025,06-30-2025,"$7,471.17",A11001,Graniti Vicentia LLC,3
Laquinta Memphis,3002,33348/2,,PUBLIC AREAS QUARTZ TOP - GC ITEMS,06-30-2025,06-30-2025,$80.16,A11001,Graniti Vicentia LLC,3
Laquinta Memphis,3002,36128/5,,La Quinta Memphis Additional Bath Items,06-30-2025,06-30-2025,"$6,750.00",A11001,Graniti Vicentia LLC,3
Laquinta Memphis,3002,36855/7,,,06-30-2025,06-30-2025,"$6,797.11",A11001,Graniti Vicentia LLC,3
Laquinta Memphis,3002,36855/8,,,06-30-2025,06-30-2025,"$19,352.78",A11001,Graniti Vicentia LLC,3
LaQuinta/Hawthone - Knoxville TN - AMit,3002,33702/3,,GUEST ROOMS _ LQ ARTWORK,06-01-2024,06-01-2024,"$3,280.49",A11001,Graniti Vicentia LLC,3
LaQuinta/Hawthone - Knoxville TN - AMit,3002,33705/4,,GUEST ROOMS _ LQ SEATING - FF,06-16-2024,06-16-2024,"$2,240.00",A11001,Graniti Vicentia LLC,3
LaQuinta/Hawthone - Knoxville TN - AMit,#N/A,33721,,PUBLIC AREAS CASEGOODS - FF&E,06-16-2024,06-16-2024,"$2,680.32",A11001,Graniti Vicentia LLC,3
LaQuinta/Hawthone - Knoxville TN - AMit,#N/A,33724,,PUBLIC AREAS WINDOW TREATMENT - TBD - FF&E,06-16-2024,06-16-2024,"$1,883.24",A11001,Graniti Vicentia LLC,3
LaQuinta/Hawthone - Knoxville TN - AMit,#N/A,33729/2,,PUBLIC AREAS MILLWORK - GC ITEMS,06-16-2024,06-16-2024,"$13,956.99",A11001,Graniti Vicentia LLC,3
LaQuinta/Hawthone - Knoxville TN - AMit,#N/A,33707/6,,GUEST ROOMS _ LQ FINISHES - FF&E,06-17-2024,06-17-2024,"$10,175.59",A11001,Graniti Vicentia LLC,3
"Las Vegas Resort Holdings, LLC",#N/A,35727,227334,noodle den chairs,04-03-2024,04-03-2024,"$18,971.20",A11001,Graniti Vicentia LLC,3
"Las Vegas Resort Holdings, LLC",#N/A,36746,P0240431,Restroom Tiles,07-05-2024,07-05-2024,$939.03,A11001,Graniti Vicentia LLC,3
"Las Vegas Resort Holdings, LLC",#N/A,26630/7,148928,Sahara Marra Tower FF&E,08-01-2024,08-01-2024,"$1,24,053.85",A11001,Graniti Vicentia LLC,3
"Las Vegas Resort Holdings, LLC",#N/A,33017,,Bazaar Meats Restaurant Dining Chairs Fabrication,08-01-2024,08-01-2024,"$17,829.50",A11001,Graniti Vicentia LLC,3
"Las Vegas Resort Holdings, LLC",#N/A,35257,221314,Gold Outlets,01-23-2024,09-05-2024,$650.00,A11001,Graniti Vicentia LLC,3
"Las Vegas Resort Holdings, LLC",#N/A,37621/3,P0253441,Azilo Cocktail Club,11-07-2024,11-07-2024,"$18,325.19",A11001,Graniti Vicentia LLC,3
"Las Vegas Resort Holdings, LLC",#N/A,36746/2,P0240431,Restroom Tiles,12-18-2024,12-18-2024,"$9,470.71",A11001,Graniti Vicentia LLC,3
"Las Vegas Resort Holdings, LLC",#N/A,36746/3,P0240431,Restroom Tiles,01-31-2025,01-31-2025,"$6,693.45",A11001,Graniti Vicentia LLC,3
"Las Vegas Resort Holdings, LLC",#N/A,38273/5,,SLV Alexandria MUR,02-25-2025,02-25-2025,"$2,000.00",A11001,Graniti Vicentia LLC,3
"Las Vegas Resort Holdings, LLC",#N/A,38273,,SLV Alexandria MUR,02-26-2025,02-26-2025,"$3,935.75",A11001,Graniti Vicentia LLC,3
"Las Vegas Resort Holdings, LLC",#N/A,38273/3,,SLV Alexandria MUR,02-26-2025,02-26-2025,"$2,034.00",A11001,Graniti Vicentia LLC,3
"Las Vegas Resort Holdings, LLC",#N/A,38273/9,,SLV Alexandria MUR,03-07-2025,03-07-2025,"$17,161.82",A11001,Graniti Vicentia LLC,3
"Las Vegas Resort Holdings, LLC",#N/A,38273/7,,SLV Alexandria MUR,03-14-2025,03-14-2025,$990.00,A11001,Graniti Vicentia LLC,3
"Las Vegas Resort Holdings, LLC",#N/A,38273/8,,SLV Alexandria MUR,03-14-2025,03-14-2025,"$78,535.20",A11001,Graniti Vicentia LLC,3
"Las Vegas Resort Holdings, LLC",#N/A,38273/4,,SLV Alexandria MUR,03-22-2025,03-22-2025,"$5,148.00",A11001,Graniti Vicentia LLC,3
"Las Vegas Resort Holdings, LLC",#N/A,38273/6,,SLV Alexandria MUR,03-22-2025,03-22-2025,"$33,570.13",A11001,Graniti Vicentia LLC,3
"Las Vegas Resort Holdings, LLC",#N/A,38273/10,,SLV Alexandria MUR,04-24-2025,04-24-2025,"$4,980.00",A11001,Graniti Vicentia LLC,3
"Las Vegas Resort Holdings, LLC",#N/A,37904,P0252878,Marra Room Tiles,05-30-2025,05-30-2025,"$2,738.08",A11001,Graniti Vicentia LLC,3
"Las Vegas Resort Holdings, LLC",#N/A,38273/11,,SLV Alexandria MUR,06-16-2025,06-16-2025,$700.00,A11001,Graniti Vicentia LLC,3
"Las Vegas Resort Holdings, LLC",#N/A,38273/12,,SLV Alexandria MUR,06-16-2025,06-16-2025,"$17,895.76",A11001,Graniti Vicentia LLC,3
"Las Vegas Resort Holdings, LLC",#N/A,38273/2,,SLV Alexandria MUR,06-16-2025,06-16-2025,$807.50,A11001,Graniti Vicentia LLC,3
"Las Vegas Resort Holdings, LLC",#N/A,37904/2,P0252878,Marra Room Tiles,06-20-2025,06-20-2025,"$83,544.00",A11001,Graniti Vicentia LLC,3
"Las Vegas Resort Holdings, LLC",#N/A,37904/3,P0252878,Marra Room Tiles,06-30-2025,06-30-2025,"$13,122.19",A11001,Graniti Vicentia LLC,3
"Las Vegas Resort Holdings, LLC",#N/A,38273/13,,SLV Alexandria MUR,06-30-2025,06-30-2025,"$8,676.00",A11001,Graniti Vicentia LLC,3
"Las Vegas Resort Holdings, LLC",#N/A,38273/14,,SLV Alexandria MUR,06-30-2025,06-30-2025,"$4,778.74",A11001,Graniti Vicentia LLC,3
"Las Vegas Resort Holdings, LLC",#N/A,38890,,,06-30-2025,06-30-2025,"$18,727.20",A11001,Graniti Vicentia LLC,3
"Las Vegas Resort Holdings, LLC",#N/A,35620,P0256547,SLS Phase 3,06-30-2025,07-30-2025,"$2,04,365.27",A11001,Graniti Vicentia LLC,3
"Las Vegas Resort Holdings, LLC",#N/A,37621/2,P0253441,Azilo Cocktail Club,06-30-2025,08-07-2025,$311.11,A11001,Graniti Vicentia LLC,3
LQ Kingston,#N/A,34993/10,,,10-24-2024,10-24-2024,$589.79,A11001,Graniti Vicentia LLC,3
LQ Kingston,#N/A,34885/2,,Additional - GUEST ROOMS SHOWER BATH ACCESSORIES,12-31-2024,12-31-2024,"$5,111.85",A11001,Graniti Vicentia LLC,3
"LQ Management, LLC C/o HSI Design Group",2358,17311/2,92658,Inn#1029 CLEVELAND,08-01-2024,08-01-2024,"$3,200.00",A11001,Graniti Vicentia LLC,3
Magnolia LXR Dallas TX -,2358,33495,,"LXR Magnolia Dallas, TX - Mock Up Room",03-09-2023,03-09-2023,"$1,385.60",A11001,Graniti Vicentia LLC,3
Magnolia LXR Dallas TX -,#N/A,34086,,,06-27-2023,06-27-2023,"$1,049.72",A11001,Graniti Vicentia LLC,3
Magnolia LXR Dallas TX -,#N/A,33495/3,,"LXR Magnolia Dallas, TX - Mock Up Room",07-10-2023,07-10-2023,"$3,167.12",A11001,Graniti Vicentia LLC,3
Magnolia LXR Dallas TX -,#N/A,33495/4,,"LXR Magnolia Dallas, TX - Mock Up Room",12-04-2023,12-04-2023,"$2,708.21",A11001,Graniti Vicentia LLC,3
Magnolia LXR Dallas TX -,#N/A,34086/4,,,01-01-2024,01-01-2024,"$3,788.75",A11001,Graniti Vicentia LLC,3
Magnolia LXR Dallas TX -,#N/A,33495/5,,"LXR Magnolia Dallas, TX - Mock Up Room",06-28-2024,06-28-2024,"$1,328.32",A11001,Graniti Vicentia LLC,3
Mesquite Gaming,#N/A,38577/3,,CORRIDORS FINISHES,06-30-2025,06-30-2025,$498.55,A11001,Graniti Vicentia LLC,3
Mesquite Gaming,#N/A,39077,,,06-30-2025,06-30-2025,"$28,013.11",A11001,Graniti Vicentia LLC,3
Microtel - Tracy Ca,1554,36590,,Wall Tiles,05-08-2024,05-08-2024,"$11,145.34",A11001,Graniti Vicentia LLC,3
Milender-White,1554,37072,,Milender-White  1430 Lincoln Boulevard,03-12-2025,03-12-2025,"$21,323.60",A11001,Graniti Vicentia LLC,3
Milender-White,#N/A,38099,,501 Broadway,03-12-2025,03-12-2025,"$1,02,739.81",A11001,Graniti Vicentia LLC,3
Milender-White,#N/A,37071,,Milender-White 1650 Lincoln Blvd,06-30-2025,06-30-2025,"$2,66,195.31",A11001,Graniti Vicentia LLC,3
Milender-White,#N/A,37072/2,,Milender-White  1430 Lincoln Boulevard,06-30-2025,06-30-2025,"$84,220.35",A11001,Graniti Vicentia LLC,3
Monsoon Flower LLC,#N/A,37960/2,,QUARTZ,05-01-2025,05-16-2025,"$14,144.31",A11001,Graniti Vicentia LLC,3
Monsoon Flower LLC,#N/A,37959,,LIGHTING,05-08-2025,05-23-2025,"$10,270.42",A11001,Graniti Vicentia LLC,3
Monsoon Flower LLC,1720,37957/2,,CASEGOODS,05-14-2025,05-29-2025,"$3,61,814.91",A11001,Graniti Vicentia LLC,3
Monsoon Flower LLC,1720,37961/3,,SEATING,05-14-2025,05-29-2025,"$19,111.77",A11001,Graniti Vicentia LLC,3
Monsoon Flower LLC,1720,37961/4,,SEATING,05-14-2025,05-29-2025,"$45,465.00",A11001,Graniti Vicentia LLC,3
Monsoon Flower LLC,1720,37955/3,,ARTWORKS,06-24-2025,07-09-2025,"$32,502.51",A11001,Graniti Vicentia LLC,3
Monsoon Flower LLC,1720,37956,,BEDDING,06-24-2025,07-09-2025,"$63,190.28",A11001,Graniti Vicentia LLC,3
Monsoon Flower LLC,1720,37957/3,,CASEGOODS,06-24-2025,07-09-2025,"$12,371.33",A11001,Graniti Vicentia LLC,3
Nancy Paolino,1720,32559/2,,,08-18-2022,08-18-2022,$664.32,A11001,Graniti Vicentia LLC,3
Nancy Paolino,1720,32303,,Palm Beach house,09-02-2022,09-02-2022,"$37,448.50",A11001,Graniti Vicentia LLC,3
Nancy Paolino,2702,32303/2,,Palm Beach house,09-19-2022,09-19-2022,"$3,192.19",A11001,Graniti Vicentia LLC,3
Nancy Paolino,2702,33261,,Palm Beach House Additional Tile,10-06-2022,10-06-2022,"$2,285.04",A11001,Graniti Vicentia LLC,3
Nancy Paolino,2702,32303/3,,Palm Beach house,10-10-2022,10-10-2022,"$3,085.75",A11001,Graniti Vicentia LLC,3
Nancy Paolino,2702,33233,,Palm Beach Slabs,10-10-2022,10-10-2022,"$8,435.00",A11001,Graniti Vicentia LLC,3
Nancy Paolino,2702,33506,,Palm Beach House Additional Tile,11-09-2022,11-09-2022,$386.88,A11001,Graniti Vicentia LLC,3
Nancy Paolino,2702,33506/2,,Palm Beach House Additional Tile,02-13-2023,02-13-2023,$968.60,A11001,Graniti Vicentia LLC,3
Nancy Paolino,2702,36512/2,,Palm Beach House,06-07-2024,06-07-2024,"$11,072.66",A11001,Graniti Vicentia LLC,3
New crest image Magnolia Dallas,2702,31522,,,03-14-2023,04-13-2023,"$34,898.16",A11001,Graniti Vicentia LLC,3
New Rock Tile,2702,36931/2,,TILE,06-30-2025,06-30-2025,$0.01,A11001,Graniti Vicentia LLC,3
Newcrest Image,#N/A,36439/3,,Days Inn by Wyndham Atlantic City Oceanfront-Boardwalk,04-02-2024,04-02-2024,"$2,513.63",A11001,Graniti Vicentia LLC,3
Newcrest Image,603,35972,,screen,05-01-2024,05-01-2024,"$4,438.25",A11001,Graniti Vicentia LLC,3
"Newcrest Management, LLC",604,37140,,Warwick Hotel,07-10-2024,07-10-2024,"$14,801.42",A11001,Graniti Vicentia LLC,3
Nick Platt Construction,604,,,,01-14-2025,01-14-2025,"-$1,938.25",A11001,Graniti Vicentia LLC,3
NICOLE BAILEY INTERIORS,#N/A,30358,po-630 hedwig,,07-13-2021,07-15-2021,$530.00,A11001,Graniti Vicentia LLC,3
NICOLE BAILEY INTERIORS,2457,30358/2,po-630 hedwig,,02-18-2022,02-18-2022,$644.20,A11001,Graniti Vicentia LLC,3
Noordin Prasla,605,35348,,Noordin Kitchen,07-01-2024,07-01-2024,$443.75,A11001,Graniti Vicentia LLC,3
Northlake Innkeepers I Ltd.,605,37285,,PA LIGHTING,06-10-2025,06-10-2025,"$3,582.94",A11001,Graniti Vicentia LLC,3
Northlake Innkeepers I Ltd.,607,37271/14,,"Cambria, North Lake TX_Conference Centre_",06-30-2025,06-30-2025,"$1,95,746.35",A11001,Graniti Vicentia LLC,3
Northlake Innkeepers I Ltd.,#N/A,37279/3,,GR SEATING,06-30-2025,06-30-2025,"$9,170.71",A11001,Graniti Vicentia LLC,3
Overland Park KS,#N/A,33157,PO-Overland Park KS,,09-13-2022,09-13-2022,"$10,000.00",A11001,Graniti Vicentia LLC,3
Padua Realty Company,#N/A,38950,,,06-30-2025,07-30-2025,$35.54,A11001,Graniti Vicentia LLC,3
"Pitt-Cran Hospitality, LLC/ Wingate Cranberry",612,38123/4,,GR CASEGOODS,02-28-2025,02-28-2025,"$42,902.70",A11001,Graniti Vicentia LLC,3
"Pitt-Cran Hospitality, LLC/ Wingate Cranberry",#N/A,38123/5,,GR CASEGOODS,03-18-2025,03-18-2025,"$34,756.56",A11001,Graniti Vicentia LLC,3
"Pitt-Cran Hospitality, LLC/ Wingate Cranberry",#N/A,38126,,GR DECORATIVE PILLOW,03-18-2025,03-18-2025,"$1,919.56",A11001,Graniti Vicentia LLC,3
"Pitt-Cran Hospitality, LLC/ Wingate Cranberry",#N/A,38132/2,,PA SEATING,03-18-2025,03-18-2025,"$10,049.55",A11001,Graniti Vicentia LLC,3
"Pitt-Cran Hospitality, LLC/ Wingate Cranberry",#N/A,38122/3,,GR SEATING,03-27-2025,03-27-2025,"$9,014.52",A11001,Graniti Vicentia LLC,3
"Pitt-Cran Hospitality, LLC/ Wingate Cranberry",#N/A,38128/2,,PA ARTWORK,04-08-2025,04-08-2025,-$103.64,A11001,Graniti Vicentia LLC,3
"Pitt-Cran Hospitality, LLC/ Wingate Cranberry",#N/A,38121/2,,GR ARTWORK,04-10-2025,04-10-2025,-$263.76,A11001,Graniti Vicentia LLC,3
"Pitt-Cran Hospitality, LLC/ Wingate Cranberry",#N/A,38124/3,,GR LIGHTING,04-10-2025,04-10-2025,-$364.50,A11001,Graniti Vicentia LLC,3
"Pitt-Cran Hospitality, LLC/ Wingate Cranberry",#N/A,38121/3,,GR ARTWORK,04-21-2025,04-21-2025,$752.76,A11001,Graniti Vicentia LLC,3
"Pitt-Cran Hospitality, LLC/ Wingate Cranberry",#N/A,38123/3,,GR CASEGOODS,04-21-2025,04-21-2025,"$4,896.00",A11001,Graniti Vicentia LLC,3
"Pitt-Cran Hospitality, LLC/ Wingate Cranberry",#N/A,38124/2,,GR LIGHTING,04-21-2025,04-21-2025,$253.26,A11001,Graniti Vicentia LLC,3
"Pitt-Cran Hospitality, LLC/ Wingate Cranberry",#N/A,38122/4,,GR SEATING,06-30-2025,06-30-2025,"$2,223.00",A11001,Graniti Vicentia LLC,3
Prince Preferred Hotels,#N/A,36567/4,,GR CASEGOODS - FF,06-30-2025,06-30-2025,"$1,931.91",A11001,Graniti Vicentia LLC,3
Prince Preferred Hotels,#N/A,36567/6,,GR CASEGOODS - FF,06-30-2025,06-30-2025,"$18,422.96",A11001,Graniti Vicentia LLC,3
Prince Preferred Hotels,649,36568/3,,GR LIGHTING - FF,06-30-2025,06-30-2025,"$5,338.41",A11001,Graniti Vicentia LLC,3
Prince Preferred Hotels,649,36580/4,,PA SEATING- FF,06-30-2025,06-30-2025,"$8,143.74",A11001,Graniti Vicentia LLC,3
Prince Preferred Hotels,649,36585,,PA ACCESSORIES - FF,06-30-2025,06-30-2025,$503.32,A11001,Graniti Vicentia LLC,3
Prince Preferred Hotels,649,36585/4,,PA ACCESSORIES - FF,06-30-2025,06-30-2025,"$1,995.08",A11001,Graniti Vicentia LLC,3
Ramada Plaza Resort &amp; Suites Orlando/  MIC Hotel Corp,649,37651,,LIGHTING & LIGHTING FABRIC,09-09-2024,09-09-2024,$300.00,A11001,Graniti Vicentia LLC,3
Ramada Plaza Resort &amp; Suites Orlando/  MIC Hotel Corp,649,38543,,,04-04-2025,04-04-2025,"$10,639.49",A11001,Graniti Vicentia LLC,3
Ramada Plaza Resort &amp; Suites Orlando/  MIC Hotel Corp,#N/A,38543/2,,,04-04-2025,04-04-2025,"$4,345.20",A11001,Graniti Vicentia LLC,3
Ramada Plaza Resort &amp; Suites Orlando/  MIC Hotel Corp,#N/A,38093,,GR WINDOW TREATMENT,06-30-2025,06-30-2025,"$1,30,153.59",A11001,Graniti Vicentia LLC,3
Ramada Plaza Resort &amp; Suites Orlando/  MIC Hotel Corp,#N/A,38096/4,,GR FINISHES,06-30-2025,06-30-2025,"$1,25,190.78",A11001,Graniti Vicentia LLC,3
Ramada Plaza Resort &amp; Suites Orlando/  MIC Hotel Corp,#N/A,38543/3,,,06-30-2025,06-30-2025,"$34,620.09",A11001,Graniti Vicentia LLC,3
Ramada Plaza Resort &amp; Suites Orlando/  MIC Hotel Corp,#N/A,38543/4,,,06-30-2025,06-30-2025,"$1,181.21",A11001,Graniti Vicentia LLC,3
Ray Dayal,#N/A,31363,Clar,CLARION HOTEL NASHVILLE,01-25-2022,01-25-2022,"$1,971.02",A11001,Graniti Vicentia LLC,3
Red Roof Plus-Manassas,#N/A,33283,,,12-29-2022,12-29-2022,"$1,289.00",A11001,Graniti Vicentia LLC,3
"Residence Inn Indianapolis,IN",665,38296,,Residence Inn Indianapolis Guestrooms &  Public Area,01-31-2025,01-31-2025,"-$1,16,117.22",A11001,Graniti Vicentia LLC,3
"Residence Inn Indianapolis,IN",#N/A,37765/2,,GR CASEGOODS,06-30-2025,06-30-2025,"$1,838.84",A11001,Graniti Vicentia LLC,3
"Residence Inn Indianapolis,IN",#N/A,37765/3,,GR CASEGOODS,06-30-2025,06-30-2025,"$41,422.96",A11001,Graniti Vicentia LLC,3
"Residence Inn Indianapolis,IN",#N/A,37765/6,,GR CASEGOODS,06-30-2025,06-30-2025,"$39,948.48",A11001,Graniti Vicentia LLC,3
"Residence Inn Indianapolis,IN",#N/A,37765/7,,GR CASEGOODS,06-30-2025,06-30-2025,"$12,856.35",A11001,Graniti Vicentia LLC,3
"Residence Inn Indianapolis,IN",#N/A,37767/3,,GR SEATING,06-30-2025,06-30-2025,"$4,442.20",A11001,Graniti Vicentia LLC,3
"Residence Inn Indianapolis,IN",#N/A,37767/5,,GR SEATING,06-30-2025,06-30-2025,"$3,135.00",A11001,Graniti Vicentia LLC,3
"Residence Inn Indianapolis,IN",#N/A,37768,,GR WINDOW TREATMENT,06-30-2025,06-30-2025,"$1,14,737.31",A11001,Graniti Vicentia LLC,3
"Residence Inn Indianapolis,IN",#N/A,37769/4,,GR FINISHES,06-30-2025,06-30-2025,"$39,081.90",A11001,Graniti Vicentia LLC,3
"Residence Inn Indianapolis,IN",#N/A,37769/6,,GR FINISHES,06-30-2025,06-30-2025,"$57,956.13",A11001,Graniti Vicentia LLC,3
"Residence Inn Indianapolis,IN",#N/A,37769/7,,GR FINISHES,06-30-2025,06-30-2025,"$33,898.80",A11001,Graniti Vicentia LLC,3
"Residence Inn Indianapolis,IN",#N/A,37771,,GR BED BASES,06-30-2025,06-30-2025,"$14,607.00",A11001,Graniti Vicentia LLC,3
"Residence Inn Indianapolis,IN",#N/A,37772/2,,GR SHOWER BATH ACCESSORIES,06-30-2025,06-30-2025,"$14,776.49",A11001,Graniti Vicentia LLC,3
"Residence Inn Indianapolis,IN",#N/A,37772/5,,GR SHOWER BATH ACCESSORIES,06-30-2025,06-30-2025,"$85,608.70",A11001,Graniti Vicentia LLC,3
"Residence Inn Indianapolis,IN",#N/A,37774/3,,GR QUARTZ,06-30-2025,06-30-2025,"$2,480.58",A11001,Graniti Vicentia LLC,3
"Residence Inn Indianapolis,IN",#N/A,37774/4,,GR QUARTZ,06-30-2025,06-30-2025,$147.12,A11001,Graniti Vicentia LLC,3
"Residence Inn Indianapolis,IN",#N/A,37777/3,,PA CASEGOOD,06-30-2025,06-30-2025,"$7,881.56",A11001,Graniti Vicentia LLC,3
"Residence Inn Indianapolis,IN",#N/A,37779,,PA SEATING -FF,06-30-2025,06-30-2025,"$6,302.98",A11001,Graniti Vicentia LLC,3
"Residence Inn Indianapolis,IN",#N/A,37779/2,,PA SEATING -FF,06-30-2025,06-30-2025,"$24,708.50",A11001,Graniti Vicentia LLC,3
"Residence Inn Indianapolis,IN",#N/A,37780,,PA WINDOW TREATMENT,06-30-2025,06-30-2025,"$20,962.76",A11001,Graniti Vicentia LLC,3
"Residence Inn Indianapolis,IN",#N/A,37781/10,,PA FLOOR FINISHES,06-30-2025,06-30-2025,"$1,859.74",A11001,Graniti Vicentia LLC,3
"Residence Inn Indianapolis,IN",#N/A,37781/9,,PA FLOOR FINISHES,06-30-2025,06-30-2025,"$2,820.93",A11001,Graniti Vicentia LLC,3
"Residence Inn Indianapolis,IN",#N/A,37782,,PA VINYL WALLCOVERING-FF,06-30-2025,06-30-2025,"$17,911.11",A11001,Graniti Vicentia LLC,3
"Residence Inn Indianapolis,IN",#N/A,37782/2,,PA VINYL WALLCOVERING-FF,06-30-2025,06-30-2025,$328.63,A11001,Graniti Vicentia LLC,3
"Residence Inn Indianapolis,IN",#N/A,37785,,PA MILLWORK,06-30-2025,06-30-2025,"$1,17,691.88",A11001,Graniti Vicentia LLC,3
"Residence Inn Indianapolis,IN",#N/A,38296/4,,Residence Inn Indianapolis Guestrooms &  Public Area,06-30-2025,06-30-2025,"$1,16,117.22",A11001,Graniti Vicentia LLC,3
Rio Vista Holdings LLC,#N/A,35119/2,,,03-20-2025,03-20-2025,"-$10,000.00",A11001,Graniti Vicentia LLC,3
"Ritzway Group, LLC / Crowne Plaza Galleria Area",#N/A,35785,,,02-06-2024,02-06-2024,"$6,875.35",A11001,Graniti Vicentia LLC,3
"Ritzway Group, LLC / Crowne Plaza Galleria Area",678,35785/2,,,06-30-2025,06-30-2025,"-$6,875.35",A11001,Graniti Vicentia LLC,3
RMZ Construction,#N/A,35267,,,11-02-2023,11-02-2023,"$11,342.62",A11001,Graniti Vicentia LLC,3
Sam Shah,#N/A,36306,,Comfort Inn Renovation,03-04-2024,03-07-2024,"$35,148.45",A11001,Graniti Vicentia LLC,3
Sam Shah,681,36306/2,,Comfort Inn Renovation,03-20-2024,03-20-2024,"$17,219.33",A11001,Graniti Vicentia LLC,3
Sam Shah,#N/A,36306/3,,Comfort Inn Renovation,03-27-2024,03-27-2024,"$13,286.61",A11001,Graniti Vicentia LLC,3
Sam Shah,#N/A,36529,,,04-15-2024,04-15-2024,"$1,007.16",A11001,Graniti Vicentia LLC,3
Sam Shah,#N/A,36529/2,,,04-25-2024,04-25-2024,"$1,353.56",A11001,Graniti Vicentia LLC,3
Sam Shah,#N/A,36847,,,05-06-2024,05-06-2024,"$1,190.75",A11001,Graniti Vicentia LLC,3
Sam Shah,#N/A,36529/3,,,06-12-2024,06-12-2024,$611.83,A11001,Graniti Vicentia LLC,3
Sam Shah,#N/A,36529/4,,,06-20-2024,06-20-2024,$255.56,A11001,Graniti Vicentia LLC,3
Sam Shah,#N/A,36529/5,,,06-28-2024,06-28-2024,$75.54,A11001,Graniti Vicentia LLC,3
Sam Shah,#N/A,37666,PO-Sparkling white,,08-28-2024,08-28-2024,"$7,306.88",A11001,Graniti Vicentia LLC,3
Sam Shah,#N/A,36306/4,,Comfort Inn Renovation,11-30-2024,11-30-2024,"$25,885.26",A11001,Graniti Vicentia LLC,3
Sam Shah,#N/A,38518,,,12-11-2024,12-11-2024,"$12,009.90",A11001,Graniti Vicentia LLC,3
SAM SHAH / ISHA REALTY INC. -COMFORT INN - GALVESTON,#N/A,31858,,SAM SHAH / ISHA REALTY INC. -COMFORT INN - GALVESTON,02-22-2022,02-22-2022,"$3,077.28",A11001,Graniti Vicentia LLC,3
SAM SHAH / ISHA REALTY INC. -COMFORT INN - GALVESTON,#N/A,34457,,,05-08-2023,05-08-2023,$348.53,A11001,Graniti Vicentia LLC,3
Sam Shah Residence,#N/A,32075,,home kitchen,10-18-2022,10-18-2022,"$12,963.09",A11001,Graniti Vicentia LLC,3
Sam Shah Residence,#N/A,33692,,,12-12-2022,12-12-2022,"$3,788.75",A11001,Graniti Vicentia LLC,3
Sam Shah Residence,#N/A,32075/3,,home kitchen,07-31-2024,07-31-2024,"$4,871.25",A11001,Graniti Vicentia LLC,3
SAPIEN STONE INC,#N/A,30711,PO-SUBLIME DISPLAY,SUBLIME CUSTONM STONE,07-30-2021,08-29-2021,"$3,368.72",A11001,Graniti Vicentia LLC,3
Shri Omkara LLC,#N/A,38848,,,06-30-2025,07-30-2025,$161.00,A11001,Graniti Vicentia LLC,3
Sigma Marble Granite and Tile,#N/A,26086/3,C.O# 73052,55 WAUGH,02-12-2020,02-12-2020,"-$6,958.88",A11001,Graniti Vicentia LLC,3
Sigma Marble Granite and Tile,2554,,,,09-25-2024,09-25-2024,$625.59,A11001,Graniti Vicentia LLC,3
SKIMS Retail,#N/A,38406/4,,Skims retail projects,04-14-2025,04-14-2025,$0.01,A11001,Graniti Vicentia LLC,3
"SMD Contracting, Inc",#N/A,38336,,Chilis Orange City,06-30-2025,06-30-2025,$0.04,A11001,Graniti Vicentia LLC,3
"Someshwar Motel LLC - Comfort Inn Ogallala, NE",2597,37914/5,,GR FINISHES,06-30-2025,07-15-2025,"$25,532.44",A11001,Graniti Vicentia LLC,3
"Someshwar Motel LLC - Comfort Inn Ogallala, NE",#N/A,37918/2,,PA SEATINGS,06-30-2025,07-15-2025,"$1,871.28",A11001,Graniti Vicentia LLC,3
Stay Bridge - Manteca - CA - Aman Dhillon,#N/A,34654,,PA MISCELLANEOUS,06-24-2024,06-24-2024,$759.41,A11001,Graniti Vicentia LLC,3
Stay Bridge - Manteca - CA - Aman Dhillon,#N/A,34660/9,,PA FINISHES,08-12-2024,08-12-2024,"$3,174.00",A11001,Graniti Vicentia LLC,3
Stay Bridge - Manteca - CA - Aman Dhillon,2838,34655,,PA ARTWORK,10-07-2024,10-07-2024,"$2,586.81",A11001,Graniti Vicentia LLC,3
Stay Bridge - Manteca - CA - Aman Dhillon,2838,34650/4,,PA SEATING,11-22-2024,11-22-2024,"$5,680.32",A11001,Graniti Vicentia LLC,3
Stay Bridge - Manteca - CA - Aman Dhillon,2838,34657/4,,PA MILLWORK,11-22-2024,11-22-2024,$996.75,A11001,Graniti Vicentia LLC,3
Stay Bridge - Manteca - CA - Aman Dhillon,2838,34443/8,,GUESTROOM FIXTURES AND EQUIPMENT,06-30-2025,06-30-2025,"$45,347.25",A11001,Graniti Vicentia LLC,3
Stay Bridge - Manteca - CA - Aman Dhillon,2838,34446/6,,SEATING,06-30-2025,06-30-2025,"$1,262.37",A11001,Graniti Vicentia LLC,3
Stay Bridge - Manteca - CA - Aman Dhillon,2838,34452/3,,QUARTZ- TOP,06-30-2025,06-30-2025,"$13,197.29",A11001,Graniti Vicentia LLC,3
Stay Bridge - Manteca - CA - Aman Dhillon,2838,34454/11,,FINISHES,06-30-2025,06-30-2025,"$56,460.99",A11001,Graniti Vicentia LLC,3
Stay Bridge - Manteca - CA - Aman Dhillon,2838,34649/2,,PA CASEGOODS,06-30-2025,06-30-2025,"$6,715.99",A11001,Graniti Vicentia LLC,3
Stay Bridge - Manteca - CA - Aman Dhillon,2838,34650/5,,PA SEATING,06-30-2025,06-30-2025,"$4,006.60",A11001,Graniti Vicentia LLC,3
Stay Bridge - Manteca - CA - Aman Dhillon,2838,34653,,PA MIRRORS,06-30-2025,06-30-2025,$356.52,A11001,Graniti Vicentia LLC,3
Stay Bridge - Manteca - CA - Aman Dhillon,2838,34656/3,,PA OUTDOOR FURNITURE,06-30-2025,06-30-2025,"$2,148.56",A11001,Graniti Vicentia LLC,3
Stay Bridge - Manteca - CA - Aman Dhillon,2838,34657/5,,PA MILLWORK,06-30-2025,06-30-2025,"$8,962.57",A11001,Graniti Vicentia LLC,3
Stay Bridge - Manteca - CA - Aman Dhillon,2838,34658/2,,PA QUARTZ,06-30-2025,06-30-2025,"$33,464.95",A11001,Graniti Vicentia LLC,3
Stay Bridge - Manteca - CA - Aman Dhillon,2838,34659,,PA ACCESSORIES,06-30-2025,06-30-2025,$160.37,A11001,Graniti Vicentia LLC,3
Stay Bridge - Manteca - CA - Aman Dhillon,2838,34660/10,,PA FINISHES,06-30-2025,06-30-2025,"$63,267.32",A11001,Graniti Vicentia LLC,3
Stay Bridge - Manteca - CA - Aman Dhillon,2838,35784/2,,,06-30-2025,06-30-2025,"$5,595.00",A11001,Graniti Vicentia LLC,3
STONE EDGE COUNTERTTOPS,2838,33012,po-cruz 8/23/ uni ice,,08-25-2022,08-25-2022,"$4,546.50",A11001,Graniti Vicentia LLC,3
"StonePeak Ceramics, INC.",2838,30574,,201 79th street New York Tile - Truck #12 - West Shipment 2,12-29-2021,12-29-2021,"$1,168.97",A11001,Graniti Vicentia LLC,3
Sunray Group / Holiday Inn Burlington Hotel & Conference Centre CANADA,#N/A,34843/4,HICWDBURPA2023-0025-R01,Seating,11-29-2024,11-29-2024,"$1,875.02",A11001,Graniti Vicentia LLC,3
Sunray Group / Holiday Inn Burlington Hotel & Conference Centre CANADA,#N/A,34843/5,HICWDBURPA2023-0025-R01,Seating,06-30-2025,06-30-2025,"-$1,875.02",A11001,Graniti Vicentia LLC,3
SUPREME BRIGHT ATLANTIC CITY LLC (TRIBUTE SEAHAUS),#N/A,37467/8,,Tribute Seahaus Atlantic City NJ - GR FINISHES,12-31-2024,12-31-2024,$675.76,A11001,Graniti Vicentia LLC,3
SUPREME BRIGHT ATLANTIC CITY LLC (TRIBUTE SEAHAUS),#N/A,38047/13,,TSAC - GC Scope Public Area,03-27-2025,03-27-2025,"$1,81,056.49",A11001,Graniti Vicentia LLC,3
SUPREME BRIGHT ATLANTIC CITY LLC (TRIBUTE SEAHAUS),#N/A,38047/19,,TSAC - GC Scope Public Area,06-30-2025,06-30-2025,"$49,583.87",A11001,Graniti Vicentia LLC,3
SUPREME BRIGHT ATLANTIC CITY LLC (TRIBUTE SEAHAUS),#N/A,39078,,,06-30-2025,06-30-2025,"$9,667.66",A11001,Graniti Vicentia LLC,3
SUPREME BRIGHT ATLANTIC CITY LLC (TRIBUTE SEAHAUS),#N/A,39079,,,06-30-2025,06-30-2025,"$7,885.21",A11001,Graniti Vicentia LLC,3
Supreme Bright Westlake I LLC,#N/A,34927,,Taj mahal flooring and wall tiles in guest bath,12-31-2024,12-31-2024,"$19,769.75",A11001,Graniti Vicentia LLC,3
Supreme Bright Westlake I LLC,#N/A,34842/4,,WADTX - Mock Up Room FF&E,06-30-2025,06-30-2025,"$13,868.19",A11001,Graniti Vicentia LLC,3
SWINERTON,#N/A,38181/3,,,06-30-2025,06-30-2025,$0.01,A11001,Graniti Vicentia LLC,3
"The C.A. Harrison Companies, LLC",#N/A,31238,,Tabacco - LED Mirrors,12-31-2021,01-30-2022,"$19,962.50",A11001,Graniti Vicentia LLC,3
The Eden,696,34502/7,,,12-31-2024,12-31-2024,"$49,535.86",A11001,Graniti Vicentia LLC,3
The Place Port Aransas TX,700,37859/4,,GR FINISHES ARCHITECTURAL,06-30-2025,06-30-2025,"$37,258.82",A11001,Graniti Vicentia LLC,3
The Place Port Aransas TX,#N/A,37861/3,,GR SEATING,06-30-2025,06-30-2025,"$6,091.56",A11001,Graniti Vicentia LLC,3
The Place Port Aransas TX,#N/A,37865/7,,PA FINISHES ARCHITECTURAL,06-30-2025,06-30-2025,"$7,637.55",A11001,Graniti Vicentia LLC,3
Trilogy Autograph Huntsville,#N/A,39040,,,06-30-2025,06-30-2025,"$15,000.00",A11001,Graniti Vicentia LLC,3
Trylon LLC/ RJ Construction LTD,#N/A,38675,,PA - PLANTERS,06-30-2025,07-30-2025,"$15,153.57",A11001,Graniti Vicentia LLC,3
Two one two,2453,38622,,"Amiri Beverly Center, CA project",04-23-2025,04-23-2025,"$2,461.27",A11001,Graniti Vicentia LLC,3
Urban Atelier Group LLC,1688,36072/5,,Cabinets/Bath Accessories/Decorative Lighting,06-30-2025,06-30-2025,"$1,55,431.38",A11001,Graniti Vicentia LLC,3
Urban Atelier Group LLC,#N/A,36095,,Countertops,06-30-2025,06-30-2025,"$29,310.88",A11001,Graniti Vicentia LLC,3
Watermark Commercial Contractors LLC,714,33991/2,,Fishpond Living at Alice,09-30-2023,09-30-2023,$15.00,A11001,Graniti Vicentia LLC,3
Watermark Commercial Contractors LLC,714,33443/4,,VERNON PIONEER CROSSING,10-06-2023,10-06-2023,$322.57,A11001,Graniti Vicentia LLC,3
Watermark Commercial Contractors LLC,#N/A,38049/2,,Millpond Alice,06-30-2025,06-30-2025,"$31,379.00",A11001,Graniti Vicentia LLC,3
"Weaver Cooke Construction, LLC>",#N/A,30816/3,,The Lofts at Whitaker Park - Multi-family,06-30-2022,07-30-2022,"$1,34,966.34",A11001,Graniti Vicentia LLC,3
Westport KC,#N/A,33154,PO-WESTPORT KC,,09-27-2022,09-27-2022,"$5,412.50",A11001,Graniti Vicentia LLC,3
"Wingate - Erlanger, KY",#N/A,35981/4,,,08-23-2024,08-23-2024,"$54,310.09",A11001,Graniti Vicentia LLC,3
"Wingate - Erlanger, KY",723,36952,,"Wingate - Erlanger, KY- Window Treament",09-25-2024,09-25-2024,"$25,737.62",A11001,Graniti Vicentia LLC,3
"Wingate - Erlanger, KY",2712,35981/5,,,06-30-2025,06-30-2025,"$10,098.27",A11001,Graniti Vicentia LLC,3
"Wingate - Erlanger, KY",2712,35981/6,,,06-30-2025,06-30-2025,"$2,672.88",A11001,Graniti Vicentia LLC,3
"Wingate - Erlanger, KY",2712,36952/2,,"Wingate - Erlanger, KY- Window Treament",06-30-2025,06-30-2025,"-$22,379.72",A11001,Graniti Vicentia LLC,3
"Wingate by Wyndham-Farmington, NM.",2712,36143/6,,PA CASEGOODS,10-30-2024,10-30-2024,$930.92,A11001,Graniti Vicentia LLC,3
"Wingate by Wyndham-Farmington, NM.",2712,36143/7,,PA CASEGOODS,10-30-2024,10-30-2024,"$5,442.69",A11001,Graniti Vicentia LLC,3
"Wingate by Wyndham-Farmington, NM.",#N/A,36147/2,,PA SEATING & SEATING FABRIC,10-30-2024,10-30-2024,"$5,565.95",A11001,Graniti Vicentia LLC,3
"Wingate by Wyndham-Farmington, NM.",#N/A,36148,,PA VINYL WALLCOVERING,10-30-2024,10-30-2024,"$1,812.01",A11001,Graniti Vicentia LLC,3
"Wingate by Wyndham-Farmington, NM.",#N/A,36151/2,,PUBLIC RESTROOM ACCESSORIES,10-30-2024,10-30-2024,$76.00,A11001,Graniti Vicentia LLC,3
"Wingate by Wyndham-Farmington, NM.",#N/A,36147/3,,PA SEATING & SEATING FABRIC,10-30-2024,11-01-2024,"$1,440.00",A11001,Graniti Vicentia LLC,3
"Wingate by Wyndham-Farmington, NM.",#N/A,36143/8,,PA CASEGOODS,11-14-2024,11-14-2024,"$4,756.36",A11001,Graniti Vicentia LLC,3
"Wingate by Wyndham-Farmington, NM.",#N/A,36136,,GR BEDDING,02-21-2025,02-21-2025,"$3,462.85",A11001,Graniti Vicentia LLC,3
"Wingate by Wyndham-Farmington, NM.",#N/A,36138/2,,GR DECORATIVE PILLOW,06-16-2025,06-16-2025,$56.92,A11001,Graniti Vicentia LLC,3
"Wingate by Wyndham-Farmington, NM.",#N/A,36140/5,,GR GUEST BATH ITEMS,06-16-2025,06-16-2025,$756.00,A11001,Graniti Vicentia LLC,3
"Wingate by Wyndham-Farmington, NM.",#N/A,36520/2,,CARPET,06-16-2025,06-16-2025,"$12,306.00",A11001,Graniti Vicentia LLC,3
"Wingate by Wyndham-Farmington, NM.",#N/A,36132/4,,GR SEATING,06-30-2025,06-30-2025,"$4,633.87",A11001,Graniti Vicentia LLC,3
"Wingate by Wyndham-Farmington, NM.",#N/A,36133/7,,GR CASE GOODS,06-30-2025,06-30-2025,"$5,647.50",A11001,Graniti Vicentia LLC,3
"Wingate by Wyndham-Farmington, NM.",#N/A,36134/2,,GR WINDOW TREATMENT,06-30-2025,06-30-2025,"$21,573.00",A11001,Graniti Vicentia LLC,3
"Wingate by Wyndham-Farmington, NM.",#N/A,36141,,PA ACCESSORIES,06-30-2025,06-30-2025,"$1,750.35",A11001,Graniti Vicentia LLC,3
"Wingate by Wyndham-Farmington, NM.",#N/A,36144,,PA DECORATIVE PILLOW & PILLOW FABRIC,06-30-2025,06-30-2025,$122.24,A11001,Graniti Vicentia LLC,3
"Wingate by Wyndham-Farmington, NM.",#N/A,36147/4,,PA SEATING & SEATING FABRIC,06-30-2025,06-30-2025,"$3,045.00",A11001,Graniti Vicentia LLC,3
"Wingate by Wyndham-Farmington, NM.",#N/A,36149/2,,PA WINDOW TREATMENT,06-30-2025,06-30-2025,"$1,818.20",A11001,Graniti Vicentia LLC,3
"Wingate by Wyndham-Farmington, NM.",#N/A,36153,,PA QUARTZ TOP,06-30-2025,06-30-2025,"$1,706.76",A11001,Graniti Vicentia LLC,3
Wingate Owensboro_KY,#N/A,35528/3,,GUEST ROOMS SEATING,06-30-2025,06-30-2025,"$1,485.00",A11001,Graniti Vicentia LLC,3
Wingate Owensboro_KY,#N/A,35529/5,,GUEST ROOMS CASEGOODS,06-30-2025,06-30-2025,"$19,380.42",A11001,Graniti Vicentia LLC,3
Wingate Owensboro_KY,#N/A,35529/7,,GUEST ROOMS CASEGOODS,06-30-2025,06-30-2025,"$1,687.50",A11001,Graniti Vicentia LLC,3
Wingate Owensboro_KY,#N/A,36550,,PUBLIC AREAS CARPET & CARPET PAD,06-30-2025,06-30-2025,"$10,661.59",A11001,Graniti Vicentia LLC,3
Wingate/ Hawthorne Kingman,#N/A,35318,,Add tiles short from SO#34894,11-07-2023,12-07-2023,"$6,145.97",A11001,Graniti Vicentia LLC,3
Wingate/ Hawthorne Kingman,#N/A,35318/2,,Add tiles short from SO#34894,01-30-2024,02-29-2024,"$7,045.40",A11001,Graniti Vicentia LLC,3
Wingate/ Hawthorne Kingman,#N/A,35104,,,02-09-2024,03-10-2024,"$3,120.00",A11001,Graniti Vicentia LLC,3
Wingate/ Hawthorne Kingman,#N/A,35104/2,,,02-09-2024,03-10-2024,"$22,971.26",A11001,Graniti Vicentia LLC,3
Wingate/ Hawthorne Kingman,#N/A,35104/3,,,03-15-2024,04-14-2024,"$1,335.87",A11001,Graniti Vicentia LLC,3
Wingate/ Hawthorne Kingman,#N/A,36295,,additional wall vinyl,06-13-2024,07-13-2024,"$3,572.25",A11001,Graniti Vicentia LLC,3
Wingate/ Hawthorne Kingman,#N/A,35104/6,,,06-30-2025,07-30-2025,"$3,004.74",A11001,Graniti Vicentia LLC,3
WYNDHAM D&C CONFERENCE BOOTH / WYNDHAM BRAND,#N/A,34731,,,01-01-2024,01-01-2024,$220.00,A11001,Graniti Vicentia LLC,3
WYNDHAM D&C CONFERENCE BOOTH / WYNDHAM BRAND,#N/A,34731/2,,,06-30-2025,06-30-2025,"$6,795.61",A11001,Graniti Vicentia LLC,3
Wyndham Garden Ann Arbor,#N/A,38228,,,03-11-2025,03-11-2025,"$1,039.50",A11001,Graniti Vicentia LLC,3
"WYNDHAM GARDEN INN- MANASSAS, VA",#N/A,38449/3,,GR SEATING & SEATING FABRIC,03-25-2025,03-25-2025,"$5,828.44",A11001,Graniti Vicentia LLC,3
"WYNDHAM GARDEN INN- MANASSAS, VA",2632,38449/2,,GR SEATING & SEATING FABRIC,03-27-2025,03-27-2025,"$8,200.75",A11001,Graniti Vicentia LLC,3
Wyndham Trademark Fredericksburg,#N/A,35965/2,,,07-31-2024,07-31-2024,$445.38,A11001,Graniti Vicentia LLC,3
"Yale Tile & Stone, LLC",#N/A,37350,,300 E 50th St - Shower Jambs,06-30-2025,06-30-2025,"$16,349.99",A11001,Graniti Vicentia LLC,3
YLH CONSTRUCTION COMPANY,#N/A,32239/3,,DREWRY / ROYCRAFT CONDO,10-12-2023,10-12-2023,"$6,500.00",A11001,Graniti Vicentia LLC,3
,727,,,,,,,,,
,728,,,,,,,,,
